<?xml version="1.0" encoding="utf-8"?>
<TransXChange xmlns:xsi="http://www.w3.org/2001/XMLSchema-instance" xmlns:xsd="http://www.w3.org/2001/XMLSchema" xsi:schemaLocation="http://www.transxchange.org.uk/ http://www.transxchange.org.uk/schema/2.5/TransXChange_general.xsd" CreationDateTime="2019-11-07T16:02:16.2962Z" ModificationDateTime="2019-11-07T16:02:16.2962Z" Modification="new" RevisionNumber="3" FileName="ea_20-96-_-y08-1.xml" SchemaVersion="2.5" RegistrationDocument="true" xmlns="http://www.transxchange.org.uk/">
  <StopPoints>
    <AnnotatedStopPointRef>
      <StopPointRef>0500SSWAV019</StopPointRef>
      <CommonName>Swavesey Village College grounds</CommonName>
      <Indicator>in</Indicator>
      <LocalityName>Swavesey</LocalityName>
      <LocalityQualifier>Cambridgeshire</LocalityQualifier>
    </AnnotatedStopPointRef>
    <AnnotatedStopPointRef>
      <StopPointRef>0500SSWAV001</StopPointRef>
      <CommonName>Chequers Court</CommonName>
      <Indicator>opp</Indicator>
      <LocalityName>Church End/Swavesey</LocalityName>
      <LocalityQualifier>Cambridgeshire</LocalityQualifier>
    </AnnotatedStopPointRef>
    <AnnotatedStopPointRef>
      <StopPointRef>0500SSWAV002</StopPointRef>
      <CommonName>Swavesey Station</CommonName>
      <Indicator>opp</Indicator>
      <LocalityName>Church End/Swavesey</LocalityName>
      <LocalityQualifier>Cambridgeshire</LocalityQualifier>
    </AnnotatedStopPointRef>
    <AnnotatedStopPointRef>
      <StopPointRef>0500SOVER015</StopPointRef>
      <CommonName>New Road</CommonName>
      <Indicator>opp</Indicator>
      <LocalityName>Over (Cambs)</LocalityName>
      <LocalityQualifier>Cambridgeshire</LocalityQualifier>
    </AnnotatedStopPointRef>
    <AnnotatedStopPointRef>
      <StopPointRef>0500SOVER001</StopPointRef>
      <CommonName>The Doles</CommonName>
      <Indicator>opp</Indicator>
      <LocalityName>Over (Cambs)</LocalityName>
      <LocalityQualifier>Cambridgeshire</LocalityQualifier>
    </AnnotatedStopPointRef>
    <AnnotatedStopPointRef>
      <StopPointRef>0500SOVER019</StopPointRef>
      <CommonName>Overcote Road</CommonName>
      <Indicator>nr</Indicator>
      <LocalityName>Over (Cambs)</LocalityName>
      <LocalityQualifier>Cambridgeshire</LocalityQualifier>
    </AnnotatedStopPointRef>
    <AnnotatedStopPointRef>
      <StopPointRef>0500SOVER006</StopPointRef>
      <CommonName>Randalls Lane</CommonName>
      <Indicator>nr</Indicator>
      <LocalityName>Over (Cambs)</LocalityName>
      <LocalityQualifier>Cambridgeshire</LocalityQualifier>
    </AnnotatedStopPointRef>
    <AnnotatedStopPointRef>
      <StopPointRef>0500SOVER002</StopPointRef>
      <CommonName>Willingham Road</CommonName>
      <Indicator>nr</Indicator>
      <LocalityName>Over (Cambs)</LocalityName>
      <LocalityQualifier>Cambridgeshire</LocalityQualifier>
    </AnnotatedStopPointRef>
    <AnnotatedStopPointRef>
      <StopPointRef>0500SOVER012</StopPointRef>
      <CommonName>Chapman's Way</CommonName>
      <Indicator>nr</Indicator>
      <LocalityName>Over (Cambs)</LocalityName>
      <LocalityQualifier>Cambridgeshire</LocalityQualifier>
    </AnnotatedStopPointRef>
    <AnnotatedStopPointRef>
      <StopPointRef>0500SOVER008</StopPointRef>
      <CommonName>Glover Street</CommonName>
      <Indicator>opp</Indicator>
      <LocalityName>Over (Cambs)</LocalityName>
      <LocalityQualifier>Cambridgeshire</LocalityQualifier>
    </AnnotatedStopPointRef>
    <AnnotatedStopPointRef>
      <StopPointRef>0500SOVER013</StopPointRef>
      <CommonName>Cromwell Park</CommonName>
      <Indicator>nr</Indicator>
      <LocalityName>Over (Cambs)</LocalityName>
      <LocalityQualifier>Cambridgeshire</LocalityQualifier>
    </AnnotatedStopPointRef>
    <AnnotatedStopPointRef>
      <StopPointRef>0500SOVER004</StopPointRef>
      <CommonName>Cox's End</CommonName>
      <Indicator>nr</Indicator>
      <LocalityName>Over (Cambs)</LocalityName>
      <LocalityQualifier>Cambridgeshire</LocalityQualifier>
    </AnnotatedStopPointRef>
    <AnnotatedStopPointRef>
      <StopPointRef>0500SWILL020</StopPointRef>
      <CommonName>Westmeadow Close</CommonName>
      <Indicator>nr</Indicator>
      <LocalityName>Willingham (Cambs)</LocalityName>
      <LocalityQualifier>Cambridgeshire</LocalityQualifier>
    </AnnotatedStopPointRef>
    <AnnotatedStopPointRef>
      <StopPointRef>0500SWILL022</StopPointRef>
      <CommonName>Rook Grove</CommonName>
      <Indicator>nr</Indicator>
      <LocalityName>Willingham (Cambs)</LocalityName>
      <LocalityQualifier>Cambridgeshire</LocalityQualifier>
    </AnnotatedStopPointRef>
    <AnnotatedStopPointRef>
      <StopPointRef>0500SWILL025</StopPointRef>
      <CommonName>Covent Garden</CommonName>
      <Indicator>nr</Indicator>
      <LocalityName>Willingham (Cambs)</LocalityName>
      <LocalityQualifier>Cambridgeshire</LocalityQualifier>
    </AnnotatedStopPointRef>
    <AnnotatedStopPointRef>
      <StopPointRef>0500SWILL006</StopPointRef>
      <CommonName>Osborn Close</CommonName>
      <Indicator>opp</Indicator>
      <LocalityName>Willingham (Cambs)</LocalityName>
      <LocalityQualifier>Cambridgeshire</LocalityQualifier>
    </AnnotatedStopPointRef>
    <AnnotatedStopPointRef>
      <StopPointRef>0500SWILL007</StopPointRef>
      <CommonName>Church Lane</CommonName>
      <Indicator>opp</Indicator>
      <LocalityName>Willingham (Cambs)</LocalityName>
      <LocalityQualifier>Cambridgeshire</LocalityQualifier>
    </AnnotatedStopPointRef>
    <AnnotatedStopPointRef>
      <StopPointRef>0500SWILL015</StopPointRef>
      <CommonName>Brickhills</CommonName>
      <Indicator>opp</Indicator>
      <LocalityName>Willingham (Cambs)</LocalityName>
      <LocalityQualifier>Cambridgeshire</LocalityQualifier>
    </AnnotatedStopPointRef>
    <AnnotatedStopPointRef>
      <StopPointRef>0500SWILL012</StopPointRef>
      <CommonName>Priest Lane</CommonName>
      <Indicator>nr</Indicator>
      <LocalityName>Willingham (Cambs)</LocalityName>
      <LocalityQualifier>Cambridgeshire</LocalityQualifier>
    </AnnotatedStopPointRef>
    <AnnotatedStopPointRef>
      <StopPointRef>0500SWILL010</StopPointRef>
      <CommonName>St Mary's Church</CommonName>
      <Indicator>opp</Indicator>
      <LocalityName>Willingham (Cambs)</LocalityName>
      <LocalityQualifier>Cambridgeshire</LocalityQualifier>
    </AnnotatedStopPointRef>
    <AnnotatedStopPointRef>
      <StopPointRef>0500SWILL005</StopPointRef>
      <CommonName>Osborn Close</CommonName>
      <Indicator>nr</Indicator>
      <LocalityName>Willingham (Cambs)</LocalityName>
      <LocalityQualifier>Cambridgeshire</LocalityQualifier>
    </AnnotatedStopPointRef>
    <AnnotatedStopPointRef>
      <StopPointRef>0500SWILL024</StopPointRef>
      <CommonName>Covent Garden</CommonName>
      <Indicator>opp</Indicator>
      <LocalityName>Willingham (Cambs)</LocalityName>
      <LocalityQualifier>Cambridgeshire</LocalityQualifier>
    </AnnotatedStopPointRef>
    <AnnotatedStopPointRef>
      <StopPointRef>0500SWILL027</StopPointRef>
      <CommonName>Millfield</CommonName>
      <Indicator>nr</Indicator>
      <LocalityName>Willingham (Cambs)</LocalityName>
      <LocalityQualifier>Cambridgeshire</LocalityQualifier>
    </AnnotatedStopPointRef>
    <AnnotatedStopPointRef>
      <StopPointRef>0500SWILL019</StopPointRef>
      <CommonName>Westfield</CommonName>
      <Indicator>nr</Indicator>
      <LocalityName>Willingham (Cambs)</LocalityName>
      <LocalityQualifier>Cambridgeshire</LocalityQualifier>
    </AnnotatedStopPointRef>
    <AnnotatedStopPointRef>
      <StopPointRef>0500SLONN011</StopPointRef>
      <CommonName>Station Road</CommonName>
      <Indicator>S-bound</Indicator>
      <LocalityName>Longstanton</LocalityName>
      <LocalityQualifier>Cambridgeshire</LocalityQualifier>
    </AnnotatedStopPointRef>
    <AnnotatedStopPointRef>
      <StopPointRef>0500SLONN004</StopPointRef>
      <CommonName>Brookside</CommonName>
      <Indicator>nr</Indicator>
      <LocalityName>Longstanton</LocalityName>
      <LocalityQualifier>Cambridgeshire</LocalityQualifier>
    </AnnotatedStopPointRef>
    <AnnotatedStopPointRef>
      <StopPointRef>0500SLONN005</StopPointRef>
      <CommonName>Hatton's Park</CommonName>
      <Indicator>nr</Indicator>
      <LocalityName>Longstanton</LocalityName>
      <LocalityQualifier>Cambridgeshire</LocalityQualifier>
    </AnnotatedStopPointRef>
    <AnnotatedStopPointRef>
      <StopPointRef>0500SLONN002</StopPointRef>
      <CommonName>High Street</CommonName>
      <Indicator>opp</Indicator>
      <LocalityName>Longstanton</LocalityName>
      <LocalityQualifier>Cambridgeshire</LocalityQualifier>
    </AnnotatedStopPointRef>
  </StopPoints>
  <RouteSections>
    <RouteSection id="RS_20-96-_-y08-1-R-1">
      <RouteLink id="RL_20-96-_-y08-1-R-1-1">
        <From>
          <StopPointRef>0500SSWAV019</StopPointRef>
        </From>
        <To>
          <StopPointRef>0500SSWAV001</StopPointRef>
        </To>
        <Direction>inbound</Direction>
      </RouteLink>
      <RouteLink id="RL_20-96-_-y08-1-R-1-2">
        <From>
          <StopPointRef>0500SSWAV001</StopPointRef>
        </From>
        <To>
          <StopPointRef>0500SSWAV002</StopPointRef>
        </To>
        <Direction>inbound</Direction>
      </RouteLink>
      <RouteLink id="RL_20-96-_-y08-1-R-1-3">
        <From>
          <StopPointRef>0500SSWAV002</StopPointRef>
        </From>
        <To>
          <StopPointRef>0500SOVER015</StopPointRef>
        </To>
        <Direction>inbound</Direction>
      </RouteLink>
      <RouteLink id="RL_20-96-_-y08-1-R-1-4">
        <From>
          <StopPointRef>0500SOVER015</StopPointRef>
        </From>
        <To>
          <StopPointRef>0500SOVER001</StopPointRef>
        </To>
        <Direction>inbound</Direction>
      </RouteLink>
      <RouteLink id="RL_20-96-_-y08-1-R-1-5">
        <From>
          <StopPointRef>0500SOVER001</StopPointRef>
        </From>
        <To>
          <StopPointRef>0500SOVER019</StopPointRef>
        </To>
        <Direction>inbound</Direction>
      </RouteLink>
      <RouteLink id="RL_20-96-_-y08-1-R-1-6">
        <From>
          <StopPointRef>0500SOVER019</StopPointRef>
        </From>
        <To>
          <StopPointRef>0500SOVER006</StopPointRef>
        </To>
        <Direction>inbound</Direction>
      </RouteLink>
      <RouteLink id="RL_20-96-_-y08-1-R-1-7">
        <From>
          <StopPointRef>0500SOVER006</StopPointRef>
        </From>
        <To>
          <StopPointRef>0500SOVER002</StopPointRef>
        </To>
        <Direction>inbound</Direction>
      </RouteLink>
      <RouteLink id="RL_20-96-_-y08-1-R-1-8">
        <From>
          <StopPointRef>0500SOVER002</StopPointRef>
        </From>
        <To>
          <StopPointRef>0500SOVER012</StopPointRef>
        </To>
        <Direction>inbound</Direction>
      </RouteLink>
      <RouteLink id="RL_20-96-_-y08-1-R-1-9">
        <From>
          <StopPointRef>0500SOVER012</StopPointRef>
        </From>
        <To>
          <StopPointRef>0500SOVER008</StopPointRef>
        </To>
        <Direction>inbound</Direction>
      </RouteLink>
      <RouteLink id="RL_20-96-_-y08-1-R-1-10">
        <From>
          <StopPointRef>0500SOVER008</StopPointRef>
        </From>
        <To>
          <StopPointRef>0500SOVER013</StopPointRef>
        </To>
        <Direction>inbound</Direction>
      </RouteLink>
      <RouteLink id="RL_20-96-_-y08-1-R-1-11">
        <From>
          <StopPointRef>0500SOVER013</StopPointRef>
        </From>
        <To>
          <StopPointRef>0500SOVER004</StopPointRef>
        </To>
        <Direction>inbound</Direction>
      </RouteLink>
      <RouteLink id="RL_20-96-_-y08-1-R-1-12">
        <From>
          <StopPointRef>0500SOVER004</StopPointRef>
        </From>
        <To>
          <StopPointRef>0500SWILL020</StopPointRef>
        </To>
        <Direction>inbound</Direction>
      </RouteLink>
      <RouteLink id="RL_20-96-_-y08-1-R-1-13">
        <From>
          <StopPointRef>0500SWILL020</StopPointRef>
        </From>
        <To>
          <StopPointRef>0500SWILL022</StopPointRef>
        </To>
        <Direction>inbound</Direction>
      </RouteLink>
      <RouteLink id="RL_20-96-_-y08-1-R-1-14">
        <From>
          <StopPointRef>0500SWILL022</StopPointRef>
        </From>
        <To>
          <StopPointRef>0500SWILL025</StopPointRef>
        </To>
        <Direction>inbound</Direction>
      </RouteLink>
      <RouteLink id="RL_20-96-_-y08-1-R-1-15">
        <From>
          <StopPointRef>0500SWILL025</StopPointRef>
        </From>
        <To>
          <StopPointRef>0500SWILL006</StopPointRef>
        </To>
        <Direction>inbound</Direction>
      </RouteLink>
      <RouteLink id="RL_20-96-_-y08-1-R-1-16">
        <From>
          <StopPointRef>0500SWILL006</StopPointRef>
        </From>
        <To>
          <StopPointRef>0500SWILL007</StopPointRef>
        </To>
        <Direction>inbound</Direction>
      </RouteLink>
      <RouteLink id="RL_20-96-_-y08-1-R-1-17">
        <From>
          <StopPointRef>0500SWILL007</StopPointRef>
        </From>
        <To>
          <StopPointRef>0500SWILL015</StopPointRef>
        </To>
        <Direction>inbound</Direction>
      </RouteLink>
      <RouteLink id="RL_20-96-_-y08-1-R-1-18">
        <From>
          <StopPointRef>0500SWILL015</StopPointRef>
        </From>
        <To>
          <StopPointRef>0500SWILL012</StopPointRef>
        </To>
        <Direction>inbound</Direction>
      </RouteLink>
      <RouteLink id="RL_20-96-_-y08-1-R-1-19">
        <From>
          <StopPointRef>0500SWILL012</StopPointRef>
        </From>
        <To>
          <StopPointRef>0500SWILL010</StopPointRef>
        </To>
        <Direction>inbound</Direction>
      </RouteLink>
      <RouteLink id="RL_20-96-_-y08-1-R-1-20">
        <From>
          <StopPointRef>0500SWILL010</StopPointRef>
        </From>
        <To>
          <StopPointRef>0500SWILL005</StopPointRef>
        </To>
        <Direction>inbound</Direction>
      </RouteLink>
      <RouteLink id="RL_20-96-_-y08-1-R-1-21">
        <From>
          <StopPointRef>0500SWILL005</StopPointRef>
        </From>
        <To>
          <StopPointRef>0500SWILL024</StopPointRef>
        </To>
        <Direction>inbound</Direction>
      </RouteLink>
      <RouteLink id="RL_20-96-_-y08-1-R-1-22">
        <From>
          <StopPointRef>0500SWILL024</StopPointRef>
        </From>
        <To>
          <StopPointRef>0500SWILL027</StopPointRef>
        </To>
        <Direction>inbound</Direction>
      </RouteLink>
      <RouteLink id="RL_20-96-_-y08-1-R-1-23">
        <From>
          <StopPointRef>0500SWILL027</StopPointRef>
        </From>
        <To>
          <StopPointRef>0500SWILL019</StopPointRef>
        </To>
        <Direction>inbound</Direction>
      </RouteLink>
      <RouteLink id="RL_20-96-_-y08-1-R-1-24">
        <From>
          <StopPointRef>0500SWILL019</StopPointRef>
        </From>
        <To>
          <StopPointRef>0500SLONN011</StopPointRef>
        </To>
        <Direction>inbound</Direction>
      </RouteLink>
      <RouteLink id="RL_20-96-_-y08-1-R-1-25">
        <From>
          <StopPointRef>0500SLONN011</StopPointRef>
        </From>
        <To>
          <StopPointRef>0500SLONN004</StopPointRef>
        </To>
        <Direction>inbound</Direction>
      </RouteLink>
      <RouteLink id="RL_20-96-_-y08-1-R-1-26">
        <From>
          <StopPointRef>0500SLONN004</StopPointRef>
        </From>
        <To>
          <StopPointRef>0500SLONN005</StopPointRef>
        </To>
        <Direction>inbound</Direction>
      </RouteLink>
      <RouteLink id="RL_20-96-_-y08-1-R-1-27">
        <From>
          <StopPointRef>0500SLONN005</StopPointRef>
        </From>
        <To>
          <StopPointRef>0500SLONN002</StopPointRef>
        </To>
        <Direction>inbound</Direction>
      </RouteLink>
    </RouteSection>
  </RouteSections>
  <Routes>
    <Route id="R_20-96-_-y08-1-R-1">
      <PrivateCode>R_20-96-_-y08-1-R-1</PrivateCode>
      <Description>Swavesey Village College grounds - High Street</Description>
      <RouteSectionRef>RS_20-96-_-y08-1-R-1</RouteSectionRef>
    </Route>
  </Routes>
  <JourneyPatternSections>
    <JourneyPatternSection id="JPS_20-96-_-y08-1-1-1-R">
      <JourneyPatternTimingLink id="JPL_20-96-_-y08-1-1-R-1-2">
        <From SequenceNumber="1">
          <Activity>pickUp</Activity>
          <StopPointRef>0500SSWAV019</StopPointRef>
          <TimingStatus>PTP</TimingStatus>
        </From>
        <To SequenceNumber="2">
          <Activity>pickUpAndSetDown</Activity>
          <StopPointRef>0500SSWAV001</StopPointRef>
          <TimingStatus>TIP</TimingStatus>
        </To>
        <RouteLinkRef>RL_20-96-_-y08-1-R-1-1</RouteLinkRef>
        <RunTime>PT2M</RunTime>
      </JourneyPatternTimingLink>
      <JourneyPatternTimingLink id="JPL_20-96-_-y08-1-1-R-1-3">
        <From SequenceNumber="2">
          <Activity>pickUpAndSetDown</Activity>
          <StopPointRef>0500SSWAV001</StopPointRef>
          <TimingStatus>TIP</TimingStatus>
        </From>
        <To SequenceNumber="3">
          <Activity>pickUpAndSetDown</Activity>
          <StopPointRef>0500SSWAV002</StopPointRef>
          <TimingStatus>TIP</TimingStatus>
        </To>
        <RouteLinkRef>RL_20-96-_-y08-1-R-1-2</RouteLinkRef>
        <RunTime>PT1M</RunTime>
      </JourneyPatternTimingLink>
      <JourneyPatternTimingLink id="JPL_20-96-_-y08-1-1-R-1-4">
        <From SequenceNumber="3">
          <Activity>pickUpAndSetDown</Activity>
          <StopPointRef>0500SSWAV002</StopPointRef>
          <TimingStatus>TIP</TimingStatus>
        </From>
        <To SequenceNumber="4">
          <Activity>pickUpAndSetDown</Activity>
          <StopPointRef>0500SOVER015</StopPointRef>
          <TimingStatus>TIP</TimingStatus>
        </To>
        <RouteLinkRef>RL_20-96-_-y08-1-R-1-3</RouteLinkRef>
        <RunTime>PT1M</RunTime>
      </JourneyPatternTimingLink>
      <JourneyPatternTimingLink id="JPL_20-96-_-y08-1-1-R-1-5">
        <From SequenceNumber="4">
          <Activity>pickUpAndSetDown</Activity>
          <StopPointRef>0500SOVER015</StopPointRef>
          <TimingStatus>TIP</TimingStatus>
        </From>
        <To SequenceNumber="5">
          <Activity>pickUpAndSetDown</Activity>
          <StopPointRef>0500SOVER001</StopPointRef>
          <TimingStatus>TIP</TimingStatus>
        </To>
        <RouteLinkRef>RL_20-96-_-y08-1-R-1-4</RouteLinkRef>
        <RunTime>PT1M</RunTime>
      </JourneyPatternTimingLink>
      <JourneyPatternTimingLink id="JPL_20-96-_-y08-1-1-R-1-6">
        <From SequenceNumber="5">
          <Activity>pickUpAndSetDown</Activity>
          <StopPointRef>0500SOVER001</StopPointRef>
          <TimingStatus>TIP</TimingStatus>
        </From>
        <To SequenceNumber="6">
          <Activity>pickUpAndSetDown</Activity>
          <StopPointRef>0500SOVER019</StopPointRef>
          <TimingStatus>TIP</TimingStatus>
        </To>
        <RouteLinkRef>RL_20-96-_-y08-1-R-1-5</RouteLinkRef>
        <RunTime>PT1M</RunTime>
      </JourneyPatternTimingLink>
      <JourneyPatternTimingLink id="JPL_20-96-_-y08-1-1-R-1-7">
        <From SequenceNumber="6">
          <Activity>pickUpAndSetDown</Activity>
          <StopPointRef>0500SOVER019</StopPointRef>
          <TimingStatus>TIP</TimingStatus>
        </From>
        <To SequenceNumber="7">
          <Activity>pickUpAndSetDown</Activity>
          <StopPointRef>0500SOVER006</StopPointRef>
          <TimingStatus>OTH</TimingStatus>
        </To>
        <RouteLinkRef>RL_20-96-_-y08-1-R-1-6</RouteLinkRef>
        <RunTime>PT0S</RunTime>
      </JourneyPatternTimingLink>
      <JourneyPatternTimingLink id="JPL_20-96-_-y08-1-1-R-1-8">
        <From SequenceNumber="7">
          <Activity>pickUpAndSetDown</Activity>
          <StopPointRef>0500SOVER006</StopPointRef>
          <TimingStatus>OTH</TimingStatus>
        </From>
        <To SequenceNumber="8">
          <Activity>pickUpAndSetDown</Activity>
          <StopPointRef>0500SOVER002</StopPointRef>
          <TimingStatus>PTP</TimingStatus>
        </To>
        <RouteLinkRef>RL_20-96-_-y08-1-R-1-7</RouteLinkRef>
        <RunTime>PT1M</RunTime>
      </JourneyPatternTimingLink>
      <JourneyPatternTimingLink id="JPL_20-96-_-y08-1-1-R-1-9">
        <From SequenceNumber="8">
          <Activity>pickUpAndSetDown</Activity>
          <StopPointRef>0500SOVER002</StopPointRef>
          <TimingStatus>PTP</TimingStatus>
        </From>
        <To SequenceNumber="9">
          <Activity>pickUpAndSetDown</Activity>
          <StopPointRef>0500SOVER012</StopPointRef>
          <TimingStatus>OTH</TimingStatus>
        </To>
        <RouteLinkRef>RL_20-96-_-y08-1-R-1-8</RouteLinkRef>
        <RunTime>PT0S</RunTime>
      </JourneyPatternTimingLink>
      <JourneyPatternTimingLink id="JPL_20-96-_-y08-1-1-R-1-10">
        <From SequenceNumber="9">
          <Activity>pickUpAndSetDown</Activity>
          <StopPointRef>0500SOVER012</StopPointRef>
          <TimingStatus>OTH</TimingStatus>
        </From>
        <To SequenceNumber="10">
          <Activity>pickUpAndSetDown</Activity>
          <StopPointRef>0500SOVER008</StopPointRef>
          <TimingStatus>OTH</TimingStatus>
        </To>
        <RouteLinkRef>RL_20-96-_-y08-1-R-1-9</RouteLinkRef>
        <RunTime>PT0S</RunTime>
      </JourneyPatternTimingLink>
      <JourneyPatternTimingLink id="JPL_20-96-_-y08-1-1-R-1-11">
        <From SequenceNumber="10">
          <Activity>pickUpAndSetDown</Activity>
          <StopPointRef>0500SOVER008</StopPointRef>
          <TimingStatus>OTH</TimingStatus>
        </From>
        <To SequenceNumber="11">
          <Activity>pickUpAndSetDown</Activity>
          <StopPointRef>0500SOVER013</StopPointRef>
          <TimingStatus>TIP</TimingStatus>
        </To>
        <RouteLinkRef>RL_20-96-_-y08-1-R-1-10</RouteLinkRef>
        <RunTime>PT1M</RunTime>
      </JourneyPatternTimingLink>
      <JourneyPatternTimingLink id="JPL_20-96-_-y08-1-1-R-1-12">
        <From SequenceNumber="11">
          <Activity>pickUpAndSetDown</Activity>
          <StopPointRef>0500SOVER013</StopPointRef>
          <TimingStatus>TIP</TimingStatus>
        </From>
        <To SequenceNumber="12">
          <Activity>pickUpAndSetDown</Activity>
          <StopPointRef>0500SOVER004</StopPointRef>
          <TimingStatus>OTH</TimingStatus>
        </To>
        <RouteLinkRef>RL_20-96-_-y08-1-R-1-11</RouteLinkRef>
        <RunTime>PT0S</RunTime>
      </JourneyPatternTimingLink>
      <JourneyPatternTimingLink id="JPL_20-96-_-y08-1-1-R-1-13">
        <From SequenceNumber="12">
          <Activity>pickUpAndSetDown</Activity>
          <StopPointRef>0500SOVER004</StopPointRef>
          <TimingStatus>OTH</TimingStatus>
        </From>
        <To SequenceNumber="13">
          <Activity>pickUpAndSetDown</Activity>
          <StopPointRef>0500SWILL020</StopPointRef>
          <TimingStatus>TIP</TimingStatus>
        </To>
        <RouteLinkRef>RL_20-96-_-y08-1-R-1-12</RouteLinkRef>
        <RunTime>PT4M</RunTime>
      </JourneyPatternTimingLink>
      <JourneyPatternTimingLink id="JPL_20-96-_-y08-1-1-R-1-14">
        <From SequenceNumber="13">
          <Activity>pickUpAndSetDown</Activity>
          <StopPointRef>0500SWILL020</StopPointRef>
          <TimingStatus>TIP</TimingStatus>
        </From>
        <To SequenceNumber="14">
          <Activity>pickUpAndSetDown</Activity>
          <StopPointRef>0500SWILL022</StopPointRef>
          <TimingStatus>OTH</TimingStatus>
        </To>
        <RouteLinkRef>RL_20-96-_-y08-1-R-1-13</RouteLinkRef>
        <RunTime>PT0S</RunTime>
      </JourneyPatternTimingLink>
      <JourneyPatternTimingLink id="JPL_20-96-_-y08-1-1-R-1-15">
        <From SequenceNumber="14">
          <Activity>pickUpAndSetDown</Activity>
          <StopPointRef>0500SWILL022</StopPointRef>
          <TimingStatus>OTH</TimingStatus>
        </From>
        <To SequenceNumber="15">
          <Activity>pickUpAndSetDown</Activity>
          <StopPointRef>0500SWILL025</StopPointRef>
          <TimingStatus>TIP</TimingStatus>
        </To>
        <RouteLinkRef>RL_20-96-_-y08-1-R-1-14</RouteLinkRef>
        <RunTime>PT1M</RunTime>
      </JourneyPatternTimingLink>
      <JourneyPatternTimingLink id="JPL_20-96-_-y08-1-1-R-1-16">
        <From SequenceNumber="15">
          <Activity>pickUpAndSetDown</Activity>
          <StopPointRef>0500SWILL025</StopPointRef>
          <TimingStatus>TIP</TimingStatus>
        </From>
        <To SequenceNumber="16">
          <Activity>pickUpAndSetDown</Activity>
          <StopPointRef>0500SWILL006</StopPointRef>
          <TimingStatus>OTH</TimingStatus>
        </To>
        <RouteLinkRef>RL_20-96-_-y08-1-R-1-15</RouteLinkRef>
        <RunTime>PT0S</RunTime>
      </JourneyPatternTimingLink>
      <JourneyPatternTimingLink id="JPL_20-96-_-y08-1-1-R-1-17">
        <From SequenceNumber="16">
          <Activity>pickUpAndSetDown</Activity>
          <StopPointRef>0500SWILL006</StopPointRef>
          <TimingStatus>OTH</TimingStatus>
        </From>
        <To SequenceNumber="17">
          <Activity>pickUpAndSetDown</Activity>
          <StopPointRef>0500SWILL007</StopPointRef>
          <TimingStatus>TIP</TimingStatus>
        </To>
        <RouteLinkRef>RL_20-96-_-y08-1-R-1-16</RouteLinkRef>
        <RunTime>PT1M</RunTime>
      </JourneyPatternTimingLink>
      <JourneyPatternTimingLink id="JPL_20-96-_-y08-1-1-R-1-18">
        <From SequenceNumber="17">
          <Activity>pickUpAndSetDown</Activity>
          <StopPointRef>0500SWILL007</StopPointRef>
          <TimingStatus>TIP</TimingStatus>
        </From>
        <To SequenceNumber="18">
          <Activity>pickUpAndSetDown</Activity>
          <StopPointRef>0500SWILL015</StopPointRef>
          <TimingStatus>TIP</TimingStatus>
        </To>
        <RouteLinkRef>RL_20-96-_-y08-1-R-1-17</RouteLinkRef>
        <RunTime>PT1M</RunTime>
      </JourneyPatternTimingLink>
      <JourneyPatternTimingLink id="JPL_20-96-_-y08-1-1-R-1-19">
        <From SequenceNumber="18">
          <Activity>pickUpAndSetDown</Activity>
          <StopPointRef>0500SWILL015</StopPointRef>
          <TimingStatus>TIP</TimingStatus>
        </From>
        <To SequenceNumber="19">
          <Activity>pickUpAndSetDown</Activity>
          <StopPointRef>0500SWILL012</StopPointRef>
          <TimingStatus>OTH</TimingStatus>
        </To>
        <RouteLinkRef>RL_20-96-_-y08-1-R-1-18</RouteLinkRef>
        <RunTime>PT0S</RunTime>
      </JourneyPatternTimingLink>
      <JourneyPatternTimingLink id="JPL_20-96-_-y08-1-1-R-1-20">
        <From SequenceNumber="19">
          <Activity>pickUpAndSetDown</Activity>
          <StopPointRef>0500SWILL012</StopPointRef>
          <TimingStatus>OTH</TimingStatus>
        </From>
        <To SequenceNumber="20">
          <Activity>pickUpAndSetDown</Activity>
          <StopPointRef>0500SWILL010</StopPointRef>
          <TimingStatus>PTP</TimingStatus>
        </To>
        <RouteLinkRef>RL_20-96-_-y08-1-R-1-19</RouteLinkRef>
        <RunTime>PT2M</RunTime>
      </JourneyPatternTimingLink>
      <JourneyPatternTimingLink id="JPL_20-96-_-y08-1-1-R-1-21">
        <From SequenceNumber="20">
          <Activity>pickUpAndSetDown</Activity>
          <StopPointRef>0500SWILL010</StopPointRef>
          <TimingStatus>PTP</TimingStatus>
        </From>
        <To SequenceNumber="21">
          <Activity>pickUpAndSetDown</Activity>
          <StopPointRef>0500SWILL005</StopPointRef>
          <TimingStatus>OTH</TimingStatus>
        </To>
        <RouteLinkRef>RL_20-96-_-y08-1-R-1-20</RouteLinkRef>
        <RunTime>PT0S</RunTime>
      </JourneyPatternTimingLink>
      <JourneyPatternTimingLink id="JPL_20-96-_-y08-1-1-R-1-22">
        <From SequenceNumber="21">
          <Activity>pickUpAndSetDown</Activity>
          <StopPointRef>0500SWILL005</StopPointRef>
          <TimingStatus>OTH</TimingStatus>
        </From>
        <To SequenceNumber="22">
          <Activity>pickUpAndSetDown</Activity>
          <StopPointRef>0500SWILL024</StopPointRef>
          <TimingStatus>OTH</TimingStatus>
        </To>
        <RouteLinkRef>RL_20-96-_-y08-1-R-1-21</RouteLinkRef>
        <RunTime>PT0S</RunTime>
      </JourneyPatternTimingLink>
      <JourneyPatternTimingLink id="JPL_20-96-_-y08-1-1-R-1-23">
        <From SequenceNumber="22">
          <Activity>pickUpAndSetDown</Activity>
          <StopPointRef>0500SWILL024</StopPointRef>
          <TimingStatus>OTH</TimingStatus>
        </From>
        <To SequenceNumber="23">
          <Activity>pickUpAndSetDown</Activity>
          <StopPointRef>0500SWILL027</StopPointRef>
          <TimingStatus>TIP</TimingStatus>
        </To>
        <RouteLinkRef>RL_20-96-_-y08-1-R-1-22</RouteLinkRef>
        <RunTime>PT1M</RunTime>
      </JourneyPatternTimingLink>
      <JourneyPatternTimingLink id="JPL_20-96-_-y08-1-1-R-1-24">
        <From SequenceNumber="23">
          <Activity>pickUpAndSetDown</Activity>
          <StopPointRef>0500SWILL027</StopPointRef>
          <TimingStatus>TIP</TimingStatus>
        </From>
        <To SequenceNumber="24">
          <Activity>pickUpAndSetDown</Activity>
          <StopPointRef>0500SWILL019</StopPointRef>
          <TimingStatus>TIP</TimingStatus>
        </To>
        <RouteLinkRef>RL_20-96-_-y08-1-R-1-23</RouteLinkRef>
        <RunTime>PT1M</RunTime>
      </JourneyPatternTimingLink>
      <JourneyPatternTimingLink id="JPL_20-96-_-y08-1-1-R-1-25">
        <From SequenceNumber="24">
          <Activity>pickUpAndSetDown</Activity>
          <StopPointRef>0500SWILL019</StopPointRef>
          <TimingStatus>TIP</TimingStatus>
        </From>
        <To SequenceNumber="25">
          <Activity>pickUpAndSetDown</Activity>
          <StopPointRef>0500SLONN011</StopPointRef>
          <TimingStatus>TIP</TimingStatus>
        </To>
        <RouteLinkRef>RL_20-96-_-y08-1-R-1-24</RouteLinkRef>
        <RunTime>PT2M</RunTime>
      </JourneyPatternTimingLink>
      <JourneyPatternTimingLink id="JPL_20-96-_-y08-1-1-R-1-26">
        <From SequenceNumber="25">
          <Activity>pickUpAndSetDown</Activity>
          <StopPointRef>0500SLONN011</StopPointRef>
          <TimingStatus>TIP</TimingStatus>
        </From>
        <To SequenceNumber="26">
          <Activity>pickUpAndSetDown</Activity>
          <StopPointRef>0500SLONN004</StopPointRef>
          <TimingStatus>TIP</TimingStatus>
        </To>
        <RouteLinkRef>RL_20-96-_-y08-1-R-1-25</RouteLinkRef>
        <RunTime>PT2M</RunTime>
      </JourneyPatternTimingLink>
      <JourneyPatternTimingLink id="JPL_20-96-_-y08-1-1-R-1-27">
        <From SequenceNumber="26">
          <Activity>pickUpAndSetDown</Activity>
          <StopPointRef>0500SLONN004</StopPointRef>
          <TimingStatus>TIP</TimingStatus>
        </From>
        <To SequenceNumber="27">
          <Activity>pickUpAndSetDown</Activity>
          <StopPointRef>0500SLONN005</StopPointRef>
          <TimingStatus>TIP</TimingStatus>
        </To>
        <RouteLinkRef>RL_20-96-_-y08-1-R-1-26</RouteLinkRef>
        <RunTime>PT1M</RunTime>
      </JourneyPatternTimingLink>
      <JourneyPatternTimingLink id="JPL_20-96-_-y08-1-1-R-1-28">
        <From SequenceNumber="27">
          <Activity>pickUpAndSetDown</Activity>
          <StopPointRef>0500SLONN005</StopPointRef>
          <TimingStatus>TIP</TimingStatus>
        </From>
        <To SequenceNumber="28">
          <Activity>setDown</Activity>
          <StopPointRef>0500SLONN002</StopPointRef>
          <TimingStatus>PTP</TimingStatus>
        </To>
        <RouteLinkRef>RL_20-96-_-y08-1-R-1-27</RouteLinkRef>
        <RunTime>PT1M</RunTime>
      </JourneyPatternTimingLink>
    </JourneyPatternSection>
  </JourneyPatternSections>
  <Operators>
    <Operator id="OId_SCHU">
      <NationalOperatorCode>SCHU</NationalOperatorCode>
      <OperatorCode>SCHU</OperatorCode>
      <OperatorShortName>Stagecoach in the Fens</OperatorShortName>
      <OperatorNameOnLicence>Stagecoach in the Fens</OperatorNameOnLicence>
      <TradingName>Stagecoach in the Fens</TradingName>
    </Operator>
  </Operators>
  <Services>
    <Service>
      <ServiceCode>20-96-_-y08-1</ServiceCode>
      <PrivateCode>20-96-_-y08-1</PrivateCode>
      <Lines>
        <Line id="20-96-_-y08-1">
          <LineName>96</LineName>
        </Line>
      </Lines>
      <OperatingPeriod>
        <StartDate>2019-11-05</StartDate>
        <EndDate>2020-05-08</EndDate>
      </OperatingPeriod>
      <OperatingProfile>
        <RegularDayType>
          <DaysOfWeek>
            <MondayToFriday />
          </DaysOfWeek>
        </RegularDayType>
        <SpecialDaysOperation>
          <DaysOfNonOperation>
            <DateRange>
              <StartDate>2019-12-24</StartDate>
              <EndDate>2019-12-24</EndDate>
            </DateRange>
            <DateRange>
              <StartDate>2019-12-27</StartDate>
              <EndDate>2019-12-27</EndDate>
            </DateRange>
            <DateRange>
              <StartDate>2019-12-30</StartDate>
              <EndDate>2019-12-31</EndDate>
            </DateRange>
          </DaysOfNonOperation>
        </SpecialDaysOperation>
        <BankHolidayOperation>
          <DaysOfNonOperation>
            <ChristmasDay />
            <BoxingDay />
            <GoodFriday />
            <NewYearsDay />
            <MayDay />
            <EasterMonday />
          </DaysOfNonOperation>
        </BankHolidayOperation>
      </OperatingProfile>
      <VehicleType>
        <VehicleEquipment>
          <AccessVehicleEquipment>
            <LowFloor>true</LowFloor>
            <Ramp>true</Ramp>
          </AccessVehicleEquipment>
          <WheelchairVehicleEquipment>
            <SuitableFor>wheelchair</SuitableFor>
          </WheelchairVehicleEquipment>
        </VehicleEquipment>
        <WheelchairAccessible>true</WheelchairAccessible>
      </VehicleType>
      <RegisteredOperatorRef>OId_SCHU</RegisteredOperatorRef>
      <StopRequirements>
        <NoNewStopsRequired />
      </StopRequirements>
      <Mode>bus</Mode>
      <Description>Swavesey - Longstanton</Description>
      <StandardService>
        <Origin>Swavesey Village College grounds</Origin>
        <Destination>High Street</Destination>
        <JourneyPattern id="JP_20-96-_-y08-1-1-R-1">
          <Direction>inbound</Direction>
          <RouteRef>R_20-96-_-y08-1-R-1</RouteRef>
          <JourneyPatternSectionRefs>JPS_20-96-_-y08-1-1-1-R</JourneyPatternSectionRefs>
        </JourneyPattern>
      </StandardService>
    </Service>
  </Services>
  <VehicleJourneys>
    <VehicleJourney>
      <PrivateCode>ea-20-96-_-y08-1-1-T0</PrivateCode>
      <OperatingProfile>
        <RegularDayType>
          <DaysOfWeek>
            <MondayToFriday />
          </DaysOfWeek>
        </RegularDayType>
        <SpecialDaysOperation>
          <DaysOfNonOperation>
            <DateRange>
              <StartDate>2019-12-19</StartDate>
              <EndDate>2020-01-03</EndDate>
            </DateRange>
            <DateRange>
              <StartDate>2020-02-17</StartDate>
              <EndDate>2020-02-21</EndDate>
            </DateRange>
          </DaysOfNonOperation>
        </SpecialDaysOperation>
        <BankHolidayOperation>
          <DaysOfNonOperation>
            <ChristmasDay />
            <BoxingDay />
            <GoodFriday />
            <NewYearsDay />
            <MayDay />
            <EasterMonday />
          </DaysOfNonOperation>
        </BankHolidayOperation>
      </OperatingProfile>
      <VehicleJourneyCode>VJ_20-96-_-y08-1-1-T0</VehicleJourneyCode>
      <ServiceRef>20-96-_-y08-1</ServiceRef>
      <LineRef>20-96-_-y08-1</LineRef>
      <JourneyPatternRef>JP_20-96-_-y08-1-1-R-1</JourneyPatternRef>
      <Note>
        <NoteCode>SchO</NoteCode>
        <NoteText>Runs Mon-Fri when schools are open</NoteText>
      </Note>
      <DepartureTime>15:20:00</DepartureTime>
    </VehicleJourney>
  </VehicleJourneys>
</TransXChange>