<?xml version="1.0" encoding="utf-8"?>
<TransXChange xmlns:xsi="http://www.w3.org/2001/XMLSchema-instance" xmlns:xsd="http://www.w3.org/2001/XMLSchema" xsi:schemaLocation="http://www.transxchange.org.uk/ http://www.transxchange.org.uk/schema/2.5/TransXChange_general.xsd" CreationDateTime="2019-11-07T16:02:34.8914Z" ModificationDateTime="2019-11-07T16:02:34.8914Z" Modification="new" RevisionNumber="3" FileName="ea_20-336-_-y08-1.xml" SchemaVersion="2.5" RegistrationDocument="true" xmlns="http://www.transxchange.org.uk/">
  <StopPoints>
    <AnnotatedStopPointRef>
      <StopPointRef>0500HRAMS035</StopPointRef>
      <CommonName>Abbey College</CommonName>
      <Indicator>o/s</Indicator>
      <LocalityName>Ramsey (Cambs)</LocalityName>
      <LocalityQualifier>Cambridgeshire</LocalityQualifier>
    </AnnotatedStopPointRef>
    <AnnotatedStopPointRef>
      <StopPointRef>0500HRAMS002</StopPointRef>
      <CommonName>St Felix Road</CommonName>
      <Indicator>nr</Indicator>
      <LocalityName>Ramsey Forty Foot</LocalityName>
      <LocalityQualifier>Cambridgeshire</LocalityQualifier>
    </AnnotatedStopPointRef>
    <AnnotatedStopPointRef>
      <StopPointRef>0500HRAMS037</StopPointRef>
      <CommonName>Blacksmiths Close</CommonName>
      <Indicator>opp</Indicator>
      <LocalityName>Ramsey Forty Foot</LocalityName>
      <LocalityQualifier>Cambridgeshire</LocalityQualifier>
    </AnnotatedStopPointRef>
    <AnnotatedStopPointRef>
      <StopPointRef>0500FBENW002</StopPointRef>
      <CommonName>Ramsey Road</CommonName>
      <Indicator>nr</Indicator>
      <LocalityName>Benwick</LocalityName>
      <LocalityQualifier>Cambridgeshire</LocalityQualifier>
    </AnnotatedStopPointRef>
    <AnnotatedStopPointRef>
      <StopPointRef>0500FBENW004</StopPointRef>
      <CommonName>Skeifs Row</CommonName>
      <Indicator>nr</Indicator>
      <LocalityName>Benwick</LocalityName>
      <LocalityQualifier>Cambridgeshire</LocalityQualifier>
    </AnnotatedStopPointRef>
    <AnnotatedStopPointRef>
      <StopPointRef>0500FBENW009</StopPointRef>
      <CommonName>Fountain Close</CommonName>
      <Indicator>nr</Indicator>
      <LocalityName>Benwick</LocalityName>
      <LocalityQualifier>Cambridgeshire</LocalityQualifier>
    </AnnotatedStopPointRef>
    <AnnotatedStopPointRef>
      <StopPointRef>0500FBENW005</StopPointRef>
      <CommonName>Flood's Ferry Road</CommonName>
      <Indicator>nr</Indicator>
      <LocalityName>Benwick</LocalityName>
      <LocalityQualifier>Cambridgeshire</LocalityQualifier>
    </AnnotatedStopPointRef>
    <AnnotatedStopPointRef>
      <StopPointRef>0500FDODD019</StopPointRef>
      <CommonName>Parson's Land Drove</CommonName>
      <Indicator>nr</Indicator>
      <LocalityName>Doddington (Cambs)</LocalityName>
      <LocalityQualifier>Cambridgeshire</LocalityQualifier>
    </AnnotatedStopPointRef>
    <AnnotatedStopPointRef>
      <StopPointRef>0500FDODD017</StopPointRef>
      <CommonName>County Hospital</CommonName>
      <Indicator>nr</Indicator>
      <LocalityName>Doddington (Cambs)</LocalityName>
      <LocalityQualifier>Cambridgeshire</LocalityQualifier>
    </AnnotatedStopPointRef>
    <AnnotatedStopPointRef>
      <StopPointRef>0500FDODD014</StopPointRef>
      <CommonName>Ingle's Lane</CommonName>
      <Indicator>opp</Indicator>
      <LocalityName>Doddington (Cambs)</LocalityName>
      <LocalityQualifier>Cambridgeshire</LocalityQualifier>
    </AnnotatedStopPointRef>
    <AnnotatedStopPointRef>
      <StopPointRef>0500FDODD008</StopPointRef>
      <CommonName>Childs Lane</CommonName>
      <Indicator>opp</Indicator>
      <LocalityName>Doddington (Cambs)</LocalityName>
      <LocalityQualifier>Cambridgeshire</LocalityQualifier>
    </AnnotatedStopPointRef>
    <AnnotatedStopPointRef>
      <StopPointRef>0500FDODD015</StopPointRef>
      <CommonName>Wimblington Road Hail &amp; Ride</CommonName>
      <Indicator>E-bound</Indicator>
      <LocalityName>Doddington (Cambs)</LocalityName>
      <LocalityQualifier>Cambridgeshire</LocalityQualifier>
    </AnnotatedStopPointRef>
    <AnnotatedStopPointRef>
      <StopPointRef>0500FWIMB012</StopPointRef>
      <CommonName>Brickmaker's Arms Lane</CommonName>
      <Indicator>opp</Indicator>
      <LocalityName>Wimblington</LocalityName>
      <LocalityQualifier>Cambridgeshire</LocalityQualifier>
    </AnnotatedStopPointRef>
    <AnnotatedStopPointRef>
      <StopPointRef>0500FWIMB001</StopPointRef>
      <CommonName>Rays Court</CommonName>
      <Indicator>nr</Indicator>
      <LocalityName>Wimblington</LocalityName>
      <LocalityQualifier>Cambridgeshire</LocalityQualifier>
    </AnnotatedStopPointRef>
    <AnnotatedStopPointRef>
      <StopPointRef>0500FWIMB015</StopPointRef>
      <CommonName>Doddington Road Hail &amp; Ride</CommonName>
      <Indicator>N-bound</Indicator>
      <LocalityName>Wimblington</LocalityName>
      <LocalityQualifier>Cambridgeshire</LocalityQualifier>
    </AnnotatedStopPointRef>
    <AnnotatedStopPointRef>
      <StopPointRef>0500FWIMB011</StopPointRef>
      <CommonName>Chapel Lane</CommonName>
      <Indicator>opp</Indicator>
      <LocalityName>Wimblington</LocalityName>
      <LocalityQualifier>Cambridgeshire</LocalityQualifier>
    </AnnotatedStopPointRef>
    <AnnotatedStopPointRef>
      <StopPointRef>0500FWIMB034</StopPointRef>
      <CommonName>Village Hall</CommonName>
      <Indicator>o/s</Indicator>
      <LocalityName>Wimblington</LocalityName>
      <LocalityQualifier>Cambridgeshire</LocalityQualifier>
    </AnnotatedStopPointRef>
    <AnnotatedStopPointRef>
      <StopPointRef>0500FWIMB028</StopPointRef>
      <CommonName>Norman Way</CommonName>
      <Indicator>opp</Indicator>
      <LocalityName>Wimblington</LocalityName>
      <LocalityQualifier>Cambridgeshire</LocalityQualifier>
    </AnnotatedStopPointRef>
    <AnnotatedStopPointRef>
      <StopPointRef>0500FCHAT005</StopPointRef>
      <CommonName>Fenland Way</CommonName>
      <Indicator>opp</Indicator>
      <LocalityName>Chatteris</LocalityName>
      <LocalityQualifier>Cambridgeshire</LocalityQualifier>
    </AnnotatedStopPointRef>
    <AnnotatedStopPointRef>
      <StopPointRef>0500FCHAT024</StopPointRef>
      <CommonName>Dock Road</CommonName>
      <Indicator>nr</Indicator>
      <LocalityName>Chatteris</LocalityName>
      <LocalityQualifier>Cambridgeshire</LocalityQualifier>
    </AnnotatedStopPointRef>
    <AnnotatedStopPointRef>
      <StopPointRef>0500FCHAT001</StopPointRef>
      <CommonName>Ash Grove</CommonName>
      <Indicator>opp</Indicator>
      <LocalityName>Chatteris</LocalityName>
      <LocalityQualifier>Cambridgeshire</LocalityQualifier>
    </AnnotatedStopPointRef>
    <AnnotatedStopPointRef>
      <StopPointRef>0500FCHAT012</StopPointRef>
      <CommonName>King Edward Road</CommonName>
      <Indicator>opp</Indicator>
      <LocalityName>Chatteris</LocalityName>
      <LocalityQualifier>Cambridgeshire</LocalityQualifier>
    </AnnotatedStopPointRef>
    <AnnotatedStopPointRef>
      <StopPointRef>0500FCHAT011</StopPointRef>
      <CommonName>East Park Street</CommonName>
      <Indicator>SE-bound</Indicator>
      <LocalityName>Chatteris</LocalityName>
      <LocalityQualifier>Cambridgeshire</LocalityQualifier>
    </AnnotatedStopPointRef>
    <AnnotatedStopPointRef>
      <StopPointRef>0500FCHAT014</StopPointRef>
      <CommonName>King Edward Road</CommonName>
      <Indicator>nr</Indicator>
      <LocalityName>Chatteris</LocalityName>
      <LocalityQualifier>Cambridgeshire</LocalityQualifier>
    </AnnotatedStopPointRef>
    <AnnotatedStopPointRef>
      <StopPointRef>0500FCHAT008</StopPointRef>
      <CommonName>Dock Road</CommonName>
      <Indicator>opp</Indicator>
      <LocalityName>Chatteris</LocalityName>
      <LocalityQualifier>Cambridgeshire</LocalityQualifier>
    </AnnotatedStopPointRef>
    <AnnotatedStopPointRef>
      <StopPointRef>0500FCHAT006</StopPointRef>
      <CommonName>Fenland Way</CommonName>
      <Indicator>nr</Indicator>
      <LocalityName>Chatteris</LocalityName>
      <LocalityQualifier>Cambridgeshire</LocalityQualifier>
    </AnnotatedStopPointRef>
    <AnnotatedStopPointRef>
      <StopPointRef>0500FWIMB029</StopPointRef>
      <CommonName>Norman Way</CommonName>
      <Indicator>nr</Indicator>
      <LocalityName>Wimblington</LocalityName>
      <LocalityQualifier>Cambridgeshire</LocalityQualifier>
    </AnnotatedStopPointRef>
    <AnnotatedStopPointRef>
      <StopPointRef>0500FWIMB035</StopPointRef>
      <CommonName>Village Hall</CommonName>
      <Indicator>opp</Indicator>
      <LocalityName>Wimblington</LocalityName>
      <LocalityQualifier>Cambridgeshire</LocalityQualifier>
    </AnnotatedStopPointRef>
    <AnnotatedStopPointRef>
      <StopPointRef>0500FWIMB013</StopPointRef>
      <CommonName>Chapel Lane</CommonName>
      <Indicator>nr</Indicator>
      <LocalityName>Wimblington</LocalityName>
      <LocalityQualifier>Cambridgeshire</LocalityQualifier>
    </AnnotatedStopPointRef>
    <AnnotatedStopPointRef>
      <StopPointRef>0500FWIMB014</StopPointRef>
      <CommonName>Doddington Road Hail &amp; Ride</CommonName>
      <Indicator>S-bound</Indicator>
      <LocalityName>Wimblington</LocalityName>
      <LocalityQualifier>Cambridgeshire</LocalityQualifier>
    </AnnotatedStopPointRef>
    <AnnotatedStopPointRef>
      <StopPointRef>0500FWIMB005</StopPointRef>
      <CommonName>Rays Court</CommonName>
      <Indicator>opp</Indicator>
      <LocalityName>Wimblington</LocalityName>
      <LocalityQualifier>Cambridgeshire</LocalityQualifier>
    </AnnotatedStopPointRef>
    <AnnotatedStopPointRef>
      <StopPointRef>0500FDODD004</StopPointRef>
      <CommonName>Brickmaker's Arms Lane</CommonName>
      <Indicator>nr</Indicator>
      <LocalityName>Wimblington</LocalityName>
      <LocalityQualifier>Cambridgeshire</LocalityQualifier>
    </AnnotatedStopPointRef>
    <AnnotatedStopPointRef>
      <StopPointRef>0500FDODD021</StopPointRef>
      <CommonName>Wimblington Road Hail &amp; Ride</CommonName>
      <Indicator>W-bound</Indicator>
      <LocalityName>Doddington (Cambs)</LocalityName>
      <LocalityQualifier>Cambridgeshire</LocalityQualifier>
    </AnnotatedStopPointRef>
    <AnnotatedStopPointRef>
      <StopPointRef>0500FDODD023</StopPointRef>
      <CommonName>Childs Lane</CommonName>
      <Indicator>nr</Indicator>
      <LocalityName>Doddington (Cambs)</LocalityName>
      <LocalityQualifier>Cambridgeshire</LocalityQualifier>
    </AnnotatedStopPointRef>
    <AnnotatedStopPointRef>
      <StopPointRef>0500FDODD003</StopPointRef>
      <CommonName>Ingle's Lane</CommonName>
      <Indicator>nr</Indicator>
      <LocalityName>Doddington (Cambs)</LocalityName>
      <LocalityQualifier>Cambridgeshire</LocalityQualifier>
    </AnnotatedStopPointRef>
    <AnnotatedStopPointRef>
      <StopPointRef>0500FDODD018</StopPointRef>
      <CommonName>County Hospital</CommonName>
      <Indicator>opp</Indicator>
      <LocalityName>Doddington (Cambs)</LocalityName>
      <LocalityQualifier>Cambridgeshire</LocalityQualifier>
    </AnnotatedStopPointRef>
    <AnnotatedStopPointRef>
      <StopPointRef>0500FDODD016</StopPointRef>
      <CommonName>Parson's Land Drove</CommonName>
      <Indicator>opp</Indicator>
      <LocalityName>Doddington (Cambs)</LocalityName>
      <LocalityQualifier>Cambridgeshire</LocalityQualifier>
    </AnnotatedStopPointRef>
    <AnnotatedStopPointRef>
      <StopPointRef>0500FBENW006</StopPointRef>
      <CommonName>Flood's Ferry Road</CommonName>
      <Indicator>opp</Indicator>
      <LocalityName>Benwick</LocalityName>
      <LocalityQualifier>Cambridgeshire</LocalityQualifier>
    </AnnotatedStopPointRef>
    <AnnotatedStopPointRef>
      <StopPointRef>0500FBENW010</StopPointRef>
      <CommonName>Fountain Close</CommonName>
      <Indicator>opp</Indicator>
      <LocalityName>Benwick</LocalityName>
      <LocalityQualifier>Cambridgeshire</LocalityQualifier>
    </AnnotatedStopPointRef>
    <AnnotatedStopPointRef>
      <StopPointRef>0500FBENW007</StopPointRef>
      <CommonName>Skeifs Row</CommonName>
      <Indicator>opp</Indicator>
      <LocalityName>Benwick</LocalityName>
      <LocalityQualifier>Cambridgeshire</LocalityQualifier>
    </AnnotatedStopPointRef>
    <AnnotatedStopPointRef>
      <StopPointRef>0500FBENW003</StopPointRef>
      <CommonName>Ramsey Road</CommonName>
      <Indicator>opp</Indicator>
      <LocalityName>Benwick</LocalityName>
      <LocalityQualifier>Cambridgeshire</LocalityQualifier>
    </AnnotatedStopPointRef>
    <AnnotatedStopPointRef>
      <StopPointRef>0500HRAMS036</StopPointRef>
      <CommonName>Blacksmiths Close</CommonName>
      <Indicator>nr</Indicator>
      <LocalityName>Ramsey Forty Foot</LocalityName>
      <LocalityQualifier>Cambridgeshire</LocalityQualifier>
    </AnnotatedStopPointRef>
    <AnnotatedStopPointRef>
      <StopPointRef>0500HRAMS008</StopPointRef>
      <CommonName>St Felix Road</CommonName>
      <Indicator>opp</Indicator>
      <LocalityName>Ramsey Forty Foot</LocalityName>
      <LocalityQualifier>Cambridgeshire</LocalityQualifier>
    </AnnotatedStopPointRef>
  </StopPoints>
  <RouteSections>
    <RouteSection id="RS_20-336-_-y08-1-R-1">
      <RouteLink id="RL_20-336-_-y08-1-R-1-1">
        <From>
          <StopPointRef>0500HRAMS035</StopPointRef>
        </From>
        <To>
          <StopPointRef>0500HRAMS002</StopPointRef>
        </To>
        <Direction>inbound</Direction>
      </RouteLink>
      <RouteLink id="RL_20-336-_-y08-1-R-1-2">
        <From>
          <StopPointRef>0500HRAMS002</StopPointRef>
        </From>
        <To>
          <StopPointRef>0500HRAMS037</StopPointRef>
        </To>
        <Direction>inbound</Direction>
      </RouteLink>
      <RouteLink id="RL_20-336-_-y08-1-R-1-3">
        <From>
          <StopPointRef>0500HRAMS037</StopPointRef>
        </From>
        <To>
          <StopPointRef>0500FBENW002</StopPointRef>
        </To>
        <Direction>inbound</Direction>
      </RouteLink>
      <RouteLink id="RL_20-336-_-y08-1-R-1-4">
        <From>
          <StopPointRef>0500FBENW002</StopPointRef>
        </From>
        <To>
          <StopPointRef>0500FBENW004</StopPointRef>
        </To>
        <Direction>inbound</Direction>
      </RouteLink>
      <RouteLink id="RL_20-336-_-y08-1-R-1-5">
        <From>
          <StopPointRef>0500FBENW004</StopPointRef>
        </From>
        <To>
          <StopPointRef>0500FBENW009</StopPointRef>
        </To>
        <Direction>inbound</Direction>
      </RouteLink>
      <RouteLink id="RL_20-336-_-y08-1-R-1-6">
        <From>
          <StopPointRef>0500FBENW009</StopPointRef>
        </From>
        <To>
          <StopPointRef>0500FBENW005</StopPointRef>
        </To>
        <Direction>inbound</Direction>
      </RouteLink>
      <RouteLink id="RL_20-336-_-y08-1-R-1-7">
        <From>
          <StopPointRef>0500FBENW005</StopPointRef>
        </From>
        <To>
          <StopPointRef>0500FDODD019</StopPointRef>
        </To>
        <Direction>inbound</Direction>
      </RouteLink>
      <RouteLink id="RL_20-336-_-y08-1-R-1-8">
        <From>
          <StopPointRef>0500FDODD019</StopPointRef>
        </From>
        <To>
          <StopPointRef>0500FDODD017</StopPointRef>
        </To>
        <Direction>inbound</Direction>
      </RouteLink>
      <RouteLink id="RL_20-336-_-y08-1-R-1-9">
        <From>
          <StopPointRef>0500FDODD017</StopPointRef>
        </From>
        <To>
          <StopPointRef>0500FDODD014</StopPointRef>
        </To>
        <Direction>inbound</Direction>
      </RouteLink>
      <RouteLink id="RL_20-336-_-y08-1-R-1-10">
        <From>
          <StopPointRef>0500FDODD014</StopPointRef>
        </From>
        <To>
          <StopPointRef>0500FDODD008</StopPointRef>
        </To>
        <Direction>inbound</Direction>
      </RouteLink>
      <RouteLink id="RL_20-336-_-y08-1-R-1-11">
        <From>
          <StopPointRef>0500FDODD008</StopPointRef>
        </From>
        <To>
          <StopPointRef>0500FDODD015</StopPointRef>
        </To>
        <Direction>inbound</Direction>
      </RouteLink>
      <RouteLink id="RL_20-336-_-y08-1-R-1-12">
        <From>
          <StopPointRef>0500FDODD015</StopPointRef>
        </From>
        <To>
          <StopPointRef>0500FWIMB012</StopPointRef>
        </To>
        <Direction>inbound</Direction>
      </RouteLink>
      <RouteLink id="RL_20-336-_-y08-1-R-1-13">
        <From>
          <StopPointRef>0500FWIMB012</StopPointRef>
        </From>
        <To>
          <StopPointRef>0500FWIMB001</StopPointRef>
        </To>
        <Direction>inbound</Direction>
      </RouteLink>
      <RouteLink id="RL_20-336-_-y08-1-R-1-14">
        <From>
          <StopPointRef>0500FWIMB001</StopPointRef>
        </From>
        <To>
          <StopPointRef>0500FWIMB015</StopPointRef>
        </To>
        <Direction>inbound</Direction>
      </RouteLink>
      <RouteLink id="RL_20-336-_-y08-1-R-1-15">
        <From>
          <StopPointRef>0500FWIMB015</StopPointRef>
        </From>
        <To>
          <StopPointRef>0500FWIMB011</StopPointRef>
        </To>
        <Direction>inbound</Direction>
      </RouteLink>
      <RouteLink id="RL_20-336-_-y08-1-R-1-16">
        <From>
          <StopPointRef>0500FWIMB011</StopPointRef>
        </From>
        <To>
          <StopPointRef>0500FWIMB034</StopPointRef>
        </To>
        <Direction>inbound</Direction>
      </RouteLink>
      <RouteLink id="RL_20-336-_-y08-1-R-1-17">
        <From>
          <StopPointRef>0500FWIMB034</StopPointRef>
        </From>
        <To>
          <StopPointRef>0500FWIMB028</StopPointRef>
        </To>
        <Direction>inbound</Direction>
      </RouteLink>
      <RouteLink id="RL_20-336-_-y08-1-R-1-18">
        <From>
          <StopPointRef>0500FWIMB028</StopPointRef>
        </From>
        <To>
          <StopPointRef>0500FCHAT005</StopPointRef>
        </To>
        <Direction>inbound</Direction>
      </RouteLink>
      <RouteLink id="RL_20-336-_-y08-1-R-1-19">
        <From>
          <StopPointRef>0500FCHAT005</StopPointRef>
        </From>
        <To>
          <StopPointRef>0500FCHAT024</StopPointRef>
        </To>
        <Direction>inbound</Direction>
      </RouteLink>
      <RouteLink id="RL_20-336-_-y08-1-R-1-20">
        <From>
          <StopPointRef>0500FCHAT024</StopPointRef>
        </From>
        <To>
          <StopPointRef>0500FCHAT001</StopPointRef>
        </To>
        <Direction>inbound</Direction>
      </RouteLink>
      <RouteLink id="RL_20-336-_-y08-1-R-1-21">
        <From>
          <StopPointRef>0500FCHAT001</StopPointRef>
        </From>
        <To>
          <StopPointRef>0500FCHAT012</StopPointRef>
        </To>
        <Direction>inbound</Direction>
      </RouteLink>
      <RouteLink id="RL_20-336-_-y08-1-R-1-22">
        <From>
          <StopPointRef>0500FCHAT012</StopPointRef>
        </From>
        <To>
          <StopPointRef>0500FCHAT011</StopPointRef>
        </To>
        <Direction>inbound</Direction>
      </RouteLink>
    </RouteSection>
    <RouteSection id="RS_20-336-_-y08-1-H-2">
      <RouteLink id="RL_20-336-_-y08-1-H-2-1">
        <From>
          <StopPointRef>0500FCHAT011</StopPointRef>
        </From>
        <To>
          <StopPointRef>0500FCHAT014</StopPointRef>
        </To>
        <Direction>outbound</Direction>
      </RouteLink>
      <RouteLink id="RL_20-336-_-y08-1-H-2-2">
        <From>
          <StopPointRef>0500FCHAT014</StopPointRef>
        </From>
        <To>
          <StopPointRef>0500FCHAT001</StopPointRef>
        </To>
        <Direction>outbound</Direction>
      </RouteLink>
      <RouteLink id="RL_20-336-_-y08-1-H-2-3">
        <From>
          <StopPointRef>0500FCHAT001</StopPointRef>
        </From>
        <To>
          <StopPointRef>0500FCHAT008</StopPointRef>
        </To>
        <Direction>outbound</Direction>
      </RouteLink>
      <RouteLink id="RL_20-336-_-y08-1-H-2-4">
        <From>
          <StopPointRef>0500FCHAT008</StopPointRef>
        </From>
        <To>
          <StopPointRef>0500FCHAT006</StopPointRef>
        </To>
        <Direction>outbound</Direction>
      </RouteLink>
      <RouteLink id="RL_20-336-_-y08-1-H-2-5">
        <From>
          <StopPointRef>0500FCHAT006</StopPointRef>
        </From>
        <To>
          <StopPointRef>0500FWIMB029</StopPointRef>
        </To>
        <Direction>outbound</Direction>
      </RouteLink>
      <RouteLink id="RL_20-336-_-y08-1-H-2-6">
        <From>
          <StopPointRef>0500FWIMB029</StopPointRef>
        </From>
        <To>
          <StopPointRef>0500FWIMB035</StopPointRef>
        </To>
        <Direction>outbound</Direction>
      </RouteLink>
      <RouteLink id="RL_20-336-_-y08-1-H-2-7">
        <From>
          <StopPointRef>0500FWIMB035</StopPointRef>
        </From>
        <To>
          <StopPointRef>0500FWIMB013</StopPointRef>
        </To>
        <Direction>outbound</Direction>
      </RouteLink>
      <RouteLink id="RL_20-336-_-y08-1-H-2-8">
        <From>
          <StopPointRef>0500FWIMB013</StopPointRef>
        </From>
        <To>
          <StopPointRef>0500FWIMB014</StopPointRef>
        </To>
        <Direction>outbound</Direction>
      </RouteLink>
      <RouteLink id="RL_20-336-_-y08-1-H-2-9">
        <From>
          <StopPointRef>0500FWIMB014</StopPointRef>
        </From>
        <To>
          <StopPointRef>0500FWIMB005</StopPointRef>
        </To>
        <Direction>outbound</Direction>
      </RouteLink>
      <RouteLink id="RL_20-336-_-y08-1-H-2-10">
        <From>
          <StopPointRef>0500FWIMB005</StopPointRef>
        </From>
        <To>
          <StopPointRef>0500FDODD004</StopPointRef>
        </To>
        <Direction>outbound</Direction>
      </RouteLink>
      <RouteLink id="RL_20-336-_-y08-1-H-2-11">
        <From>
          <StopPointRef>0500FDODD004</StopPointRef>
        </From>
        <To>
          <StopPointRef>0500FDODD021</StopPointRef>
        </To>
        <Direction>outbound</Direction>
      </RouteLink>
      <RouteLink id="RL_20-336-_-y08-1-H-2-12">
        <From>
          <StopPointRef>0500FDODD021</StopPointRef>
        </From>
        <To>
          <StopPointRef>0500FDODD023</StopPointRef>
        </To>
        <Direction>outbound</Direction>
      </RouteLink>
      <RouteLink id="RL_20-336-_-y08-1-H-2-13">
        <From>
          <StopPointRef>0500FDODD023</StopPointRef>
        </From>
        <To>
          <StopPointRef>0500FDODD003</StopPointRef>
        </To>
        <Direction>outbound</Direction>
      </RouteLink>
      <RouteLink id="RL_20-336-_-y08-1-H-2-14">
        <From>
          <StopPointRef>0500FDODD003</StopPointRef>
        </From>
        <To>
          <StopPointRef>0500FDODD018</StopPointRef>
        </To>
        <Direction>outbound</Direction>
      </RouteLink>
      <RouteLink id="RL_20-336-_-y08-1-H-2-15">
        <From>
          <StopPointRef>0500FDODD018</StopPointRef>
        </From>
        <To>
          <StopPointRef>0500FDODD016</StopPointRef>
        </To>
        <Direction>outbound</Direction>
      </RouteLink>
      <RouteLink id="RL_20-336-_-y08-1-H-2-16">
        <From>
          <StopPointRef>0500FDODD016</StopPointRef>
        </From>
        <To>
          <StopPointRef>0500FBENW006</StopPointRef>
        </To>
        <Direction>outbound</Direction>
      </RouteLink>
      <RouteLink id="RL_20-336-_-y08-1-H-2-17">
        <From>
          <StopPointRef>0500FBENW006</StopPointRef>
        </From>
        <To>
          <StopPointRef>0500FBENW010</StopPointRef>
        </To>
        <Direction>outbound</Direction>
      </RouteLink>
      <RouteLink id="RL_20-336-_-y08-1-H-2-18">
        <From>
          <StopPointRef>0500FBENW010</StopPointRef>
        </From>
        <To>
          <StopPointRef>0500FBENW007</StopPointRef>
        </To>
        <Direction>outbound</Direction>
      </RouteLink>
      <RouteLink id="RL_20-336-_-y08-1-H-2-19">
        <From>
          <StopPointRef>0500FBENW007</StopPointRef>
        </From>
        <To>
          <StopPointRef>0500FBENW003</StopPointRef>
        </To>
        <Direction>outbound</Direction>
      </RouteLink>
      <RouteLink id="RL_20-336-_-y08-1-H-2-20">
        <From>
          <StopPointRef>0500FBENW003</StopPointRef>
        </From>
        <To>
          <StopPointRef>0500HRAMS036</StopPointRef>
        </To>
        <Direction>outbound</Direction>
      </RouteLink>
      <RouteLink id="RL_20-336-_-y08-1-H-2-21">
        <From>
          <StopPointRef>0500HRAMS036</StopPointRef>
        </From>
        <To>
          <StopPointRef>0500HRAMS008</StopPointRef>
        </To>
        <Direction>outbound</Direction>
      </RouteLink>
      <RouteLink id="RL_20-336-_-y08-1-H-2-22">
        <From>
          <StopPointRef>0500HRAMS008</StopPointRef>
        </From>
        <To>
          <StopPointRef>0500HRAMS035</StopPointRef>
        </To>
        <Direction>outbound</Direction>
      </RouteLink>
    </RouteSection>
  </RouteSections>
  <Routes>
    <Route id="R_20-336-_-y08-1-R-1">
      <PrivateCode>R_20-336-_-y08-1-R-1</PrivateCode>
      <Description>Abbey College - East Park Street</Description>
      <RouteSectionRef>RS_20-336-_-y08-1-R-1</RouteSectionRef>
    </Route>
    <Route id="R_20-336-_-y08-1-H-2">
      <PrivateCode>R_20-336-_-y08-1-H-2</PrivateCode>
      <Description>East Park Street - Abbey College</Description>
      <RouteSectionRef>RS_20-336-_-y08-1-H-2</RouteSectionRef>
    </Route>
  </Routes>
  <JourneyPatternSections>
    <JourneyPatternSection id="JPS_20-336-_-y08-1-1-1-R">
      <JourneyPatternTimingLink id="JPL_20-336-_-y08-1-1-R-1-2">
        <From SequenceNumber="1">
          <Activity>pickUp</Activity>
          <StopPointRef>0500HRAMS035</StopPointRef>
          <TimingStatus>PTP</TimingStatus>
        </From>
        <To SequenceNumber="2">
          <Activity>pickUpAndSetDown</Activity>
          <StopPointRef>0500HRAMS002</StopPointRef>
          <TimingStatus>TIP</TimingStatus>
        </To>
        <RouteLinkRef>RL_20-336-_-y08-1-R-1-1</RouteLinkRef>
        <RunTime>PT8M</RunTime>
      </JourneyPatternTimingLink>
      <JourneyPatternTimingLink id="JPL_20-336-_-y08-1-1-R-1-3">
        <From SequenceNumber="2">
          <Activity>pickUpAndSetDown</Activity>
          <StopPointRef>0500HRAMS002</StopPointRef>
          <TimingStatus>TIP</TimingStatus>
        </From>
        <To SequenceNumber="3">
          <Activity>pickUpAndSetDown</Activity>
          <StopPointRef>0500HRAMS037</StopPointRef>
          <TimingStatus>TIP</TimingStatus>
        </To>
        <RouteLinkRef>RL_20-336-_-y08-1-R-1-2</RouteLinkRef>
        <RunTime>PT1M</RunTime>
      </JourneyPatternTimingLink>
      <JourneyPatternTimingLink id="JPL_20-336-_-y08-1-1-R-1-4">
        <From SequenceNumber="3">
          <Activity>pickUpAndSetDown</Activity>
          <StopPointRef>0500HRAMS037</StopPointRef>
          <TimingStatus>TIP</TimingStatus>
        </From>
        <To SequenceNumber="4">
          <Activity>pickUpAndSetDown</Activity>
          <StopPointRef>0500FBENW002</StopPointRef>
          <TimingStatus>TIP</TimingStatus>
        </To>
        <RouteLinkRef>RL_20-336-_-y08-1-R-1-3</RouteLinkRef>
        <RunTime>PT11M</RunTime>
      </JourneyPatternTimingLink>
      <JourneyPatternTimingLink id="JPL_20-336-_-y08-1-1-R-1-5">
        <From SequenceNumber="4">
          <Activity>pickUpAndSetDown</Activity>
          <StopPointRef>0500FBENW002</StopPointRef>
          <TimingStatus>TIP</TimingStatus>
        </From>
        <To SequenceNumber="5">
          <Activity>pickUpAndSetDown</Activity>
          <StopPointRef>0500FBENW004</StopPointRef>
          <TimingStatus>PPT</TimingStatus>
        </To>
        <RouteLinkRef>RL_20-336-_-y08-1-R-1-4</RouteLinkRef>
        <RunTime>PT0S</RunTime>
      </JourneyPatternTimingLink>
      <JourneyPatternTimingLink id="JPL_20-336-_-y08-1-1-R-1-6">
        <From SequenceNumber="5">
          <Activity>pickUpAndSetDown</Activity>
          <StopPointRef>0500FBENW004</StopPointRef>
          <TimingStatus>PPT</TimingStatus>
        </From>
        <To SequenceNumber="6">
          <Activity>pickUpAndSetDown</Activity>
          <StopPointRef>0500FBENW009</StopPointRef>
          <TimingStatus>TIP</TimingStatus>
        </To>
        <RouteLinkRef>RL_20-336-_-y08-1-R-1-5</RouteLinkRef>
        <RunTime>PT1M</RunTime>
      </JourneyPatternTimingLink>
      <JourneyPatternTimingLink id="JPL_20-336-_-y08-1-1-R-1-7">
        <From SequenceNumber="6">
          <Activity>pickUpAndSetDown</Activity>
          <StopPointRef>0500FBENW009</StopPointRef>
          <TimingStatus>TIP</TimingStatus>
        </From>
        <To SequenceNumber="7">
          <Activity>pickUpAndSetDown</Activity>
          <StopPointRef>0500FBENW005</StopPointRef>
          <TimingStatus>TIP</TimingStatus>
        </To>
        <RouteLinkRef>RL_20-336-_-y08-1-R-1-6</RouteLinkRef>
        <RunTime>PT1M</RunTime>
      </JourneyPatternTimingLink>
      <JourneyPatternTimingLink id="JPL_20-336-_-y08-1-1-R-1-8">
        <From SequenceNumber="7">
          <Activity>pickUpAndSetDown</Activity>
          <StopPointRef>0500FBENW005</StopPointRef>
          <TimingStatus>TIP</TimingStatus>
        </From>
        <To SequenceNumber="8">
          <Activity>pickUpAndSetDown</Activity>
          <StopPointRef>0500FDODD019</StopPointRef>
          <TimingStatus>TIP</TimingStatus>
        </To>
        <RouteLinkRef>RL_20-336-_-y08-1-R-1-7</RouteLinkRef>
        <RunTime>PT2M</RunTime>
      </JourneyPatternTimingLink>
      <JourneyPatternTimingLink id="JPL_20-336-_-y08-1-1-R-1-9">
        <From SequenceNumber="8">
          <Activity>pickUpAndSetDown</Activity>
          <StopPointRef>0500FDODD019</StopPointRef>
          <TimingStatus>TIP</TimingStatus>
        </From>
        <To SequenceNumber="9">
          <Activity>pickUpAndSetDown</Activity>
          <StopPointRef>0500FDODD017</StopPointRef>
          <TimingStatus>TIP</TimingStatus>
        </To>
        <RouteLinkRef>RL_20-336-_-y08-1-R-1-8</RouteLinkRef>
        <RunTime>PT1M</RunTime>
      </JourneyPatternTimingLink>
      <JourneyPatternTimingLink id="JPL_20-336-_-y08-1-1-R-1-10">
        <From SequenceNumber="9">
          <Activity>pickUpAndSetDown</Activity>
          <StopPointRef>0500FDODD017</StopPointRef>
          <TimingStatus>TIP</TimingStatus>
        </From>
        <To SequenceNumber="10">
          <Activity>pickUpAndSetDown</Activity>
          <StopPointRef>0500FDODD014</StopPointRef>
          <TimingStatus>PTP</TimingStatus>
        </To>
        <RouteLinkRef>RL_20-336-_-y08-1-R-1-9</RouteLinkRef>
        <RunTime>PT1M</RunTime>
      </JourneyPatternTimingLink>
      <JourneyPatternTimingLink id="JPL_20-336-_-y08-1-1-R-1-11">
        <From SequenceNumber="10">
          <Activity>pickUpAndSetDown</Activity>
          <StopPointRef>0500FDODD014</StopPointRef>
          <TimingStatus>PTP</TimingStatus>
        </From>
        <To SequenceNumber="11">
          <Activity>pickUpAndSetDown</Activity>
          <StopPointRef>0500FDODD008</StopPointRef>
          <TimingStatus>PTP</TimingStatus>
        </To>
        <RouteLinkRef>RL_20-336-_-y08-1-R-1-10</RouteLinkRef>
        <RunTime>PT1M</RunTime>
      </JourneyPatternTimingLink>
      <JourneyPatternTimingLink id="JPL_20-336-_-y08-1-1-R-1-12">
        <From SequenceNumber="11">
          <Activity>pickUpAndSetDown</Activity>
          <StopPointRef>0500FDODD008</StopPointRef>
          <TimingStatus>PTP</TimingStatus>
        </From>
        <To SequenceNumber="12">
          <Activity>pickUpAndSetDown</Activity>
          <StopPointRef>0500FDODD015</StopPointRef>
          <TimingStatus>TIP</TimingStatus>
        </To>
        <RouteLinkRef>RL_20-336-_-y08-1-R-1-11</RouteLinkRef>
        <RunTime>PT2M</RunTime>
      </JourneyPatternTimingLink>
      <JourneyPatternTimingLink id="JPL_20-336-_-y08-1-1-R-1-13">
        <From SequenceNumber="12">
          <Activity>pickUpAndSetDown</Activity>
          <StopPointRef>0500FDODD015</StopPointRef>
          <TimingStatus>TIP</TimingStatus>
        </From>
        <To SequenceNumber="13">
          <Activity>pickUpAndSetDown</Activity>
          <StopPointRef>0500FWIMB012</StopPointRef>
          <TimingStatus>TIP</TimingStatus>
        </To>
        <RouteLinkRef>RL_20-336-_-y08-1-R-1-12</RouteLinkRef>
        <RunTime>PT2M</RunTime>
      </JourneyPatternTimingLink>
      <JourneyPatternTimingLink id="JPL_20-336-_-y08-1-1-R-1-14">
        <From SequenceNumber="13">
          <Activity>pickUpAndSetDown</Activity>
          <StopPointRef>0500FWIMB012</StopPointRef>
          <TimingStatus>TIP</TimingStatus>
        </From>
        <To SequenceNumber="14">
          <Activity>pickUpAndSetDown</Activity>
          <StopPointRef>0500FWIMB001</StopPointRef>
          <TimingStatus>PPT</TimingStatus>
        </To>
        <RouteLinkRef>RL_20-336-_-y08-1-R-1-13</RouteLinkRef>
        <RunTime>PT0S</RunTime>
      </JourneyPatternTimingLink>
      <JourneyPatternTimingLink id="JPL_20-336-_-y08-1-1-R-1-15">
        <From SequenceNumber="14">
          <Activity>pickUpAndSetDown</Activity>
          <StopPointRef>0500FWIMB001</StopPointRef>
          <TimingStatus>PPT</TimingStatus>
        </From>
        <To SequenceNumber="15">
          <Activity>pickUpAndSetDown</Activity>
          <StopPointRef>0500FWIMB015</StopPointRef>
          <TimingStatus>TIP</TimingStatus>
        </To>
        <RouteLinkRef>RL_20-336-_-y08-1-R-1-14</RouteLinkRef>
        <RunTime>PT1M</RunTime>
      </JourneyPatternTimingLink>
      <JourneyPatternTimingLink id="JPL_20-336-_-y08-1-1-R-1-16">
        <From SequenceNumber="15">
          <Activity>pickUpAndSetDown</Activity>
          <StopPointRef>0500FWIMB015</StopPointRef>
          <TimingStatus>TIP</TimingStatus>
        </From>
        <To SequenceNumber="16">
          <Activity>pickUpAndSetDown</Activity>
          <StopPointRef>0500FWIMB011</StopPointRef>
          <TimingStatus>TIP</TimingStatus>
        </To>
        <RouteLinkRef>RL_20-336-_-y08-1-R-1-15</RouteLinkRef>
        <RunTime>PT1M</RunTime>
      </JourneyPatternTimingLink>
      <JourneyPatternTimingLink id="JPL_20-336-_-y08-1-1-R-1-17">
        <From SequenceNumber="16">
          <Activity>pickUpAndSetDown</Activity>
          <StopPointRef>0500FWIMB011</StopPointRef>
          <TimingStatus>TIP</TimingStatus>
        </From>
        <To SequenceNumber="17">
          <Activity>pickUpAndSetDown</Activity>
          <StopPointRef>0500FWIMB034</StopPointRef>
          <TimingStatus>PPT</TimingStatus>
        </To>
        <RouteLinkRef>RL_20-336-_-y08-1-R-1-16</RouteLinkRef>
        <RunTime>PT0S</RunTime>
      </JourneyPatternTimingLink>
      <JourneyPatternTimingLink id="JPL_20-336-_-y08-1-1-R-1-18">
        <From SequenceNumber="17">
          <Activity>pickUpAndSetDown</Activity>
          <StopPointRef>0500FWIMB034</StopPointRef>
          <TimingStatus>PPT</TimingStatus>
        </From>
        <To SequenceNumber="18">
          <Activity>pickUpAndSetDown</Activity>
          <StopPointRef>0500FWIMB028</StopPointRef>
          <TimingStatus>TIP</TimingStatus>
        </To>
        <RouteLinkRef>RL_20-336-_-y08-1-R-1-17</RouteLinkRef>
        <RunTime>PT1M</RunTime>
      </JourneyPatternTimingLink>
      <JourneyPatternTimingLink id="JPL_20-336-_-y08-1-1-R-1-19">
        <From SequenceNumber="18">
          <Activity>pickUpAndSetDown</Activity>
          <StopPointRef>0500FWIMB028</StopPointRef>
          <TimingStatus>TIP</TimingStatus>
        </From>
        <To SequenceNumber="19">
          <Activity>pickUpAndSetDown</Activity>
          <StopPointRef>0500FCHAT005</StopPointRef>
          <TimingStatus>TIP</TimingStatus>
        </To>
        <RouteLinkRef>RL_20-336-_-y08-1-R-1-18</RouteLinkRef>
        <RunTime>PT11M</RunTime>
      </JourneyPatternTimingLink>
      <JourneyPatternTimingLink id="JPL_20-336-_-y08-1-1-R-1-20">
        <From SequenceNumber="19">
          <Activity>pickUpAndSetDown</Activity>
          <StopPointRef>0500FCHAT005</StopPointRef>
          <TimingStatus>TIP</TimingStatus>
        </From>
        <To SequenceNumber="20">
          <Activity>pickUpAndSetDown</Activity>
          <StopPointRef>0500FCHAT024</StopPointRef>
          <TimingStatus>PPT</TimingStatus>
        </To>
        <RouteLinkRef>RL_20-336-_-y08-1-R-1-19</RouteLinkRef>
        <RunTime>PT0S</RunTime>
      </JourneyPatternTimingLink>
      <JourneyPatternTimingLink id="JPL_20-336-_-y08-1-1-R-1-21">
        <From SequenceNumber="20">
          <Activity>pickUpAndSetDown</Activity>
          <StopPointRef>0500FCHAT024</StopPointRef>
          <TimingStatus>PPT</TimingStatus>
        </From>
        <To SequenceNumber="21">
          <Activity>pickUpAndSetDown</Activity>
          <StopPointRef>0500FCHAT001</StopPointRef>
          <TimingStatus>OTH</TimingStatus>
        </To>
        <RouteLinkRef>RL_20-336-_-y08-1-R-1-20</RouteLinkRef>
        <RunTime>PT0S</RunTime>
      </JourneyPatternTimingLink>
      <JourneyPatternTimingLink id="JPL_20-336-_-y08-1-1-R-1-22">
        <From SequenceNumber="21">
          <Activity>pickUpAndSetDown</Activity>
          <StopPointRef>0500FCHAT001</StopPointRef>
          <TimingStatus>OTH</TimingStatus>
        </From>
        <To SequenceNumber="22">
          <Activity>pickUpAndSetDown</Activity>
          <StopPointRef>0500FCHAT012</StopPointRef>
          <TimingStatus>TIP</TimingStatus>
        </To>
        <RouteLinkRef>RL_20-336-_-y08-1-R-1-21</RouteLinkRef>
        <RunTime>PT1M</RunTime>
      </JourneyPatternTimingLink>
      <JourneyPatternTimingLink id="JPL_20-336-_-y08-1-1-R-1-23">
        <From SequenceNumber="22">
          <Activity>pickUpAndSetDown</Activity>
          <StopPointRef>0500FCHAT012</StopPointRef>
          <TimingStatus>TIP</TimingStatus>
        </From>
        <To SequenceNumber="23">
          <Activity>setDown</Activity>
          <StopPointRef>0500FCHAT011</StopPointRef>
          <TimingStatus>PTP</TimingStatus>
        </To>
        <RouteLinkRef>RL_20-336-_-y08-1-R-1-22</RouteLinkRef>
        <RunTime>PT0S</RunTime>
      </JourneyPatternTimingLink>
    </JourneyPatternSection>
    <JourneyPatternSection id="JPS_20-336-_-y08-1-2-2-H">
      <JourneyPatternTimingLink id="JPL_20-336-_-y08-1-2-H-2-2">
        <From SequenceNumber="1">
          <Activity>pickUp</Activity>
          <StopPointRef>0500FCHAT011</StopPointRef>
          <TimingStatus>PTP</TimingStatus>
        </From>
        <To SequenceNumber="2">
          <Activity>pickUpAndSetDown</Activity>
          <StopPointRef>0500FCHAT014</StopPointRef>
          <TimingStatus>OTH</TimingStatus>
        </To>
        <RouteLinkRef>RL_20-336-_-y08-1-H-2-1</RouteLinkRef>
        <RunTime>PT0S</RunTime>
      </JourneyPatternTimingLink>
      <JourneyPatternTimingLink id="JPL_20-336-_-y08-1-2-H-2-3">
        <From SequenceNumber="2">
          <Activity>pickUpAndSetDown</Activity>
          <StopPointRef>0500FCHAT014</StopPointRef>
          <TimingStatus>OTH</TimingStatus>
        </From>
        <To SequenceNumber="3">
          <Activity>pickUpAndSetDown</Activity>
          <StopPointRef>0500FCHAT001</StopPointRef>
          <TimingStatus>OTH</TimingStatus>
        </To>
        <RouteLinkRef>RL_20-336-_-y08-1-H-2-2</RouteLinkRef>
        <RunTime>PT0S</RunTime>
      </JourneyPatternTimingLink>
      <JourneyPatternTimingLink id="JPL_20-336-_-y08-1-2-H-2-4">
        <From SequenceNumber="3">
          <Activity>pickUpAndSetDown</Activity>
          <StopPointRef>0500FCHAT001</StopPointRef>
          <TimingStatus>OTH</TimingStatus>
        </From>
        <To SequenceNumber="4">
          <Activity>pickUpAndSetDown</Activity>
          <StopPointRef>0500FCHAT008</StopPointRef>
          <TimingStatus>PTP</TimingStatus>
        </To>
        <RouteLinkRef>RL_20-336-_-y08-1-H-2-3</RouteLinkRef>
        <RunTime>PT1M</RunTime>
      </JourneyPatternTimingLink>
      <JourneyPatternTimingLink id="JPL_20-336-_-y08-1-2-H-2-5">
        <From SequenceNumber="4">
          <Activity>pickUpAndSetDown</Activity>
          <StopPointRef>0500FCHAT008</StopPointRef>
          <TimingStatus>PTP</TimingStatus>
        </From>
        <To SequenceNumber="5">
          <Activity>pickUpAndSetDown</Activity>
          <StopPointRef>0500FCHAT006</StopPointRef>
          <TimingStatus>OTH</TimingStatus>
        </To>
        <RouteLinkRef>RL_20-336-_-y08-1-H-2-4</RouteLinkRef>
        <RunTime>PT0S</RunTime>
      </JourneyPatternTimingLink>
      <JourneyPatternTimingLink id="JPL_20-336-_-y08-1-2-H-2-6">
        <From SequenceNumber="5">
          <Activity>pickUpAndSetDown</Activity>
          <StopPointRef>0500FCHAT006</StopPointRef>
          <TimingStatus>OTH</TimingStatus>
        </From>
        <To SequenceNumber="6">
          <Activity>pickUpAndSetDown</Activity>
          <StopPointRef>0500FWIMB029</StopPointRef>
          <TimingStatus>TIP</TimingStatus>
        </To>
        <RouteLinkRef>RL_20-336-_-y08-1-H-2-5</RouteLinkRef>
        <RunTime>PT11M</RunTime>
      </JourneyPatternTimingLink>
      <JourneyPatternTimingLink id="JPL_20-336-_-y08-1-2-H-2-7">
        <From SequenceNumber="6">
          <Activity>pickUpAndSetDown</Activity>
          <StopPointRef>0500FWIMB029</StopPointRef>
          <TimingStatus>TIP</TimingStatus>
        </From>
        <To SequenceNumber="7">
          <Activity>pickUpAndSetDown</Activity>
          <StopPointRef>0500FWIMB035</StopPointRef>
          <TimingStatus>PTP</TimingStatus>
        </To>
        <RouteLinkRef>RL_20-336-_-y08-1-H-2-6</RouteLinkRef>
        <RunTime>PT1M</RunTime>
      </JourneyPatternTimingLink>
      <JourneyPatternTimingLink id="JPL_20-336-_-y08-1-2-H-2-8">
        <From SequenceNumber="7">
          <Activity>pickUpAndSetDown</Activity>
          <StopPointRef>0500FWIMB035</StopPointRef>
          <TimingStatus>PTP</TimingStatus>
        </From>
        <To SequenceNumber="8">
          <Activity>pickUpAndSetDown</Activity>
          <StopPointRef>0500FWIMB013</StopPointRef>
          <TimingStatus>OTH</TimingStatus>
        </To>
        <RouteLinkRef>RL_20-336-_-y08-1-H-2-7</RouteLinkRef>
        <RunTime>PT0S</RunTime>
      </JourneyPatternTimingLink>
      <JourneyPatternTimingLink id="JPL_20-336-_-y08-1-2-H-2-9">
        <From SequenceNumber="8">
          <Activity>pickUpAndSetDown</Activity>
          <StopPointRef>0500FWIMB013</StopPointRef>
          <TimingStatus>OTH</TimingStatus>
        </From>
        <To SequenceNumber="9">
          <Activity>pickUpAndSetDown</Activity>
          <StopPointRef>0500FWIMB014</StopPointRef>
          <TimingStatus>OTH</TimingStatus>
        </To>
        <RouteLinkRef>RL_20-336-_-y08-1-H-2-8</RouteLinkRef>
        <RunTime>PT1M</RunTime>
      </JourneyPatternTimingLink>
      <JourneyPatternTimingLink id="JPL_20-336-_-y08-1-2-H-2-10">
        <From SequenceNumber="9">
          <Activity>pickUpAndSetDown</Activity>
          <StopPointRef>0500FWIMB014</StopPointRef>
          <TimingStatus>OTH</TimingStatus>
        </From>
        <To SequenceNumber="10">
          <Activity>pickUpAndSetDown</Activity>
          <StopPointRef>0500FWIMB005</StopPointRef>
          <TimingStatus>PTP</TimingStatus>
        </To>
        <RouteLinkRef>RL_20-336-_-y08-1-H-2-9</RouteLinkRef>
        <RunTime>PT1M</RunTime>
      </JourneyPatternTimingLink>
      <JourneyPatternTimingLink id="JPL_20-336-_-y08-1-2-H-2-11">
        <From SequenceNumber="10">
          <Activity>pickUpAndSetDown</Activity>
          <StopPointRef>0500FWIMB005</StopPointRef>
          <TimingStatus>PTP</TimingStatus>
        </From>
        <To SequenceNumber="11">
          <Activity>pickUpAndSetDown</Activity>
          <StopPointRef>0500FDODD004</StopPointRef>
          <TimingStatus>OTH</TimingStatus>
        </To>
        <RouteLinkRef>RL_20-336-_-y08-1-H-2-10</RouteLinkRef>
        <RunTime>PT0S</RunTime>
      </JourneyPatternTimingLink>
      <JourneyPatternTimingLink id="JPL_20-336-_-y08-1-2-H-2-12">
        <From SequenceNumber="11">
          <Activity>pickUpAndSetDown</Activity>
          <StopPointRef>0500FDODD004</StopPointRef>
          <TimingStatus>OTH</TimingStatus>
        </From>
        <To SequenceNumber="12">
          <Activity>pickUpAndSetDown</Activity>
          <StopPointRef>0500FDODD021</StopPointRef>
          <TimingStatus>TIP</TimingStatus>
        </To>
        <RouteLinkRef>RL_20-336-_-y08-1-H-2-11</RouteLinkRef>
        <RunTime>PT2M</RunTime>
      </JourneyPatternTimingLink>
      <JourneyPatternTimingLink id="JPL_20-336-_-y08-1-2-H-2-13">
        <From SequenceNumber="12">
          <Activity>pickUpAndSetDown</Activity>
          <StopPointRef>0500FDODD021</StopPointRef>
          <TimingStatus>TIP</TimingStatus>
        </From>
        <To SequenceNumber="13">
          <Activity>pickUpAndSetDown</Activity>
          <StopPointRef>0500FDODD023</StopPointRef>
          <TimingStatus>PTP</TimingStatus>
        </To>
        <RouteLinkRef>RL_20-336-_-y08-1-H-2-12</RouteLinkRef>
        <RunTime>PT2M</RunTime>
      </JourneyPatternTimingLink>
      <JourneyPatternTimingLink id="JPL_20-336-_-y08-1-2-H-2-14">
        <From SequenceNumber="13">
          <Activity>pickUpAndSetDown</Activity>
          <StopPointRef>0500FDODD023</StopPointRef>
          <TimingStatus>PTP</TimingStatus>
        </From>
        <To SequenceNumber="14">
          <Activity>pickUpAndSetDown</Activity>
          <StopPointRef>0500FDODD003</StopPointRef>
          <TimingStatus>PTP</TimingStatus>
        </To>
        <RouteLinkRef>RL_20-336-_-y08-1-H-2-13</RouteLinkRef>
        <RunTime>PT1M</RunTime>
      </JourneyPatternTimingLink>
      <JourneyPatternTimingLink id="JPL_20-336-_-y08-1-2-H-2-15">
        <From SequenceNumber="14">
          <Activity>pickUpAndSetDown</Activity>
          <StopPointRef>0500FDODD003</StopPointRef>
          <TimingStatus>PTP</TimingStatus>
        </From>
        <To SequenceNumber="15">
          <Activity>pickUpAndSetDown</Activity>
          <StopPointRef>0500FDODD018</StopPointRef>
          <TimingStatus>OTH</TimingStatus>
        </To>
        <RouteLinkRef>RL_20-336-_-y08-1-H-2-14</RouteLinkRef>
        <RunTime>PT0S</RunTime>
      </JourneyPatternTimingLink>
      <JourneyPatternTimingLink id="JPL_20-336-_-y08-1-2-H-2-16">
        <From SequenceNumber="15">
          <Activity>pickUpAndSetDown</Activity>
          <StopPointRef>0500FDODD018</StopPointRef>
          <TimingStatus>OTH</TimingStatus>
        </From>
        <To SequenceNumber="16">
          <Activity>pickUpAndSetDown</Activity>
          <StopPointRef>0500FDODD016</StopPointRef>
          <TimingStatus>TIP</TimingStatus>
        </To>
        <RouteLinkRef>RL_20-336-_-y08-1-H-2-15</RouteLinkRef>
        <RunTime>PT2M</RunTime>
      </JourneyPatternTimingLink>
      <JourneyPatternTimingLink id="JPL_20-336-_-y08-1-2-H-2-17">
        <From SequenceNumber="16">
          <Activity>pickUpAndSetDown</Activity>
          <StopPointRef>0500FDODD016</StopPointRef>
          <TimingStatus>TIP</TimingStatus>
        </From>
        <To SequenceNumber="17">
          <Activity>pickUpAndSetDown</Activity>
          <StopPointRef>0500FBENW006</StopPointRef>
          <TimingStatus>TIP</TimingStatus>
        </To>
        <RouteLinkRef>RL_20-336-_-y08-1-H-2-16</RouteLinkRef>
        <RunTime>PT2M</RunTime>
      </JourneyPatternTimingLink>
      <JourneyPatternTimingLink id="JPL_20-336-_-y08-1-2-H-2-18">
        <From SequenceNumber="17">
          <Activity>pickUpAndSetDown</Activity>
          <StopPointRef>0500FBENW006</StopPointRef>
          <TimingStatus>TIP</TimingStatus>
        </From>
        <To SequenceNumber="18">
          <Activity>pickUpAndSetDown</Activity>
          <StopPointRef>0500FBENW010</StopPointRef>
          <TimingStatus>TIP</TimingStatus>
        </To>
        <RouteLinkRef>RL_20-336-_-y08-1-H-2-17</RouteLinkRef>
        <RunTime>PT1M</RunTime>
      </JourneyPatternTimingLink>
      <JourneyPatternTimingLink id="JPL_20-336-_-y08-1-2-H-2-19">
        <From SequenceNumber="18">
          <Activity>pickUpAndSetDown</Activity>
          <StopPointRef>0500FBENW010</StopPointRef>
          <TimingStatus>TIP</TimingStatus>
        </From>
        <To SequenceNumber="19">
          <Activity>pickUpAndSetDown</Activity>
          <StopPointRef>0500FBENW007</StopPointRef>
          <TimingStatus>PTP</TimingStatus>
        </To>
        <RouteLinkRef>RL_20-336-_-y08-1-H-2-18</RouteLinkRef>
        <RunTime>PT1M</RunTime>
      </JourneyPatternTimingLink>
      <JourneyPatternTimingLink id="JPL_20-336-_-y08-1-2-H-2-20">
        <From SequenceNumber="19">
          <Activity>pickUpAndSetDown</Activity>
          <StopPointRef>0500FBENW007</StopPointRef>
          <TimingStatus>PTP</TimingStatus>
        </From>
        <To SequenceNumber="20">
          <Activity>pickUpAndSetDown</Activity>
          <StopPointRef>0500FBENW003</StopPointRef>
          <TimingStatus>OTH</TimingStatus>
        </To>
        <RouteLinkRef>RL_20-336-_-y08-1-H-2-19</RouteLinkRef>
        <RunTime>PT0S</RunTime>
      </JourneyPatternTimingLink>
      <JourneyPatternTimingLink id="JPL_20-336-_-y08-1-2-H-2-21">
        <From SequenceNumber="20">
          <Activity>pickUpAndSetDown</Activity>
          <StopPointRef>0500FBENW003</StopPointRef>
          <TimingStatus>OTH</TimingStatus>
        </From>
        <To SequenceNumber="21">
          <Activity>pickUpAndSetDown</Activity>
          <StopPointRef>0500HRAMS036</StopPointRef>
          <TimingStatus>TIP</TimingStatus>
        </To>
        <RouteLinkRef>RL_20-336-_-y08-1-H-2-20</RouteLinkRef>
        <RunTime>PT11M</RunTime>
      </JourneyPatternTimingLink>
      <JourneyPatternTimingLink id="JPL_20-336-_-y08-1-2-H-2-22">
        <From SequenceNumber="21">
          <Activity>pickUpAndSetDown</Activity>
          <StopPointRef>0500HRAMS036</StopPointRef>
          <TimingStatus>TIP</TimingStatus>
        </From>
        <To SequenceNumber="22">
          <Activity>pickUpAndSetDown</Activity>
          <StopPointRef>0500HRAMS008</StopPointRef>
          <TimingStatus>TIP</TimingStatus>
        </To>
        <RouteLinkRef>RL_20-336-_-y08-1-H-2-21</RouteLinkRef>
        <RunTime>PT1M</RunTime>
      </JourneyPatternTimingLink>
      <JourneyPatternTimingLink id="JPL_20-336-_-y08-1-2-H-2-23">
        <From SequenceNumber="22">
          <Activity>pickUpAndSetDown</Activity>
          <StopPointRef>0500HRAMS008</StopPointRef>
          <TimingStatus>TIP</TimingStatus>
        </From>
        <To SequenceNumber="23">
          <Activity>setDown</Activity>
          <StopPointRef>0500HRAMS035</StopPointRef>
          <TimingStatus>PTP</TimingStatus>
        </To>
        <RouteLinkRef>RL_20-336-_-y08-1-H-2-22</RouteLinkRef>
        <RunTime>PT8M</RunTime>
      </JourneyPatternTimingLink>
    </JourneyPatternSection>
  </JourneyPatternSections>
  <Operators>
    <Operator id="OId_SFLT">
      <NationalOperatorCode>SFLT</NationalOperatorCode>
      <OperatorCode>SFLT</OperatorCode>
      <OperatorShortName>SunFun Luxury Travel</OperatorShortName>
      <OperatorNameOnLicence>SunFun Luxury Travel</OperatorNameOnLicence>
      <TradingName>SunFun Luxury Travel</TradingName>
    </Operator>
  </Operators>
  <Services>
    <Service>
      <ServiceCode>20-336-_-y08-1</ServiceCode>
      <PrivateCode>20-336-_-y08-1</PrivateCode>
      <Lines>
        <Line id="20-336-_-y08-1">
          <LineName>336</LineName>
        </Line>
      </Lines>
      <OperatingPeriod>
        <StartDate>2019-11-05</StartDate>
        <EndDate>2020-05-08</EndDate>
      </OperatingPeriod>
      <OperatingProfile>
        <RegularDayType>
          <DaysOfWeek>
            <MondayToFriday />
          </DaysOfWeek>
        </RegularDayType>
        <SpecialDaysOperation>
          <DaysOfNonOperation>
            <DateRange>
              <StartDate>2019-12-24</StartDate>
              <EndDate>2019-12-24</EndDate>
            </DateRange>
            <DateRange>
              <StartDate>2019-12-27</StartDate>
              <EndDate>2019-12-27</EndDate>
            </DateRange>
            <DateRange>
              <StartDate>2019-12-30</StartDate>
              <EndDate>2019-12-31</EndDate>
            </DateRange>
          </DaysOfNonOperation>
        </SpecialDaysOperation>
        <BankHolidayOperation>
          <DaysOfNonOperation>
            <ChristmasDay />
            <BoxingDay />
            <GoodFriday />
            <NewYearsDay />
            <MayDay />
            <EasterMonday />
          </DaysOfNonOperation>
        </BankHolidayOperation>
      </OperatingProfile>
      <VehicleType>
        <VehicleEquipment>
          <AccessVehicleEquipment>
            <LowFloor>true</LowFloor>
            <Ramp>true</Ramp>
          </AccessVehicleEquipment>
          <WheelchairVehicleEquipment>
            <SuitableFor>wheelchair</SuitableFor>
          </WheelchairVehicleEquipment>
        </VehicleEquipment>
        <WheelchairAccessible>true</WheelchairAccessible>
      </VehicleType>
      <RegisteredOperatorRef>OId_SFLT</RegisteredOperatorRef>
      <StopRequirements>
        <NoNewStopsRequired />
      </StopRequirements>
      <Mode>bus</Mode>
      <Description>Chatteris - Wimblington - Ramsey (Sch)</Description>
      <StandardService>
        <Origin>East Park Street</Origin>
        <Destination>Abbey College</Destination>
        <JourneyPattern id="JP_20-336-_-y08-1-1-R-1">
          <Direction>inbound</Direction>
          <RouteRef>R_20-336-_-y08-1-R-1</RouteRef>
          <JourneyPatternSectionRefs>JPS_20-336-_-y08-1-1-1-R</JourneyPatternSectionRefs>
        </JourneyPattern>
        <JourneyPattern id="JP_20-336-_-y08-1-2-H-2">
          <Direction>outbound</Direction>
          <RouteRef>R_20-336-_-y08-1-H-2</RouteRef>
          <JourneyPatternSectionRefs>JPS_20-336-_-y08-1-2-2-H</JourneyPatternSectionRefs>
        </JourneyPattern>
      </StandardService>
    </Service>
  </Services>
  <VehicleJourneys>
    <VehicleJourney>
      <PrivateCode>ea-20-336-_-y08-1-1-T0</PrivateCode>
      <OperatingProfile>
        <RegularDayType>
          <DaysOfWeek>
            <MondayToFriday />
          </DaysOfWeek>
        </RegularDayType>
        <SpecialDaysOperation>
          <DaysOfNonOperation>
            <DateRange>
              <StartDate>2019-12-19</StartDate>
              <EndDate>2020-01-03</EndDate>
            </DateRange>
            <DateRange>
              <StartDate>2020-02-17</StartDate>
              <EndDate>2020-02-21</EndDate>
            </DateRange>
          </DaysOfNonOperation>
        </SpecialDaysOperation>
        <BankHolidayOperation>
          <DaysOfNonOperation>
            <ChristmasDay />
            <BoxingDay />
            <GoodFriday />
            <NewYearsDay />
            <MayDay />
            <EasterMonday />
          </DaysOfNonOperation>
        </BankHolidayOperation>
      </OperatingProfile>
      <VehicleJourneyCode>VJ_20-336-_-y08-1-1-T0</VehicleJourneyCode>
      <ServiceRef>20-336-_-y08-1</ServiceRef>
      <LineRef>20-336-_-y08-1</LineRef>
      <JourneyPatternRef>JP_20-336-_-y08-1-1-R-1</JourneyPatternRef>
      <Note>
        <NoteCode>SchO</NoteCode>
        <NoteText>Runs Mon-Fri when schools are open</NoteText>
      </Note>
      <DepartureTime>15:20:00</DepartureTime>
    </VehicleJourney>
    <VehicleJourney>
      <PrivateCode>ea-20-336-_-y08-1-2-T0</PrivateCode>
      <OperatingProfile>
        <RegularDayType>
          <DaysOfWeek>
            <MondayToFriday />
          </DaysOfWeek>
        </RegularDayType>
        <SpecialDaysOperation>
          <DaysOfNonOperation>
            <DateRange>
              <StartDate>2019-12-19</StartDate>
              <EndDate>2020-01-03</EndDate>
            </DateRange>
            <DateRange>
              <StartDate>2020-02-17</StartDate>
              <EndDate>2020-02-21</EndDate>
            </DateRange>
          </DaysOfNonOperation>
        </SpecialDaysOperation>
        <BankHolidayOperation>
          <DaysOfNonOperation>
            <ChristmasDay />
            <BoxingDay />
            <GoodFriday />
            <NewYearsDay />
            <MayDay />
            <EasterMonday />
          </DaysOfNonOperation>
        </BankHolidayOperation>
      </OperatingProfile>
      <VehicleJourneyCode>VJ_20-336-_-y08-1-2-T0</VehicleJourneyCode>
      <ServiceRef>20-336-_-y08-1</ServiceRef>
      <LineRef>20-336-_-y08-1</LineRef>
      <JourneyPatternRef>JP_20-336-_-y08-1-2-H-2</JourneyPatternRef>
      <Note>
        <NoteCode>SchO</NoteCode>
        <NoteText>Runs Mon-Fri when schools are open</NoteText>
      </Note>
      <DepartureTime>07:44:00</DepartureTime>
    </VehicleJourney>
  </VehicleJourneys>
</TransXChange>