<?xml version="1.0" encoding="utf-8"?>
<TransXChange xmlns:xsi="http://www.w3.org/2001/XMLSchema-instance" xmlns:xsd="http://www.w3.org/2001/XMLSchema" xsi:schemaLocation="http://www.transxchange.org.uk/ http://www.transxchange.org.uk/schema/2.5/TransXChange_general.xsd" CreationDateTime="2019-11-07T16:02:42.629Z" ModificationDateTime="2019-11-07T16:02:42.629Z" Modification="new" RevisionNumber="3" FileName="ea_20-61X-_-y08-1.xml" SchemaVersion="2.5" RegistrationDocument="true" xmlns="http://www.transxchange.org.uk/">
  <StopPoints>
    <AnnotatedStopPointRef>
      <StopPointRef>0500HEYNE001</StopPointRef>
      <CommonName>Tesco</CommonName>
      <Indicator>o/s</Indicator>
      <LocalityName>Eynesbury</LocalityName>
      <LocalityQualifier>Cambridgeshire</LocalityQualifier>
    </AnnotatedStopPointRef>
    <AnnotatedStopPointRef>
      <StopPointRef>0500HSTNS092</StopPointRef>
      <CommonName>Ernulf Academy forecourt</CommonName>
      <Indicator>in</Indicator>
      <LocalityName>Eynesbury</LocalityName>
      <LocalityQualifier>Cambridgeshire</LocalityQualifier>
    </AnnotatedStopPointRef>
    <AnnotatedStopPointRef>
      <StopPointRef>0500HSTNS003</StopPointRef>
      <CommonName>Waterloo Drive</CommonName>
      <Indicator>opp</Indicator>
      <LocalityName>Eynesbury</LocalityName>
      <LocalityQualifier>Cambridgeshire</LocalityQualifier>
    </AnnotatedStopPointRef>
    <AnnotatedStopPointRef>
      <StopPointRef>0500HSTNS008</StopPointRef>
      <CommonName>Howitts Lane</CommonName>
      <Indicator>opp</Indicator>
      <LocalityName>Eynesbury</LocalityName>
      <LocalityQualifier>Cambridgeshire</LocalityQualifier>
    </AnnotatedStopPointRef>
    <AnnotatedStopPointRef>
      <StopPointRef>0500HSTNS007</StopPointRef>
      <CommonName>Church View</CommonName>
      <Indicator>opp</Indicator>
      <LocalityName>St Neots</LocalityName>
      <LocalityQualifier>Cambridgeshire</LocalityQualifier>
    </AnnotatedStopPointRef>
    <AnnotatedStopPointRef>
      <StopPointRef>0500HSTNS050</StopPointRef>
      <CommonName>Market Square</CommonName>
      <Indicator>Stop C</Indicator>
      <LocalityName>St Neots</LocalityName>
      <LocalityQualifier>Cambridgeshire</LocalityQualifier>
    </AnnotatedStopPointRef>
    <AnnotatedStopPointRef>
      <StopPointRef>0500HSTNS018</StopPointRef>
      <CommonName>Eaton Ford Green</CommonName>
      <Indicator>opp</Indicator>
      <LocalityName>Eaton Ford</LocalityName>
      <LocalityQualifier>Cambridgeshire</LocalityQualifier>
    </AnnotatedStopPointRef>
    <AnnotatedStopPointRef>
      <StopPointRef>0500HSTNS040</StopPointRef>
      <CommonName>Duloe Road</CommonName>
      <Indicator>opp</Indicator>
      <LocalityName>Eaton Ford</LocalityName>
      <LocalityQualifier>Cambridgeshire</LocalityQualifier>
    </AnnotatedStopPointRef>
    <AnnotatedStopPointRef>
      <StopPointRef>0500HSTNS041</StopPointRef>
      <CommonName>Silverweed</CommonName>
      <Indicator>opp</Indicator>
      <LocalityName>Eaton Ford</LocalityName>
      <LocalityQualifier>Cambridgeshire</LocalityQualifier>
    </AnnotatedStopPointRef>
    <AnnotatedStopPointRef>
      <StopPointRef>0500HSTNS065</StopPointRef>
      <CommonName>Meadowsweet</CommonName>
      <Indicator>opp</Indicator>
      <LocalityName>Eaton Ford</LocalityName>
      <LocalityQualifier>Cambridgeshire</LocalityQualifier>
    </AnnotatedStopPointRef>
    <AnnotatedStopPointRef>
      <StopPointRef>0500HSTNS083</StopPointRef>
      <CommonName>Gazelle Close</CommonName>
      <Indicator>nr</Indicator>
      <LocalityName>Eaton Ford</LocalityName>
      <LocalityQualifier>Cambridgeshire</LocalityQualifier>
    </AnnotatedStopPointRef>
    <AnnotatedStopPointRef>
      <StopPointRef>0500HSTNS085</StopPointRef>
      <CommonName>Otter Way</CommonName>
      <Indicator>nr</Indicator>
      <LocalityName>Eaton Socon</LocalityName>
      <LocalityQualifier>Cambridgeshire</LocalityQualifier>
    </AnnotatedStopPointRef>
    <AnnotatedStopPointRef>
      <StopPointRef>0500HSTNS026</StopPointRef>
      <CommonName>Marchioness Way</CommonName>
      <Indicator>nr</Indicator>
      <LocalityName>Eaton Socon</LocalityName>
      <LocalityQualifier>Cambridgeshire</LocalityQualifier>
    </AnnotatedStopPointRef>
    <AnnotatedStopPointRef>
      <StopPointRef>0500HSTNS027</StopPointRef>
      <CommonName>Viscount Court</CommonName>
      <Indicator>nr</Indicator>
      <LocalityName>Eaton Socon</LocalityName>
      <LocalityQualifier>Cambridgeshire</LocalityQualifier>
    </AnnotatedStopPointRef>
    <AnnotatedStopPointRef>
      <StopPointRef>0500HSTNS030</StopPointRef>
      <CommonName>Duchess Close</CommonName>
      <Indicator>opp</Indicator>
      <LocalityName>Eaton Socon</LocalityName>
      <LocalityQualifier>Cambridgeshire</LocalityQualifier>
    </AnnotatedStopPointRef>
    <AnnotatedStopPointRef>
      <StopPointRef>0500HSTNS016</StopPointRef>
      <CommonName>Nelson Road</CommonName>
      <Indicator>opp</Indicator>
      <LocalityName>Eaton Socon</LocalityName>
      <LocalityQualifier>Cambridgeshire</LocalityQualifier>
    </AnnotatedStopPointRef>
    <AnnotatedStopPointRef>
      <StopPointRef>0500HSTNS121</StopPointRef>
      <CommonName>Beauchamp Close</CommonName>
      <Indicator>nr</Indicator>
      <LocalityName>Eaton Socon</LocalityName>
      <LocalityQualifier>Cambridgeshire</LocalityQualifier>
    </AnnotatedStopPointRef>
    <AnnotatedStopPointRef>
      <StopPointRef>0500HSTNS122</StopPointRef>
      <CommonName>Cunningham Way</CommonName>
      <Indicator>opp</Indicator>
      <LocalityName>Eaton Socon</LocalityName>
      <LocalityQualifier>Cambridgeshire</LocalityQualifier>
    </AnnotatedStopPointRef>
    <AnnotatedStopPointRef>
      <StopPointRef>0500HSTNS032</StopPointRef>
      <CommonName>Drake Road</CommonName>
      <Indicator>nr</Indicator>
      <LocalityName>Eaton Socon</LocalityName>
      <LocalityQualifier>Cambridgeshire</LocalityQualifier>
    </AnnotatedStopPointRef>
    <AnnotatedStopPointRef>
      <StopPointRef>0500HSTNS081</StopPointRef>
      <CommonName>St Mary's Church</CommonName>
      <Indicator>opp</Indicator>
      <LocalityName>Eaton Socon</LocalityName>
      <LocalityQualifier>Cambridgeshire</LocalityQualifier>
    </AnnotatedStopPointRef>
    <AnnotatedStopPointRef>
      <StopPointRef>0500HSTNS036</StopPointRef>
      <CommonName>Field Cottage Road</CommonName>
      <Indicator>opp</Indicator>
      <LocalityName>Eaton Socon</LocalityName>
      <LocalityQualifier>Cambridgeshire</LocalityQualifier>
    </AnnotatedStopPointRef>
    <AnnotatedStopPointRef>
      <StopPointRef>0500HSTNS037</StopPointRef>
      <CommonName>River Road</CommonName>
      <Indicator>opp</Indicator>
      <LocalityName>Eaton Ford</LocalityName>
      <LocalityQualifier>Cambridgeshire</LocalityQualifier>
    </AnnotatedStopPointRef>
    <AnnotatedStopPointRef>
      <StopPointRef>0500HSTNS051</StopPointRef>
      <CommonName>Eaton Ford Green</CommonName>
      <Indicator>nr</Indicator>
      <LocalityName>Eaton Ford</LocalityName>
      <LocalityQualifier>Cambridgeshire</LocalityQualifier>
    </AnnotatedStopPointRef>
    <AnnotatedStopPointRef>
      <StopPointRef>0500HSTNS062</StopPointRef>
      <CommonName>Market Square</CommonName>
      <Indicator>Stop A</Indicator>
      <LocalityName>St Neots</LocalityName>
      <LocalityQualifier>Cambridgeshire</LocalityQualifier>
    </AnnotatedStopPointRef>
    <AnnotatedStopPointRef>
      <StopPointRef>0500HSTNS087</StopPointRef>
      <CommonName>Church Street</CommonName>
      <Indicator>opp</Indicator>
      <LocalityName>St Neots</LocalityName>
      <LocalityQualifier>Cambridgeshire</LocalityQualifier>
    </AnnotatedStopPointRef>
    <AnnotatedStopPointRef>
      <StopPointRef>0500HSTNS006</StopPointRef>
      <CommonName>Church View</CommonName>
      <Indicator>nr</Indicator>
      <LocalityName>St Neots</LocalityName>
      <LocalityQualifier>Cambridgeshire</LocalityQualifier>
    </AnnotatedStopPointRef>
    <AnnotatedStopPointRef>
      <StopPointRef>0500HSTNS043</StopPointRef>
      <CommonName>Howitts Lane</CommonName>
      <Indicator>nr</Indicator>
      <LocalityName>Eynesbury</LocalityName>
      <LocalityQualifier>Cambridgeshire</LocalityQualifier>
    </AnnotatedStopPointRef>
    <AnnotatedStopPointRef>
      <StopPointRef>0500HSTNS099</StopPointRef>
      <CommonName>Cemetery</CommonName>
      <Indicator>nr</Indicator>
      <LocalityName>Eynesbury</LocalityName>
      <LocalityQualifier>Cambridgeshire</LocalityQualifier>
    </AnnotatedStopPointRef>
    <AnnotatedStopPointRef>
      <StopPointRef>0500HSTNS097</StopPointRef>
      <CommonName>Mobile Home Park</CommonName>
      <Indicator>opp</Indicator>
      <LocalityName>Eynesbury</LocalityName>
      <LocalityQualifier>Cambridgeshire</LocalityQualifier>
    </AnnotatedStopPointRef>
    <AnnotatedStopPointRef>
      <StopPointRef>0500HSTNS011</StopPointRef>
      <CommonName>Beacon Close</CommonName>
      <Indicator>opp</Indicator>
      <LocalityName>Eynesbury</LocalityName>
      <LocalityQualifier>Cambridgeshire</LocalityQualifier>
    </AnnotatedStopPointRef>
    <AnnotatedStopPointRef>
      <StopPointRef>0500HSTNS096</StopPointRef>
      <CommonName>Potton Road</CommonName>
      <Indicator>SW-bound</Indicator>
      <LocalityName>Eynesbury</LocalityName>
      <LocalityQualifier>Cambridgeshire</LocalityQualifier>
    </AnnotatedStopPointRef>
    <AnnotatedStopPointRef>
      <StopPointRef>0500HSTNS014</StopPointRef>
      <CommonName>Bishops Road</CommonName>
      <Indicator>nr</Indicator>
      <LocalityName>Eynesbury</LocalityName>
      <LocalityQualifier>Cambridgeshire</LocalityQualifier>
    </AnnotatedStopPointRef>
    <AnnotatedStopPointRef>
      <StopPointRef>0500HSTNS132</StopPointRef>
      <CommonName>Windsor Close</CommonName>
      <Indicator>nr</Indicator>
      <LocalityName>Eynesbury</LocalityName>
      <LocalityQualifier>Cambridgeshire</LocalityQualifier>
    </AnnotatedStopPointRef>
    <AnnotatedStopPointRef>
      <StopPointRef>0500HEYNE003</StopPointRef>
      <CommonName>Pembroke Avenue</CommonName>
      <Indicator>opp</Indicator>
      <LocalityName>Eynesbury</LocalityName>
      <LocalityQualifier>Cambridgeshire</LocalityQualifier>
    </AnnotatedStopPointRef>
    <AnnotatedStopPointRef>
      <StopPointRef>0500HSTNS128</StopPointRef>
      <CommonName>Carisbrooke Way</CommonName>
      <Indicator>opp</Indicator>
      <LocalityName>Eynesbury</LocalityName>
      <LocalityQualifier>Cambridgeshire</LocalityQualifier>
    </AnnotatedStopPointRef>
  </StopPoints>
  <RouteSections>
    <RouteSection id="RS_20-61X-_-y08-1-H-1">
      <RouteLink id="RL_20-61X-_-y08-1-H-1-1">
        <From>
          <StopPointRef>0500HEYNE001</StopPointRef>
        </From>
        <To>
          <StopPointRef>0500HSTNS092</StopPointRef>
        </To>
        <Direction>outbound</Direction>
      </RouteLink>
      <RouteLink id="RL_20-61X-_-y08-1-H-1-2">
        <From>
          <StopPointRef>0500HSTNS092</StopPointRef>
        </From>
        <To>
          <StopPointRef>0500HSTNS003</StopPointRef>
        </To>
        <Direction>outbound</Direction>
      </RouteLink>
      <RouteLink id="RL_20-61X-_-y08-1-H-1-3">
        <From>
          <StopPointRef>0500HSTNS003</StopPointRef>
        </From>
        <To>
          <StopPointRef>0500HSTNS008</StopPointRef>
        </To>
        <Direction>outbound</Direction>
      </RouteLink>
      <RouteLink id="RL_20-61X-_-y08-1-H-1-4">
        <From>
          <StopPointRef>0500HSTNS008</StopPointRef>
        </From>
        <To>
          <StopPointRef>0500HSTNS007</StopPointRef>
        </To>
        <Direction>outbound</Direction>
      </RouteLink>
      <RouteLink id="RL_20-61X-_-y08-1-H-1-5">
        <From>
          <StopPointRef>0500HSTNS007</StopPointRef>
        </From>
        <To>
          <StopPointRef>0500HSTNS050</StopPointRef>
        </To>
        <Direction>outbound</Direction>
      </RouteLink>
      <RouteLink id="RL_20-61X-_-y08-1-H-1-6">
        <From>
          <StopPointRef>0500HSTNS050</StopPointRef>
        </From>
        <To>
          <StopPointRef>0500HSTNS018</StopPointRef>
        </To>
        <Direction>outbound</Direction>
      </RouteLink>
      <RouteLink id="RL_20-61X-_-y08-1-H-1-7">
        <From>
          <StopPointRef>0500HSTNS018</StopPointRef>
        </From>
        <To>
          <StopPointRef>0500HSTNS040</StopPointRef>
        </To>
        <Direction>outbound</Direction>
      </RouteLink>
      <RouteLink id="RL_20-61X-_-y08-1-H-1-8">
        <From>
          <StopPointRef>0500HSTNS040</StopPointRef>
        </From>
        <To>
          <StopPointRef>0500HSTNS041</StopPointRef>
        </To>
        <Direction>outbound</Direction>
      </RouteLink>
      <RouteLink id="RL_20-61X-_-y08-1-H-1-9">
        <From>
          <StopPointRef>0500HSTNS041</StopPointRef>
        </From>
        <To>
          <StopPointRef>0500HSTNS065</StopPointRef>
        </To>
        <Direction>outbound</Direction>
      </RouteLink>
      <RouteLink id="RL_20-61X-_-y08-1-H-1-10">
        <From>
          <StopPointRef>0500HSTNS065</StopPointRef>
        </From>
        <To>
          <StopPointRef>0500HSTNS083</StopPointRef>
        </To>
        <Direction>outbound</Direction>
      </RouteLink>
      <RouteLink id="RL_20-61X-_-y08-1-H-1-11">
        <From>
          <StopPointRef>0500HSTNS083</StopPointRef>
        </From>
        <To>
          <StopPointRef>0500HSTNS085</StopPointRef>
        </To>
        <Direction>outbound</Direction>
      </RouteLink>
      <RouteLink id="RL_20-61X-_-y08-1-H-1-12">
        <From>
          <StopPointRef>0500HSTNS085</StopPointRef>
        </From>
        <To>
          <StopPointRef>0500HSTNS026</StopPointRef>
        </To>
        <Direction>outbound</Direction>
      </RouteLink>
      <RouteLink id="RL_20-61X-_-y08-1-H-1-13">
        <From>
          <StopPointRef>0500HSTNS026</StopPointRef>
        </From>
        <To>
          <StopPointRef>0500HSTNS027</StopPointRef>
        </To>
        <Direction>outbound</Direction>
      </RouteLink>
      <RouteLink id="RL_20-61X-_-y08-1-H-1-14">
        <From>
          <StopPointRef>0500HSTNS027</StopPointRef>
        </From>
        <To>
          <StopPointRef>0500HSTNS030</StopPointRef>
        </To>
        <Direction>outbound</Direction>
      </RouteLink>
      <RouteLink id="RL_20-61X-_-y08-1-H-1-15">
        <From>
          <StopPointRef>0500HSTNS030</StopPointRef>
        </From>
        <To>
          <StopPointRef>0500HSTNS016</StopPointRef>
        </To>
        <Direction>outbound</Direction>
      </RouteLink>
      <RouteLink id="RL_20-61X-_-y08-1-H-1-16">
        <From>
          <StopPointRef>0500HSTNS016</StopPointRef>
        </From>
        <To>
          <StopPointRef>0500HSTNS121</StopPointRef>
        </To>
        <Direction>outbound</Direction>
      </RouteLink>
      <RouteLink id="RL_20-61X-_-y08-1-H-1-17">
        <From>
          <StopPointRef>0500HSTNS121</StopPointRef>
        </From>
        <To>
          <StopPointRef>0500HSTNS122</StopPointRef>
        </To>
        <Direction>outbound</Direction>
      </RouteLink>
      <RouteLink id="RL_20-61X-_-y08-1-H-1-18">
        <From>
          <StopPointRef>0500HSTNS122</StopPointRef>
        </From>
        <To>
          <StopPointRef>0500HSTNS032</StopPointRef>
        </To>
        <Direction>outbound</Direction>
      </RouteLink>
      <RouteLink id="RL_20-61X-_-y08-1-H-1-19">
        <From>
          <StopPointRef>0500HSTNS032</StopPointRef>
        </From>
        <To>
          <StopPointRef>0500HSTNS081</StopPointRef>
        </To>
        <Direction>outbound</Direction>
      </RouteLink>
      <RouteLink id="RL_20-61X-_-y08-1-H-1-20">
        <From>
          <StopPointRef>0500HSTNS081</StopPointRef>
        </From>
        <To>
          <StopPointRef>0500HSTNS036</StopPointRef>
        </To>
        <Direction>outbound</Direction>
      </RouteLink>
      <RouteLink id="RL_20-61X-_-y08-1-H-1-21">
        <From>
          <StopPointRef>0500HSTNS036</StopPointRef>
        </From>
        <To>
          <StopPointRef>0500HSTNS037</StopPointRef>
        </To>
        <Direction>outbound</Direction>
      </RouteLink>
      <RouteLink id="RL_20-61X-_-y08-1-H-1-22">
        <From>
          <StopPointRef>0500HSTNS037</StopPointRef>
        </From>
        <To>
          <StopPointRef>0500HSTNS051</StopPointRef>
        </To>
        <Direction>outbound</Direction>
      </RouteLink>
      <RouteLink id="RL_20-61X-_-y08-1-H-1-23">
        <From>
          <StopPointRef>0500HSTNS051</StopPointRef>
        </From>
        <To>
          <StopPointRef>0500HSTNS062</StopPointRef>
        </To>
        <Direction>outbound</Direction>
      </RouteLink>
      <RouteLink id="RL_20-61X-_-y08-1-H-1-24">
        <From>
          <StopPointRef>0500HSTNS062</StopPointRef>
        </From>
        <To>
          <StopPointRef>0500HSTNS087</StopPointRef>
        </To>
        <Direction>outbound</Direction>
      </RouteLink>
      <RouteLink id="RL_20-61X-_-y08-1-H-1-25">
        <From>
          <StopPointRef>0500HSTNS087</StopPointRef>
        </From>
        <To>
          <StopPointRef>0500HSTNS006</StopPointRef>
        </To>
        <Direction>outbound</Direction>
      </RouteLink>
      <RouteLink id="RL_20-61X-_-y08-1-H-1-26">
        <From>
          <StopPointRef>0500HSTNS006</StopPointRef>
        </From>
        <To>
          <StopPointRef>0500HSTNS043</StopPointRef>
        </To>
        <Direction>outbound</Direction>
      </RouteLink>
      <RouteLink id="RL_20-61X-_-y08-1-H-1-27">
        <From>
          <StopPointRef>0500HSTNS043</StopPointRef>
        </From>
        <To>
          <StopPointRef>0500HSTNS099</StopPointRef>
        </To>
        <Direction>outbound</Direction>
      </RouteLink>
      <RouteLink id="RL_20-61X-_-y08-1-H-1-28">
        <From>
          <StopPointRef>0500HSTNS099</StopPointRef>
        </From>
        <To>
          <StopPointRef>0500HSTNS097</StopPointRef>
        </To>
        <Direction>outbound</Direction>
      </RouteLink>
      <RouteLink id="RL_20-61X-_-y08-1-H-1-29">
        <From>
          <StopPointRef>0500HSTNS097</StopPointRef>
        </From>
        <To>
          <StopPointRef>0500HSTNS011</StopPointRef>
        </To>
        <Direction>outbound</Direction>
      </RouteLink>
      <RouteLink id="RL_20-61X-_-y08-1-H-1-30">
        <From>
          <StopPointRef>0500HSTNS011</StopPointRef>
        </From>
        <To>
          <StopPointRef>0500HSTNS096</StopPointRef>
        </To>
        <Direction>outbound</Direction>
      </RouteLink>
      <RouteLink id="RL_20-61X-_-y08-1-H-1-31">
        <From>
          <StopPointRef>0500HSTNS096</StopPointRef>
        </From>
        <To>
          <StopPointRef>0500HSTNS014</StopPointRef>
        </To>
        <Direction>outbound</Direction>
      </RouteLink>
      <RouteLink id="RL_20-61X-_-y08-1-H-1-32">
        <From>
          <StopPointRef>0500HSTNS014</StopPointRef>
        </From>
        <To>
          <StopPointRef>0500HSTNS132</StopPointRef>
        </To>
        <Direction>outbound</Direction>
      </RouteLink>
      <RouteLink id="RL_20-61X-_-y08-1-H-1-33">
        <From>
          <StopPointRef>0500HSTNS132</StopPointRef>
        </From>
        <To>
          <StopPointRef>0500HEYNE003</StopPointRef>
        </To>
        <Direction>outbound</Direction>
      </RouteLink>
      <RouteLink id="RL_20-61X-_-y08-1-H-1-34">
        <From>
          <StopPointRef>0500HEYNE003</StopPointRef>
        </From>
        <To>
          <StopPointRef>0500HSTNS128</StopPointRef>
        </To>
        <Direction>outbound</Direction>
      </RouteLink>
      <RouteLink id="RL_20-61X-_-y08-1-H-1-35">
        <From>
          <StopPointRef>0500HSTNS128</StopPointRef>
        </From>
        <To>
          <StopPointRef>0500HEYNE001</StopPointRef>
        </To>
        <Direction>outbound</Direction>
      </RouteLink>
    </RouteSection>
  </RouteSections>
  <Routes>
    <Route id="R_20-61X-_-y08-1-H-1">
      <PrivateCode>R_20-61X-_-y08-1-H-1</PrivateCode>
      <Description>Superstore forecourt - Superstore forecourt</Description>
      <RouteSectionRef>RS_20-61X-_-y08-1-H-1</RouteSectionRef>
    </Route>
  </Routes>
  <JourneyPatternSections>
    <JourneyPatternSection id="JPS_20-61X-_-y08-1-1-1-H">
      <JourneyPatternTimingLink id="JPL_20-61X-_-y08-1-1-H-1-2">
        <From SequenceNumber="1">
          <Activity>pickUp</Activity>
          <StopPointRef>0500HEYNE001</StopPointRef>
          <TimingStatus>PTP</TimingStatus>
        </From>
        <To SequenceNumber="2">
          <Activity>pickUpAndSetDown</Activity>
          <StopPointRef>0500HSTNS092</StopPointRef>
          <TimingStatus>PTP</TimingStatus>
        </To>
        <RouteLinkRef>RL_20-61X-_-y08-1-H-1-1</RouteLinkRef>
        <RunTime>PT4M</RunTime>
      </JourneyPatternTimingLink>
      <JourneyPatternTimingLink id="JPL_20-61X-_-y08-1-1-H-1-3">
        <From SequenceNumber="2">
          <Activity>pickUpAndSetDown</Activity>
          <StopPointRef>0500HSTNS092</StopPointRef>
          <TimingStatus>PTP</TimingStatus>
        </From>
        <To SequenceNumber="3">
          <Activity>pickUpAndSetDown</Activity>
          <StopPointRef>0500HSTNS003</StopPointRef>
          <TimingStatus>TIP</TimingStatus>
        </To>
        <RouteLinkRef>RL_20-61X-_-y08-1-H-1-2</RouteLinkRef>
        <RunTime>PT1M</RunTime>
      </JourneyPatternTimingLink>
      <JourneyPatternTimingLink id="JPL_20-61X-_-y08-1-1-H-1-4">
        <From SequenceNumber="3">
          <Activity>pickUpAndSetDown</Activity>
          <StopPointRef>0500HSTNS003</StopPointRef>
          <TimingStatus>TIP</TimingStatus>
        </From>
        <To SequenceNumber="4">
          <Activity>pickUpAndSetDown</Activity>
          <StopPointRef>0500HSTNS008</StopPointRef>
          <TimingStatus>PTP</TimingStatus>
        </To>
        <RouteLinkRef>RL_20-61X-_-y08-1-H-1-3</RouteLinkRef>
        <RunTime>PT1M</RunTime>
      </JourneyPatternTimingLink>
      <JourneyPatternTimingLink id="JPL_20-61X-_-y08-1-1-H-1-5">
        <From SequenceNumber="4">
          <Activity>pickUpAndSetDown</Activity>
          <StopPointRef>0500HSTNS008</StopPointRef>
          <TimingStatus>PTP</TimingStatus>
        </From>
        <To SequenceNumber="5">
          <Activity>pickUpAndSetDown</Activity>
          <StopPointRef>0500HSTNS007</StopPointRef>
          <TimingStatus>TIP</TimingStatus>
        </To>
        <RouteLinkRef>RL_20-61X-_-y08-1-H-1-4</RouteLinkRef>
        <RunTime>PT4M</RunTime>
      </JourneyPatternTimingLink>
      <JourneyPatternTimingLink id="JPL_20-61X-_-y08-1-1-H-1-6">
        <From SequenceNumber="5">
          <Activity>pickUpAndSetDown</Activity>
          <StopPointRef>0500HSTNS007</StopPointRef>
          <TimingStatus>TIP</TimingStatus>
        </From>
        <To SequenceNumber="6">
          <WaitTime>PT2M</WaitTime>
          <Activity>pickUpAndSetDown</Activity>
          <StopPointRef>0500HSTNS050</StopPointRef>
          <TimingStatus>PTP</TimingStatus>
        </To>
        <RouteLinkRef>RL_20-61X-_-y08-1-H-1-5</RouteLinkRef>
        <RunTime>PT2M</RunTime>
      </JourneyPatternTimingLink>
      <JourneyPatternTimingLink id="JPL_20-61X-_-y08-1-1-H-1-7">
        <From SequenceNumber="7">
          <Activity>pickUpAndSetDown</Activity>
          <StopPointRef>0500HSTNS050</StopPointRef>
          <TimingStatus>PTP</TimingStatus>
        </From>
        <To SequenceNumber="8">
          <Activity>pickUpAndSetDown</Activity>
          <StopPointRef>0500HSTNS018</StopPointRef>
          <TimingStatus>OTH</TimingStatus>
        </To>
        <RouteLinkRef>RL_20-61X-_-y08-1-H-1-6</RouteLinkRef>
        <RunTime>PT0S</RunTime>
      </JourneyPatternTimingLink>
      <JourneyPatternTimingLink id="JPL_20-61X-_-y08-1-1-H-1-8">
        <From SequenceNumber="8">
          <Activity>pickUpAndSetDown</Activity>
          <StopPointRef>0500HSTNS018</StopPointRef>
          <TimingStatus>OTH</TimingStatus>
        </From>
        <To SequenceNumber="9">
          <Activity>pickUpAndSetDown</Activity>
          <StopPointRef>0500HSTNS040</StopPointRef>
          <TimingStatus>PTP</TimingStatus>
        </To>
        <RouteLinkRef>RL_20-61X-_-y08-1-H-1-7</RouteLinkRef>
        <RunTime>PT2M</RunTime>
      </JourneyPatternTimingLink>
      <JourneyPatternTimingLink id="JPL_20-61X-_-y08-1-1-H-1-9">
        <From SequenceNumber="9">
          <Activity>pickUpAndSetDown</Activity>
          <StopPointRef>0500HSTNS040</StopPointRef>
          <TimingStatus>PTP</TimingStatus>
        </From>
        <To SequenceNumber="10">
          <Activity>pickUpAndSetDown</Activity>
          <StopPointRef>0500HSTNS041</StopPointRef>
          <TimingStatus>OTH</TimingStatus>
        </To>
        <RouteLinkRef>RL_20-61X-_-y08-1-H-1-8</RouteLinkRef>
        <RunTime>PT0S</RunTime>
      </JourneyPatternTimingLink>
      <JourneyPatternTimingLink id="JPL_20-61X-_-y08-1-1-H-1-10">
        <From SequenceNumber="10">
          <Activity>pickUpAndSetDown</Activity>
          <StopPointRef>0500HSTNS041</StopPointRef>
          <TimingStatus>OTH</TimingStatus>
        </From>
        <To SequenceNumber="11">
          <Activity>pickUpAndSetDown</Activity>
          <StopPointRef>0500HSTNS065</StopPointRef>
          <TimingStatus>TIP</TimingStatus>
        </To>
        <RouteLinkRef>RL_20-61X-_-y08-1-H-1-9</RouteLinkRef>
        <RunTime>PT1M</RunTime>
      </JourneyPatternTimingLink>
      <JourneyPatternTimingLink id="JPL_20-61X-_-y08-1-1-H-1-11">
        <From SequenceNumber="11">
          <Activity>pickUpAndSetDown</Activity>
          <StopPointRef>0500HSTNS065</StopPointRef>
          <TimingStatus>TIP</TimingStatus>
        </From>
        <To SequenceNumber="12">
          <Activity>pickUpAndSetDown</Activity>
          <StopPointRef>0500HSTNS083</StopPointRef>
          <TimingStatus>OTH</TimingStatus>
        </To>
        <RouteLinkRef>RL_20-61X-_-y08-1-H-1-10</RouteLinkRef>
        <RunTime>PT0S</RunTime>
      </JourneyPatternTimingLink>
      <JourneyPatternTimingLink id="JPL_20-61X-_-y08-1-1-H-1-12">
        <From SequenceNumber="12">
          <Activity>pickUpAndSetDown</Activity>
          <StopPointRef>0500HSTNS083</StopPointRef>
          <TimingStatus>OTH</TimingStatus>
        </From>
        <To SequenceNumber="13">
          <Activity>pickUpAndSetDown</Activity>
          <StopPointRef>0500HSTNS085</StopPointRef>
          <TimingStatus>PTP</TimingStatus>
        </To>
        <RouteLinkRef>RL_20-61X-_-y08-1-H-1-11</RouteLinkRef>
        <RunTime>PT2M</RunTime>
      </JourneyPatternTimingLink>
      <JourneyPatternTimingLink id="JPL_20-61X-_-y08-1-1-H-1-13">
        <From SequenceNumber="13">
          <Activity>pickUpAndSetDown</Activity>
          <StopPointRef>0500HSTNS085</StopPointRef>
          <TimingStatus>PTP</TimingStatus>
        </From>
        <To SequenceNumber="14">
          <Activity>pickUpAndSetDown</Activity>
          <StopPointRef>0500HSTNS026</StopPointRef>
          <TimingStatus>OTH</TimingStatus>
        </To>
        <RouteLinkRef>RL_20-61X-_-y08-1-H-1-12</RouteLinkRef>
        <RunTime>PT0S</RunTime>
      </JourneyPatternTimingLink>
      <JourneyPatternTimingLink id="JPL_20-61X-_-y08-1-1-H-1-14">
        <From SequenceNumber="14">
          <Activity>pickUpAndSetDown</Activity>
          <StopPointRef>0500HSTNS026</StopPointRef>
          <TimingStatus>OTH</TimingStatus>
        </From>
        <To SequenceNumber="15">
          <Activity>pickUpAndSetDown</Activity>
          <StopPointRef>0500HSTNS027</StopPointRef>
          <TimingStatus>OTH</TimingStatus>
        </To>
        <RouteLinkRef>RL_20-61X-_-y08-1-H-1-13</RouteLinkRef>
        <RunTime>PT0S</RunTime>
      </JourneyPatternTimingLink>
      <JourneyPatternTimingLink id="JPL_20-61X-_-y08-1-1-H-1-15">
        <From SequenceNumber="15">
          <Activity>pickUpAndSetDown</Activity>
          <StopPointRef>0500HSTNS027</StopPointRef>
          <TimingStatus>OTH</TimingStatus>
        </From>
        <To SequenceNumber="16">
          <Activity>pickUpAndSetDown</Activity>
          <StopPointRef>0500HSTNS030</StopPointRef>
          <TimingStatus>TIP</TimingStatus>
        </To>
        <RouteLinkRef>RL_20-61X-_-y08-1-H-1-14</RouteLinkRef>
        <RunTime>PT1M</RunTime>
      </JourneyPatternTimingLink>
      <JourneyPatternTimingLink id="JPL_20-61X-_-y08-1-1-H-1-16">
        <From SequenceNumber="16">
          <Activity>pickUpAndSetDown</Activity>
          <StopPointRef>0500HSTNS030</StopPointRef>
          <TimingStatus>TIP</TimingStatus>
        </From>
        <To SequenceNumber="17">
          <Activity>pickUpAndSetDown</Activity>
          <StopPointRef>0500HSTNS016</StopPointRef>
          <TimingStatus>OTH</TimingStatus>
        </To>
        <RouteLinkRef>RL_20-61X-_-y08-1-H-1-15</RouteLinkRef>
        <RunTime>PT0S</RunTime>
      </JourneyPatternTimingLink>
      <JourneyPatternTimingLink id="JPL_20-61X-_-y08-1-1-H-1-17">
        <From SequenceNumber="17">
          <Activity>pickUpAndSetDown</Activity>
          <StopPointRef>0500HSTNS016</StopPointRef>
          <TimingStatus>OTH</TimingStatus>
        </From>
        <To SequenceNumber="18">
          <Activity>pickUpAndSetDown</Activity>
          <StopPointRef>0500HSTNS121</StopPointRef>
          <TimingStatus>OTH</TimingStatus>
        </To>
        <RouteLinkRef>RL_20-61X-_-y08-1-H-1-16</RouteLinkRef>
        <RunTime>PT0S</RunTime>
      </JourneyPatternTimingLink>
      <JourneyPatternTimingLink id="JPL_20-61X-_-y08-1-1-H-1-18">
        <From SequenceNumber="18">
          <Activity>pickUpAndSetDown</Activity>
          <StopPointRef>0500HSTNS121</StopPointRef>
          <TimingStatus>OTH</TimingStatus>
        </From>
        <To SequenceNumber="19">
          <Activity>pickUpAndSetDown</Activity>
          <StopPointRef>0500HSTNS122</StopPointRef>
          <TimingStatus>TIP</TimingStatus>
        </To>
        <RouteLinkRef>RL_20-61X-_-y08-1-H-1-17</RouteLinkRef>
        <RunTime>PT1M</RunTime>
      </JourneyPatternTimingLink>
      <JourneyPatternTimingLink id="JPL_20-61X-_-y08-1-1-H-1-19">
        <From SequenceNumber="19">
          <Activity>pickUpAndSetDown</Activity>
          <StopPointRef>0500HSTNS122</StopPointRef>
          <TimingStatus>TIP</TimingStatus>
        </From>
        <To SequenceNumber="20">
          <Activity>pickUpAndSetDown</Activity>
          <StopPointRef>0500HSTNS032</StopPointRef>
          <TimingStatus>PTP</TimingStatus>
        </To>
        <RouteLinkRef>RL_20-61X-_-y08-1-H-1-18</RouteLinkRef>
        <RunTime>PT1M</RunTime>
      </JourneyPatternTimingLink>
      <JourneyPatternTimingLink id="JPL_20-61X-_-y08-1-1-H-1-20">
        <From SequenceNumber="20">
          <Activity>pickUpAndSetDown</Activity>
          <StopPointRef>0500HSTNS032</StopPointRef>
          <TimingStatus>PTP</TimingStatus>
        </From>
        <To SequenceNumber="21">
          <Activity>pickUpAndSetDown</Activity>
          <StopPointRef>0500HSTNS081</StopPointRef>
          <TimingStatus>TIP</TimingStatus>
        </To>
        <RouteLinkRef>RL_20-61X-_-y08-1-H-1-19</RouteLinkRef>
        <RunTime>PT1M</RunTime>
      </JourneyPatternTimingLink>
      <JourneyPatternTimingLink id="JPL_20-61X-_-y08-1-1-H-1-21">
        <From SequenceNumber="21">
          <Activity>pickUpAndSetDown</Activity>
          <StopPointRef>0500HSTNS081</StopPointRef>
          <TimingStatus>TIP</TimingStatus>
        </From>
        <To SequenceNumber="22">
          <Activity>pickUpAndSetDown</Activity>
          <StopPointRef>0500HSTNS036</StopPointRef>
          <TimingStatus>TIP</TimingStatus>
        </To>
        <RouteLinkRef>RL_20-61X-_-y08-1-H-1-20</RouteLinkRef>
        <RunTime>PT1M</RunTime>
      </JourneyPatternTimingLink>
      <JourneyPatternTimingLink id="JPL_20-61X-_-y08-1-1-H-1-22">
        <From SequenceNumber="22">
          <Activity>pickUpAndSetDown</Activity>
          <StopPointRef>0500HSTNS036</StopPointRef>
          <TimingStatus>TIP</TimingStatus>
        </From>
        <To SequenceNumber="23">
          <Activity>pickUpAndSetDown</Activity>
          <StopPointRef>0500HSTNS037</StopPointRef>
          <TimingStatus>TIP</TimingStatus>
        </To>
        <RouteLinkRef>RL_20-61X-_-y08-1-H-1-21</RouteLinkRef>
        <RunTime>PT2M</RunTime>
      </JourneyPatternTimingLink>
      <JourneyPatternTimingLink id="JPL_20-61X-_-y08-1-1-H-1-23">
        <From SequenceNumber="23">
          <Activity>pickUpAndSetDown</Activity>
          <StopPointRef>0500HSTNS037</StopPointRef>
          <TimingStatus>TIP</TimingStatus>
        </From>
        <To SequenceNumber="24">
          <Activity>pickUpAndSetDown</Activity>
          <StopPointRef>0500HSTNS051</StopPointRef>
          <TimingStatus>PTP</TimingStatus>
        </To>
        <RouteLinkRef>RL_20-61X-_-y08-1-H-1-22</RouteLinkRef>
        <RunTime>PT1M</RunTime>
      </JourneyPatternTimingLink>
      <JourneyPatternTimingLink id="JPL_20-61X-_-y08-1-1-H-1-24">
        <From SequenceNumber="24">
          <Activity>pickUpAndSetDown</Activity>
          <StopPointRef>0500HSTNS051</StopPointRef>
          <TimingStatus>PTP</TimingStatus>
        </From>
        <To SequenceNumber="25">
          <Activity>pickUpAndSetDown</Activity>
          <StopPointRef>0500HSTNS062</StopPointRef>
          <TimingStatus>PTP</TimingStatus>
        </To>
        <RouteLinkRef>RL_20-61X-_-y08-1-H-1-23</RouteLinkRef>
        <RunTime>PT7M</RunTime>
      </JourneyPatternTimingLink>
      <JourneyPatternTimingLink id="JPL_20-61X-_-y08-1-1-H-1-25">
        <From SequenceNumber="25">
          <Activity>pickUpAndSetDown</Activity>
          <StopPointRef>0500HSTNS062</StopPointRef>
          <TimingStatus>PTP</TimingStatus>
        </From>
        <To SequenceNumber="26">
          <Activity>pickUpAndSetDown</Activity>
          <StopPointRef>0500HSTNS087</StopPointRef>
          <TimingStatus>TIP</TimingStatus>
        </To>
        <RouteLinkRef>RL_20-61X-_-y08-1-H-1-24</RouteLinkRef>
        <RunTime>PT1M</RunTime>
      </JourneyPatternTimingLink>
      <JourneyPatternTimingLink id="JPL_20-61X-_-y08-1-1-H-1-26">
        <From SequenceNumber="26">
          <Activity>pickUpAndSetDown</Activity>
          <StopPointRef>0500HSTNS087</StopPointRef>
          <TimingStatus>TIP</TimingStatus>
        </From>
        <To SequenceNumber="27">
          <Activity>pickUpAndSetDown</Activity>
          <StopPointRef>0500HSTNS006</StopPointRef>
          <TimingStatus>TIP</TimingStatus>
        </To>
        <RouteLinkRef>RL_20-61X-_-y08-1-H-1-25</RouteLinkRef>
        <RunTime>PT1M</RunTime>
      </JourneyPatternTimingLink>
      <JourneyPatternTimingLink id="JPL_20-61X-_-y08-1-1-H-1-27">
        <From SequenceNumber="27">
          <Activity>pickUpAndSetDown</Activity>
          <StopPointRef>0500HSTNS006</StopPointRef>
          <TimingStatus>TIP</TimingStatus>
        </From>
        <To SequenceNumber="28">
          <Activity>pickUpAndSetDown</Activity>
          <StopPointRef>0500HSTNS043</StopPointRef>
          <TimingStatus>PTP</TimingStatus>
        </To>
        <RouteLinkRef>RL_20-61X-_-y08-1-H-1-26</RouteLinkRef>
        <RunTime>PT4M</RunTime>
      </JourneyPatternTimingLink>
      <JourneyPatternTimingLink id="JPL_20-61X-_-y08-1-1-H-1-28">
        <From SequenceNumber="28">
          <Activity>pickUpAndSetDown</Activity>
          <StopPointRef>0500HSTNS043</StopPointRef>
          <TimingStatus>PTP</TimingStatus>
        </From>
        <To SequenceNumber="29">
          <Activity>pickUpAndSetDown</Activity>
          <StopPointRef>0500HSTNS099</StopPointRef>
          <TimingStatus>TIP</TimingStatus>
        </To>
        <RouteLinkRef>RL_20-61X-_-y08-1-H-1-27</RouteLinkRef>
        <RunTime>PT2M</RunTime>
      </JourneyPatternTimingLink>
      <JourneyPatternTimingLink id="JPL_20-61X-_-y08-1-1-H-1-29">
        <From SequenceNumber="29">
          <Activity>pickUpAndSetDown</Activity>
          <StopPointRef>0500HSTNS099</StopPointRef>
          <TimingStatus>TIP</TimingStatus>
        </From>
        <To SequenceNumber="30">
          <Activity>pickUpAndSetDown</Activity>
          <StopPointRef>0500HSTNS097</StopPointRef>
          <TimingStatus>OTH</TimingStatus>
        </To>
        <RouteLinkRef>RL_20-61X-_-y08-1-H-1-28</RouteLinkRef>
        <RunTime>PT0S</RunTime>
      </JourneyPatternTimingLink>
      <JourneyPatternTimingLink id="JPL_20-61X-_-y08-1-1-H-1-30">
        <From SequenceNumber="30">
          <Activity>pickUpAndSetDown</Activity>
          <StopPointRef>0500HSTNS097</StopPointRef>
          <TimingStatus>OTH</TimingStatus>
        </From>
        <To SequenceNumber="31">
          <Activity>pickUpAndSetDown</Activity>
          <StopPointRef>0500HSTNS011</StopPointRef>
          <TimingStatus>TIP</TimingStatus>
        </To>
        <RouteLinkRef>RL_20-61X-_-y08-1-H-1-29</RouteLinkRef>
        <RunTime>PT1M</RunTime>
      </JourneyPatternTimingLink>
      <JourneyPatternTimingLink id="JPL_20-61X-_-y08-1-1-H-1-31">
        <From SequenceNumber="31">
          <Activity>pickUpAndSetDown</Activity>
          <StopPointRef>0500HSTNS011</StopPointRef>
          <TimingStatus>TIP</TimingStatus>
        </From>
        <To SequenceNumber="32">
          <Activity>pickUpAndSetDown</Activity>
          <StopPointRef>0500HSTNS096</StopPointRef>
          <TimingStatus>PTP</TimingStatus>
        </To>
        <RouteLinkRef>RL_20-61X-_-y08-1-H-1-30</RouteLinkRef>
        <RunTime>PT1M</RunTime>
      </JourneyPatternTimingLink>
      <JourneyPatternTimingLink id="JPL_20-61X-_-y08-1-1-H-1-32">
        <From SequenceNumber="32">
          <Activity>pickUpAndSetDown</Activity>
          <StopPointRef>0500HSTNS096</StopPointRef>
          <TimingStatus>PTP</TimingStatus>
        </From>
        <To SequenceNumber="33">
          <Activity>pickUpAndSetDown</Activity>
          <StopPointRef>0500HSTNS014</StopPointRef>
          <TimingStatus>OTH</TimingStatus>
        </To>
        <RouteLinkRef>RL_20-61X-_-y08-1-H-1-31</RouteLinkRef>
        <RunTime>PT0S</RunTime>
      </JourneyPatternTimingLink>
      <JourneyPatternTimingLink id="JPL_20-61X-_-y08-1-1-H-1-33">
        <From SequenceNumber="33">
          <Activity>pickUpAndSetDown</Activity>
          <StopPointRef>0500HSTNS014</StopPointRef>
          <TimingStatus>OTH</TimingStatus>
        </From>
        <To SequenceNumber="34">
          <Activity>pickUpAndSetDown</Activity>
          <StopPointRef>0500HSTNS132</StopPointRef>
          <TimingStatus>PTP</TimingStatus>
        </To>
        <RouteLinkRef>RL_20-61X-_-y08-1-H-1-32</RouteLinkRef>
        <RunTime>PT2M</RunTime>
      </JourneyPatternTimingLink>
      <JourneyPatternTimingLink id="JPL_20-61X-_-y08-1-1-H-1-34">
        <From SequenceNumber="34">
          <Activity>pickUpAndSetDown</Activity>
          <StopPointRef>0500HSTNS132</StopPointRef>
          <TimingStatus>PTP</TimingStatus>
        </From>
        <To SequenceNumber="35">
          <Activity>pickUpAndSetDown</Activity>
          <StopPointRef>0500HEYNE003</StopPointRef>
          <TimingStatus>OTH</TimingStatus>
        </To>
        <RouteLinkRef>RL_20-61X-_-y08-1-H-1-33</RouteLinkRef>
        <RunTime>PT0S</RunTime>
      </JourneyPatternTimingLink>
      <JourneyPatternTimingLink id="JPL_20-61X-_-y08-1-1-H-1-35">
        <From SequenceNumber="35">
          <Activity>pickUpAndSetDown</Activity>
          <StopPointRef>0500HEYNE003</StopPointRef>
          <TimingStatus>OTH</TimingStatus>
        </From>
        <To SequenceNumber="36">
          <Activity>pickUpAndSetDown</Activity>
          <StopPointRef>0500HSTNS128</StopPointRef>
          <TimingStatus>OTH</TimingStatus>
        </To>
        <RouteLinkRef>RL_20-61X-_-y08-1-H-1-34</RouteLinkRef>
        <RunTime>PT0S</RunTime>
      </JourneyPatternTimingLink>
      <JourneyPatternTimingLink id="JPL_20-61X-_-y08-1-1-H-1-36">
        <From SequenceNumber="36">
          <Activity>pickUpAndSetDown</Activity>
          <StopPointRef>0500HSTNS128</StopPointRef>
          <TimingStatus>OTH</TimingStatus>
        </From>
        <To SequenceNumber="37">
          <Activity>setDown</Activity>
          <StopPointRef>0500HEYNE001</StopPointRef>
          <TimingStatus>PTP</TimingStatus>
        </To>
        <RouteLinkRef>RL_20-61X-_-y08-1-H-1-35</RouteLinkRef>
        <RunTime>PT2M</RunTime>
      </JourneyPatternTimingLink>
    </JourneyPatternSection>
  </JourneyPatternSections>
  <Operators>
    <Operator id="OId_WHIP">
      <NationalOperatorCode>WHIP</NationalOperatorCode>
      <OperatorCode>WHIP</OperatorCode>
      <OperatorShortName>Whippet Coaches</OperatorShortName>
      <OperatorNameOnLicence>Whippet Coaches</OperatorNameOnLicence>
      <TradingName>Whippet Coaches</TradingName>
    </Operator>
  </Operators>
  <Services>
    <Service>
      <ServiceCode>20-61X-_-y08-1</ServiceCode>
      <PrivateCode>20-61X-_-y08-1</PrivateCode>
      <Lines>
        <Line id="20-61X-_-y08-1">
          <LineName>61X</LineName>
        </Line>
      </Lines>
      <OperatingPeriod>
        <StartDate>2019-11-05</StartDate>
        <EndDate>2020-05-08</EndDate>
      </OperatingPeriod>
      <OperatingProfile>
        <RegularDayType>
          <DaysOfWeek>
            <MondayToFriday />
          </DaysOfWeek>
        </RegularDayType>
      </OperatingProfile>
      <RegisteredOperatorRef>OId_WHIP</RegisteredOperatorRef>
      <StopRequirements>
        <NoNewStopsRequired />
      </StopRequirements>
      <Mode>bus</Mode>
      <Description>Tesco - Ernulf Academy - St Neots - Eaton Ford - Eaton Socon</Description>
      <StandardService>
        <Origin>Superstore forecourt</Origin>
        <Destination>Superstore forecourt</Destination>
        <JourneyPattern id="JP_20-61X-_-y08-1-1-H-1">
          <Direction>outbound</Direction>
          <RouteRef>R_20-61X-_-y08-1-H-1</RouteRef>
          <JourneyPatternSectionRefs>JPS_20-61X-_-y08-1-1-1-H</JourneyPatternSectionRefs>
        </JourneyPattern>
      </StandardService>
    </Service>
  </Services>
  <VehicleJourneys>
    <VehicleJourney>
      <PrivateCode>ea-20-61X-_-y08-1-2-UM</PrivateCode>
      <OperatingProfile>
        <RegularDayType>
          <DaysOfWeek>
            <Tuesday />
          </DaysOfWeek>
        </RegularDayType>
        <SpecialDaysOperation>
          <DaysOfNonOperation>
            <DateRange>
              <StartDate>2019-11-05</StartDate>
              <EndDate>2019-11-05</EndDate>
            </DateRange>
            <DateRange>
              <StartDate>2019-11-12</StartDate>
              <EndDate>2019-11-12</EndDate>
            </DateRange>
            <DateRange>
              <StartDate>2019-11-19</StartDate>
              <EndDate>2019-11-19</EndDate>
            </DateRange>
            <DateRange>
              <StartDate>2019-11-26</StartDate>
              <EndDate>2019-11-26</EndDate>
            </DateRange>
            <DateRange>
              <StartDate>2019-12-03</StartDate>
              <EndDate>2019-12-03</EndDate>
            </DateRange>
            <DateRange>
              <StartDate>2019-12-10</StartDate>
              <EndDate>2019-12-10</EndDate>
            </DateRange>
            <DateRange>
              <StartDate>2019-12-17</StartDate>
              <EndDate>2019-12-17</EndDate>
            </DateRange>
            <DateRange>
              <StartDate>2019-12-31</StartDate>
              <EndDate>2019-12-31</EndDate>
            </DateRange>
            <DateRange>
              <StartDate>2020-01-07</StartDate>
              <EndDate>2020-01-07</EndDate>
            </DateRange>
            <DateRange>
              <StartDate>2020-01-14</StartDate>
              <EndDate>2020-01-14</EndDate>
            </DateRange>
            <DateRange>
              <StartDate>2020-01-21</StartDate>
              <EndDate>2020-01-21</EndDate>
            </DateRange>
            <DateRange>
              <StartDate>2020-01-28</StartDate>
              <EndDate>2020-01-28</EndDate>
            </DateRange>
            <DateRange>
              <StartDate>2020-02-04</StartDate>
              <EndDate>2020-02-04</EndDate>
            </DateRange>
            <DateRange>
              <StartDate>2020-02-11</StartDate>
              <EndDate>2020-02-11</EndDate>
            </DateRange>
            <DateRange>
              <StartDate>2020-02-18</StartDate>
              <EndDate>2020-02-18</EndDate>
            </DateRange>
            <DateRange>
              <StartDate>2020-02-25</StartDate>
              <EndDate>2020-02-25</EndDate>
            </DateRange>
            <DateRange>
              <StartDate>2020-03-03</StartDate>
              <EndDate>2020-03-03</EndDate>
            </DateRange>
            <DateRange>
              <StartDate>2020-03-10</StartDate>
              <EndDate>2020-03-10</EndDate>
            </DateRange>
            <DateRange>
              <StartDate>2020-03-17</StartDate>
              <EndDate>2020-03-17</EndDate>
            </DateRange>
            <DateRange>
              <StartDate>2020-03-24</StartDate>
              <EndDate>2020-03-24</EndDate>
            </DateRange>
            <DateRange>
              <StartDate>2020-03-31</StartDate>
              <EndDate>2020-03-31</EndDate>
            </DateRange>
            <DateRange>
              <StartDate>2020-04-07</StartDate>
              <EndDate>2020-04-07</EndDate>
            </DateRange>
            <DateRange>
              <StartDate>2020-04-14</StartDate>
              <EndDate>2020-04-14</EndDate>
            </DateRange>
            <DateRange>
              <StartDate>2020-04-21</StartDate>
              <EndDate>2020-04-21</EndDate>
            </DateRange>
            <DateRange>
              <StartDate>2020-04-28</StartDate>
              <EndDate>2020-04-28</EndDate>
            </DateRange>
            <DateRange>
              <StartDate>2020-05-05</StartDate>
              <EndDate>2020-05-05</EndDate>
            </DateRange>
          </DaysOfNonOperation>
        </SpecialDaysOperation>
        <BankHolidayOperation>
          <DaysOfNonOperation>
            <ChristmasDay />
            <BoxingDay />
            <GoodFriday />
            <NewYearsDay />
            <MayDay />
            <EasterMonday />
          </DaysOfNonOperation>
        </BankHolidayOperation>
      </OperatingProfile>
      <VehicleJourneyCode>VJ_20-61X-_-y08-1-2-UM</VehicleJourneyCode>
      <ServiceRef>20-61X-_-y08-1</ServiceRef>
      <LineRef>20-61X-_-y08-1</LineRef>
      <JourneyPatternRef>JP_20-61X-_-y08-1-1-H-1</JourneyPatternRef>
      <DepartureTime>15:21:00</DepartureTime>
    </VehicleJourney>
    <VehicleJourney>
      <PrivateCode>ea-20-61X-_-y08-1-1-T0</PrivateCode>
      <OperatingProfile>
        <RegularDayType>
          <DaysOfWeek>
            <MondayToFriday />
          </DaysOfWeek>
        </RegularDayType>
        <SpecialDaysOperation>
          <DaysOfNonOperation>
            <DateRange>
              <StartDate>2019-12-24</StartDate>
              <EndDate>2019-12-24</EndDate>
            </DateRange>
            <DateRange>
              <StartDate>2019-12-27</StartDate>
              <EndDate>2019-12-27</EndDate>
            </DateRange>
            <DateRange>
              <StartDate>2019-12-30</StartDate>
              <EndDate>2019-12-31</EndDate>
            </DateRange>
          </DaysOfNonOperation>
        </SpecialDaysOperation>
        <BankHolidayOperation>
          <DaysOfNonOperation>
            <ChristmasDay />
            <BoxingDay />
            <GoodFriday />
            <NewYearsDay />
            <MayDay />
            <EasterMonday />
          </DaysOfNonOperation>
        </BankHolidayOperation>
      </OperatingProfile>
      <VehicleJourneyCode>VJ_20-61X-_-y08-1-1-T0</VehicleJourneyCode>
      <ServiceRef>20-61X-_-y08-1</ServiceRef>
      <LineRef>20-61X-_-y08-1</LineRef>
      <JourneyPatternRef>JP_20-61X-_-y08-1-1-H-1</JourneyPatternRef>
      <DepartureTime>15:21:00</DepartureTime>
    </VehicleJourney>
    <VehicleJourney>
      <PrivateCode>ea-20-61X-_-y08-1-3-UP</PrivateCode>
      <OperatingProfile>
        <RegularDayType>
          <DaysOfWeek>
            <Friday />
          </DaysOfWeek>
        </RegularDayType>
        <SpecialDaysOperation>
          <DaysOfNonOperation>
            <DateRange>
              <StartDate>2019-11-08</StartDate>
              <EndDate>2019-11-08</EndDate>
            </DateRange>
            <DateRange>
              <StartDate>2019-11-15</StartDate>
              <EndDate>2019-11-15</EndDate>
            </DateRange>
            <DateRange>
              <StartDate>2019-11-22</StartDate>
              <EndDate>2019-11-22</EndDate>
            </DateRange>
            <DateRange>
              <StartDate>2019-11-29</StartDate>
              <EndDate>2019-11-29</EndDate>
            </DateRange>
            <DateRange>
              <StartDate>2019-12-06</StartDate>
              <EndDate>2019-12-06</EndDate>
            </DateRange>
            <DateRange>
              <StartDate>2019-12-13</StartDate>
              <EndDate>2019-12-13</EndDate>
            </DateRange>
            <DateRange>
              <StartDate>2019-12-20</StartDate>
              <EndDate>2019-12-20</EndDate>
            </DateRange>
            <DateRange>
              <StartDate>2020-01-03</StartDate>
              <EndDate>2020-01-03</EndDate>
            </DateRange>
            <DateRange>
              <StartDate>2020-01-10</StartDate>
              <EndDate>2020-01-10</EndDate>
            </DateRange>
            <DateRange>
              <StartDate>2020-01-17</StartDate>
              <EndDate>2020-01-17</EndDate>
            </DateRange>
            <DateRange>
              <StartDate>2020-01-24</StartDate>
              <EndDate>2020-01-24</EndDate>
            </DateRange>
            <DateRange>
              <StartDate>2020-01-31</StartDate>
              <EndDate>2020-01-31</EndDate>
            </DateRange>
            <DateRange>
              <StartDate>2020-02-07</StartDate>
              <EndDate>2020-02-07</EndDate>
            </DateRange>
            <DateRange>
              <StartDate>2020-02-14</StartDate>
              <EndDate>2020-02-14</EndDate>
            </DateRange>
            <DateRange>
              <StartDate>2020-02-21</StartDate>
              <EndDate>2020-02-21</EndDate>
            </DateRange>
            <DateRange>
              <StartDate>2020-02-28</StartDate>
              <EndDate>2020-02-28</EndDate>
            </DateRange>
            <DateRange>
              <StartDate>2020-03-06</StartDate>
              <EndDate>2020-03-06</EndDate>
            </DateRange>
            <DateRange>
              <StartDate>2020-03-13</StartDate>
              <EndDate>2020-03-13</EndDate>
            </DateRange>
            <DateRange>
              <StartDate>2020-03-20</StartDate>
              <EndDate>2020-03-20</EndDate>
            </DateRange>
            <DateRange>
              <StartDate>2020-03-27</StartDate>
              <EndDate>2020-03-27</EndDate>
            </DateRange>
            <DateRange>
              <StartDate>2020-04-03</StartDate>
              <EndDate>2020-04-03</EndDate>
            </DateRange>
            <DateRange>
              <StartDate>2020-04-17</StartDate>
              <EndDate>2020-04-17</EndDate>
            </DateRange>
            <DateRange>
              <StartDate>2020-04-24</StartDate>
              <EndDate>2020-04-24</EndDate>
            </DateRange>
            <DateRange>
              <StartDate>2020-05-01</StartDate>
              <EndDate>2020-05-01</EndDate>
            </DateRange>
            <DateRange>
              <StartDate>2020-05-08</StartDate>
              <EndDate>2020-05-08</EndDate>
            </DateRange>
          </DaysOfNonOperation>
        </SpecialDaysOperation>
        <BankHolidayOperation>
          <DaysOfNonOperation>
            <ChristmasDay />
            <BoxingDay />
            <GoodFriday />
            <NewYearsDay />
            <MayDay />
            <EasterMonday />
          </DaysOfNonOperation>
        </BankHolidayOperation>
      </OperatingProfile>
      <VehicleJourneyCode>VJ_20-61X-_-y08-1-3-UP</VehicleJourneyCode>
      <ServiceRef>20-61X-_-y08-1</ServiceRef>
      <LineRef>20-61X-_-y08-1</LineRef>
      <JourneyPatternRef>JP_20-61X-_-y08-1-1-H-1</JourneyPatternRef>
      <DepartureTime>15:21:00</DepartureTime>
    </VehicleJourney>
    <VehicleJourney>
      <PrivateCode>ea-20-61X-_-y08-1-4-UT</PrivateCode>
      <OperatingProfile>
        <RegularDayType>
          <DaysOfWeek>
            <Tuesday />
          </DaysOfWeek>
        </RegularDayType>
        <SpecialDaysOperation>
          <DaysOfNonOperation>
            <DateRange>
              <StartDate>2019-11-05</StartDate>
              <EndDate>2019-11-05</EndDate>
            </DateRange>
            <DateRange>
              <StartDate>2019-11-12</StartDate>
              <EndDate>2019-11-12</EndDate>
            </DateRange>
            <DateRange>
              <StartDate>2019-11-19</StartDate>
              <EndDate>2019-11-19</EndDate>
            </DateRange>
            <DateRange>
              <StartDate>2019-11-26</StartDate>
              <EndDate>2019-11-26</EndDate>
            </DateRange>
            <DateRange>
              <StartDate>2019-12-03</StartDate>
              <EndDate>2019-12-03</EndDate>
            </DateRange>
            <DateRange>
              <StartDate>2019-12-10</StartDate>
              <EndDate>2019-12-10</EndDate>
            </DateRange>
            <DateRange>
              <StartDate>2019-12-17</StartDate>
              <EndDate>2019-12-17</EndDate>
            </DateRange>
            <DateRange>
              <StartDate>2019-12-24</StartDate>
              <EndDate>2019-12-24</EndDate>
            </DateRange>
            <DateRange>
              <StartDate>2020-01-07</StartDate>
              <EndDate>2020-01-07</EndDate>
            </DateRange>
            <DateRange>
              <StartDate>2020-01-14</StartDate>
              <EndDate>2020-01-14</EndDate>
            </DateRange>
            <DateRange>
              <StartDate>2020-01-21</StartDate>
              <EndDate>2020-01-21</EndDate>
            </DateRange>
            <DateRange>
              <StartDate>2020-01-28</StartDate>
              <EndDate>2020-01-28</EndDate>
            </DateRange>
            <DateRange>
              <StartDate>2020-02-04</StartDate>
              <EndDate>2020-02-04</EndDate>
            </DateRange>
            <DateRange>
              <StartDate>2020-02-11</StartDate>
              <EndDate>2020-02-11</EndDate>
            </DateRange>
            <DateRange>
              <StartDate>2020-02-18</StartDate>
              <EndDate>2020-02-18</EndDate>
            </DateRange>
            <DateRange>
              <StartDate>2020-02-25</StartDate>
              <EndDate>2020-02-25</EndDate>
            </DateRange>
            <DateRange>
              <StartDate>2020-03-03</StartDate>
              <EndDate>2020-03-03</EndDate>
            </DateRange>
            <DateRange>
              <StartDate>2020-03-10</StartDate>
              <EndDate>2020-03-10</EndDate>
            </DateRange>
            <DateRange>
              <StartDate>2020-03-17</StartDate>
              <EndDate>2020-03-17</EndDate>
            </DateRange>
            <DateRange>
              <StartDate>2020-03-24</StartDate>
              <EndDate>2020-03-24</EndDate>
            </DateRange>
            <DateRange>
              <StartDate>2020-03-31</StartDate>
              <EndDate>2020-03-31</EndDate>
            </DateRange>
            <DateRange>
              <StartDate>2020-04-07</StartDate>
              <EndDate>2020-04-07</EndDate>
            </DateRange>
            <DateRange>
              <StartDate>2020-04-14</StartDate>
              <EndDate>2020-04-14</EndDate>
            </DateRange>
            <DateRange>
              <StartDate>2020-04-21</StartDate>
              <EndDate>2020-04-21</EndDate>
            </DateRange>
            <DateRange>
              <StartDate>2020-04-28</StartDate>
              <EndDate>2020-04-28</EndDate>
            </DateRange>
            <DateRange>
              <StartDate>2020-05-05</StartDate>
              <EndDate>2020-05-05</EndDate>
            </DateRange>
          </DaysOfNonOperation>
        </SpecialDaysOperation>
        <BankHolidayOperation>
          <DaysOfNonOperation>
            <ChristmasDay />
            <BoxingDay />
            <GoodFriday />
            <NewYearsDay />
            <MayDay />
            <EasterMonday />
          </DaysOfNonOperation>
        </BankHolidayOperation>
      </OperatingProfile>
      <VehicleJourneyCode>VJ_20-61X-_-y08-1-4-UT</VehicleJourneyCode>
      <ServiceRef>20-61X-_-y08-1</ServiceRef>
      <LineRef>20-61X-_-y08-1</LineRef>
      <JourneyPatternRef>JP_20-61X-_-y08-1-1-H-1</JourneyPatternRef>
      <DepartureTime>15:21:00</DepartureTime>
    </VehicleJourney>
  </VehicleJourneys>
</TransXChange>