<?xml version="1.0" encoding="utf-8"?>
<TransXChange xmlns:xsi="http://www.w3.org/2001/XMLSchema-instance" xmlns:xsd="http://www.w3.org/2001/XMLSchema" xsi:schemaLocation="http://www.transxchange.org.uk/ http://www.transxchange.org.uk/schema/2.5/TransXChange_general.xsd" CreationDateTime="2019-11-07T16:01:35.2526Z" ModificationDateTime="2019-11-07T16:01:35.2526Z" Modification="new" RevisionNumber="3" FileName="ea_20-46-A-y08-1.xml" SchemaVersion="2.5" RegistrationDocument="true" xmlns="http://www.transxchange.org.uk/">
  <StopPoints>
    <AnnotatedStopPointRef>
      <StopPointRef>0500HSAWT006</StopPointRef>
      <CommonName>Tinkers Lane</CommonName>
      <Indicator>opp</Indicator>
      <LocalityName>Sawtry</LocalityName>
      <LocalityQualifier>Cambridgeshire</LocalityQualifier>
    </AnnotatedStopPointRef>
    <AnnotatedStopPointRef>
      <StopPointRef>0500HSAWT009</StopPointRef>
      <CommonName>Chapel End</CommonName>
      <Indicator>adj</Indicator>
      <LocalityName>Sawtry</LocalityName>
      <LocalityQualifier>Cambridgeshire</LocalityQualifier>
    </AnnotatedStopPointRef>
    <AnnotatedStopPointRef>
      <StopPointRef>0500HCONN001</StopPointRef>
      <CommonName>Conington Lane</CommonName>
      <Indicator>opp</Indicator>
      <LocalityName>Conington (Sawtry)</LocalityName>
      <LocalityQualifier>Cambridgeshire</LocalityQualifier>
    </AnnotatedStopPointRef>
    <AnnotatedStopPointRef>
      <StopPointRef>0500HGLAT006</StopPointRef>
      <CommonName>Glatton Lane</CommonName>
      <Indicator>opp</Indicator>
      <LocalityName>Glatton</LocalityName>
      <LocalityQualifier>Cambridgeshire</LocalityQualifier>
    </AnnotatedStopPointRef>
    <AnnotatedStopPointRef>
      <StopPointRef>0500HSTIL010</StopPointRef>
      <CommonName>Mill Road</CommonName>
      <Indicator>opp</Indicator>
      <LocalityName>Stilton</LocalityName>
      <LocalityQualifier>Cambridgeshire</LocalityQualifier>
    </AnnotatedStopPointRef>
    <AnnotatedStopPointRef>
      <StopPointRef>0500HSTIL007</StopPointRef>
      <CommonName>Norman Drive</CommonName>
      <Indicator>opp</Indicator>
      <LocalityName>Stilton</LocalityName>
      <LocalityQualifier>Cambridgeshire</LocalityQualifier>
    </AnnotatedStopPointRef>
    <AnnotatedStopPointRef>
      <StopPointRef>0500HSTIL006</StopPointRef>
      <CommonName>Church Street</CommonName>
      <Indicator>opp</Indicator>
      <LocalityName>Stilton</LocalityName>
      <LocalityQualifier>Cambridgeshire</LocalityQualifier>
    </AnnotatedStopPointRef>
    <AnnotatedStopPointRef>
      <StopPointRef>0500HSTIL001</StopPointRef>
      <CommonName>Orchard Close</CommonName>
      <Indicator>opp</Indicator>
      <LocalityName>Stilton</LocalityName>
      <LocalityQualifier>Cambridgeshire</LocalityQualifier>
    </AnnotatedStopPointRef>
    <AnnotatedStopPointRef>
      <StopPointRef>0500HSTIL008</StopPointRef>
      <CommonName>Glebe Road</CommonName>
      <Indicator>opp</Indicator>
      <LocalityName>Stilton</LocalityName>
      <LocalityQualifier>Cambridgeshire</LocalityQualifier>
    </AnnotatedStopPointRef>
    <AnnotatedStopPointRef>
      <StopPointRef>0500HSTIL012</StopPointRef>
      <CommonName>Church Street</CommonName>
      <Indicator>nr</Indicator>
      <LocalityName>Stilton</LocalityName>
      <LocalityQualifier>Cambridgeshire</LocalityQualifier>
    </AnnotatedStopPointRef>
    <AnnotatedStopPointRef>
      <StopPointRef>0500HSTIL009</StopPointRef>
      <CommonName>Norman Drive</CommonName>
      <Indicator>nr</Indicator>
      <LocalityName>Stilton</LocalityName>
      <LocalityQualifier>Cambridgeshire</LocalityQualifier>
    </AnnotatedStopPointRef>
    <AnnotatedStopPointRef>
      <StopPointRef>0500HSTIL003</StopPointRef>
      <CommonName>Mill Road</CommonName>
      <Indicator>nr</Indicator>
      <LocalityName>Stilton</LocalityName>
      <LocalityQualifier>Cambridgeshire</LocalityQualifier>
    </AnnotatedStopPointRef>
    <AnnotatedStopPointRef>
      <StopPointRef>0500HFOLK003</StopPointRef>
      <CommonName>Folksworth Road</CommonName>
      <Indicator>nr</Indicator>
      <LocalityName>Norman Cross (Cambs)</LocalityName>
      <LocalityQualifier>Cambridgeshire</LocalityQualifier>
    </AnnotatedStopPointRef>
    <AnnotatedStopPointRef>
      <StopPointRef>0500HYAXL028</StopPointRef>
      <CommonName>Motel</CommonName>
      <Indicator>nr</Indicator>
      <LocalityName>Norman Cross (Cambs)</LocalityName>
      <LocalityQualifier>Cambridgeshire</LocalityQualifier>
    </AnnotatedStopPointRef>
    <AnnotatedStopPointRef>
      <StopPointRef>0500HYAXL032</StopPointRef>
      <CommonName>Folly Close</CommonName>
      <Indicator>nr</Indicator>
      <LocalityName>Yaxley (Cambs)</LocalityName>
      <LocalityQualifier>Cambridgeshire</LocalityQualifier>
    </AnnotatedStopPointRef>
    <AnnotatedStopPointRef>
      <StopPointRef>0500HYAXL036</StopPointRef>
      <CommonName>London Road</CommonName>
      <Indicator>o/s 73</Indicator>
      <LocalityName>Yaxley (Cambs)</LocalityName>
      <LocalityQualifier>Cambridgeshire</LocalityQualifier>
    </AnnotatedStopPointRef>
    <AnnotatedStopPointRef>
      <StopPointRef>0590PHV279</StopPointRef>
      <CommonName>Eagle Way</CommonName>
      <Indicator>NE-bound</Indicator>
      <LocalityName>Hampton Vale</LocalityName>
      <LocalityQualifier>Peterborough</LocalityQualifier>
    </AnnotatedStopPointRef>
    <AnnotatedStopPointRef>
      <StopPointRef>0590PHV281</StopPointRef>
      <CommonName>Eagle Way</CommonName>
      <Indicator>NW-bound</Indicator>
      <LocalityName>Hampton Vale</LocalityName>
      <LocalityQualifier>Peterborough</LocalityQualifier>
    </AnnotatedStopPointRef>
    <AnnotatedStopPointRef>
      <StopPointRef>0590PHV285</StopPointRef>
      <CommonName>Bewick Place</CommonName>
      <Indicator>adj</Indicator>
      <LocalityName>Hampton Vale</LocalityName>
      <LocalityQualifier>Peterborough</LocalityQualifier>
    </AnnotatedStopPointRef>
    <AnnotatedStopPointRef>
      <StopPointRef>0590PHV890</StopPointRef>
      <CommonName>Hempsted Road</CommonName>
      <Indicator>adj</Indicator>
      <LocalityName>Hampton Vale</LocalityName>
      <LocalityQualifier>Peterborough</LocalityQualifier>
    </AnnotatedStopPointRef>
    <AnnotatedStopPointRef>
      <StopPointRef>0590PHV291</StopPointRef>
      <CommonName>Hampton College</CommonName>
      <Indicator>opp</Indicator>
      <LocalityName>Hampton (Peterb'h)</LocalityName>
      <LocalityQualifier>Peterborough</LocalityQualifier>
    </AnnotatedStopPointRef>
    <AnnotatedStopPointRef>
      <StopPointRef>0590PHA930</StopPointRef>
      <CommonName>Tabor Court</CommonName>
      <Indicator>opp</Indicator>
      <LocalityName>Hampton (Peterb'h)</LocalityName>
      <LocalityQualifier>Peterborough</LocalityQualifier>
    </AnnotatedStopPointRef>
    <AnnotatedStopPointRef>
      <StopPointRef>0590PHH274</StopPointRef>
      <CommonName>Hargate Way</CommonName>
      <Indicator>adj</Indicator>
      <LocalityName>Hampton (Peterb'h)</LocalityName>
      <LocalityQualifier>Peterborough</LocalityQualifier>
    </AnnotatedStopPointRef>
    <AnnotatedStopPointRef>
      <StopPointRef>0590PHS271</StopPointRef>
      <CommonName>Serpentine Green</CommonName>
      <Indicator>Stop 1</Indicator>
      <LocalityName>Hampton (Peterb'h)</LocalityName>
      <LocalityQualifier>Peterborough</LocalityQualifier>
    </AnnotatedStopPointRef>
    <AnnotatedStopPointRef>
      <StopPointRef>0590PFW202</StopPointRef>
      <CommonName>Sodastream</CommonName>
      <Indicator>opp</Indicator>
      <LocalityName>Woodston (Peterb'h)</LocalityName>
      <LocalityQualifier>Peterborough</LocalityQualifier>
    </AnnotatedStopPointRef>
    <AnnotatedStopPointRef>
      <StopPointRef>0590PFW205</StopPointRef>
      <CommonName>Maxwell Road</CommonName>
      <Indicator>opp</Indicator>
      <LocalityName>Woodston (Peterb'h)</LocalityName>
      <LocalityQualifier>Peterborough</LocalityQualifier>
    </AnnotatedStopPointRef>
    <AnnotatedStopPointRef>
      <StopPointRef>0590PFW207</StopPointRef>
      <CommonName>Morley Way</CommonName>
      <Indicator>opp</Indicator>
      <LocalityName>Woodston (Peterb'h)</LocalityName>
      <LocalityQualifier>Peterborough</LocalityQualifier>
    </AnnotatedStopPointRef>
    <AnnotatedStopPointRef>
      <StopPointRef>0590PFW208</StopPointRef>
      <CommonName>Belsize Avenue</CommonName>
      <Indicator>adj</Indicator>
      <LocalityName>Woodston (Peterb'h)</LocalityName>
      <LocalityQualifier>Peterborough</LocalityQualifier>
    </AnnotatedStopPointRef>
    <AnnotatedStopPointRef>
      <StopPointRef>0590PFW210</StopPointRef>
      <CommonName>Drill Hall</CommonName>
      <Indicator>adj</Indicator>
      <LocalityName>Woodston (Peterb'h)</LocalityName>
      <LocalityQualifier>Peterborough</LocalityQualifier>
    </AnnotatedStopPointRef>
    <AnnotatedStopPointRef>
      <StopPointRef>0590PFF613</StopPointRef>
      <CommonName>Park Street</CommonName>
      <Indicator>adj</Indicator>
      <LocalityName>Fletton</LocalityName>
      <LocalityQualifier>Peterborough</LocalityQualifier>
    </AnnotatedStopPointRef>
    <AnnotatedStopPointRef>
      <StopPointRef>0590PFF612</StopPointRef>
      <CommonName>The Peacock</CommonName>
      <Indicator>NE-bound</Indicator>
      <LocalityName>Fletton</LocalityName>
      <LocalityQualifier>Peterborough</LocalityQualifier>
    </AnnotatedStopPointRef>
    <AnnotatedStopPointRef>
      <StopPointRef>0590PC325</StopPointRef>
      <CommonName>Rivergate - Northbound</CommonName>
      <Indicator>Stop E</Indicator>
      <LocalityName>Peterborough</LocalityName>
      <LocalityQualifier>Peterborough</LocalityQualifier>
    </AnnotatedStopPointRef>
    <AnnotatedStopPointRef>
      <StopPointRef>0590PQG08</StopPointRef>
      <CommonName>Queensgate Bus Station</CommonName>
      <Indicator>Bay 8</Indicator>
      <LocalityName>Peterborough</LocalityName>
      <LocalityQualifier>Peterborough</LocalityQualifier>
    </AnnotatedStopPointRef>
    <AnnotatedStopPointRef>
      <StopPointRef>0590PC323</StopPointRef>
      <CommonName>Rivergate - Southbound</CommonName>
      <Indicator>Stop A</Indicator>
      <LocalityName>Peterborough</LocalityName>
      <LocalityQualifier>Peterborough</LocalityQualifier>
    </AnnotatedStopPointRef>
    <AnnotatedStopPointRef>
      <StopPointRef>0590PFP085</StopPointRef>
      <CommonName>Town Bridge Corner</CommonName>
      <Indicator>S-bound</Indicator>
      <LocalityName>Fletton</LocalityName>
      <LocalityQualifier>Peterborough</LocalityQualifier>
    </AnnotatedStopPointRef>
    <AnnotatedStopPointRef>
      <StopPointRef>0590PFF614</StopPointRef>
      <CommonName>Park Street</CommonName>
      <Indicator>opp</Indicator>
      <LocalityName>Fletton</LocalityName>
      <LocalityQualifier>Peterborough</LocalityQualifier>
    </AnnotatedStopPointRef>
    <AnnotatedStopPointRef>
      <StopPointRef>0590PFW211</StopPointRef>
      <CommonName>Drill Hall</CommonName>
      <Indicator>opp</Indicator>
      <LocalityName>Woodston (Peterb'h)</LocalityName>
      <LocalityQualifier>Peterborough</LocalityQualifier>
    </AnnotatedStopPointRef>
    <AnnotatedStopPointRef>
      <StopPointRef>0590PFW209</StopPointRef>
      <CommonName>Belsize Avenue</CommonName>
      <Indicator>opp</Indicator>
      <LocalityName>Woodston (Peterb'h)</LocalityName>
      <LocalityQualifier>Peterborough</LocalityQualifier>
    </AnnotatedStopPointRef>
    <AnnotatedStopPointRef>
      <StopPointRef>0590PFW206</StopPointRef>
      <CommonName>Morley Way</CommonName>
      <Indicator>adj</Indicator>
      <LocalityName>Woodston (Peterb'h)</LocalityName>
      <LocalityQualifier>Peterborough</LocalityQualifier>
    </AnnotatedStopPointRef>
    <AnnotatedStopPointRef>
      <StopPointRef>0590PFW204</StopPointRef>
      <CommonName>Maxwell Road</CommonName>
      <Indicator>adj</Indicator>
      <LocalityName>Woodston (Peterb'h)</LocalityName>
      <LocalityQualifier>Peterborough</LocalityQualifier>
    </AnnotatedStopPointRef>
    <AnnotatedStopPointRef>
      <StopPointRef>0590PFW203</StopPointRef>
      <CommonName>Sodastream</CommonName>
      <Indicator>adj</Indicator>
      <LocalityName>Woodston (Peterb'h)</LocalityName>
      <LocalityQualifier>Peterborough</LocalityQualifier>
    </AnnotatedStopPointRef>
    <AnnotatedStopPointRef>
      <StopPointRef>0590PHS273</StopPointRef>
      <CommonName>Serpentine Green</CommonName>
      <Indicator>Stop 3</Indicator>
      <LocalityName>Hampton (Peterb'h)</LocalityName>
      <LocalityQualifier>Peterborough</LocalityQualifier>
    </AnnotatedStopPointRef>
    <AnnotatedStopPointRef>
      <StopPointRef>0590PHH275</StopPointRef>
      <CommonName>Hargate Way</CommonName>
      <Indicator>opp</Indicator>
      <LocalityName>Hampton (Peterb'h)</LocalityName>
      <LocalityQualifier>Peterborough</LocalityQualifier>
    </AnnotatedStopPointRef>
    <AnnotatedStopPointRef>
      <StopPointRef>0590PHA929</StopPointRef>
      <CommonName>Tabor Court</CommonName>
      <Indicator>adj</Indicator>
      <LocalityName>Hampton (Peterb'h)</LocalityName>
      <LocalityQualifier>Peterborough</LocalityQualifier>
    </AnnotatedStopPointRef>
    <AnnotatedStopPointRef>
      <StopPointRef>0590PHV290</StopPointRef>
      <CommonName>Hampton College</CommonName>
      <Indicator>adj</Indicator>
      <LocalityName>Hampton (Peterb'h)</LocalityName>
      <LocalityQualifier>Peterborough</LocalityQualifier>
    </AnnotatedStopPointRef>
    <AnnotatedStopPointRef>
      <StopPointRef>0590PHV286</StopPointRef>
      <CommonName>Hempsted Road</CommonName>
      <Indicator>opp</Indicator>
      <LocalityName>Hampton Vale</LocalityName>
      <LocalityQualifier>Peterborough</LocalityQualifier>
    </AnnotatedStopPointRef>
    <AnnotatedStopPointRef>
      <StopPointRef>0590PHV282</StopPointRef>
      <CommonName>Bewick Place</CommonName>
      <Indicator>opp</Indicator>
      <LocalityName>Hampton Vale</LocalityName>
      <LocalityQualifier>Peterborough</LocalityQualifier>
    </AnnotatedStopPointRef>
    <AnnotatedStopPointRef>
      <StopPointRef>0590PHV287</StopPointRef>
      <CommonName>Eagle Way</CommonName>
      <Indicator>SE-bound</Indicator>
      <LocalityName>Hampton Vale</LocalityName>
      <LocalityQualifier>Peterborough</LocalityQualifier>
    </AnnotatedStopPointRef>
    <AnnotatedStopPointRef>
      <StopPointRef>0590PHV280</StopPointRef>
      <CommonName>Eagle Way</CommonName>
      <Indicator>SW-bound</Indicator>
      <LocalityName>Hampton Vale</LocalityName>
      <LocalityQualifier>Peterborough</LocalityQualifier>
    </AnnotatedStopPointRef>
    <AnnotatedStopPointRef>
      <StopPointRef>0500HYAXL037</StopPointRef>
      <CommonName>London Road</CommonName>
      <Indicator>o/s 42</Indicator>
      <LocalityName>Yaxley (Cambs)</LocalityName>
      <LocalityQualifier>Cambridgeshire</LocalityQualifier>
    </AnnotatedStopPointRef>
    <AnnotatedStopPointRef>
      <StopPointRef>0500HYAXL033</StopPointRef>
      <CommonName>Folly Close</CommonName>
      <Indicator>opp</Indicator>
      <LocalityName>Yaxley (Cambs)</LocalityName>
      <LocalityQualifier>Cambridgeshire</LocalityQualifier>
    </AnnotatedStopPointRef>
    <AnnotatedStopPointRef>
      <StopPointRef>0500HYAXL007</StopPointRef>
      <CommonName>Motel</CommonName>
      <Indicator>opp</Indicator>
      <LocalityName>Norman Cross (Cambs)</LocalityName>
      <LocalityQualifier>Cambridgeshire</LocalityQualifier>
    </AnnotatedStopPointRef>
    <AnnotatedStopPointRef>
      <StopPointRef>0500HFOLK002</StopPointRef>
      <CommonName>Folksworth Road</CommonName>
      <Indicator>opp</Indicator>
      <LocalityName>Norman Cross (Cambs)</LocalityName>
      <LocalityQualifier>Cambridgeshire</LocalityQualifier>
    </AnnotatedStopPointRef>
    <AnnotatedStopPointRef>
      <StopPointRef>0500HGLAT005</StopPointRef>
      <CommonName>Glatton Lane</CommonName>
      <Indicator>nr</Indicator>
      <LocalityName>Glatton</LocalityName>
      <LocalityQualifier>Cambridgeshire</LocalityQualifier>
    </AnnotatedStopPointRef>
    <AnnotatedStopPointRef>
      <StopPointRef>0500HCONN003</StopPointRef>
      <CommonName>Conington Lane</CommonName>
      <Indicator>nr</Indicator>
      <LocalityName>Conington (Sawtry)</LocalityName>
      <LocalityQualifier>Cambridgeshire</LocalityQualifier>
    </AnnotatedStopPointRef>
    <AnnotatedStopPointRef>
      <StopPointRef>0500HSAWT010</StopPointRef>
      <CommonName>Chapel End</CommonName>
      <Indicator>opp</Indicator>
      <LocalityName>Sawtry</LocalityName>
      <LocalityQualifier>Cambridgeshire</LocalityQualifier>
    </AnnotatedStopPointRef>
    <AnnotatedStopPointRef>
      <StopPointRef>0500HSAWT005</StopPointRef>
      <CommonName>Tinkers Lane</CommonName>
      <Indicator>nr</Indicator>
      <LocalityName>Sawtry</LocalityName>
      <LocalityQualifier>Cambridgeshire</LocalityQualifier>
    </AnnotatedStopPointRef>
  </StopPoints>
  <RouteSections>
    <RouteSection id="RS_20-46-A-y08-1-R-1">
      <RouteLink id="RL_20-46-A-y08-1-R-1-1">
        <From>
          <StopPointRef>0500HSAWT006</StopPointRef>
        </From>
        <To>
          <StopPointRef>0500HSAWT009</StopPointRef>
        </To>
        <Direction>inbound</Direction>
      </RouteLink>
      <RouteLink id="RL_20-46-A-y08-1-R-1-2">
        <From>
          <StopPointRef>0500HSAWT009</StopPointRef>
        </From>
        <To>
          <StopPointRef>0500HCONN001</StopPointRef>
        </To>
        <Direction>inbound</Direction>
      </RouteLink>
      <RouteLink id="RL_20-46-A-y08-1-R-1-3">
        <From>
          <StopPointRef>0500HCONN001</StopPointRef>
        </From>
        <To>
          <StopPointRef>0500HGLAT006</StopPointRef>
        </To>
        <Direction>inbound</Direction>
      </RouteLink>
      <RouteLink id="RL_20-46-A-y08-1-R-1-4">
        <From>
          <StopPointRef>0500HGLAT006</StopPointRef>
        </From>
        <To>
          <StopPointRef>0500HSTIL010</StopPointRef>
        </To>
        <Direction>inbound</Direction>
      </RouteLink>
      <RouteLink id="RL_20-46-A-y08-1-R-1-5">
        <From>
          <StopPointRef>0500HSTIL010</StopPointRef>
        </From>
        <To>
          <StopPointRef>0500HSTIL007</StopPointRef>
        </To>
        <Direction>inbound</Direction>
      </RouteLink>
      <RouteLink id="RL_20-46-A-y08-1-R-1-6">
        <From>
          <StopPointRef>0500HSTIL007</StopPointRef>
        </From>
        <To>
          <StopPointRef>0500HSTIL006</StopPointRef>
        </To>
        <Direction>inbound</Direction>
      </RouteLink>
      <RouteLink id="RL_20-46-A-y08-1-R-1-7">
        <From>
          <StopPointRef>0500HSTIL006</StopPointRef>
        </From>
        <To>
          <StopPointRef>0500HSTIL001</StopPointRef>
        </To>
        <Direction>inbound</Direction>
      </RouteLink>
      <RouteLink id="RL_20-46-A-y08-1-R-1-8">
        <From>
          <StopPointRef>0500HSTIL001</StopPointRef>
        </From>
        <To>
          <StopPointRef>0500HSTIL008</StopPointRef>
        </To>
        <Direction>inbound</Direction>
      </RouteLink>
      <RouteLink id="RL_20-46-A-y08-1-R-1-9">
        <From>
          <StopPointRef>0500HSTIL008</StopPointRef>
        </From>
        <To>
          <StopPointRef>0500HSTIL012</StopPointRef>
        </To>
        <Direction>inbound</Direction>
      </RouteLink>
      <RouteLink id="RL_20-46-A-y08-1-R-1-10">
        <From>
          <StopPointRef>0500HSTIL012</StopPointRef>
        </From>
        <To>
          <StopPointRef>0500HSTIL009</StopPointRef>
        </To>
        <Direction>inbound</Direction>
      </RouteLink>
      <RouteLink id="RL_20-46-A-y08-1-R-1-11">
        <From>
          <StopPointRef>0500HSTIL009</StopPointRef>
        </From>
        <To>
          <StopPointRef>0500HSTIL003</StopPointRef>
        </To>
        <Direction>inbound</Direction>
      </RouteLink>
      <RouteLink id="RL_20-46-A-y08-1-R-1-12">
        <From>
          <StopPointRef>0500HSTIL003</StopPointRef>
        </From>
        <To>
          <StopPointRef>0500HFOLK003</StopPointRef>
        </To>
        <Direction>inbound</Direction>
      </RouteLink>
      <RouteLink id="RL_20-46-A-y08-1-R-1-13">
        <From>
          <StopPointRef>0500HFOLK003</StopPointRef>
        </From>
        <To>
          <StopPointRef>0500HYAXL028</StopPointRef>
        </To>
        <Direction>inbound</Direction>
      </RouteLink>
      <RouteLink id="RL_20-46-A-y08-1-R-1-14">
        <From>
          <StopPointRef>0500HYAXL028</StopPointRef>
        </From>
        <To>
          <StopPointRef>0500HYAXL032</StopPointRef>
        </To>
        <Direction>inbound</Direction>
      </RouteLink>
      <RouteLink id="RL_20-46-A-y08-1-R-1-15">
        <From>
          <StopPointRef>0500HYAXL032</StopPointRef>
        </From>
        <To>
          <StopPointRef>0500HYAXL036</StopPointRef>
        </To>
        <Direction>inbound</Direction>
      </RouteLink>
      <RouteLink id="RL_20-46-A-y08-1-R-1-16">
        <From>
          <StopPointRef>0500HYAXL036</StopPointRef>
        </From>
        <To>
          <StopPointRef>0590PHV279</StopPointRef>
        </To>
        <Direction>inbound</Direction>
      </RouteLink>
      <RouteLink id="RL_20-46-A-y08-1-R-1-17">
        <From>
          <StopPointRef>0590PHV279</StopPointRef>
        </From>
        <To>
          <StopPointRef>0590PHV281</StopPointRef>
        </To>
        <Direction>inbound</Direction>
      </RouteLink>
      <RouteLink id="RL_20-46-A-y08-1-R-1-18">
        <From>
          <StopPointRef>0590PHV281</StopPointRef>
        </From>
        <To>
          <StopPointRef>0590PHV285</StopPointRef>
        </To>
        <Direction>inbound</Direction>
      </RouteLink>
      <RouteLink id="RL_20-46-A-y08-1-R-1-19">
        <From>
          <StopPointRef>0590PHV285</StopPointRef>
        </From>
        <To>
          <StopPointRef>0590PHV890</StopPointRef>
        </To>
        <Direction>inbound</Direction>
      </RouteLink>
      <RouteLink id="RL_20-46-A-y08-1-R-1-20">
        <From>
          <StopPointRef>0590PHV890</StopPointRef>
        </From>
        <To>
          <StopPointRef>0590PHV291</StopPointRef>
        </To>
        <Direction>inbound</Direction>
      </RouteLink>
      <RouteLink id="RL_20-46-A-y08-1-R-1-21">
        <From>
          <StopPointRef>0590PHV291</StopPointRef>
        </From>
        <To>
          <StopPointRef>0590PHA930</StopPointRef>
        </To>
        <Direction>inbound</Direction>
      </RouteLink>
      <RouteLink id="RL_20-46-A-y08-1-R-1-22">
        <From>
          <StopPointRef>0590PHA930</StopPointRef>
        </From>
        <To>
          <StopPointRef>0590PHH274</StopPointRef>
        </To>
        <Direction>inbound</Direction>
      </RouteLink>
      <RouteLink id="RL_20-46-A-y08-1-R-1-23">
        <From>
          <StopPointRef>0590PHH274</StopPointRef>
        </From>
        <To>
          <StopPointRef>0590PHS271</StopPointRef>
        </To>
        <Direction>inbound</Direction>
      </RouteLink>
      <RouteLink id="RL_20-46-A-y08-1-R-1-24">
        <From>
          <StopPointRef>0590PHS271</StopPointRef>
        </From>
        <To>
          <StopPointRef>0590PFW202</StopPointRef>
        </To>
        <Direction>inbound</Direction>
      </RouteLink>
      <RouteLink id="RL_20-46-A-y08-1-R-1-25">
        <From>
          <StopPointRef>0590PFW202</StopPointRef>
        </From>
        <To>
          <StopPointRef>0590PFW205</StopPointRef>
        </To>
        <Direction>inbound</Direction>
      </RouteLink>
      <RouteLink id="RL_20-46-A-y08-1-R-1-26">
        <From>
          <StopPointRef>0590PFW205</StopPointRef>
        </From>
        <To>
          <StopPointRef>0590PFW207</StopPointRef>
        </To>
        <Direction>inbound</Direction>
      </RouteLink>
      <RouteLink id="RL_20-46-A-y08-1-R-1-27">
        <From>
          <StopPointRef>0590PFW207</StopPointRef>
        </From>
        <To>
          <StopPointRef>0590PFW208</StopPointRef>
        </To>
        <Direction>inbound</Direction>
      </RouteLink>
      <RouteLink id="RL_20-46-A-y08-1-R-1-28">
        <From>
          <StopPointRef>0590PFW208</StopPointRef>
        </From>
        <To>
          <StopPointRef>0590PFW210</StopPointRef>
        </To>
        <Direction>inbound</Direction>
      </RouteLink>
      <RouteLink id="RL_20-46-A-y08-1-R-1-29">
        <From>
          <StopPointRef>0590PFW210</StopPointRef>
        </From>
        <To>
          <StopPointRef>0590PFF613</StopPointRef>
        </To>
        <Direction>inbound</Direction>
      </RouteLink>
      <RouteLink id="RL_20-46-A-y08-1-R-1-30">
        <From>
          <StopPointRef>0590PFF613</StopPointRef>
        </From>
        <To>
          <StopPointRef>0590PFF612</StopPointRef>
        </To>
        <Direction>inbound</Direction>
      </RouteLink>
      <RouteLink id="RL_20-46-A-y08-1-R-1-31">
        <From>
          <StopPointRef>0590PFF612</StopPointRef>
        </From>
        <To>
          <StopPointRef>0590PC325</StopPointRef>
        </To>
        <Direction>inbound</Direction>
      </RouteLink>
      <RouteLink id="RL_20-46-A-y08-1-R-1-32">
        <From>
          <StopPointRef>0590PC325</StopPointRef>
        </From>
        <To>
          <StopPointRef>0590PQG08</StopPointRef>
        </To>
        <Direction>inbound</Direction>
      </RouteLink>
    </RouteSection>
    <RouteSection id="RS_20-46-A-y08-1-H-2">
      <RouteLink id="RL_20-46-A-y08-1-H-2-1">
        <From>
          <StopPointRef>0590PQG08</StopPointRef>
        </From>
        <To>
          <StopPointRef>0590PC323</StopPointRef>
        </To>
        <Direction>outbound</Direction>
      </RouteLink>
      <RouteLink id="RL_20-46-A-y08-1-H-2-2">
        <From>
          <StopPointRef>0590PC323</StopPointRef>
        </From>
        <To>
          <StopPointRef>0590PFP085</StopPointRef>
        </To>
        <Direction>outbound</Direction>
      </RouteLink>
      <RouteLink id="RL_20-46-A-y08-1-H-2-3">
        <From>
          <StopPointRef>0590PFP085</StopPointRef>
        </From>
        <To>
          <StopPointRef>0590PFF614</StopPointRef>
        </To>
        <Direction>outbound</Direction>
      </RouteLink>
      <RouteLink id="RL_20-46-A-y08-1-H-2-4">
        <From>
          <StopPointRef>0590PFF614</StopPointRef>
        </From>
        <To>
          <StopPointRef>0590PFW211</StopPointRef>
        </To>
        <Direction>outbound</Direction>
      </RouteLink>
      <RouteLink id="RL_20-46-A-y08-1-H-2-5">
        <From>
          <StopPointRef>0590PFW211</StopPointRef>
        </From>
        <To>
          <StopPointRef>0590PFW209</StopPointRef>
        </To>
        <Direction>outbound</Direction>
      </RouteLink>
      <RouteLink id="RL_20-46-A-y08-1-H-2-6">
        <From>
          <StopPointRef>0590PFW209</StopPointRef>
        </From>
        <To>
          <StopPointRef>0590PFW206</StopPointRef>
        </To>
        <Direction>outbound</Direction>
      </RouteLink>
      <RouteLink id="RL_20-46-A-y08-1-H-2-7">
        <From>
          <StopPointRef>0590PFW206</StopPointRef>
        </From>
        <To>
          <StopPointRef>0590PFW204</StopPointRef>
        </To>
        <Direction>outbound</Direction>
      </RouteLink>
      <RouteLink id="RL_20-46-A-y08-1-H-2-8">
        <From>
          <StopPointRef>0590PFW204</StopPointRef>
        </From>
        <To>
          <StopPointRef>0590PFW203</StopPointRef>
        </To>
        <Direction>outbound</Direction>
      </RouteLink>
      <RouteLink id="RL_20-46-A-y08-1-H-2-9">
        <From>
          <StopPointRef>0590PFW203</StopPointRef>
        </From>
        <To>
          <StopPointRef>0590PHS273</StopPointRef>
        </To>
        <Direction>outbound</Direction>
      </RouteLink>
      <RouteLink id="RL_20-46-A-y08-1-H-2-10">
        <From>
          <StopPointRef>0590PHS273</StopPointRef>
        </From>
        <To>
          <StopPointRef>0590PHH275</StopPointRef>
        </To>
        <Direction>outbound</Direction>
      </RouteLink>
      <RouteLink id="RL_20-46-A-y08-1-H-2-11">
        <From>
          <StopPointRef>0590PHH275</StopPointRef>
        </From>
        <To>
          <StopPointRef>0590PHA929</StopPointRef>
        </To>
        <Direction>outbound</Direction>
      </RouteLink>
      <RouteLink id="RL_20-46-A-y08-1-H-2-12">
        <From>
          <StopPointRef>0590PHA929</StopPointRef>
        </From>
        <To>
          <StopPointRef>0590PHV290</StopPointRef>
        </To>
        <Direction>outbound</Direction>
      </RouteLink>
      <RouteLink id="RL_20-46-A-y08-1-H-2-13">
        <From>
          <StopPointRef>0590PHV290</StopPointRef>
        </From>
        <To>
          <StopPointRef>0590PHV286</StopPointRef>
        </To>
        <Direction>outbound</Direction>
      </RouteLink>
      <RouteLink id="RL_20-46-A-y08-1-H-2-14">
        <From>
          <StopPointRef>0590PHV286</StopPointRef>
        </From>
        <To>
          <StopPointRef>0590PHV282</StopPointRef>
        </To>
        <Direction>outbound</Direction>
      </RouteLink>
      <RouteLink id="RL_20-46-A-y08-1-H-2-15">
        <From>
          <StopPointRef>0590PHV282</StopPointRef>
        </From>
        <To>
          <StopPointRef>0590PHV287</StopPointRef>
        </To>
        <Direction>outbound</Direction>
      </RouteLink>
      <RouteLink id="RL_20-46-A-y08-1-H-2-16">
        <From>
          <StopPointRef>0590PHV287</StopPointRef>
        </From>
        <To>
          <StopPointRef>0590PHV280</StopPointRef>
        </To>
        <Direction>outbound</Direction>
      </RouteLink>
      <RouteLink id="RL_20-46-A-y08-1-H-2-17">
        <From>
          <StopPointRef>0590PHV280</StopPointRef>
        </From>
        <To>
          <StopPointRef>0500HYAXL037</StopPointRef>
        </To>
        <Direction>outbound</Direction>
      </RouteLink>
      <RouteLink id="RL_20-46-A-y08-1-H-2-18">
        <From>
          <StopPointRef>0500HYAXL037</StopPointRef>
        </From>
        <To>
          <StopPointRef>0500HYAXL033</StopPointRef>
        </To>
        <Direction>outbound</Direction>
      </RouteLink>
      <RouteLink id="RL_20-46-A-y08-1-H-2-19">
        <From>
          <StopPointRef>0500HYAXL033</StopPointRef>
        </From>
        <To>
          <StopPointRef>0500HYAXL007</StopPointRef>
        </To>
        <Direction>outbound</Direction>
      </RouteLink>
      <RouteLink id="RL_20-46-A-y08-1-H-2-20">
        <From>
          <StopPointRef>0500HYAXL007</StopPointRef>
        </From>
        <To>
          <StopPointRef>0500HFOLK002</StopPointRef>
        </To>
        <Direction>outbound</Direction>
      </RouteLink>
      <RouteLink id="RL_20-46-A-y08-1-H-2-21">
        <From>
          <StopPointRef>0500HFOLK002</StopPointRef>
        </From>
        <To>
          <StopPointRef>0500HSTIL010</StopPointRef>
        </To>
        <Direction>outbound</Direction>
      </RouteLink>
      <RouteLink id="RL_20-46-A-y08-1-H-2-22">
        <From>
          <StopPointRef>0500HSTIL010</StopPointRef>
        </From>
        <To>
          <StopPointRef>0500HSTIL007</StopPointRef>
        </To>
        <Direction>outbound</Direction>
      </RouteLink>
      <RouteLink id="RL_20-46-A-y08-1-H-2-23">
        <From>
          <StopPointRef>0500HSTIL007</StopPointRef>
        </From>
        <To>
          <StopPointRef>0500HSTIL006</StopPointRef>
        </To>
        <Direction>outbound</Direction>
      </RouteLink>
      <RouteLink id="RL_20-46-A-y08-1-H-2-24">
        <From>
          <StopPointRef>0500HSTIL006</StopPointRef>
        </From>
        <To>
          <StopPointRef>0500HSTIL008</StopPointRef>
        </To>
        <Direction>outbound</Direction>
      </RouteLink>
      <RouteLink id="RL_20-46-A-y08-1-H-2-25">
        <From>
          <StopPointRef>0500HSTIL008</StopPointRef>
        </From>
        <To>
          <StopPointRef>0500HSTIL001</StopPointRef>
        </To>
        <Direction>outbound</Direction>
      </RouteLink>
      <RouteLink id="RL_20-46-A-y08-1-H-2-26">
        <From>
          <StopPointRef>0500HSTIL001</StopPointRef>
        </From>
        <To>
          <StopPointRef>0500HSTIL012</StopPointRef>
        </To>
        <Direction>outbound</Direction>
      </RouteLink>
      <RouteLink id="RL_20-46-A-y08-1-H-2-27">
        <From>
          <StopPointRef>0500HSTIL012</StopPointRef>
        </From>
        <To>
          <StopPointRef>0500HSTIL009</StopPointRef>
        </To>
        <Direction>outbound</Direction>
      </RouteLink>
      <RouteLink id="RL_20-46-A-y08-1-H-2-28">
        <From>
          <StopPointRef>0500HSTIL009</StopPointRef>
        </From>
        <To>
          <StopPointRef>0500HSTIL003</StopPointRef>
        </To>
        <Direction>outbound</Direction>
      </RouteLink>
      <RouteLink id="RL_20-46-A-y08-1-H-2-29">
        <From>
          <StopPointRef>0500HSTIL003</StopPointRef>
        </From>
        <To>
          <StopPointRef>0500HGLAT005</StopPointRef>
        </To>
        <Direction>outbound</Direction>
      </RouteLink>
      <RouteLink id="RL_20-46-A-y08-1-H-2-30">
        <From>
          <StopPointRef>0500HGLAT005</StopPointRef>
        </From>
        <To>
          <StopPointRef>0500HCONN003</StopPointRef>
        </To>
        <Direction>outbound</Direction>
      </RouteLink>
      <RouteLink id="RL_20-46-A-y08-1-H-2-31">
        <From>
          <StopPointRef>0500HCONN003</StopPointRef>
        </From>
        <To>
          <StopPointRef>0500HSAWT010</StopPointRef>
        </To>
        <Direction>outbound</Direction>
      </RouteLink>
      <RouteLink id="RL_20-46-A-y08-1-H-2-32">
        <From>
          <StopPointRef>0500HSAWT010</StopPointRef>
        </From>
        <To>
          <StopPointRef>0500HSAWT005</StopPointRef>
        </To>
        <Direction>outbound</Direction>
      </RouteLink>
    </RouteSection>
  </RouteSections>
  <Routes>
    <Route id="R_20-46-A-y08-1-R-1">
      <PrivateCode>R_20-46-A-y08-1-R-1</PrivateCode>
      <Description>Tinkers Lane - Queensgate Bus Station</Description>
      <RouteSectionRef>RS_20-46-A-y08-1-R-1</RouteSectionRef>
    </Route>
    <Route id="R_20-46-A-y08-1-H-2">
      <PrivateCode>R_20-46-A-y08-1-H-2</PrivateCode>
      <Description>Queensgate Bus Station - Tinkers Lane</Description>
      <RouteSectionRef>RS_20-46-A-y08-1-H-2</RouteSectionRef>
    </Route>
  </Routes>
  <JourneyPatternSections>
    <JourneyPatternSection id="JPS_20-46-A-y08-1-1-1-R">
      <JourneyPatternTimingLink id="JPL_20-46-A-y08-1-1-R-1-2">
        <From SequenceNumber="1">
          <Activity>pickUp</Activity>
          <StopPointRef>0500HSAWT006</StopPointRef>
          <TimingStatus>PTP</TimingStatus>
        </From>
        <To SequenceNumber="2">
          <Activity>pickUpAndSetDown</Activity>
          <StopPointRef>0500HSAWT009</StopPointRef>
          <TimingStatus>TIP</TimingStatus>
        </To>
        <RouteLinkRef>RL_20-46-A-y08-1-R-1-1</RouteLinkRef>
        <RunTime>PT5M</RunTime>
      </JourneyPatternTimingLink>
      <JourneyPatternTimingLink id="JPL_20-46-A-y08-1-1-R-1-3">
        <From SequenceNumber="2">
          <Activity>pickUpAndSetDown</Activity>
          <StopPointRef>0500HSAWT009</StopPointRef>
          <TimingStatus>TIP</TimingStatus>
        </From>
        <To SequenceNumber="3">
          <Activity>pickUpAndSetDown</Activity>
          <StopPointRef>0500HCONN001</StopPointRef>
          <TimingStatus>PTP</TimingStatus>
        </To>
        <RouteLinkRef>RL_20-46-A-y08-1-R-1-2</RouteLinkRef>
        <RunTime>PT5M</RunTime>
      </JourneyPatternTimingLink>
      <JourneyPatternTimingLink id="JPL_20-46-A-y08-1-1-R-1-4">
        <From SequenceNumber="3">
          <Activity>pickUpAndSetDown</Activity>
          <StopPointRef>0500HCONN001</StopPointRef>
          <TimingStatus>PTP</TimingStatus>
        </From>
        <To SequenceNumber="4">
          <Activity>pickUpAndSetDown</Activity>
          <StopPointRef>0500HGLAT006</StopPointRef>
          <TimingStatus>TIP</TimingStatus>
        </To>
        <RouteLinkRef>RL_20-46-A-y08-1-R-1-3</RouteLinkRef>
        <RunTime>PT1M</RunTime>
      </JourneyPatternTimingLink>
      <JourneyPatternTimingLink id="JPL_20-46-A-y08-1-1-R-1-5">
        <From SequenceNumber="4">
          <Activity>pickUpAndSetDown</Activity>
          <StopPointRef>0500HGLAT006</StopPointRef>
          <TimingStatus>TIP</TimingStatus>
        </From>
        <To SequenceNumber="5">
          <Activity>pickUpAndSetDown</Activity>
          <StopPointRef>0500HSTIL010</StopPointRef>
          <TimingStatus>TIP</TimingStatus>
        </To>
        <RouteLinkRef>RL_20-46-A-y08-1-R-1-4</RouteLinkRef>
        <RunTime>PT5M</RunTime>
      </JourneyPatternTimingLink>
      <JourneyPatternTimingLink id="JPL_20-46-A-y08-1-1-R-1-6">
        <From SequenceNumber="5">
          <Activity>pickUpAndSetDown</Activity>
          <StopPointRef>0500HSTIL010</StopPointRef>
          <TimingStatus>TIP</TimingStatus>
        </From>
        <To SequenceNumber="6">
          <Activity>pickUpAndSetDown</Activity>
          <StopPointRef>0500HSTIL007</StopPointRef>
          <TimingStatus>OTH</TimingStatus>
        </To>
        <RouteLinkRef>RL_20-46-A-y08-1-R-1-5</RouteLinkRef>
        <RunTime>PT0S</RunTime>
      </JourneyPatternTimingLink>
      <JourneyPatternTimingLink id="JPL_20-46-A-y08-1-1-R-1-7">
        <From SequenceNumber="6">
          <Activity>pickUpAndSetDown</Activity>
          <StopPointRef>0500HSTIL007</StopPointRef>
          <TimingStatus>OTH</TimingStatus>
        </From>
        <To SequenceNumber="7">
          <Activity>pickUpAndSetDown</Activity>
          <StopPointRef>0500HSTIL006</StopPointRef>
          <TimingStatus>OTH</TimingStatus>
        </To>
        <RouteLinkRef>RL_20-46-A-y08-1-R-1-6</RouteLinkRef>
        <RunTime>PT0S</RunTime>
      </JourneyPatternTimingLink>
      <JourneyPatternTimingLink id="JPL_20-46-A-y08-1-1-R-1-8">
        <From SequenceNumber="7">
          <Activity>pickUpAndSetDown</Activity>
          <StopPointRef>0500HSTIL006</StopPointRef>
          <TimingStatus>OTH</TimingStatus>
        </From>
        <To SequenceNumber="8">
          <Activity>pickUpAndSetDown</Activity>
          <StopPointRef>0500HSTIL001</StopPointRef>
          <TimingStatus>TIP</TimingStatus>
        </To>
        <RouteLinkRef>RL_20-46-A-y08-1-R-1-7</RouteLinkRef>
        <RunTime>PT1M</RunTime>
      </JourneyPatternTimingLink>
      <JourneyPatternTimingLink id="JPL_20-46-A-y08-1-1-R-1-9">
        <From SequenceNumber="8">
          <Activity>pickUpAndSetDown</Activity>
          <StopPointRef>0500HSTIL001</StopPointRef>
          <TimingStatus>TIP</TimingStatus>
        </From>
        <To SequenceNumber="9">
          <Activity>pickUpAndSetDown</Activity>
          <StopPointRef>0500HSTIL008</StopPointRef>
          <TimingStatus>PTP</TimingStatus>
        </To>
        <RouteLinkRef>RL_20-46-A-y08-1-R-1-8</RouteLinkRef>
        <RunTime>PT1M</RunTime>
      </JourneyPatternTimingLink>
      <JourneyPatternTimingLink id="JPL_20-46-A-y08-1-1-R-1-10">
        <From SequenceNumber="9">
          <Activity>pickUpAndSetDown</Activity>
          <StopPointRef>0500HSTIL008</StopPointRef>
          <TimingStatus>PTP</TimingStatus>
        </From>
        <To SequenceNumber="10">
          <Activity>pickUpAndSetDown</Activity>
          <StopPointRef>0500HSTIL012</StopPointRef>
          <TimingStatus>OTH</TimingStatus>
        </To>
        <RouteLinkRef>RL_20-46-A-y08-1-R-1-9</RouteLinkRef>
        <RunTime>PT0S</RunTime>
      </JourneyPatternTimingLink>
      <JourneyPatternTimingLink id="JPL_20-46-A-y08-1-1-R-1-11">
        <From SequenceNumber="10">
          <Activity>pickUpAndSetDown</Activity>
          <StopPointRef>0500HSTIL012</StopPointRef>
          <TimingStatus>OTH</TimingStatus>
        </From>
        <To SequenceNumber="11">
          <Activity>pickUpAndSetDown</Activity>
          <StopPointRef>0500HSTIL009</StopPointRef>
          <TimingStatus>OTH</TimingStatus>
        </To>
        <RouteLinkRef>RL_20-46-A-y08-1-R-1-10</RouteLinkRef>
        <RunTime>PT0S</RunTime>
      </JourneyPatternTimingLink>
      <JourneyPatternTimingLink id="JPL_20-46-A-y08-1-1-R-1-12">
        <From SequenceNumber="11">
          <Activity>pickUpAndSetDown</Activity>
          <StopPointRef>0500HSTIL009</StopPointRef>
          <TimingStatus>OTH</TimingStatus>
        </From>
        <To SequenceNumber="12">
          <Activity>pickUpAndSetDown</Activity>
          <StopPointRef>0500HSTIL003</StopPointRef>
          <TimingStatus>TIP</TimingStatus>
        </To>
        <RouteLinkRef>RL_20-46-A-y08-1-R-1-11</RouteLinkRef>
        <RunTime>PT1M</RunTime>
      </JourneyPatternTimingLink>
      <JourneyPatternTimingLink id="JPL_20-46-A-y08-1-1-R-1-13">
        <From SequenceNumber="12">
          <Activity>pickUpAndSetDown</Activity>
          <StopPointRef>0500HSTIL003</StopPointRef>
          <TimingStatus>TIP</TimingStatus>
        </From>
        <To SequenceNumber="13">
          <Activity>pickUpAndSetDown</Activity>
          <StopPointRef>0500HFOLK003</StopPointRef>
          <TimingStatus>TIP</TimingStatus>
        </To>
        <RouteLinkRef>RL_20-46-A-y08-1-R-1-12</RouteLinkRef>
        <RunTime>PT1M</RunTime>
      </JourneyPatternTimingLink>
      <JourneyPatternTimingLink id="JPL_20-46-A-y08-1-1-R-1-14">
        <From SequenceNumber="13">
          <Activity>pickUpAndSetDown</Activity>
          <StopPointRef>0500HFOLK003</StopPointRef>
          <TimingStatus>TIP</TimingStatus>
        </From>
        <To SequenceNumber="14">
          <Activity>pickUpAndSetDown</Activity>
          <StopPointRef>0500HYAXL028</StopPointRef>
          <TimingStatus>TIP</TimingStatus>
        </To>
        <RouteLinkRef>RL_20-46-A-y08-1-R-1-13</RouteLinkRef>
        <RunTime>PT1M</RunTime>
      </JourneyPatternTimingLink>
      <JourneyPatternTimingLink id="JPL_20-46-A-y08-1-1-R-1-15">
        <From SequenceNumber="14">
          <Activity>pickUpAndSetDown</Activity>
          <StopPointRef>0500HYAXL028</StopPointRef>
          <TimingStatus>TIP</TimingStatus>
        </From>
        <To SequenceNumber="15">
          <Activity>pickUpAndSetDown</Activity>
          <StopPointRef>0500HYAXL032</StopPointRef>
          <TimingStatus>PTP</TimingStatus>
        </To>
        <RouteLinkRef>RL_20-46-A-y08-1-R-1-14</RouteLinkRef>
        <RunTime>PT3M</RunTime>
      </JourneyPatternTimingLink>
      <JourneyPatternTimingLink id="JPL_20-46-A-y08-1-1-R-1-16">
        <From SequenceNumber="15">
          <Activity>pickUpAndSetDown</Activity>
          <StopPointRef>0500HYAXL032</StopPointRef>
          <TimingStatus>PTP</TimingStatus>
        </From>
        <To SequenceNumber="16">
          <Activity>pickUpAndSetDown</Activity>
          <StopPointRef>0500HYAXL036</StopPointRef>
          <TimingStatus>OTH</TimingStatus>
        </To>
        <RouteLinkRef>RL_20-46-A-y08-1-R-1-15</RouteLinkRef>
        <RunTime>PT0S</RunTime>
      </JourneyPatternTimingLink>
      <JourneyPatternTimingLink id="JPL_20-46-A-y08-1-1-R-1-17">
        <From SequenceNumber="16">
          <Activity>pickUpAndSetDown</Activity>
          <StopPointRef>0500HYAXL036</StopPointRef>
          <TimingStatus>OTH</TimingStatus>
        </From>
        <To SequenceNumber="17">
          <Activity>pickUpAndSetDown</Activity>
          <StopPointRef>0590PHV279</StopPointRef>
          <TimingStatus>TIP</TimingStatus>
        </To>
        <RouteLinkRef>RL_20-46-A-y08-1-R-1-16</RouteLinkRef>
        <RunTime>PT3M</RunTime>
      </JourneyPatternTimingLink>
      <JourneyPatternTimingLink id="JPL_20-46-A-y08-1-1-R-1-18">
        <From SequenceNumber="17">
          <Activity>pickUpAndSetDown</Activity>
          <StopPointRef>0590PHV279</StopPointRef>
          <TimingStatus>TIP</TimingStatus>
        </From>
        <To SequenceNumber="18">
          <Activity>pickUpAndSetDown</Activity>
          <StopPointRef>0590PHV281</StopPointRef>
          <TimingStatus>TIP</TimingStatus>
        </To>
        <RouteLinkRef>RL_20-46-A-y08-1-R-1-17</RouteLinkRef>
        <RunTime>PT1M</RunTime>
      </JourneyPatternTimingLink>
      <JourneyPatternTimingLink id="JPL_20-46-A-y08-1-1-R-1-19">
        <From SequenceNumber="18">
          <Activity>pickUpAndSetDown</Activity>
          <StopPointRef>0590PHV281</StopPointRef>
          <TimingStatus>TIP</TimingStatus>
        </From>
        <To SequenceNumber="19">
          <Activity>pickUpAndSetDown</Activity>
          <StopPointRef>0590PHV285</StopPointRef>
          <TimingStatus>OTH</TimingStatus>
        </To>
        <RouteLinkRef>RL_20-46-A-y08-1-R-1-18</RouteLinkRef>
        <RunTime>PT0S</RunTime>
      </JourneyPatternTimingLink>
      <JourneyPatternTimingLink id="JPL_20-46-A-y08-1-1-R-1-20">
        <From SequenceNumber="19">
          <Activity>pickUpAndSetDown</Activity>
          <StopPointRef>0590PHV285</StopPointRef>
          <TimingStatus>OTH</TimingStatus>
        </From>
        <To SequenceNumber="20">
          <Activity>pickUpAndSetDown</Activity>
          <StopPointRef>0590PHV890</StopPointRef>
          <TimingStatus>TIP</TimingStatus>
        </To>
        <RouteLinkRef>RL_20-46-A-y08-1-R-1-19</RouteLinkRef>
        <RunTime>PT2M</RunTime>
      </JourneyPatternTimingLink>
      <JourneyPatternTimingLink id="JPL_20-46-A-y08-1-1-R-1-21">
        <From SequenceNumber="20">
          <Activity>pickUpAndSetDown</Activity>
          <StopPointRef>0590PHV890</StopPointRef>
          <TimingStatus>TIP</TimingStatus>
        </From>
        <To SequenceNumber="21">
          <Activity>pickUpAndSetDown</Activity>
          <StopPointRef>0590PHV291</StopPointRef>
          <TimingStatus>OTH</TimingStatus>
        </To>
        <RouteLinkRef>RL_20-46-A-y08-1-R-1-20</RouteLinkRef>
        <RunTime>PT0S</RunTime>
      </JourneyPatternTimingLink>
      <JourneyPatternTimingLink id="JPL_20-46-A-y08-1-1-R-1-22">
        <From SequenceNumber="21">
          <Activity>pickUpAndSetDown</Activity>
          <StopPointRef>0590PHV291</StopPointRef>
          <TimingStatus>OTH</TimingStatus>
        </From>
        <To SequenceNumber="22">
          <Activity>pickUpAndSetDown</Activity>
          <StopPointRef>0590PHA930</StopPointRef>
          <TimingStatus>TIP</TimingStatus>
        </To>
        <RouteLinkRef>RL_20-46-A-y08-1-R-1-21</RouteLinkRef>
        <RunTime>PT1M</RunTime>
      </JourneyPatternTimingLink>
      <JourneyPatternTimingLink id="JPL_20-46-A-y08-1-1-R-1-23">
        <From SequenceNumber="22">
          <Activity>pickUpAndSetDown</Activity>
          <StopPointRef>0590PHA930</StopPointRef>
          <TimingStatus>TIP</TimingStatus>
        </From>
        <To SequenceNumber="23">
          <Activity>pickUpAndSetDown</Activity>
          <StopPointRef>0590PHH274</StopPointRef>
          <TimingStatus>PTP</TimingStatus>
        </To>
        <RouteLinkRef>RL_20-46-A-y08-1-R-1-22</RouteLinkRef>
        <RunTime>PT2M</RunTime>
      </JourneyPatternTimingLink>
      <JourneyPatternTimingLink id="JPL_20-46-A-y08-1-1-R-1-24">
        <From SequenceNumber="23">
          <Activity>pickUpAndSetDown</Activity>
          <StopPointRef>0590PHH274</StopPointRef>
          <TimingStatus>PTP</TimingStatus>
        </From>
        <To SequenceNumber="24">
          <Activity>pickUpAndSetDown</Activity>
          <StopPointRef>0590PHS271</StopPointRef>
          <TimingStatus>PTP</TimingStatus>
        </To>
        <RouteLinkRef>RL_20-46-A-y08-1-R-1-23</RouteLinkRef>
        <RunTime>PT3M</RunTime>
      </JourneyPatternTimingLink>
      <JourneyPatternTimingLink id="JPL_20-46-A-y08-1-1-R-1-25">
        <From SequenceNumber="24">
          <Activity>pickUpAndSetDown</Activity>
          <StopPointRef>0590PHS271</StopPointRef>
          <TimingStatus>PTP</TimingStatus>
        </From>
        <To SequenceNumber="25">
          <Activity>pickUpAndSetDown</Activity>
          <StopPointRef>0590PFW202</StopPointRef>
          <TimingStatus>TIP</TimingStatus>
        </To>
        <RouteLinkRef>RL_20-46-A-y08-1-R-1-24</RouteLinkRef>
        <RunTime>PT3M</RunTime>
      </JourneyPatternTimingLink>
      <JourneyPatternTimingLink id="JPL_20-46-A-y08-1-1-R-1-26">
        <From SequenceNumber="25">
          <Activity>pickUpAndSetDown</Activity>
          <StopPointRef>0590PFW202</StopPointRef>
          <TimingStatus>TIP</TimingStatus>
        </From>
        <To SequenceNumber="26">
          <Activity>pickUpAndSetDown</Activity>
          <StopPointRef>0590PFW205</StopPointRef>
          <TimingStatus>TIP</TimingStatus>
        </To>
        <RouteLinkRef>RL_20-46-A-y08-1-R-1-25</RouteLinkRef>
        <RunTime>PT1M</RunTime>
      </JourneyPatternTimingLink>
      <JourneyPatternTimingLink id="JPL_20-46-A-y08-1-1-R-1-27">
        <From SequenceNumber="26">
          <Activity>pickUpAndSetDown</Activity>
          <StopPointRef>0590PFW205</StopPointRef>
          <TimingStatus>TIP</TimingStatus>
        </From>
        <To SequenceNumber="27">
          <Activity>pickUpAndSetDown</Activity>
          <StopPointRef>0590PFW207</StopPointRef>
          <TimingStatus>OTH</TimingStatus>
        </To>
        <RouteLinkRef>RL_20-46-A-y08-1-R-1-26</RouteLinkRef>
        <RunTime>PT0S</RunTime>
      </JourneyPatternTimingLink>
      <JourneyPatternTimingLink id="JPL_20-46-A-y08-1-1-R-1-28">
        <From SequenceNumber="27">
          <Activity>pickUpAndSetDown</Activity>
          <StopPointRef>0590PFW207</StopPointRef>
          <TimingStatus>OTH</TimingStatus>
        </From>
        <To SequenceNumber="28">
          <Activity>pickUpAndSetDown</Activity>
          <StopPointRef>0590PFW208</StopPointRef>
          <TimingStatus>TIP</TimingStatus>
        </To>
        <RouteLinkRef>RL_20-46-A-y08-1-R-1-27</RouteLinkRef>
        <RunTime>PT1M</RunTime>
      </JourneyPatternTimingLink>
      <JourneyPatternTimingLink id="JPL_20-46-A-y08-1-1-R-1-29">
        <From SequenceNumber="28">
          <Activity>pickUpAndSetDown</Activity>
          <StopPointRef>0590PFW208</StopPointRef>
          <TimingStatus>TIP</TimingStatus>
        </From>
        <To SequenceNumber="29">
          <Activity>pickUpAndSetDown</Activity>
          <StopPointRef>0590PFW210</StopPointRef>
          <TimingStatus>TIP</TimingStatus>
        </To>
        <RouteLinkRef>RL_20-46-A-y08-1-R-1-28</RouteLinkRef>
        <RunTime>PT3M</RunTime>
      </JourneyPatternTimingLink>
      <JourneyPatternTimingLink id="JPL_20-46-A-y08-1-1-R-1-30">
        <From SequenceNumber="29">
          <Activity>pickUpAndSetDown</Activity>
          <StopPointRef>0590PFW210</StopPointRef>
          <TimingStatus>TIP</TimingStatus>
        </From>
        <To SequenceNumber="30">
          <Activity>pickUpAndSetDown</Activity>
          <StopPointRef>0590PFF613</StopPointRef>
          <TimingStatus>TIP</TimingStatus>
        </To>
        <RouteLinkRef>RL_20-46-A-y08-1-R-1-29</RouteLinkRef>
        <RunTime>PT1M</RunTime>
      </JourneyPatternTimingLink>
      <JourneyPatternTimingLink id="JPL_20-46-A-y08-1-1-R-1-31">
        <From SequenceNumber="30">
          <Activity>pickUpAndSetDown</Activity>
          <StopPointRef>0590PFF613</StopPointRef>
          <TimingStatus>TIP</TimingStatus>
        </From>
        <To SequenceNumber="31">
          <Activity>pickUpAndSetDown</Activity>
          <StopPointRef>0590PFF612</StopPointRef>
          <TimingStatus>TIP</TimingStatus>
        </To>
        <RouteLinkRef>RL_20-46-A-y08-1-R-1-30</RouteLinkRef>
        <RunTime>PT1M</RunTime>
      </JourneyPatternTimingLink>
      <JourneyPatternTimingLink id="JPL_20-46-A-y08-1-1-R-1-32">
        <From SequenceNumber="31">
          <Activity>pickUpAndSetDown</Activity>
          <StopPointRef>0590PFF612</StopPointRef>
          <TimingStatus>TIP</TimingStatus>
        </From>
        <To SequenceNumber="32">
          <Activity>pickUpAndSetDown</Activity>
          <StopPointRef>0590PC325</StopPointRef>
          <TimingStatus>TIP</TimingStatus>
        </To>
        <RouteLinkRef>RL_20-46-A-y08-1-R-1-31</RouteLinkRef>
        <RunTime>PT4M</RunTime>
      </JourneyPatternTimingLink>
      <JourneyPatternTimingLink id="JPL_20-46-A-y08-1-1-R-1-33">
        <From SequenceNumber="32">
          <Activity>pickUpAndSetDown</Activity>
          <StopPointRef>0590PC325</StopPointRef>
          <TimingStatus>TIP</TimingStatus>
        </From>
        <To SequenceNumber="33">
          <Activity>setDown</Activity>
          <StopPointRef>0590PQG08</StopPointRef>
          <TimingStatus>PTP</TimingStatus>
        </To>
        <RouteLinkRef>RL_20-46-A-y08-1-R-1-32</RouteLinkRef>
        <RunTime>PT3M</RunTime>
      </JourneyPatternTimingLink>
    </JourneyPatternSection>
    <JourneyPatternSection id="JPS_20-46-A-y08-1-2-2-H">
      <JourneyPatternTimingLink id="JPL_20-46-A-y08-1-2-H-2-2">
        <From SequenceNumber="1">
          <Activity>pickUp</Activity>
          <StopPointRef>0590PQG08</StopPointRef>
          <TimingStatus>PTP</TimingStatus>
        </From>
        <To SequenceNumber="2">
          <Activity>pickUpAndSetDown</Activity>
          <StopPointRef>0590PC323</StopPointRef>
          <TimingStatus>TIP</TimingStatus>
        </To>
        <RouteLinkRef>RL_20-46-A-y08-1-H-2-1</RouteLinkRef>
        <RunTime>PT1M</RunTime>
      </JourneyPatternTimingLink>
      <JourneyPatternTimingLink id="JPL_20-46-A-y08-1-2-H-2-3">
        <From SequenceNumber="2">
          <Activity>pickUpAndSetDown</Activity>
          <StopPointRef>0590PC323</StopPointRef>
          <TimingStatus>TIP</TimingStatus>
        </From>
        <To SequenceNumber="3">
          <Activity>pickUpAndSetDown</Activity>
          <StopPointRef>0590PFP085</StopPointRef>
          <TimingStatus>TIP</TimingStatus>
        </To>
        <RouteLinkRef>RL_20-46-A-y08-1-H-2-2</RouteLinkRef>
        <RunTime>PT2M</RunTime>
      </JourneyPatternTimingLink>
      <JourneyPatternTimingLink id="JPL_20-46-A-y08-1-2-H-2-4">
        <From SequenceNumber="3">
          <Activity>pickUpAndSetDown</Activity>
          <StopPointRef>0590PFP085</StopPointRef>
          <TimingStatus>TIP</TimingStatus>
        </From>
        <To SequenceNumber="4">
          <Activity>pickUpAndSetDown</Activity>
          <StopPointRef>0590PFF614</StopPointRef>
          <TimingStatus>TIP</TimingStatus>
        </To>
        <RouteLinkRef>RL_20-46-A-y08-1-H-2-3</RouteLinkRef>
        <RunTime>PT1M</RunTime>
      </JourneyPatternTimingLink>
      <JourneyPatternTimingLink id="JPL_20-46-A-y08-1-2-H-2-5">
        <From SequenceNumber="4">
          <Activity>pickUpAndSetDown</Activity>
          <StopPointRef>0590PFF614</StopPointRef>
          <TimingStatus>TIP</TimingStatus>
        </From>
        <To SequenceNumber="5">
          <Activity>pickUpAndSetDown</Activity>
          <StopPointRef>0590PFW211</StopPointRef>
          <TimingStatus>TIP</TimingStatus>
        </To>
        <RouteLinkRef>RL_20-46-A-y08-1-H-2-4</RouteLinkRef>
        <RunTime>PT2M</RunTime>
      </JourneyPatternTimingLink>
      <JourneyPatternTimingLink id="JPL_20-46-A-y08-1-2-H-2-6">
        <From SequenceNumber="5">
          <Activity>pickUpAndSetDown</Activity>
          <StopPointRef>0590PFW211</StopPointRef>
          <TimingStatus>TIP</TimingStatus>
        </From>
        <To SequenceNumber="6">
          <Activity>pickUpAndSetDown</Activity>
          <StopPointRef>0590PFW209</StopPointRef>
          <TimingStatus>TIP</TimingStatus>
        </To>
        <RouteLinkRef>RL_20-46-A-y08-1-H-2-5</RouteLinkRef>
        <RunTime>PT2M</RunTime>
      </JourneyPatternTimingLink>
      <JourneyPatternTimingLink id="JPL_20-46-A-y08-1-2-H-2-7">
        <From SequenceNumber="6">
          <Activity>pickUpAndSetDown</Activity>
          <StopPointRef>0590PFW209</StopPointRef>
          <TimingStatus>TIP</TimingStatus>
        </From>
        <To SequenceNumber="7">
          <Activity>pickUpAndSetDown</Activity>
          <StopPointRef>0590PFW206</StopPointRef>
          <TimingStatus>OTH</TimingStatus>
        </To>
        <RouteLinkRef>RL_20-46-A-y08-1-H-2-6</RouteLinkRef>
        <RunTime>PT0S</RunTime>
      </JourneyPatternTimingLink>
      <JourneyPatternTimingLink id="JPL_20-46-A-y08-1-2-H-2-8">
        <From SequenceNumber="7">
          <Activity>pickUpAndSetDown</Activity>
          <StopPointRef>0590PFW206</StopPointRef>
          <TimingStatus>OTH</TimingStatus>
        </From>
        <To SequenceNumber="8">
          <Activity>pickUpAndSetDown</Activity>
          <StopPointRef>0590PFW204</StopPointRef>
          <TimingStatus>OTH</TimingStatus>
        </To>
        <RouteLinkRef>RL_20-46-A-y08-1-H-2-7</RouteLinkRef>
        <RunTime>PT0S</RunTime>
      </JourneyPatternTimingLink>
      <JourneyPatternTimingLink id="JPL_20-46-A-y08-1-2-H-2-9">
        <From SequenceNumber="8">
          <Activity>pickUpAndSetDown</Activity>
          <StopPointRef>0590PFW204</StopPointRef>
          <TimingStatus>OTH</TimingStatus>
        </From>
        <To SequenceNumber="9">
          <Activity>pickUpAndSetDown</Activity>
          <StopPointRef>0590PFW203</StopPointRef>
          <TimingStatus>TIP</TimingStatus>
        </To>
        <RouteLinkRef>RL_20-46-A-y08-1-H-2-8</RouteLinkRef>
        <RunTime>PT1M</RunTime>
      </JourneyPatternTimingLink>
      <JourneyPatternTimingLink id="JPL_20-46-A-y08-1-2-H-2-10">
        <From SequenceNumber="9">
          <Activity>pickUpAndSetDown</Activity>
          <StopPointRef>0590PFW203</StopPointRef>
          <TimingStatus>TIP</TimingStatus>
        </From>
        <To SequenceNumber="10">
          <Activity>pickUpAndSetDown</Activity>
          <StopPointRef>0590PHS273</StopPointRef>
          <TimingStatus>PTP</TimingStatus>
        </To>
        <RouteLinkRef>RL_20-46-A-y08-1-H-2-9</RouteLinkRef>
        <RunTime>PT3M</RunTime>
      </JourneyPatternTimingLink>
      <JourneyPatternTimingLink id="JPL_20-46-A-y08-1-2-H-2-11">
        <From SequenceNumber="10">
          <Activity>pickUpAndSetDown</Activity>
          <StopPointRef>0590PHS273</StopPointRef>
          <TimingStatus>PTP</TimingStatus>
        </From>
        <To SequenceNumber="11">
          <Activity>pickUpAndSetDown</Activity>
          <StopPointRef>0590PHH275</StopPointRef>
          <TimingStatus>PTP</TimingStatus>
        </To>
        <RouteLinkRef>RL_20-46-A-y08-1-H-2-10</RouteLinkRef>
        <RunTime>PT2M</RunTime>
      </JourneyPatternTimingLink>
      <JourneyPatternTimingLink id="JPL_20-46-A-y08-1-2-H-2-12">
        <From SequenceNumber="11">
          <Activity>pickUpAndSetDown</Activity>
          <StopPointRef>0590PHH275</StopPointRef>
          <TimingStatus>PTP</TimingStatus>
        </From>
        <To SequenceNumber="12">
          <Activity>pickUpAndSetDown</Activity>
          <StopPointRef>0590PHA929</StopPointRef>
          <TimingStatus>TIP</TimingStatus>
        </To>
        <RouteLinkRef>RL_20-46-A-y08-1-H-2-11</RouteLinkRef>
        <RunTime>PT1M</RunTime>
      </JourneyPatternTimingLink>
      <JourneyPatternTimingLink id="JPL_20-46-A-y08-1-2-H-2-13">
        <From SequenceNumber="12">
          <Activity>pickUpAndSetDown</Activity>
          <StopPointRef>0590PHA929</StopPointRef>
          <TimingStatus>TIP</TimingStatus>
        </From>
        <To SequenceNumber="13">
          <Activity>pickUpAndSetDown</Activity>
          <StopPointRef>0590PHV290</StopPointRef>
          <TimingStatus>TIP</TimingStatus>
        </To>
        <RouteLinkRef>RL_20-46-A-y08-1-H-2-12</RouteLinkRef>
        <RunTime>PT1M</RunTime>
      </JourneyPatternTimingLink>
      <JourneyPatternTimingLink id="JPL_20-46-A-y08-1-2-H-2-14">
        <From SequenceNumber="13">
          <Activity>pickUpAndSetDown</Activity>
          <StopPointRef>0590PHV290</StopPointRef>
          <TimingStatus>TIP</TimingStatus>
        </From>
        <To SequenceNumber="14">
          <Activity>pickUpAndSetDown</Activity>
          <StopPointRef>0590PHV286</StopPointRef>
          <TimingStatus>TIP</TimingStatus>
        </To>
        <RouteLinkRef>RL_20-46-A-y08-1-H-2-13</RouteLinkRef>
        <RunTime>PT1M</RunTime>
      </JourneyPatternTimingLink>
      <JourneyPatternTimingLink id="JPL_20-46-A-y08-1-2-H-2-15">
        <From SequenceNumber="14">
          <Activity>pickUpAndSetDown</Activity>
          <StopPointRef>0590PHV286</StopPointRef>
          <TimingStatus>TIP</TimingStatus>
        </From>
        <To SequenceNumber="15">
          <Activity>pickUpAndSetDown</Activity>
          <StopPointRef>0590PHV282</StopPointRef>
          <TimingStatus>OTH</TimingStatus>
        </To>
        <RouteLinkRef>RL_20-46-A-y08-1-H-2-14</RouteLinkRef>
        <RunTime>PT0S</RunTime>
      </JourneyPatternTimingLink>
      <JourneyPatternTimingLink id="JPL_20-46-A-y08-1-2-H-2-16">
        <From SequenceNumber="15">
          <Activity>pickUpAndSetDown</Activity>
          <StopPointRef>0590PHV282</StopPointRef>
          <TimingStatus>OTH</TimingStatus>
        </From>
        <To SequenceNumber="16">
          <Activity>pickUpAndSetDown</Activity>
          <StopPointRef>0590PHV287</StopPointRef>
          <TimingStatus>TIP</TimingStatus>
        </To>
        <RouteLinkRef>RL_20-46-A-y08-1-H-2-15</RouteLinkRef>
        <RunTime>PT1M</RunTime>
      </JourneyPatternTimingLink>
      <JourneyPatternTimingLink id="JPL_20-46-A-y08-1-2-H-2-17">
        <From SequenceNumber="16">
          <Activity>pickUpAndSetDown</Activity>
          <StopPointRef>0590PHV287</StopPointRef>
          <TimingStatus>TIP</TimingStatus>
        </From>
        <To SequenceNumber="17">
          <Activity>pickUpAndSetDown</Activity>
          <StopPointRef>0590PHV280</StopPointRef>
          <TimingStatus>OTH</TimingStatus>
        </To>
        <RouteLinkRef>RL_20-46-A-y08-1-H-2-16</RouteLinkRef>
        <RunTime>PT0S</RunTime>
      </JourneyPatternTimingLink>
      <JourneyPatternTimingLink id="JPL_20-46-A-y08-1-2-H-2-18">
        <From SequenceNumber="17">
          <Activity>pickUpAndSetDown</Activity>
          <StopPointRef>0590PHV280</StopPointRef>
          <TimingStatus>OTH</TimingStatus>
        </From>
        <To SequenceNumber="18">
          <Activity>pickUpAndSetDown</Activity>
          <StopPointRef>0500HYAXL037</StopPointRef>
          <TimingStatus>TIP</TimingStatus>
        </To>
        <RouteLinkRef>RL_20-46-A-y08-1-H-2-17</RouteLinkRef>
        <RunTime>PT4M</RunTime>
      </JourneyPatternTimingLink>
      <JourneyPatternTimingLink id="JPL_20-46-A-y08-1-2-H-2-19">
        <From SequenceNumber="18">
          <Activity>pickUpAndSetDown</Activity>
          <StopPointRef>0500HYAXL037</StopPointRef>
          <TimingStatus>TIP</TimingStatus>
        </From>
        <To SequenceNumber="19">
          <Activity>pickUpAndSetDown</Activity>
          <StopPointRef>0500HYAXL033</StopPointRef>
          <TimingStatus>PTP</TimingStatus>
        </To>
        <RouteLinkRef>RL_20-46-A-y08-1-H-2-18</RouteLinkRef>
        <RunTime>PT1M</RunTime>
      </JourneyPatternTimingLink>
      <JourneyPatternTimingLink id="JPL_20-46-A-y08-1-2-H-2-20">
        <From SequenceNumber="19">
          <Activity>pickUpAndSetDown</Activity>
          <StopPointRef>0500HYAXL033</StopPointRef>
          <TimingStatus>PTP</TimingStatus>
        </From>
        <To SequenceNumber="20">
          <Activity>pickUpAndSetDown</Activity>
          <StopPointRef>0500HYAXL007</StopPointRef>
          <TimingStatus>TIP</TimingStatus>
        </To>
        <RouteLinkRef>RL_20-46-A-y08-1-H-2-19</RouteLinkRef>
        <RunTime>PT3M</RunTime>
      </JourneyPatternTimingLink>
      <JourneyPatternTimingLink id="JPL_20-46-A-y08-1-2-H-2-21">
        <From SequenceNumber="20">
          <Activity>pickUpAndSetDown</Activity>
          <StopPointRef>0500HYAXL007</StopPointRef>
          <TimingStatus>TIP</TimingStatus>
        </From>
        <To SequenceNumber="21">
          <Activity>pickUpAndSetDown</Activity>
          <StopPointRef>0500HFOLK002</StopPointRef>
          <TimingStatus>TIP</TimingStatus>
        </To>
        <RouteLinkRef>RL_20-46-A-y08-1-H-2-20</RouteLinkRef>
        <RunTime>PT1M</RunTime>
      </JourneyPatternTimingLink>
      <JourneyPatternTimingLink id="JPL_20-46-A-y08-1-2-H-2-22">
        <From SequenceNumber="21">
          <Activity>pickUpAndSetDown</Activity>
          <StopPointRef>0500HFOLK002</StopPointRef>
          <TimingStatus>TIP</TimingStatus>
        </From>
        <To SequenceNumber="22">
          <Activity>pickUpAndSetDown</Activity>
          <StopPointRef>0500HSTIL010</StopPointRef>
          <TimingStatus>TIP</TimingStatus>
        </To>
        <RouteLinkRef>RL_20-46-A-y08-1-H-2-21</RouteLinkRef>
        <RunTime>PT1M</RunTime>
      </JourneyPatternTimingLink>
      <JourneyPatternTimingLink id="JPL_20-46-A-y08-1-2-H-2-23">
        <From SequenceNumber="22">
          <Activity>pickUpAndSetDown</Activity>
          <StopPointRef>0500HSTIL010</StopPointRef>
          <TimingStatus>TIP</TimingStatus>
        </From>
        <To SequenceNumber="23">
          <Activity>pickUpAndSetDown</Activity>
          <StopPointRef>0500HSTIL007</StopPointRef>
          <TimingStatus>OTH</TimingStatus>
        </To>
        <RouteLinkRef>RL_20-46-A-y08-1-H-2-22</RouteLinkRef>
        <RunTime>PT0S</RunTime>
      </JourneyPatternTimingLink>
      <JourneyPatternTimingLink id="JPL_20-46-A-y08-1-2-H-2-24">
        <From SequenceNumber="23">
          <Activity>pickUpAndSetDown</Activity>
          <StopPointRef>0500HSTIL007</StopPointRef>
          <TimingStatus>OTH</TimingStatus>
        </From>
        <To SequenceNumber="24">
          <Activity>pickUpAndSetDown</Activity>
          <StopPointRef>0500HSTIL006</StopPointRef>
          <TimingStatus>OTH</TimingStatus>
        </To>
        <RouteLinkRef>RL_20-46-A-y08-1-H-2-23</RouteLinkRef>
        <RunTime>PT1M</RunTime>
      </JourneyPatternTimingLink>
      <JourneyPatternTimingLink id="JPL_20-46-A-y08-1-2-H-2-25">
        <From SequenceNumber="24">
          <Activity>pickUpAndSetDown</Activity>
          <StopPointRef>0500HSTIL006</StopPointRef>
          <TimingStatus>OTH</TimingStatus>
        </From>
        <To SequenceNumber="25">
          <Activity>pickUpAndSetDown</Activity>
          <StopPointRef>0500HSTIL008</StopPointRef>
          <TimingStatus>PTP</TimingStatus>
        </To>
        <RouteLinkRef>RL_20-46-A-y08-1-H-2-24</RouteLinkRef>
        <RunTime>PT1M</RunTime>
      </JourneyPatternTimingLink>
      <JourneyPatternTimingLink id="JPL_20-46-A-y08-1-2-H-2-26">
        <From SequenceNumber="25">
          <Activity>pickUpAndSetDown</Activity>
          <StopPointRef>0500HSTIL008</StopPointRef>
          <TimingStatus>PTP</TimingStatus>
        </From>
        <To SequenceNumber="26">
          <Activity>pickUpAndSetDown</Activity>
          <StopPointRef>0500HSTIL001</StopPointRef>
          <TimingStatus>OTH</TimingStatus>
        </To>
        <RouteLinkRef>RL_20-46-A-y08-1-H-2-25</RouteLinkRef>
        <RunTime>PT0S</RunTime>
      </JourneyPatternTimingLink>
      <JourneyPatternTimingLink id="JPL_20-46-A-y08-1-2-H-2-27">
        <From SequenceNumber="26">
          <Activity>pickUpAndSetDown</Activity>
          <StopPointRef>0500HSTIL001</StopPointRef>
          <TimingStatus>OTH</TimingStatus>
        </From>
        <To SequenceNumber="27">
          <Activity>pickUpAndSetDown</Activity>
          <StopPointRef>0500HSTIL012</StopPointRef>
          <TimingStatus>OTH</TimingStatus>
        </To>
        <RouteLinkRef>RL_20-46-A-y08-1-H-2-26</RouteLinkRef>
        <RunTime>PT0S</RunTime>
      </JourneyPatternTimingLink>
      <JourneyPatternTimingLink id="JPL_20-46-A-y08-1-2-H-2-28">
        <From SequenceNumber="27">
          <Activity>pickUpAndSetDown</Activity>
          <StopPointRef>0500HSTIL012</StopPointRef>
          <TimingStatus>OTH</TimingStatus>
        </From>
        <To SequenceNumber="28">
          <Activity>pickUpAndSetDown</Activity>
          <StopPointRef>0500HSTIL009</StopPointRef>
          <TimingStatus>OTH</TimingStatus>
        </To>
        <RouteLinkRef>RL_20-46-A-y08-1-H-2-27</RouteLinkRef>
        <RunTime>PT0S</RunTime>
      </JourneyPatternTimingLink>
      <JourneyPatternTimingLink id="JPL_20-46-A-y08-1-2-H-2-29">
        <From SequenceNumber="28">
          <Activity>pickUpAndSetDown</Activity>
          <StopPointRef>0500HSTIL009</StopPointRef>
          <TimingStatus>OTH</TimingStatus>
        </From>
        <To SequenceNumber="29">
          <Activity>pickUpAndSetDown</Activity>
          <StopPointRef>0500HSTIL003</StopPointRef>
          <TimingStatus>TIP</TimingStatus>
        </To>
        <RouteLinkRef>RL_20-46-A-y08-1-H-2-28</RouteLinkRef>
        <RunTime>PT1M</RunTime>
      </JourneyPatternTimingLink>
      <JourneyPatternTimingLink id="JPL_20-46-A-y08-1-2-H-2-30">
        <From SequenceNumber="29">
          <Activity>pickUpAndSetDown</Activity>
          <StopPointRef>0500HSTIL003</StopPointRef>
          <TimingStatus>TIP</TimingStatus>
        </From>
        <To SequenceNumber="30">
          <Activity>pickUpAndSetDown</Activity>
          <StopPointRef>0500HGLAT005</StopPointRef>
          <TimingStatus>TIP</TimingStatus>
        </To>
        <RouteLinkRef>RL_20-46-A-y08-1-H-2-29</RouteLinkRef>
        <RunTime>PT5M</RunTime>
      </JourneyPatternTimingLink>
      <JourneyPatternTimingLink id="JPL_20-46-A-y08-1-2-H-2-31">
        <From SequenceNumber="30">
          <Activity>pickUpAndSetDown</Activity>
          <StopPointRef>0500HGLAT005</StopPointRef>
          <TimingStatus>TIP</TimingStatus>
        </From>
        <To SequenceNumber="31">
          <Activity>pickUpAndSetDown</Activity>
          <StopPointRef>0500HCONN003</StopPointRef>
          <TimingStatus>TIP</TimingStatus>
        </To>
        <RouteLinkRef>RL_20-46-A-y08-1-H-2-30</RouteLinkRef>
        <RunTime>PT2M</RunTime>
      </JourneyPatternTimingLink>
      <JourneyPatternTimingLink id="JPL_20-46-A-y08-1-2-H-2-32">
        <From SequenceNumber="31">
          <Activity>pickUpAndSetDown</Activity>
          <StopPointRef>0500HCONN003</StopPointRef>
          <TimingStatus>TIP</TimingStatus>
        </From>
        <To SequenceNumber="32">
          <Activity>pickUpAndSetDown</Activity>
          <StopPointRef>0500HSAWT010</StopPointRef>
          <TimingStatus>TIP</TimingStatus>
        </To>
        <RouteLinkRef>RL_20-46-A-y08-1-H-2-31</RouteLinkRef>
        <RunTime>PT5M</RunTime>
      </JourneyPatternTimingLink>
      <JourneyPatternTimingLink id="JPL_20-46-A-y08-1-2-H-2-33">
        <From SequenceNumber="32">
          <Activity>pickUpAndSetDown</Activity>
          <StopPointRef>0500HSAWT010</StopPointRef>
          <TimingStatus>TIP</TimingStatus>
        </From>
        <To SequenceNumber="33">
          <Activity>setDown</Activity>
          <StopPointRef>0500HSAWT005</StopPointRef>
          <TimingStatus>PTP</TimingStatus>
        </To>
        <RouteLinkRef>RL_20-46-A-y08-1-H-2-32</RouteLinkRef>
        <RunTime>PT2M</RunTime>
      </JourneyPatternTimingLink>
    </JourneyPatternSection>
  </JourneyPatternSections>
  <Operators>
    <Operator id="OId_SCPB">
      <NationalOperatorCode>SCPB</NationalOperatorCode>
      <OperatorCode>SCPB</OperatorCode>
      <OperatorShortName>Stagecoach in Peterboro</OperatorShortName>
      <OperatorNameOnLicence>Stagecoach in Peterborough</OperatorNameOnLicence>
      <TradingName>Stagecoach in Peterborough</TradingName>
    </Operator>
  </Operators>
  <Services>
    <Service>
      <ServiceCode>20-46-A-y08-1</ServiceCode>
      <PrivateCode>20-46-A-y08-1</PrivateCode>
      <Lines>
        <Line id="20-46-A-y08-1">
          <LineName>46</LineName>
        </Line>
      </Lines>
      <OperatingPeriod>
        <StartDate>2019-11-05</StartDate>
        <EndDate>2020-05-08</EndDate>
      </OperatingPeriod>
      <OperatingProfile>
        <RegularDayType>
          <DaysOfWeek>
            <MondayToFriday />
          </DaysOfWeek>
        </RegularDayType>
        <SpecialDaysOperation>
          <DaysOfNonOperation>
            <DateRange>
              <StartDate>2019-12-24</StartDate>
              <EndDate>2019-12-24</EndDate>
            </DateRange>
            <DateRange>
              <StartDate>2019-12-27</StartDate>
              <EndDate>2019-12-27</EndDate>
            </DateRange>
            <DateRange>
              <StartDate>2019-12-30</StartDate>
              <EndDate>2019-12-31</EndDate>
            </DateRange>
          </DaysOfNonOperation>
        </SpecialDaysOperation>
        <BankHolidayOperation>
          <DaysOfNonOperation>
            <ChristmasDay />
            <BoxingDay />
            <GoodFriday />
            <NewYearsDay />
            <MayDay />
            <EasterMonday />
          </DaysOfNonOperation>
        </BankHolidayOperation>
      </OperatingProfile>
      <VehicleType>
        <VehicleEquipment>
          <AccessVehicleEquipment>
            <LowFloor>true</LowFloor>
            <Ramp>true</Ramp>
          </AccessVehicleEquipment>
          <WheelchairVehicleEquipment>
            <SuitableFor>wheelchair</SuitableFor>
          </WheelchairVehicleEquipment>
        </VehicleEquipment>
        <WheelchairAccessible>true</WheelchairAccessible>
      </VehicleType>
      <RegisteredOperatorRef>OId_SCPB</RegisteredOperatorRef>
      <StopRequirements>
        <NoNewStopsRequired />
      </StopRequirements>
      <Mode>bus</Mode>
      <Description>Peterborough - Yaxley - Stilton - Sawtry</Description>
      <StandardService>
        <Origin>Queensgate Bus Station</Origin>
        <Destination>Tinkers Lane</Destination>
        <JourneyPattern id="JP_20-46-A-y08-1-1-R-1">
          <Direction>inbound</Direction>
          <RouteRef>R_20-46-A-y08-1-R-1</RouteRef>
          <JourneyPatternSectionRefs>JPS_20-46-A-y08-1-1-1-R</JourneyPatternSectionRefs>
        </JourneyPattern>
        <JourneyPattern id="JP_20-46-A-y08-1-2-H-2">
          <Direction>outbound</Direction>
          <RouteRef>R_20-46-A-y08-1-H-2</RouteRef>
          <JourneyPatternSectionRefs>JPS_20-46-A-y08-1-2-2-H</JourneyPatternSectionRefs>
        </JourneyPattern>
      </StandardService>
    </Service>
  </Services>
  <VehicleJourneys>
    <VehicleJourney>
      <PrivateCode>ea-20-46-A-y08-1-1-T0</PrivateCode>
      <OperatingProfile>
        <RegularDayType>
          <DaysOfWeek>
            <MondayToFriday />
          </DaysOfWeek>
        </RegularDayType>
        <SpecialDaysOperation>
          <DaysOfNonOperation>
            <DateRange>
              <StartDate>2019-12-19</StartDate>
              <EndDate>2019-12-19</EndDate>
            </DateRange>
            <DateRange>
              <StartDate>2019-12-20</StartDate>
              <EndDate>2019-12-20</EndDate>
            </DateRange>
            <DateRange>
              <StartDate>2020-01-02</StartDate>
              <EndDate>2020-01-02</EndDate>
            </DateRange>
            <DateRange>
              <StartDate>2020-01-03</StartDate>
              <EndDate>2020-01-03</EndDate>
            </DateRange>
            <DateRange>
              <StartDate>2020-02-17</StartDate>
              <EndDate>2020-02-21</EndDate>
            </DateRange>
            <DateRange>
              <StartDate>2019-12-24</StartDate>
              <EndDate>2019-12-24</EndDate>
            </DateRange>
            <DateRange>
              <StartDate>2019-12-27</StartDate>
              <EndDate>2019-12-27</EndDate>
            </DateRange>
            <DateRange>
              <StartDate>2019-12-30</StartDate>
              <EndDate>2019-12-31</EndDate>
            </DateRange>
          </DaysOfNonOperation>
        </SpecialDaysOperation>
        <BankHolidayOperation>
          <DaysOfNonOperation>
            <ChristmasDay />
            <BoxingDay />
            <GoodFriday />
            <NewYearsDay />
            <MayDay />
            <EasterMonday />
          </DaysOfNonOperation>
        </BankHolidayOperation>
      </OperatingProfile>
      <VehicleJourneyCode>VJ_20-46-A-y08-1-1-T0</VehicleJourneyCode>
      <ServiceRef>20-46-A-y08-1</ServiceRef>
      <LineRef>20-46-A-y08-1</LineRef>
      <JourneyPatternRef>JP_20-46-A-y08-1-1-R-1</JourneyPatternRef>
      <Note>
        <NoteCode>SchO</NoteCode>
        <NoteText>Runs Mon-Fri when schools are open</NoteText>
      </Note>
      <DepartureTime>15:22:00</DepartureTime>
    </VehicleJourney>
    <VehicleJourney>
      <PrivateCode>ea-20-46-A-y08-1-2-T0</PrivateCode>
      <OperatingProfile>
        <RegularDayType>
          <DaysOfWeek>
            <MondayToFriday />
          </DaysOfWeek>
        </RegularDayType>
        <SpecialDaysOperation>
          <DaysOfNonOperation>
            <DateRange>
              <StartDate>2019-12-19</StartDate>
              <EndDate>2019-12-19</EndDate>
            </DateRange>
            <DateRange>
              <StartDate>2019-12-20</StartDate>
              <EndDate>2019-12-20</EndDate>
            </DateRange>
            <DateRange>
              <StartDate>2020-01-02</StartDate>
              <EndDate>2020-01-02</EndDate>
            </DateRange>
            <DateRange>
              <StartDate>2020-01-03</StartDate>
              <EndDate>2020-01-03</EndDate>
            </DateRange>
            <DateRange>
              <StartDate>2020-02-17</StartDate>
              <EndDate>2020-02-21</EndDate>
            </DateRange>
            <DateRange>
              <StartDate>2019-12-24</StartDate>
              <EndDate>2019-12-24</EndDate>
            </DateRange>
            <DateRange>
              <StartDate>2019-12-27</StartDate>
              <EndDate>2019-12-27</EndDate>
            </DateRange>
            <DateRange>
              <StartDate>2019-12-30</StartDate>
              <EndDate>2019-12-31</EndDate>
            </DateRange>
          </DaysOfNonOperation>
        </SpecialDaysOperation>
        <BankHolidayOperation>
          <DaysOfNonOperation>
            <ChristmasDay />
            <BoxingDay />
            <GoodFriday />
            <NewYearsDay />
            <MayDay />
            <EasterMonday />
          </DaysOfNonOperation>
        </BankHolidayOperation>
      </OperatingProfile>
      <VehicleJourneyCode>VJ_20-46-A-y08-1-2-T0</VehicleJourneyCode>
      <ServiceRef>20-46-A-y08-1</ServiceRef>
      <LineRef>20-46-A-y08-1</LineRef>
      <JourneyPatternRef>JP_20-46-A-y08-1-2-H-2</JourneyPatternRef>
      <Note>
        <NoteCode>SchO</NoteCode>
        <NoteText>Runs Mon-Fri when schools are open</NoteText>
      </Note>
      <DepartureTime>07:30:00</DepartureTime>
    </VehicleJourney>
  </VehicleJourneys>
</TransXChange>