<?xml version="1.0" encoding="utf-8"?>
<TransXChange xmlns:xsi="http://www.w3.org/2001/XMLSchema-instance" xmlns:xsd="http://www.w3.org/2001/XMLSchema" xsi:schemaLocation="http://www.transxchange.org.uk/ http://www.transxchange.org.uk/schema/2.5/TransXChange_general.xsd" CreationDateTime="2019-11-07T16:02:40.1642Z" ModificationDateTime="2019-11-07T16:02:40.1642Z" Modification="new" RevisionNumber="3" FileName="ea_20-13C-_-y08-1.xml" SchemaVersion="2.5" RegistrationDocument="true" xmlns="http://www.transxchange.org.uk/">
  <StopPoints>
    <AnnotatedStopPointRef>
      <StopPointRef>390050230</StopPointRef>
      <CommonName>Bus Station</CommonName>
      <Indicator>Stand 1</Indicator>
      <LocalityName>Haverhill</LocalityName>
      <LocalityQualifier>Suffolk</LocalityQualifier>
    </AnnotatedStopPointRef>
    <AnnotatedStopPointRef>
      <StopPointRef>390050278</StopPointRef>
      <CommonName>Manor Farm Close</CommonName>
      <Indicator>opp</Indicator>
      <LocalityName>Haverhill</LocalityName>
      <LocalityQualifier>Suffolk</LocalityQualifier>
    </AnnotatedStopPointRef>
    <AnnotatedStopPointRef>
      <StopPointRef>390050276</StopPointRef>
      <CommonName>Helions Walk</CommonName>
      <Indicator>opp</Indicator>
      <LocalityName>Haverhill</LocalityName>
      <LocalityQualifier>Suffolk</LocalityQualifier>
    </AnnotatedStopPointRef>
    <AnnotatedStopPointRef>
      <StopPointRef>390050274</StopPointRef>
      <CommonName>Mill Hill</CommonName>
      <Indicator>opp</Indicator>
      <LocalityName>Haverhill</LocalityName>
      <LocalityQualifier>Suffolk</LocalityQualifier>
    </AnnotatedStopPointRef>
    <AnnotatedStopPointRef>
      <StopPointRef>390050272</StopPointRef>
      <CommonName>Cornwallis Road</CommonName>
      <Indicator>opp</Indicator>
      <LocalityName>Haverhill</LocalityName>
      <LocalityQualifier>Suffolk</LocalityQualifier>
    </AnnotatedStopPointRef>
    <AnnotatedStopPointRef>
      <StopPointRef>390050271</StopPointRef>
      <CommonName>Gloucester Road</CommonName>
      <Indicator>opp</Indicator>
      <LocalityName>Haverhill</LocalityName>
      <LocalityQualifier>Suffolk</LocalityQualifier>
    </AnnotatedStopPointRef>
    <AnnotatedStopPointRef>
      <StopPointRef>390050269</StopPointRef>
      <CommonName>Nayland Road</CommonName>
      <Indicator>adj</Indicator>
      <LocalityName>Haverhill</LocalityName>
      <LocalityQualifier>Suffolk</LocalityQualifier>
    </AnnotatedStopPointRef>
    <AnnotatedStopPointRef>
      <StopPointRef>390050267</StopPointRef>
      <CommonName>Headland Avenue</CommonName>
      <Indicator>adj</Indicator>
      <LocalityName>Haverhill</LocalityName>
      <LocalityQualifier>Suffolk</LocalityQualifier>
    </AnnotatedStopPointRef>
    <AnnotatedStopPointRef>
      <StopPointRef>390050243</StopPointRef>
      <CommonName>York Road</CommonName>
      <Indicator>adj</Indicator>
      <LocalityName>Haverhill</LocalityName>
      <LocalityQualifier>Suffolk</LocalityQualifier>
    </AnnotatedStopPointRef>
    <AnnotatedStopPointRef>
      <StopPointRef>390050240</StopPointRef>
      <CommonName>Hazel Close</CommonName>
      <Indicator>adj</Indicator>
      <LocalityName>Haverhill</LocalityName>
      <LocalityQualifier>Suffolk</LocalityQualifier>
    </AnnotatedStopPointRef>
    <AnnotatedStopPointRef>
      <StopPointRef>390050238</StopPointRef>
      <CommonName>Queensway</CommonName>
      <Indicator>o/s 58</Indicator>
      <LocalityName>Haverhill</LocalityName>
      <LocalityQualifier>Suffolk</LocalityQualifier>
    </AnnotatedStopPointRef>
    <AnnotatedStopPointRef>
      <StopPointRef>390050348</StopPointRef>
      <CommonName>Broadcroft Crescent</CommonName>
      <Indicator>opp</Indicator>
      <LocalityName>Haverhill</LocalityName>
      <LocalityQualifier>Suffolk</LocalityQualifier>
    </AnnotatedStopPointRef>
    <AnnotatedStopPointRef>
      <StopPointRef>390050349</StopPointRef>
      <CommonName>Beech Grove</CommonName>
      <Indicator>adj</Indicator>
      <LocalityName>Haverhill</LocalityName>
      <LocalityQualifier>Suffolk</LocalityQualifier>
    </AnnotatedStopPointRef>
    <AnnotatedStopPointRef>
      <StopPointRef>390050307</StopPointRef>
      <CommonName>Air Cadets</CommonName>
      <Indicator>adj</Indicator>
      <LocalityName>Haverhill</LocalityName>
      <LocalityQualifier>Suffolk</LocalityQualifier>
    </AnnotatedStopPointRef>
    <AnnotatedStopPointRef>
      <StopPointRef>390050292</StopPointRef>
      <CommonName>Trundley Close</CommonName>
      <Indicator>opp</Indicator>
      <LocalityName>Haverhill</LocalityName>
      <LocalityQualifier>Suffolk</LocalityQualifier>
    </AnnotatedStopPointRef>
    <AnnotatedStopPointRef>
      <StopPointRef>390050294</StopPointRef>
      <CommonName>Forest Glade</CommonName>
      <Indicator>adj</Indicator>
      <LocalityName>Haverhill</LocalityName>
      <LocalityQualifier>Suffolk</LocalityQualifier>
    </AnnotatedStopPointRef>
    <AnnotatedStopPointRef>
      <StopPointRef>390050296</StopPointRef>
      <CommonName>Ganwick Close</CommonName>
      <Indicator>adj</Indicator>
      <LocalityName>Haverhill</LocalityName>
      <LocalityQualifier>Suffolk</LocalityQualifier>
    </AnnotatedStopPointRef>
    <AnnotatedStopPointRef>
      <StopPointRef>390050298</StopPointRef>
      <CommonName>Blackmore Close</CommonName>
      <Indicator>adj</Indicator>
      <LocalityName>Haverhill</LocalityName>
      <LocalityQualifier>Suffolk</LocalityQualifier>
    </AnnotatedStopPointRef>
    <AnnotatedStopPointRef>
      <StopPointRef>390050300</StopPointRef>
      <CommonName>Arrendene Road</CommonName>
      <Indicator>o/s 20</Indicator>
      <LocalityName>Haverhill</LocalityName>
      <LocalityQualifier>Suffolk</LocalityQualifier>
    </AnnotatedStopPointRef>
    <AnnotatedStopPointRef>
      <StopPointRef>390050306</StopPointRef>
      <CommonName>Howe Road</CommonName>
      <Indicator>opp</Indicator>
      <LocalityName>Haverhill</LocalityName>
      <LocalityQualifier>Suffolk</LocalityQualifier>
    </AnnotatedStopPointRef>
    <AnnotatedStopPointRef>
      <StopPointRef>390050303</StopPointRef>
      <CommonName>The Links</CommonName>
      <Indicator>opp</Indicator>
      <LocalityName>Haverhill</LocalityName>
      <LocalityQualifier>Suffolk</LocalityQualifier>
    </AnnotatedStopPointRef>
    <AnnotatedStopPointRef>
      <StopPointRef>390050220</StopPointRef>
      <CommonName>Sainsburys</CommonName>
      <Indicator>adj</Indicator>
      <LocalityName>Haverhill</LocalityName>
      <LocalityQualifier>Suffolk</LocalityQualifier>
    </AnnotatedStopPointRef>
    <AnnotatedStopPointRef>
      <StopPointRef>0500SHORS002</StopPointRef>
      <CommonName>Horseheath Green</CommonName>
      <Indicator>nr</Indicator>
      <LocalityName>Cardinal's Green</LocalityName>
      <LocalityQualifier>Cambridgeshire</LocalityQualifier>
    </AnnotatedStopPointRef>
    <AnnotatedStopPointRef>
      <StopPointRef>0500SHORS006</StopPointRef>
      <CommonName>The Old Nursery</CommonName>
      <Indicator>o/s</Indicator>
      <LocalityName>Horseheath</LocalityName>
      <LocalityQualifier>Cambridgeshire</LocalityQualifier>
    </AnnotatedStopPointRef>
    <AnnotatedStopPointRef>
      <StopPointRef>0500SHORS004</StopPointRef>
      <CommonName>Cricket Ground</CommonName>
      <Indicator>o/s</Indicator>
      <LocalityName>Horseheath</LocalityName>
      <LocalityQualifier>Cambridgeshire</LocalityQualifier>
    </AnnotatedStopPointRef>
    <AnnotatedStopPointRef>
      <StopPointRef>0500SHORS005</StopPointRef>
      <CommonName>West Wickham Road</CommonName>
      <Indicator>opp</Indicator>
      <LocalityName>Horseheath</LocalityName>
      <LocalityQualifier>Cambridgeshire</LocalityQualifier>
    </AnnotatedStopPointRef>
    <AnnotatedStopPointRef>
      <StopPointRef>0500SLINT005</StopPointRef>
      <CommonName>The Ridgeway</CommonName>
      <Indicator>opp</Indicator>
      <LocalityName>Linton (Cambs)</LocalityName>
      <LocalityQualifier>Cambridgeshire</LocalityQualifier>
    </AnnotatedStopPointRef>
    <AnnotatedStopPointRef>
      <StopPointRef>0500SLINT003</StopPointRef>
      <CommonName>Bakers Lane</CommonName>
      <Indicator>opp</Indicator>
      <LocalityName>Linton (Cambs)</LocalityName>
      <LocalityQualifier>Cambridgeshire</LocalityQualifier>
    </AnnotatedStopPointRef>
    <AnnotatedStopPointRef>
      <StopPointRef>0500SLINT012</StopPointRef>
      <CommonName>Parsonage Way</CommonName>
      <Indicator>opp</Indicator>
      <LocalityName>Linton (Cambs)</LocalityName>
      <LocalityQualifier>Cambridgeshire</LocalityQualifier>
    </AnnotatedStopPointRef>
    <AnnotatedStopPointRef>
      <StopPointRef>0500SLINT011</StopPointRef>
      <CommonName>Hillway</CommonName>
      <Indicator>opp</Indicator>
      <LocalityName>Linton (Cambs)</LocalityName>
      <LocalityQualifier>Cambridgeshire</LocalityQualifier>
    </AnnotatedStopPointRef>
    <AnnotatedStopPointRef>
      <StopPointRef>0500SLINT007</StopPointRef>
      <CommonName>High Street</CommonName>
      <Indicator>opp</Indicator>
      <LocalityName>Linton (Cambs)</LocalityName>
      <LocalityQualifier>Cambridgeshire</LocalityQualifier>
    </AnnotatedStopPointRef>
    <AnnotatedStopPointRef>
      <StopPointRef>0500SLINT013</StopPointRef>
      <CommonName>Linton Village Coll forecourt</CommonName>
      <Indicator>in</Indicator>
      <LocalityName>Linton (Cambs)</LocalityName>
      <LocalityQualifier>Cambridgeshire</LocalityQualifier>
    </AnnotatedStopPointRef>
    <AnnotatedStopPointRef>
      <StopPointRef>0500SHILD002</StopPointRef>
      <CommonName>High Street</CommonName>
      <Indicator>opp</Indicator>
      <LocalityName>Hildersham</LocalityName>
      <LocalityQualifier>Cambridgeshire</LocalityQualifier>
    </AnnotatedStopPointRef>
    <AnnotatedStopPointRef>
      <StopPointRef>0500SGREA005</StopPointRef>
      <CommonName>High Street</CommonName>
      <Indicator>opp</Indicator>
      <LocalityName>Great Abington</LocalityName>
      <LocalityQualifier>Cambridgeshire</LocalityQualifier>
    </AnnotatedStopPointRef>
    <AnnotatedStopPointRef>
      <StopPointRef>0500SGREA003</StopPointRef>
      <CommonName>Magna Close</CommonName>
      <Indicator>opp</Indicator>
      <LocalityName>Great Abington</LocalityName>
      <LocalityQualifier>Cambridgeshire</LocalityQualifier>
    </AnnotatedStopPointRef>
    <AnnotatedStopPointRef>
      <StopPointRef>0500SGREA001</StopPointRef>
      <CommonName>Linton Road</CommonName>
      <Indicator>opp</Indicator>
      <LocalityName>Great Abington</LocalityName>
      <LocalityQualifier>Cambridgeshire</LocalityQualifier>
    </AnnotatedStopPointRef>
    <AnnotatedStopPointRef>
      <StopPointRef>0500SLITA003</StopPointRef>
      <CommonName>High Street</CommonName>
      <Indicator>o/s 32</Indicator>
      <LocalityName>Little Abington</LocalityName>
      <LocalityQualifier>Cambridgeshire</LocalityQualifier>
    </AnnotatedStopPointRef>
    <AnnotatedStopPointRef>
      <StopPointRef>0500SLITA002</StopPointRef>
      <CommonName>Cambridge Road</CommonName>
      <Indicator>o/s 37</Indicator>
      <LocalityName>Little Abington</LocalityName>
      <LocalityQualifier>Cambridgeshire</LocalityQualifier>
    </AnnotatedStopPointRef>
    <AnnotatedStopPointRef>
      <StopPointRef>0500SBABR003</StopPointRef>
      <CommonName>High Street</CommonName>
      <Indicator>nr</Indicator>
      <LocalityName>Babraham</LocalityName>
      <LocalityQualifier>Cambridgeshire</LocalityQualifier>
    </AnnotatedStopPointRef>
    <AnnotatedStopPointRef>
      <StopPointRef>0500SBABR004</StopPointRef>
      <CommonName>Cambridge Lodge</CommonName>
      <Indicator>nr</Indicator>
      <LocalityName>Babraham</LocalityName>
      <LocalityQualifier>Cambridgeshire</LocalityQualifier>
    </AnnotatedStopPointRef>
    <AnnotatedStopPointRef>
      <StopPointRef>0500SSTAP007</StopPointRef>
      <CommonName>Fort</CommonName>
      <Indicator>opp</Indicator>
      <LocalityName>Wandlebury</LocalityName>
      <LocalityQualifier>Cambridgeshire</LocalityQualifier>
    </AnnotatedStopPointRef>
    <AnnotatedStopPointRef>
      <StopPointRef>0500CCITY081</StopPointRef>
      <CommonName>Red Cross Lane</CommonName>
      <Indicator>nr</Indicator>
      <LocalityName>Cambridge (Cambs)</LocalityName>
      <LocalityQualifier>Cambridgeshire</LocalityQualifier>
    </AnnotatedStopPointRef>
    <AnnotatedStopPointRef>
      <StopPointRef>0500CCITY294</StopPointRef>
      <CommonName>Hospital Bus Station</CommonName>
      <Indicator>Bay A</Indicator>
      <LocalityName>Addenbrooke's</LocalityName>
      <LocalityQualifier>Cambridgeshire</LocalityQualifier>
    </AnnotatedStopPointRef>
    <AnnotatedStopPointRef>
      <StopPointRef>0500CCITY049</StopPointRef>
      <CommonName>Long Road</CommonName>
      <Indicator>nr</Indicator>
      <LocalityName>Cambridge (Cambs)</LocalityName>
      <LocalityQualifier>Cambridgeshire</LocalityQualifier>
    </AnnotatedStopPointRef>
    <AnnotatedStopPointRef>
      <StopPointRef>0500CCITY059</StopPointRef>
      <CommonName>Perse School</CommonName>
      <Indicator>nr</Indicator>
      <LocalityName>Cambridge (Cambs)</LocalityName>
      <LocalityQualifier>Cambridgeshire</LocalityQualifier>
    </AnnotatedStopPointRef>
    <AnnotatedStopPointRef>
      <StopPointRef>0500CCITY064</StopPointRef>
      <CommonName>Blinco Grove</CommonName>
      <Indicator>opp</Indicator>
      <LocalityName>Cambridge (Cambs)</LocalityName>
      <LocalityQualifier>Cambridgeshire</LocalityQualifier>
    </AnnotatedStopPointRef>
    <AnnotatedStopPointRef>
      <StopPointRef>0500CCITY063</StopPointRef>
      <CommonName>Hills Road 6th Form College</CommonName>
      <Indicator>o/s</Indicator>
      <LocalityName>Cambridge (Cambs)</LocalityName>
      <LocalityQualifier>Cambridgeshire</LocalityQualifier>
    </AnnotatedStopPointRef>
    <AnnotatedStopPointRef>
      <StopPointRef>0500CCITY035</StopPointRef>
      <CommonName>Botanic Gardens</CommonName>
      <Indicator>o/s</Indicator>
      <LocalityName>Cambridge (Cambs)</LocalityName>
      <LocalityQualifier>Cambridgeshire</LocalityQualifier>
    </AnnotatedStopPointRef>
    <AnnotatedStopPointRef>
      <StopPointRef>0500CCITY201</StopPointRef>
      <CommonName>Hills Road</CommonName>
      <Indicator>NW-bound</Indicator>
      <LocalityName>Cambridge (Cambs)</LocalityName>
      <LocalityQualifier>Cambridgeshire</LocalityQualifier>
    </AnnotatedStopPointRef>
    <AnnotatedStopPointRef>
      <StopPointRef>0500CCITY222</StopPointRef>
      <CommonName>St Paul's Road</CommonName>
      <Indicator>opp</Indicator>
      <LocalityName>Cambridge (Cambs)</LocalityName>
      <LocalityQualifier>Cambridgeshire</LocalityQualifier>
    </AnnotatedStopPointRef>
    <AnnotatedStopPointRef>
      <StopPointRef>0500CCITY321</StopPointRef>
      <CommonName>Downing College</CommonName>
      <Indicator>o/s</Indicator>
      <LocalityName>Cambridge (Cambs)</LocalityName>
      <LocalityQualifier>Cambridgeshire</LocalityQualifier>
    </AnnotatedStopPointRef>
    <AnnotatedStopPointRef>
      <StopPointRef>0500CCITY124</StopPointRef>
      <CommonName>Drummer St Bus Station</CommonName>
      <Indicator>Bay 8</Indicator>
      <LocalityName>Cambridge (Cambs)</LocalityName>
      <LocalityQualifier>Cambridgeshire</LocalityQualifier>
    </AnnotatedStopPointRef>
  </StopPoints>
  <RouteSections>
    <RouteSection id="RS_20-13C-_-y08-1-R-1">
      <RouteLink id="RL_20-13C-_-y08-1-R-1-1">
        <From>
          <StopPointRef>390050230</StopPointRef>
        </From>
        <To>
          <StopPointRef>390050278</StopPointRef>
        </To>
        <Direction>inbound</Direction>
      </RouteLink>
      <RouteLink id="RL_20-13C-_-y08-1-R-1-2">
        <From>
          <StopPointRef>390050278</StopPointRef>
        </From>
        <To>
          <StopPointRef>390050276</StopPointRef>
        </To>
        <Direction>inbound</Direction>
      </RouteLink>
      <RouteLink id="RL_20-13C-_-y08-1-R-1-3">
        <From>
          <StopPointRef>390050276</StopPointRef>
        </From>
        <To>
          <StopPointRef>390050274</StopPointRef>
        </To>
        <Direction>inbound</Direction>
      </RouteLink>
      <RouteLink id="RL_20-13C-_-y08-1-R-1-4">
        <From>
          <StopPointRef>390050274</StopPointRef>
        </From>
        <To>
          <StopPointRef>390050272</StopPointRef>
        </To>
        <Direction>inbound</Direction>
      </RouteLink>
      <RouteLink id="RL_20-13C-_-y08-1-R-1-5">
        <From>
          <StopPointRef>390050272</StopPointRef>
        </From>
        <To>
          <StopPointRef>390050271</StopPointRef>
        </To>
        <Direction>inbound</Direction>
      </RouteLink>
      <RouteLink id="RL_20-13C-_-y08-1-R-1-6">
        <From>
          <StopPointRef>390050271</StopPointRef>
        </From>
        <To>
          <StopPointRef>390050269</StopPointRef>
        </To>
        <Direction>inbound</Direction>
      </RouteLink>
      <RouteLink id="RL_20-13C-_-y08-1-R-1-7">
        <From>
          <StopPointRef>390050269</StopPointRef>
        </From>
        <To>
          <StopPointRef>390050267</StopPointRef>
        </To>
        <Direction>inbound</Direction>
      </RouteLink>
      <RouteLink id="RL_20-13C-_-y08-1-R-1-8">
        <From>
          <StopPointRef>390050267</StopPointRef>
        </From>
        <To>
          <StopPointRef>390050243</StopPointRef>
        </To>
        <Direction>inbound</Direction>
      </RouteLink>
      <RouteLink id="RL_20-13C-_-y08-1-R-1-9">
        <From>
          <StopPointRef>390050243</StopPointRef>
        </From>
        <To>
          <StopPointRef>390050240</StopPointRef>
        </To>
        <Direction>inbound</Direction>
      </RouteLink>
      <RouteLink id="RL_20-13C-_-y08-1-R-1-10">
        <From>
          <StopPointRef>390050240</StopPointRef>
        </From>
        <To>
          <StopPointRef>390050238</StopPointRef>
        </To>
        <Direction>inbound</Direction>
      </RouteLink>
      <RouteLink id="RL_20-13C-_-y08-1-R-1-11">
        <From>
          <StopPointRef>390050238</StopPointRef>
        </From>
        <To>
          <StopPointRef>390050348</StopPointRef>
        </To>
        <Direction>inbound</Direction>
      </RouteLink>
      <RouteLink id="RL_20-13C-_-y08-1-R-1-12">
        <From>
          <StopPointRef>390050348</StopPointRef>
        </From>
        <To>
          <StopPointRef>390050349</StopPointRef>
        </To>
        <Direction>inbound</Direction>
      </RouteLink>
      <RouteLink id="RL_20-13C-_-y08-1-R-1-13">
        <From>
          <StopPointRef>390050349</StopPointRef>
        </From>
        <To>
          <StopPointRef>390050307</StopPointRef>
        </To>
        <Direction>inbound</Direction>
      </RouteLink>
      <RouteLink id="RL_20-13C-_-y08-1-R-1-14">
        <From>
          <StopPointRef>390050307</StopPointRef>
        </From>
        <To>
          <StopPointRef>390050292</StopPointRef>
        </To>
        <Direction>inbound</Direction>
      </RouteLink>
      <RouteLink id="RL_20-13C-_-y08-1-R-1-15">
        <From>
          <StopPointRef>390050292</StopPointRef>
        </From>
        <To>
          <StopPointRef>390050294</StopPointRef>
        </To>
        <Direction>inbound</Direction>
      </RouteLink>
      <RouteLink id="RL_20-13C-_-y08-1-R-1-16">
        <From>
          <StopPointRef>390050294</StopPointRef>
        </From>
        <To>
          <StopPointRef>390050296</StopPointRef>
        </To>
        <Direction>inbound</Direction>
      </RouteLink>
      <RouteLink id="RL_20-13C-_-y08-1-R-1-17">
        <From>
          <StopPointRef>390050296</StopPointRef>
        </From>
        <To>
          <StopPointRef>390050298</StopPointRef>
        </To>
        <Direction>inbound</Direction>
      </RouteLink>
      <RouteLink id="RL_20-13C-_-y08-1-R-1-18">
        <From>
          <StopPointRef>390050298</StopPointRef>
        </From>
        <To>
          <StopPointRef>390050300</StopPointRef>
        </To>
        <Direction>inbound</Direction>
      </RouteLink>
      <RouteLink id="RL_20-13C-_-y08-1-R-1-19">
        <From>
          <StopPointRef>390050300</StopPointRef>
        </From>
        <To>
          <StopPointRef>390050306</StopPointRef>
        </To>
        <Direction>inbound</Direction>
      </RouteLink>
      <RouteLink id="RL_20-13C-_-y08-1-R-1-20">
        <From>
          <StopPointRef>390050306</StopPointRef>
        </From>
        <To>
          <StopPointRef>390050303</StopPointRef>
        </To>
        <Direction>inbound</Direction>
      </RouteLink>
      <RouteLink id="RL_20-13C-_-y08-1-R-1-21">
        <From>
          <StopPointRef>390050303</StopPointRef>
        </From>
        <To>
          <StopPointRef>390050220</StopPointRef>
        </To>
        <Direction>inbound</Direction>
      </RouteLink>
      <RouteLink id="RL_20-13C-_-y08-1-R-1-22">
        <From>
          <StopPointRef>390050220</StopPointRef>
        </From>
        <To>
          <StopPointRef>0500SHORS002</StopPointRef>
        </To>
        <Direction>inbound</Direction>
      </RouteLink>
      <RouteLink id="RL_20-13C-_-y08-1-R-1-23">
        <From>
          <StopPointRef>0500SHORS002</StopPointRef>
        </From>
        <To>
          <StopPointRef>0500SHORS006</StopPointRef>
        </To>
        <Direction>inbound</Direction>
      </RouteLink>
      <RouteLink id="RL_20-13C-_-y08-1-R-1-24">
        <From>
          <StopPointRef>0500SHORS006</StopPointRef>
        </From>
        <To>
          <StopPointRef>0500SHORS004</StopPointRef>
        </To>
        <Direction>inbound</Direction>
      </RouteLink>
      <RouteLink id="RL_20-13C-_-y08-1-R-1-25">
        <From>
          <StopPointRef>0500SHORS004</StopPointRef>
        </From>
        <To>
          <StopPointRef>0500SHORS005</StopPointRef>
        </To>
        <Direction>inbound</Direction>
      </RouteLink>
      <RouteLink id="RL_20-13C-_-y08-1-R-1-26">
        <From>
          <StopPointRef>0500SHORS005</StopPointRef>
        </From>
        <To>
          <StopPointRef>0500SLINT005</StopPointRef>
        </To>
        <Direction>inbound</Direction>
      </RouteLink>
      <RouteLink id="RL_20-13C-_-y08-1-R-1-27">
        <From>
          <StopPointRef>0500SLINT005</StopPointRef>
        </From>
        <To>
          <StopPointRef>0500SLINT003</StopPointRef>
        </To>
        <Direction>inbound</Direction>
      </RouteLink>
      <RouteLink id="RL_20-13C-_-y08-1-R-1-28">
        <From>
          <StopPointRef>0500SLINT003</StopPointRef>
        </From>
        <To>
          <StopPointRef>0500SLINT012</StopPointRef>
        </To>
        <Direction>inbound</Direction>
      </RouteLink>
      <RouteLink id="RL_20-13C-_-y08-1-R-1-29">
        <From>
          <StopPointRef>0500SLINT012</StopPointRef>
        </From>
        <To>
          <StopPointRef>0500SLINT011</StopPointRef>
        </To>
        <Direction>inbound</Direction>
      </RouteLink>
      <RouteLink id="RL_20-13C-_-y08-1-R-1-30">
        <From>
          <StopPointRef>0500SLINT011</StopPointRef>
        </From>
        <To>
          <StopPointRef>0500SLINT007</StopPointRef>
        </To>
        <Direction>inbound</Direction>
      </RouteLink>
      <RouteLink id="RL_20-13C-_-y08-1-R-1-31">
        <From>
          <StopPointRef>0500SLINT007</StopPointRef>
        </From>
        <To>
          <StopPointRef>0500SLINT013</StopPointRef>
        </To>
        <Direction>inbound</Direction>
      </RouteLink>
      <RouteLink id="RL_20-13C-_-y08-1-R-1-32">
        <From>
          <StopPointRef>0500SLINT013</StopPointRef>
        </From>
        <To>
          <StopPointRef>0500SHILD002</StopPointRef>
        </To>
        <Direction>inbound</Direction>
      </RouteLink>
      <RouteLink id="RL_20-13C-_-y08-1-R-1-33">
        <From>
          <StopPointRef>0500SHILD002</StopPointRef>
        </From>
        <To>
          <StopPointRef>0500SGREA005</StopPointRef>
        </To>
        <Direction>inbound</Direction>
      </RouteLink>
      <RouteLink id="RL_20-13C-_-y08-1-R-1-34">
        <From>
          <StopPointRef>0500SGREA005</StopPointRef>
        </From>
        <To>
          <StopPointRef>0500SGREA003</StopPointRef>
        </To>
        <Direction>inbound</Direction>
      </RouteLink>
      <RouteLink id="RL_20-13C-_-y08-1-R-1-35">
        <From>
          <StopPointRef>0500SGREA003</StopPointRef>
        </From>
        <To>
          <StopPointRef>0500SGREA001</StopPointRef>
        </To>
        <Direction>inbound</Direction>
      </RouteLink>
      <RouteLink id="RL_20-13C-_-y08-1-R-1-36">
        <From>
          <StopPointRef>0500SGREA001</StopPointRef>
        </From>
        <To>
          <StopPointRef>0500SLITA003</StopPointRef>
        </To>
        <Direction>inbound</Direction>
      </RouteLink>
      <RouteLink id="RL_20-13C-_-y08-1-R-1-37">
        <From>
          <StopPointRef>0500SLITA003</StopPointRef>
        </From>
        <To>
          <StopPointRef>0500SLITA002</StopPointRef>
        </To>
        <Direction>inbound</Direction>
      </RouteLink>
      <RouteLink id="RL_20-13C-_-y08-1-R-1-38">
        <From>
          <StopPointRef>0500SLITA002</StopPointRef>
        </From>
        <To>
          <StopPointRef>0500SBABR003</StopPointRef>
        </To>
        <Direction>inbound</Direction>
      </RouteLink>
      <RouteLink id="RL_20-13C-_-y08-1-R-1-39">
        <From>
          <StopPointRef>0500SBABR003</StopPointRef>
        </From>
        <To>
          <StopPointRef>0500SBABR004</StopPointRef>
        </To>
        <Direction>inbound</Direction>
      </RouteLink>
      <RouteLink id="RL_20-13C-_-y08-1-R-1-40">
        <From>
          <StopPointRef>0500SBABR004</StopPointRef>
        </From>
        <To>
          <StopPointRef>0500SSTAP007</StopPointRef>
        </To>
        <Direction>inbound</Direction>
      </RouteLink>
      <RouteLink id="RL_20-13C-_-y08-1-R-1-41">
        <From>
          <StopPointRef>0500SSTAP007</StopPointRef>
        </From>
        <To>
          <StopPointRef>0500CCITY081</StopPointRef>
        </To>
        <Direction>inbound</Direction>
      </RouteLink>
      <RouteLink id="RL_20-13C-_-y08-1-R-1-42">
        <From>
          <StopPointRef>0500CCITY081</StopPointRef>
        </From>
        <To>
          <StopPointRef>0500CCITY294</StopPointRef>
        </To>
        <Direction>inbound</Direction>
      </RouteLink>
      <RouteLink id="RL_20-13C-_-y08-1-R-1-43">
        <From>
          <StopPointRef>0500CCITY294</StopPointRef>
        </From>
        <To>
          <StopPointRef>0500CCITY049</StopPointRef>
        </To>
        <Direction>inbound</Direction>
      </RouteLink>
      <RouteLink id="RL_20-13C-_-y08-1-R-1-44">
        <From>
          <StopPointRef>0500CCITY049</StopPointRef>
        </From>
        <To>
          <StopPointRef>0500CCITY059</StopPointRef>
        </To>
        <Direction>inbound</Direction>
      </RouteLink>
      <RouteLink id="RL_20-13C-_-y08-1-R-1-45">
        <From>
          <StopPointRef>0500CCITY059</StopPointRef>
        </From>
        <To>
          <StopPointRef>0500CCITY064</StopPointRef>
        </To>
        <Direction>inbound</Direction>
      </RouteLink>
      <RouteLink id="RL_20-13C-_-y08-1-R-1-46">
        <From>
          <StopPointRef>0500CCITY064</StopPointRef>
        </From>
        <To>
          <StopPointRef>0500CCITY063</StopPointRef>
        </To>
        <Direction>inbound</Direction>
      </RouteLink>
      <RouteLink id="RL_20-13C-_-y08-1-R-1-47">
        <From>
          <StopPointRef>0500CCITY063</StopPointRef>
        </From>
        <To>
          <StopPointRef>0500CCITY035</StopPointRef>
        </To>
        <Direction>inbound</Direction>
      </RouteLink>
      <RouteLink id="RL_20-13C-_-y08-1-R-1-48">
        <From>
          <StopPointRef>0500CCITY035</StopPointRef>
        </From>
        <To>
          <StopPointRef>0500CCITY201</StopPointRef>
        </To>
        <Direction>inbound</Direction>
      </RouteLink>
      <RouteLink id="RL_20-13C-_-y08-1-R-1-49">
        <From>
          <StopPointRef>0500CCITY201</StopPointRef>
        </From>
        <To>
          <StopPointRef>0500CCITY222</StopPointRef>
        </To>
        <Direction>inbound</Direction>
      </RouteLink>
      <RouteLink id="RL_20-13C-_-y08-1-R-1-50">
        <From>
          <StopPointRef>0500CCITY222</StopPointRef>
        </From>
        <To>
          <StopPointRef>0500CCITY321</StopPointRef>
        </To>
        <Direction>inbound</Direction>
      </RouteLink>
      <RouteLink id="RL_20-13C-_-y08-1-R-1-51">
        <From>
          <StopPointRef>0500CCITY321</StopPointRef>
        </From>
        <To>
          <StopPointRef>0500CCITY124</StopPointRef>
        </To>
        <Direction>inbound</Direction>
      </RouteLink>
    </RouteSection>
  </RouteSections>
  <Routes>
    <Route id="R_20-13C-_-y08-1-R-1">
      <PrivateCode>R_20-13C-_-y08-1-R-1</PrivateCode>
      <Description>Bus Station - Drummer St Bus Station</Description>
      <RouteSectionRef>RS_20-13C-_-y08-1-R-1</RouteSectionRef>
    </Route>
  </Routes>
  <JourneyPatternSections>
    <JourneyPatternSection id="JPS_20-13C-_-y08-1-1-1-R">
      <JourneyPatternTimingLink id="JPL_20-13C-_-y08-1-1-R-1-2">
        <From SequenceNumber="1">
          <Activity>pickUp</Activity>
          <StopPointRef>390050230</StopPointRef>
          <TimingStatus>PTP</TimingStatus>
        </From>
        <To SequenceNumber="2">
          <Activity>pickUpAndSetDown</Activity>
          <StopPointRef>390050278</StopPointRef>
          <TimingStatus>TIP</TimingStatus>
        </To>
        <RouteLinkRef>RL_20-13C-_-y08-1-R-1-1</RouteLinkRef>
        <RunTime>PT4M</RunTime>
      </JourneyPatternTimingLink>
      <JourneyPatternTimingLink id="JPL_20-13C-_-y08-1-1-R-1-3">
        <From SequenceNumber="2">
          <Activity>pickUpAndSetDown</Activity>
          <StopPointRef>390050278</StopPointRef>
          <TimingStatus>TIP</TimingStatus>
        </From>
        <To SequenceNumber="3">
          <Activity>pickUpAndSetDown</Activity>
          <StopPointRef>390050276</StopPointRef>
          <TimingStatus>TIP</TimingStatus>
        </To>
        <RouteLinkRef>RL_20-13C-_-y08-1-R-1-2</RouteLinkRef>
        <RunTime>PT1M</RunTime>
      </JourneyPatternTimingLink>
      <JourneyPatternTimingLink id="JPL_20-13C-_-y08-1-1-R-1-4">
        <From SequenceNumber="3">
          <Activity>pickUpAndSetDown</Activity>
          <StopPointRef>390050276</StopPointRef>
          <TimingStatus>TIP</TimingStatus>
        </From>
        <To SequenceNumber="4">
          <Activity>pickUpAndSetDown</Activity>
          <StopPointRef>390050274</StopPointRef>
          <TimingStatus>PTP</TimingStatus>
        </To>
        <RouteLinkRef>RL_20-13C-_-y08-1-R-1-3</RouteLinkRef>
        <RunTime>PT2M</RunTime>
      </JourneyPatternTimingLink>
      <JourneyPatternTimingLink id="JPL_20-13C-_-y08-1-1-R-1-5">
        <From SequenceNumber="4">
          <Activity>pickUpAndSetDown</Activity>
          <StopPointRef>390050274</StopPointRef>
          <TimingStatus>PTP</TimingStatus>
        </From>
        <To SequenceNumber="5">
          <Activity>pickUpAndSetDown</Activity>
          <StopPointRef>390050272</StopPointRef>
          <TimingStatus>OTH</TimingStatus>
        </To>
        <RouteLinkRef>RL_20-13C-_-y08-1-R-1-4</RouteLinkRef>
        <RunTime>PT0S</RunTime>
      </JourneyPatternTimingLink>
      <JourneyPatternTimingLink id="JPL_20-13C-_-y08-1-1-R-1-6">
        <From SequenceNumber="5">
          <Activity>pickUpAndSetDown</Activity>
          <StopPointRef>390050272</StopPointRef>
          <TimingStatus>OTH</TimingStatus>
        </From>
        <To SequenceNumber="6">
          <Activity>pickUpAndSetDown</Activity>
          <StopPointRef>390050271</StopPointRef>
          <TimingStatus>TIP</TimingStatus>
        </To>
        <RouteLinkRef>RL_20-13C-_-y08-1-R-1-5</RouteLinkRef>
        <RunTime>PT1M</RunTime>
      </JourneyPatternTimingLink>
      <JourneyPatternTimingLink id="JPL_20-13C-_-y08-1-1-R-1-7">
        <From SequenceNumber="6">
          <Activity>pickUpAndSetDown</Activity>
          <StopPointRef>390050271</StopPointRef>
          <TimingStatus>TIP</TimingStatus>
        </From>
        <To SequenceNumber="7">
          <Activity>pickUpAndSetDown</Activity>
          <StopPointRef>390050269</StopPointRef>
          <TimingStatus>TIP</TimingStatus>
        </To>
        <RouteLinkRef>RL_20-13C-_-y08-1-R-1-6</RouteLinkRef>
        <RunTime>PT1M</RunTime>
      </JourneyPatternTimingLink>
      <JourneyPatternTimingLink id="JPL_20-13C-_-y08-1-1-R-1-8">
        <From SequenceNumber="7">
          <Activity>pickUpAndSetDown</Activity>
          <StopPointRef>390050269</StopPointRef>
          <TimingStatus>TIP</TimingStatus>
        </From>
        <To SequenceNumber="8">
          <Activity>pickUpAndSetDown</Activity>
          <StopPointRef>390050267</StopPointRef>
          <TimingStatus>TIP</TimingStatus>
        </To>
        <RouteLinkRef>RL_20-13C-_-y08-1-R-1-7</RouteLinkRef>
        <RunTime>PT1M</RunTime>
      </JourneyPatternTimingLink>
      <JourneyPatternTimingLink id="JPL_20-13C-_-y08-1-1-R-1-9">
        <From SequenceNumber="8">
          <Activity>pickUpAndSetDown</Activity>
          <StopPointRef>390050267</StopPointRef>
          <TimingStatus>TIP</TimingStatus>
        </From>
        <To SequenceNumber="9">
          <Activity>pickUpAndSetDown</Activity>
          <StopPointRef>390050243</StopPointRef>
          <TimingStatus>TIP</TimingStatus>
        </To>
        <RouteLinkRef>RL_20-13C-_-y08-1-R-1-8</RouteLinkRef>
        <RunTime>PT1M</RunTime>
      </JourneyPatternTimingLink>
      <JourneyPatternTimingLink id="JPL_20-13C-_-y08-1-1-R-1-10">
        <From SequenceNumber="9">
          <Activity>pickUpAndSetDown</Activity>
          <StopPointRef>390050243</StopPointRef>
          <TimingStatus>TIP</TimingStatus>
        </From>
        <To SequenceNumber="10">
          <Activity>pickUpAndSetDown</Activity>
          <StopPointRef>390050240</StopPointRef>
          <TimingStatus>OTH</TimingStatus>
        </To>
        <RouteLinkRef>RL_20-13C-_-y08-1-R-1-9</RouteLinkRef>
        <RunTime>PT0S</RunTime>
      </JourneyPatternTimingLink>
      <JourneyPatternTimingLink id="JPL_20-13C-_-y08-1-1-R-1-11">
        <From SequenceNumber="10">
          <Activity>pickUpAndSetDown</Activity>
          <StopPointRef>390050240</StopPointRef>
          <TimingStatus>OTH</TimingStatus>
        </From>
        <To SequenceNumber="11">
          <Activity>pickUpAndSetDown</Activity>
          <StopPointRef>390050238</StopPointRef>
          <TimingStatus>TIP</TimingStatus>
        </To>
        <RouteLinkRef>RL_20-13C-_-y08-1-R-1-10</RouteLinkRef>
        <RunTime>PT1M</RunTime>
      </JourneyPatternTimingLink>
      <JourneyPatternTimingLink id="JPL_20-13C-_-y08-1-1-R-1-12">
        <From SequenceNumber="11">
          <Activity>pickUpAndSetDown</Activity>
          <StopPointRef>390050238</StopPointRef>
          <TimingStatus>TIP</TimingStatus>
        </From>
        <To SequenceNumber="12">
          <Activity>pickUpAndSetDown</Activity>
          <StopPointRef>390050348</StopPointRef>
          <TimingStatus>OTH</TimingStatus>
        </To>
        <RouteLinkRef>RL_20-13C-_-y08-1-R-1-11</RouteLinkRef>
        <RunTime>PT0S</RunTime>
      </JourneyPatternTimingLink>
      <JourneyPatternTimingLink id="JPL_20-13C-_-y08-1-1-R-1-13">
        <From SequenceNumber="12">
          <Activity>pickUpAndSetDown</Activity>
          <StopPointRef>390050348</StopPointRef>
          <TimingStatus>OTH</TimingStatus>
        </From>
        <To SequenceNumber="13">
          <Activity>pickUpAndSetDown</Activity>
          <StopPointRef>390050349</StopPointRef>
          <TimingStatus>TIP</TimingStatus>
        </To>
        <RouteLinkRef>RL_20-13C-_-y08-1-R-1-12</RouteLinkRef>
        <RunTime>PT1M</RunTime>
      </JourneyPatternTimingLink>
      <JourneyPatternTimingLink id="JPL_20-13C-_-y08-1-1-R-1-14">
        <From SequenceNumber="13">
          <Activity>pickUpAndSetDown</Activity>
          <StopPointRef>390050349</StopPointRef>
          <TimingStatus>TIP</TimingStatus>
        </From>
        <To SequenceNumber="14">
          <Activity>pickUpAndSetDown</Activity>
          <StopPointRef>390050307</StopPointRef>
          <TimingStatus>TIP</TimingStatus>
        </To>
        <RouteLinkRef>RL_20-13C-_-y08-1-R-1-13</RouteLinkRef>
        <RunTime>PT1M</RunTime>
      </JourneyPatternTimingLink>
      <JourneyPatternTimingLink id="JPL_20-13C-_-y08-1-1-R-1-15">
        <From SequenceNumber="14">
          <Activity>pickUpAndSetDown</Activity>
          <StopPointRef>390050307</StopPointRef>
          <TimingStatus>TIP</TimingStatus>
        </From>
        <To SequenceNumber="15">
          <Activity>pickUpAndSetDown</Activity>
          <StopPointRef>390050292</StopPointRef>
          <TimingStatus>TIP</TimingStatus>
        </To>
        <RouteLinkRef>RL_20-13C-_-y08-1-R-1-14</RouteLinkRef>
        <RunTime>PT2M</RunTime>
      </JourneyPatternTimingLink>
      <JourneyPatternTimingLink id="JPL_20-13C-_-y08-1-1-R-1-16">
        <From SequenceNumber="15">
          <Activity>pickUpAndSetDown</Activity>
          <StopPointRef>390050292</StopPointRef>
          <TimingStatus>TIP</TimingStatus>
        </From>
        <To SequenceNumber="16">
          <Activity>pickUpAndSetDown</Activity>
          <StopPointRef>390050294</StopPointRef>
          <TimingStatus>OTH</TimingStatus>
        </To>
        <RouteLinkRef>RL_20-13C-_-y08-1-R-1-15</RouteLinkRef>
        <RunTime>PT0S</RunTime>
      </JourneyPatternTimingLink>
      <JourneyPatternTimingLink id="JPL_20-13C-_-y08-1-1-R-1-17">
        <From SequenceNumber="16">
          <Activity>pickUpAndSetDown</Activity>
          <StopPointRef>390050294</StopPointRef>
          <TimingStatus>OTH</TimingStatus>
        </From>
        <To SequenceNumber="17">
          <Activity>pickUpAndSetDown</Activity>
          <StopPointRef>390050296</StopPointRef>
          <TimingStatus>PTP</TimingStatus>
        </To>
        <RouteLinkRef>RL_20-13C-_-y08-1-R-1-16</RouteLinkRef>
        <RunTime>PT1M</RunTime>
      </JourneyPatternTimingLink>
      <JourneyPatternTimingLink id="JPL_20-13C-_-y08-1-1-R-1-18">
        <From SequenceNumber="17">
          <Activity>pickUpAndSetDown</Activity>
          <StopPointRef>390050296</StopPointRef>
          <TimingStatus>PTP</TimingStatus>
        </From>
        <To SequenceNumber="18">
          <Activity>pickUpAndSetDown</Activity>
          <StopPointRef>390050298</StopPointRef>
          <TimingStatus>OTH</TimingStatus>
        </To>
        <RouteLinkRef>RL_20-13C-_-y08-1-R-1-17</RouteLinkRef>
        <RunTime>PT0S</RunTime>
      </JourneyPatternTimingLink>
      <JourneyPatternTimingLink id="JPL_20-13C-_-y08-1-1-R-1-19">
        <From SequenceNumber="18">
          <Activity>pickUpAndSetDown</Activity>
          <StopPointRef>390050298</StopPointRef>
          <TimingStatus>OTH</TimingStatus>
        </From>
        <To SequenceNumber="19">
          <Activity>pickUpAndSetDown</Activity>
          <StopPointRef>390050300</StopPointRef>
          <TimingStatus>TIP</TimingStatus>
        </To>
        <RouteLinkRef>RL_20-13C-_-y08-1-R-1-18</RouteLinkRef>
        <RunTime>PT1M</RunTime>
      </JourneyPatternTimingLink>
      <JourneyPatternTimingLink id="JPL_20-13C-_-y08-1-1-R-1-20">
        <From SequenceNumber="19">
          <Activity>pickUpAndSetDown</Activity>
          <StopPointRef>390050300</StopPointRef>
          <TimingStatus>TIP</TimingStatus>
        </From>
        <To SequenceNumber="20">
          <Activity>pickUpAndSetDown</Activity>
          <StopPointRef>390050306</StopPointRef>
          <TimingStatus>TIP</TimingStatus>
        </To>
        <RouteLinkRef>RL_20-13C-_-y08-1-R-1-19</RouteLinkRef>
        <RunTime>PT2M</RunTime>
      </JourneyPatternTimingLink>
      <JourneyPatternTimingLink id="JPL_20-13C-_-y08-1-1-R-1-21">
        <From SequenceNumber="20">
          <Activity>pickUpAndSetDown</Activity>
          <StopPointRef>390050306</StopPointRef>
          <TimingStatus>TIP</TimingStatus>
        </From>
        <To SequenceNumber="21">
          <Activity>pickUpAndSetDown</Activity>
          <StopPointRef>390050303</StopPointRef>
          <TimingStatus>OTH</TimingStatus>
        </To>
        <RouteLinkRef>RL_20-13C-_-y08-1-R-1-20</RouteLinkRef>
        <RunTime>PT0S</RunTime>
      </JourneyPatternTimingLink>
      <JourneyPatternTimingLink id="JPL_20-13C-_-y08-1-1-R-1-22">
        <From SequenceNumber="21">
          <Activity>pickUpAndSetDown</Activity>
          <StopPointRef>390050303</StopPointRef>
          <TimingStatus>OTH</TimingStatus>
        </From>
        <To SequenceNumber="22">
          <Activity>pickUpAndSetDown</Activity>
          <StopPointRef>390050220</StopPointRef>
          <TimingStatus>PTP</TimingStatus>
        </To>
        <RouteLinkRef>RL_20-13C-_-y08-1-R-1-21</RouteLinkRef>
        <RunTime>PT4M</RunTime>
      </JourneyPatternTimingLink>
      <JourneyPatternTimingLink id="JPL_20-13C-_-y08-1-1-R-1-23">
        <From SequenceNumber="22">
          <Activity>pickUpAndSetDown</Activity>
          <StopPointRef>390050220</StopPointRef>
          <TimingStatus>PTP</TimingStatus>
        </From>
        <To SequenceNumber="23">
          <Activity>pickUpAndSetDown</Activity>
          <StopPointRef>0500SHORS002</StopPointRef>
          <TimingStatus>TIP</TimingStatus>
        </To>
        <RouteLinkRef>RL_20-13C-_-y08-1-R-1-22</RouteLinkRef>
        <RunTime>PT4M</RunTime>
      </JourneyPatternTimingLink>
      <JourneyPatternTimingLink id="JPL_20-13C-_-y08-1-1-R-1-24">
        <From SequenceNumber="23">
          <Activity>pickUpAndSetDown</Activity>
          <StopPointRef>0500SHORS002</StopPointRef>
          <TimingStatus>TIP</TimingStatus>
        </From>
        <To SequenceNumber="24">
          <Activity>pickUpAndSetDown</Activity>
          <StopPointRef>0500SHORS006</StopPointRef>
          <TimingStatus>TIP</TimingStatus>
        </To>
        <RouteLinkRef>RL_20-13C-_-y08-1-R-1-23</RouteLinkRef>
        <RunTime>PT1M</RunTime>
      </JourneyPatternTimingLink>
      <JourneyPatternTimingLink id="JPL_20-13C-_-y08-1-1-R-1-25">
        <From SequenceNumber="24">
          <Activity>pickUpAndSetDown</Activity>
          <StopPointRef>0500SHORS006</StopPointRef>
          <TimingStatus>TIP</TimingStatus>
        </From>
        <To SequenceNumber="25">
          <Activity>pickUpAndSetDown</Activity>
          <StopPointRef>0500SHORS004</StopPointRef>
          <TimingStatus>PTP</TimingStatus>
        </To>
        <RouteLinkRef>RL_20-13C-_-y08-1-R-1-24</RouteLinkRef>
        <RunTime>PT1M</RunTime>
      </JourneyPatternTimingLink>
      <JourneyPatternTimingLink id="JPL_20-13C-_-y08-1-1-R-1-26">
        <From SequenceNumber="25">
          <Activity>pickUpAndSetDown</Activity>
          <StopPointRef>0500SHORS004</StopPointRef>
          <TimingStatus>PTP</TimingStatus>
        </From>
        <To SequenceNumber="26">
          <Activity>pickUpAndSetDown</Activity>
          <StopPointRef>0500SHORS005</StopPointRef>
          <TimingStatus>OTH</TimingStatus>
        </To>
        <RouteLinkRef>RL_20-13C-_-y08-1-R-1-25</RouteLinkRef>
        <RunTime>PT0S</RunTime>
      </JourneyPatternTimingLink>
      <JourneyPatternTimingLink id="JPL_20-13C-_-y08-1-1-R-1-27">
        <From SequenceNumber="26">
          <Activity>pickUpAndSetDown</Activity>
          <StopPointRef>0500SHORS005</StopPointRef>
          <TimingStatus>OTH</TimingStatus>
        </From>
        <To SequenceNumber="27">
          <Activity>pickUpAndSetDown</Activity>
          <StopPointRef>0500SLINT005</StopPointRef>
          <TimingStatus>TIP</TimingStatus>
        </To>
        <RouteLinkRef>RL_20-13C-_-y08-1-R-1-26</RouteLinkRef>
        <RunTime>PT9M</RunTime>
      </JourneyPatternTimingLink>
      <JourneyPatternTimingLink id="JPL_20-13C-_-y08-1-1-R-1-28">
        <From SequenceNumber="27">
          <Activity>pickUpAndSetDown</Activity>
          <StopPointRef>0500SLINT005</StopPointRef>
          <TimingStatus>TIP</TimingStatus>
        </From>
        <To SequenceNumber="28">
          <Activity>pickUpAndSetDown</Activity>
          <StopPointRef>0500SLINT003</StopPointRef>
          <TimingStatus>TIP</TimingStatus>
        </To>
        <RouteLinkRef>RL_20-13C-_-y08-1-R-1-27</RouteLinkRef>
        <RunTime>PT1M</RunTime>
      </JourneyPatternTimingLink>
      <JourneyPatternTimingLink id="JPL_20-13C-_-y08-1-1-R-1-29">
        <From SequenceNumber="28">
          <Activity>pickUpAndSetDown</Activity>
          <StopPointRef>0500SLINT003</StopPointRef>
          <TimingStatus>TIP</TimingStatus>
        </From>
        <To SequenceNumber="29">
          <Activity>pickUpAndSetDown</Activity>
          <StopPointRef>0500SLINT012</StopPointRef>
          <TimingStatus>OTH</TimingStatus>
        </To>
        <RouteLinkRef>RL_20-13C-_-y08-1-R-1-28</RouteLinkRef>
        <RunTime>PT0S</RunTime>
      </JourneyPatternTimingLink>
      <JourneyPatternTimingLink id="JPL_20-13C-_-y08-1-1-R-1-30">
        <From SequenceNumber="29">
          <Activity>pickUpAndSetDown</Activity>
          <StopPointRef>0500SLINT012</StopPointRef>
          <TimingStatus>OTH</TimingStatus>
        </From>
        <To SequenceNumber="30">
          <Activity>pickUpAndSetDown</Activity>
          <StopPointRef>0500SLINT011</StopPointRef>
          <TimingStatus>PTP</TimingStatus>
        </To>
        <RouteLinkRef>RL_20-13C-_-y08-1-R-1-29</RouteLinkRef>
        <RunTime>PT2M</RunTime>
      </JourneyPatternTimingLink>
      <JourneyPatternTimingLink id="JPL_20-13C-_-y08-1-1-R-1-31">
        <From SequenceNumber="30">
          <Activity>pickUpAndSetDown</Activity>
          <StopPointRef>0500SLINT011</StopPointRef>
          <TimingStatus>PTP</TimingStatus>
        </From>
        <To SequenceNumber="31">
          <Activity>pickUpAndSetDown</Activity>
          <StopPointRef>0500SLINT007</StopPointRef>
          <TimingStatus>PTP</TimingStatus>
        </To>
        <RouteLinkRef>RL_20-13C-_-y08-1-R-1-30</RouteLinkRef>
        <RunTime>PT4M</RunTime>
      </JourneyPatternTimingLink>
      <JourneyPatternTimingLink id="JPL_20-13C-_-y08-1-1-R-1-32">
        <From SequenceNumber="31">
          <Activity>pickUpAndSetDown</Activity>
          <StopPointRef>0500SLINT007</StopPointRef>
          <TimingStatus>PTP</TimingStatus>
        </From>
        <To SequenceNumber="32">
          <Activity>pickUpAndSetDown</Activity>
          <StopPointRef>0500SLINT013</StopPointRef>
          <TimingStatus>PTP</TimingStatus>
        </To>
        <RouteLinkRef>RL_20-13C-_-y08-1-R-1-31</RouteLinkRef>
        <RunTime>PT4M</RunTime>
      </JourneyPatternTimingLink>
      <JourneyPatternTimingLink id="JPL_20-13C-_-y08-1-1-R-1-33">
        <From SequenceNumber="32">
          <Activity>pickUpAndSetDown</Activity>
          <StopPointRef>0500SLINT013</StopPointRef>
          <TimingStatus>PTP</TimingStatus>
        </From>
        <To SequenceNumber="33">
          <Activity>pickUpAndSetDown</Activity>
          <StopPointRef>0500SHILD002</StopPointRef>
          <TimingStatus>TIP</TimingStatus>
        </To>
        <RouteLinkRef>RL_20-13C-_-y08-1-R-1-32</RouteLinkRef>
        <RunTime>PT4M</RunTime>
      </JourneyPatternTimingLink>
      <JourneyPatternTimingLink id="JPL_20-13C-_-y08-1-1-R-1-34">
        <From SequenceNumber="33">
          <Activity>pickUpAndSetDown</Activity>
          <StopPointRef>0500SHILD002</StopPointRef>
          <TimingStatus>TIP</TimingStatus>
        </From>
        <To SequenceNumber="34">
          <Activity>pickUpAndSetDown</Activity>
          <StopPointRef>0500SGREA005</StopPointRef>
          <TimingStatus>TIP</TimingStatus>
        </To>
        <RouteLinkRef>RL_20-13C-_-y08-1-R-1-33</RouteLinkRef>
        <RunTime>PT2M</RunTime>
      </JourneyPatternTimingLink>
      <JourneyPatternTimingLink id="JPL_20-13C-_-y08-1-1-R-1-35">
        <From SequenceNumber="34">
          <Activity>pickUpAndSetDown</Activity>
          <StopPointRef>0500SGREA005</StopPointRef>
          <TimingStatus>TIP</TimingStatus>
        </From>
        <To SequenceNumber="35">
          <Activity>pickUpAndSetDown</Activity>
          <StopPointRef>0500SGREA003</StopPointRef>
          <TimingStatus>TIP</TimingStatus>
        </To>
        <RouteLinkRef>RL_20-13C-_-y08-1-R-1-34</RouteLinkRef>
        <RunTime>PT1M</RunTime>
      </JourneyPatternTimingLink>
      <JourneyPatternTimingLink id="JPL_20-13C-_-y08-1-1-R-1-36">
        <From SequenceNumber="35">
          <Activity>pickUpAndSetDown</Activity>
          <StopPointRef>0500SGREA003</StopPointRef>
          <TimingStatus>TIP</TimingStatus>
        </From>
        <To SequenceNumber="36">
          <Activity>pickUpAndSetDown</Activity>
          <StopPointRef>0500SGREA001</StopPointRef>
          <TimingStatus>PTP</TimingStatus>
        </To>
        <RouteLinkRef>RL_20-13C-_-y08-1-R-1-35</RouteLinkRef>
        <RunTime>PT1M</RunTime>
      </JourneyPatternTimingLink>
      <JourneyPatternTimingLink id="JPL_20-13C-_-y08-1-1-R-1-37">
        <From SequenceNumber="36">
          <Activity>pickUpAndSetDown</Activity>
          <StopPointRef>0500SGREA001</StopPointRef>
          <TimingStatus>PTP</TimingStatus>
        </From>
        <To SequenceNumber="37">
          <Activity>pickUpAndSetDown</Activity>
          <StopPointRef>0500SLITA003</StopPointRef>
          <TimingStatus>OTH</TimingStatus>
        </To>
        <RouteLinkRef>RL_20-13C-_-y08-1-R-1-36</RouteLinkRef>
        <RunTime>PT0S</RunTime>
      </JourneyPatternTimingLink>
      <JourneyPatternTimingLink id="JPL_20-13C-_-y08-1-1-R-1-38">
        <From SequenceNumber="37">
          <Activity>pickUpAndSetDown</Activity>
          <StopPointRef>0500SLITA003</StopPointRef>
          <TimingStatus>OTH</TimingStatus>
        </From>
        <To SequenceNumber="38">
          <Activity>pickUpAndSetDown</Activity>
          <StopPointRef>0500SLITA002</StopPointRef>
          <TimingStatus>TIP</TimingStatus>
        </To>
        <RouteLinkRef>RL_20-13C-_-y08-1-R-1-37</RouteLinkRef>
        <RunTime>PT2M</RunTime>
      </JourneyPatternTimingLink>
      <JourneyPatternTimingLink id="JPL_20-13C-_-y08-1-1-R-1-39">
        <From SequenceNumber="38">
          <Activity>pickUpAndSetDown</Activity>
          <StopPointRef>0500SLITA002</StopPointRef>
          <TimingStatus>TIP</TimingStatus>
        </From>
        <To SequenceNumber="39">
          <Activity>pickUpAndSetDown</Activity>
          <StopPointRef>0500SBABR003</StopPointRef>
          <TimingStatus>TIP</TimingStatus>
        </To>
        <RouteLinkRef>RL_20-13C-_-y08-1-R-1-38</RouteLinkRef>
        <RunTime>PT3M</RunTime>
      </JourneyPatternTimingLink>
      <JourneyPatternTimingLink id="JPL_20-13C-_-y08-1-1-R-1-40">
        <From SequenceNumber="39">
          <Activity>pickUpAndSetDown</Activity>
          <StopPointRef>0500SBABR003</StopPointRef>
          <TimingStatus>TIP</TimingStatus>
        </From>
        <To SequenceNumber="40">
          <Activity>pickUpAndSetDown</Activity>
          <StopPointRef>0500SBABR004</StopPointRef>
          <TimingStatus>TIP</TimingStatus>
        </To>
        <RouteLinkRef>RL_20-13C-_-y08-1-R-1-39</RouteLinkRef>
        <RunTime>PT2M</RunTime>
      </JourneyPatternTimingLink>
      <JourneyPatternTimingLink id="JPL_20-13C-_-y08-1-1-R-1-41">
        <From SequenceNumber="40">
          <Activity>pickUpAndSetDown</Activity>
          <StopPointRef>0500SBABR004</StopPointRef>
          <TimingStatus>TIP</TimingStatus>
        </From>
        <To SequenceNumber="41">
          <Activity>pickUpAndSetDown</Activity>
          <StopPointRef>0500SSTAP007</StopPointRef>
          <TimingStatus>TIP</TimingStatus>
        </To>
        <RouteLinkRef>RL_20-13C-_-y08-1-R-1-40</RouteLinkRef>
        <RunTime>PT5M</RunTime>
      </JourneyPatternTimingLink>
      <JourneyPatternTimingLink id="JPL_20-13C-_-y08-1-1-R-1-42">
        <From SequenceNumber="41">
          <Activity>pickUpAndSetDown</Activity>
          <StopPointRef>0500SSTAP007</StopPointRef>
          <TimingStatus>TIP</TimingStatus>
        </From>
        <To SequenceNumber="42">
          <Activity>pickUpAndSetDown</Activity>
          <StopPointRef>0500CCITY081</StopPointRef>
          <TimingStatus>TIP</TimingStatus>
        </To>
        <RouteLinkRef>RL_20-13C-_-y08-1-R-1-41</RouteLinkRef>
        <RunTime>PT6M</RunTime>
      </JourneyPatternTimingLink>
      <JourneyPatternTimingLink id="JPL_20-13C-_-y08-1-1-R-1-43">
        <From SequenceNumber="42">
          <Activity>pickUpAndSetDown</Activity>
          <StopPointRef>0500CCITY081</StopPointRef>
          <TimingStatus>TIP</TimingStatus>
        </From>
        <To SequenceNumber="43">
          <Activity>pickUpAndSetDown</Activity>
          <StopPointRef>0500CCITY294</StopPointRef>
          <TimingStatus>PTP</TimingStatus>
        </To>
        <RouteLinkRef>RL_20-13C-_-y08-1-R-1-42</RouteLinkRef>
        <RunTime>PT1M</RunTime>
      </JourneyPatternTimingLink>
      <JourneyPatternTimingLink id="JPL_20-13C-_-y08-1-1-R-1-44">
        <From SequenceNumber="43">
          <Activity>pickUpAndSetDown</Activity>
          <StopPointRef>0500CCITY294</StopPointRef>
          <TimingStatus>PTP</TimingStatus>
        </From>
        <To SequenceNumber="44">
          <Activity>pickUpAndSetDown</Activity>
          <StopPointRef>0500CCITY049</StopPointRef>
          <TimingStatus>TIP</TimingStatus>
        </To>
        <RouteLinkRef>RL_20-13C-_-y08-1-R-1-43</RouteLinkRef>
        <RunTime>PT2M</RunTime>
      </JourneyPatternTimingLink>
      <JourneyPatternTimingLink id="JPL_20-13C-_-y08-1-1-R-1-45">
        <From SequenceNumber="44">
          <Activity>pickUpAndSetDown</Activity>
          <StopPointRef>0500CCITY049</StopPointRef>
          <TimingStatus>TIP</TimingStatus>
        </From>
        <To SequenceNumber="45">
          <Activity>pickUpAndSetDown</Activity>
          <StopPointRef>0500CCITY059</StopPointRef>
          <TimingStatus>TIP</TimingStatus>
        </To>
        <RouteLinkRef>RL_20-13C-_-y08-1-R-1-44</RouteLinkRef>
        <RunTime>PT2M</RunTime>
      </JourneyPatternTimingLink>
      <JourneyPatternTimingLink id="JPL_20-13C-_-y08-1-1-R-1-46">
        <From SequenceNumber="45">
          <Activity>pickUpAndSetDown</Activity>
          <StopPointRef>0500CCITY059</StopPointRef>
          <TimingStatus>TIP</TimingStatus>
        </From>
        <To SequenceNumber="46">
          <Activity>pickUpAndSetDown</Activity>
          <StopPointRef>0500CCITY064</StopPointRef>
          <TimingStatus>TIP</TimingStatus>
        </To>
        <RouteLinkRef>RL_20-13C-_-y08-1-R-1-45</RouteLinkRef>
        <RunTime>PT2M</RunTime>
      </JourneyPatternTimingLink>
      <JourneyPatternTimingLink id="JPL_20-13C-_-y08-1-1-R-1-47">
        <From SequenceNumber="46">
          <Activity>pickUpAndSetDown</Activity>
          <StopPointRef>0500CCITY064</StopPointRef>
          <TimingStatus>TIP</TimingStatus>
        </From>
        <To SequenceNumber="47">
          <Activity>pickUpAndSetDown</Activity>
          <StopPointRef>0500CCITY063</StopPointRef>
          <TimingStatus>TIP</TimingStatus>
        </To>
        <RouteLinkRef>RL_20-13C-_-y08-1-R-1-46</RouteLinkRef>
        <RunTime>PT2M</RunTime>
      </JourneyPatternTimingLink>
      <JourneyPatternTimingLink id="JPL_20-13C-_-y08-1-1-R-1-48">
        <From SequenceNumber="47">
          <Activity>pickUpAndSetDown</Activity>
          <StopPointRef>0500CCITY063</StopPointRef>
          <TimingStatus>TIP</TimingStatus>
        </From>
        <To SequenceNumber="48">
          <Activity>pickUpAndSetDown</Activity>
          <StopPointRef>0500CCITY035</StopPointRef>
          <TimingStatus>TIP</TimingStatus>
        </To>
        <RouteLinkRef>RL_20-13C-_-y08-1-R-1-47</RouteLinkRef>
        <RunTime>PT3M</RunTime>
      </JourneyPatternTimingLink>
      <JourneyPatternTimingLink id="JPL_20-13C-_-y08-1-1-R-1-49">
        <From SequenceNumber="48">
          <Activity>pickUpAndSetDown</Activity>
          <StopPointRef>0500CCITY035</StopPointRef>
          <TimingStatus>TIP</TimingStatus>
        </From>
        <To SequenceNumber="49">
          <Activity>pickUpAndSetDown</Activity>
          <StopPointRef>0500CCITY201</StopPointRef>
          <TimingStatus>TIP</TimingStatus>
        </To>
        <RouteLinkRef>RL_20-13C-_-y08-1-R-1-48</RouteLinkRef>
        <RunTime>PT2M</RunTime>
      </JourneyPatternTimingLink>
      <JourneyPatternTimingLink id="JPL_20-13C-_-y08-1-1-R-1-50">
        <From SequenceNumber="49">
          <Activity>pickUpAndSetDown</Activity>
          <StopPointRef>0500CCITY201</StopPointRef>
          <TimingStatus>TIP</TimingStatus>
        </From>
        <To SequenceNumber="50">
          <Activity>pickUpAndSetDown</Activity>
          <StopPointRef>0500CCITY222</StopPointRef>
          <TimingStatus>TIP</TimingStatus>
        </To>
        <RouteLinkRef>RL_20-13C-_-y08-1-R-1-49</RouteLinkRef>
        <RunTime>PT1M</RunTime>
      </JourneyPatternTimingLink>
      <JourneyPatternTimingLink id="JPL_20-13C-_-y08-1-1-R-1-51">
        <From SequenceNumber="50">
          <Activity>pickUpAndSetDown</Activity>
          <StopPointRef>0500CCITY222</StopPointRef>
          <TimingStatus>TIP</TimingStatus>
        </From>
        <To SequenceNumber="51">
          <Activity>pickUpAndSetDown</Activity>
          <StopPointRef>0500CCITY321</StopPointRef>
          <TimingStatus>TIP</TimingStatus>
        </To>
        <RouteLinkRef>RL_20-13C-_-y08-1-R-1-50</RouteLinkRef>
        <RunTime>PT2M</RunTime>
      </JourneyPatternTimingLink>
      <JourneyPatternTimingLink id="JPL_20-13C-_-y08-1-1-R-1-52">
        <From SequenceNumber="51">
          <Activity>pickUpAndSetDown</Activity>
          <StopPointRef>0500CCITY321</StopPointRef>
          <TimingStatus>TIP</TimingStatus>
        </From>
        <To SequenceNumber="52">
          <Activity>setDown</Activity>
          <StopPointRef>0500CCITY124</StopPointRef>
          <TimingStatus>PTP</TimingStatus>
        </To>
        <RouteLinkRef>RL_20-13C-_-y08-1-R-1-51</RouteLinkRef>
        <RunTime>PT5M</RunTime>
      </JourneyPatternTimingLink>
    </JourneyPatternSection>
  </JourneyPatternSections>
  <Operators>
    <Operator id="OId_SCCM">
      <NationalOperatorCode>SCCM</NationalOperatorCode>
      <OperatorCode>SCCM</OperatorCode>
      <OperatorShortName>Stagecoach in Cambridge</OperatorShortName>
      <OperatorNameOnLicence>Stagecoach in Cambridge</OperatorNameOnLicence>
      <TradingName>Stagecoach in Cambridge</TradingName>
    </Operator>
  </Operators>
  <Services>
    <Service>
      <ServiceCode>20-13C-_-y08-1</ServiceCode>
      <PrivateCode>20-13C-_-y08-1</PrivateCode>
      <Lines>
        <Line id="20-13C-_-y08-1">
          <LineName>13C</LineName>
        </Line>
      </Lines>
      <OperatingPeriod>
        <StartDate>2019-11-05</StartDate>
        <EndDate>2020-05-08</EndDate>
      </OperatingPeriod>
      <OperatingProfile>
        <RegularDayType>
          <DaysOfWeek>
            <MondayToFriday />
          </DaysOfWeek>
        </RegularDayType>
      </OperatingProfile>
      <VehicleType>
        <VehicleEquipment>
          <AccessVehicleEquipment>
            <LowFloor>true</LowFloor>
            <Ramp>true</Ramp>
          </AccessVehicleEquipment>
          <WheelchairVehicleEquipment>
            <SuitableFor>wheelchair</SuitableFor>
          </WheelchairVehicleEquipment>
        </VehicleEquipment>
        <WheelchairAccessible>true</WheelchairAccessible>
      </VehicleType>
      <RegisteredOperatorRef>OId_SCCM</RegisteredOperatorRef>
      <StopRequirements>
        <NoNewStopsRequired />
      </StopRequirements>
      <Mode>bus</Mode>
      <Description>Haverhill - Cambridge</Description>
      <StandardService>
        <Origin>Bus Station</Origin>
        <Destination>Drummer St Bus Station</Destination>
        <JourneyPattern id="JP_20-13C-_-y08-1-1-R-1">
          <Direction>inbound</Direction>
          <RouteRef>R_20-13C-_-y08-1-R-1</RouteRef>
          <JourneyPatternSectionRefs>JPS_20-13C-_-y08-1-1-1-R</JourneyPatternSectionRefs>
        </JourneyPattern>
      </StandardService>
    </Service>
  </Services>
  <VehicleJourneys>
    <VehicleJourney>
      <PrivateCode>ea-20-13C-_-y08-1-1-T0</PrivateCode>
      <OperatingProfile>
        <RegularDayType>
          <DaysOfWeek>
            <MondayToFriday />
          </DaysOfWeek>
        </RegularDayType>
        <SpecialDaysOperation>
          <DaysOfNonOperation>
            <DateRange>
              <StartDate>2019-12-24</StartDate>
              <EndDate>2019-12-24</EndDate>
            </DateRange>
            <DateRange>
              <StartDate>2019-12-27</StartDate>
              <EndDate>2019-12-27</EndDate>
            </DateRange>
            <DateRange>
              <StartDate>2019-12-30</StartDate>
              <EndDate>2019-12-31</EndDate>
            </DateRange>
          </DaysOfNonOperation>
        </SpecialDaysOperation>
        <BankHolidayOperation>
          <DaysOfNonOperation>
            <ChristmasDay />
            <BoxingDay />
            <GoodFriday />
            <NewYearsDay />
            <MayDay />
            <EasterMonday />
          </DaysOfNonOperation>
        </BankHolidayOperation>
      </OperatingProfile>
      <VehicleJourneyCode>VJ_20-13C-_-y08-1-1-T0</VehicleJourneyCode>
      <ServiceRef>20-13C-_-y08-1</ServiceRef>
      <LineRef>20-13C-_-y08-1</LineRef>
      <JourneyPatternRef>JP_20-13C-_-y08-1-1-R-1</JourneyPatternRef>
      <DepartureTime>07:28:00</DepartureTime>
    </VehicleJourney>
    <VehicleJourney>
      <PrivateCode>ea-20-13C-_-y08-1-2-UM</PrivateCode>
      <OperatingProfile>
        <RegularDayType>
          <DaysOfWeek>
            <Tuesday />
          </DaysOfWeek>
        </RegularDayType>
        <SpecialDaysOperation>
          <DaysOfNonOperation>
            <DateRange>
              <StartDate>2019-11-05</StartDate>
              <EndDate>2019-11-05</EndDate>
            </DateRange>
            <DateRange>
              <StartDate>2019-11-12</StartDate>
              <EndDate>2019-11-12</EndDate>
            </DateRange>
            <DateRange>
              <StartDate>2019-11-19</StartDate>
              <EndDate>2019-11-19</EndDate>
            </DateRange>
            <DateRange>
              <StartDate>2019-11-26</StartDate>
              <EndDate>2019-11-26</EndDate>
            </DateRange>
            <DateRange>
              <StartDate>2019-12-03</StartDate>
              <EndDate>2019-12-03</EndDate>
            </DateRange>
            <DateRange>
              <StartDate>2019-12-10</StartDate>
              <EndDate>2019-12-10</EndDate>
            </DateRange>
            <DateRange>
              <StartDate>2019-12-17</StartDate>
              <EndDate>2019-12-17</EndDate>
            </DateRange>
            <DateRange>
              <StartDate>2019-12-31</StartDate>
              <EndDate>2019-12-31</EndDate>
            </DateRange>
            <DateRange>
              <StartDate>2020-01-07</StartDate>
              <EndDate>2020-01-07</EndDate>
            </DateRange>
            <DateRange>
              <StartDate>2020-01-14</StartDate>
              <EndDate>2020-01-14</EndDate>
            </DateRange>
            <DateRange>
              <StartDate>2020-01-21</StartDate>
              <EndDate>2020-01-21</EndDate>
            </DateRange>
            <DateRange>
              <StartDate>2020-01-28</StartDate>
              <EndDate>2020-01-28</EndDate>
            </DateRange>
            <DateRange>
              <StartDate>2020-02-04</StartDate>
              <EndDate>2020-02-04</EndDate>
            </DateRange>
            <DateRange>
              <StartDate>2020-02-11</StartDate>
              <EndDate>2020-02-11</EndDate>
            </DateRange>
            <DateRange>
              <StartDate>2020-02-18</StartDate>
              <EndDate>2020-02-18</EndDate>
            </DateRange>
            <DateRange>
              <StartDate>2020-02-25</StartDate>
              <EndDate>2020-02-25</EndDate>
            </DateRange>
            <DateRange>
              <StartDate>2020-03-03</StartDate>
              <EndDate>2020-03-03</EndDate>
            </DateRange>
            <DateRange>
              <StartDate>2020-03-10</StartDate>
              <EndDate>2020-03-10</EndDate>
            </DateRange>
            <DateRange>
              <StartDate>2020-03-17</StartDate>
              <EndDate>2020-03-17</EndDate>
            </DateRange>
            <DateRange>
              <StartDate>2020-03-24</StartDate>
              <EndDate>2020-03-24</EndDate>
            </DateRange>
            <DateRange>
              <StartDate>2020-03-31</StartDate>
              <EndDate>2020-03-31</EndDate>
            </DateRange>
            <DateRange>
              <StartDate>2020-04-07</StartDate>
              <EndDate>2020-04-07</EndDate>
            </DateRange>
            <DateRange>
              <StartDate>2020-04-14</StartDate>
              <EndDate>2020-04-14</EndDate>
            </DateRange>
            <DateRange>
              <StartDate>2020-04-21</StartDate>
              <EndDate>2020-04-21</EndDate>
            </DateRange>
            <DateRange>
              <StartDate>2020-04-28</StartDate>
              <EndDate>2020-04-28</EndDate>
            </DateRange>
            <DateRange>
              <StartDate>2020-05-05</StartDate>
              <EndDate>2020-05-05</EndDate>
            </DateRange>
          </DaysOfNonOperation>
        </SpecialDaysOperation>
        <BankHolidayOperation>
          <DaysOfNonOperation>
            <ChristmasDay />
            <BoxingDay />
            <GoodFriday />
            <NewYearsDay />
            <MayDay />
            <EasterMonday />
          </DaysOfNonOperation>
        </BankHolidayOperation>
      </OperatingProfile>
      <VehicleJourneyCode>VJ_20-13C-_-y08-1-2-UM</VehicleJourneyCode>
      <ServiceRef>20-13C-_-y08-1</ServiceRef>
      <LineRef>20-13C-_-y08-1</LineRef>
      <JourneyPatternRef>JP_20-13C-_-y08-1-1-R-1</JourneyPatternRef>
      <DepartureTime>07:28:00</DepartureTime>
    </VehicleJourney>
  </VehicleJourneys>
</TransXChange>