<?xml version="1.0" encoding="utf-8"?>
<TransXChange xmlns:xsi="http://www.w3.org/2001/XMLSchema-instance" xmlns:xsd="http://www.w3.org/2001/XMLSchema" xsi:schemaLocation="http://www.transxchange.org.uk/ http://www.transxchange.org.uk/schema/2.5/TransXChange_general.xsd" CreationDateTime="2019-11-07T16:02:20.9762Z" ModificationDateTime="2019-11-07T16:02:20.9762Z" Modification="new" RevisionNumber="3" FileName="ea_20-114-B-y08-1.xml" SchemaVersion="2.5" RegistrationDocument="true" xmlns="http://www.transxchange.org.uk/">
  <StopPoints>
    <AnnotatedStopPointRef>
      <StopPointRef>0500CCITY203</StopPointRef>
      <CommonName>Hospital Bus Station</CommonName>
      <Indicator>Bay D</Indicator>
      <LocalityName>Addenbrooke's</LocalityName>
      <LocalityQualifier>Cambridgeshire</LocalityQualifier>
    </AnnotatedStopPointRef>
    <AnnotatedStopPointRef>
      <StopPointRef>0500CCITY200</StopPointRef>
      <CommonName>Fendon Close</CommonName>
      <Indicator>nr</Indicator>
      <LocalityName>Cambridge (Cambs)</LocalityName>
      <LocalityQualifier>Cambridgeshire</LocalityQualifier>
    </AnnotatedStopPointRef>
    <AnnotatedStopPointRef>
      <StopPointRef>0500CCITY231</StopPointRef>
      <CommonName>Holbrook Road</CommonName>
      <Indicator>nr</Indicator>
      <LocalityName>Cambridge (Cambs)</LocalityName>
      <LocalityQualifier>Cambridgeshire</LocalityQualifier>
    </AnnotatedStopPointRef>
    <AnnotatedStopPointRef>
      <StopPointRef>0500CCITY232</StopPointRef>
      <CommonName>Glebe Road</CommonName>
      <Indicator>nr</Indicator>
      <LocalityName>Cambridge (Cambs)</LocalityName>
      <LocalityQualifier>Cambridgeshire</LocalityQualifier>
    </AnnotatedStopPointRef>
    <AnnotatedStopPointRef>
      <StopPointRef>0500CCITY234</StopPointRef>
      <CommonName>Mander Way</CommonName>
      <Indicator>opp</Indicator>
      <LocalityName>Cambridge (Cambs)</LocalityName>
      <LocalityQualifier>Cambridgeshire</LocalityQualifier>
    </AnnotatedStopPointRef>
    <AnnotatedStopPointRef>
      <StopPointRef>0500CCITY465</StopPointRef>
      <CommonName>Lichfield Road</CommonName>
      <Indicator>N-bound</Indicator>
      <LocalityName>Cambridge (Cambs)</LocalityName>
      <LocalityQualifier>Cambridgeshire</LocalityQualifier>
    </AnnotatedStopPointRef>
    <AnnotatedStopPointRef>
      <StopPointRef>0500CCITY467</StopPointRef>
      <CommonName>Neville Road</CommonName>
      <Indicator>nr</Indicator>
      <LocalityName>Cambridge (Cambs)</LocalityName>
      <LocalityQualifier>Cambridgeshire</LocalityQualifier>
    </AnnotatedStopPointRef>
    <AnnotatedStopPointRef>
      <StopPointRef>0500CCITY310</StopPointRef>
      <CommonName>Radegund Road</CommonName>
      <Indicator>opp</Indicator>
      <LocalityName>Cambridge (Cambs)</LocalityName>
      <LocalityQualifier>Cambridgeshire</LocalityQualifier>
    </AnnotatedStopPointRef>
    <AnnotatedStopPointRef>
      <StopPointRef>0500CCITY309</StopPointRef>
      <CommonName>Greville Road</CommonName>
      <Indicator>nr</Indicator>
      <LocalityName>Romsey Town</LocalityName>
      <LocalityQualifier>Cambridgeshire</LocalityQualifier>
    </AnnotatedStopPointRef>
    <AnnotatedStopPointRef>
      <StopPointRef>0500CCITY223</StopPointRef>
      <CommonName>Vinery Road</CommonName>
      <Indicator>nr</Indicator>
      <LocalityName>Romsey Town</LocalityName>
      <LocalityQualifier>Cambridgeshire</LocalityQualifier>
    </AnnotatedStopPointRef>
    <AnnotatedStopPointRef>
      <StopPointRef>0500CCITY038</StopPointRef>
      <CommonName>Brookfields</CommonName>
      <Indicator>nr</Indicator>
      <LocalityName>Romsey Town</LocalityName>
      <LocalityQualifier>Cambridgeshire</LocalityQualifier>
    </AnnotatedStopPointRef>
    <AnnotatedStopPointRef>
      <StopPointRef>0500CCITY039</StopPointRef>
      <CommonName>Barnwell Road</CommonName>
      <Indicator>opp</Indicator>
      <LocalityName>Cambridge (Cambs)</LocalityName>
      <LocalityQualifier>Cambridgeshire</LocalityQualifier>
    </AnnotatedStopPointRef>
    <AnnotatedStopPointRef>
      <StopPointRef>0500CCITY101</StopPointRef>
      <CommonName>Vinery Way</CommonName>
      <Indicator>nr</Indicator>
      <LocalityName>Romsey Town</LocalityName>
      <LocalityQualifier>Cambridgeshire</LocalityQualifier>
    </AnnotatedStopPointRef>
    <AnnotatedStopPointRef>
      <StopPointRef>0500CCITY131</StopPointRef>
      <CommonName>Ross Street</CommonName>
      <Indicator>nr</Indicator>
      <LocalityName>Romsey Town</LocalityName>
      <LocalityQualifier>Cambridgeshire</LocalityQualifier>
    </AnnotatedStopPointRef>
    <AnnotatedStopPointRef>
      <StopPointRef>0500CCITY172</StopPointRef>
      <CommonName>Brampton Road</CommonName>
      <Indicator>nr</Indicator>
      <LocalityName>Romsey Town</LocalityName>
      <LocalityQualifier>Cambridgeshire</LocalityQualifier>
    </AnnotatedStopPointRef>
    <AnnotatedStopPointRef>
      <StopPointRef>0500CCITY171</StopPointRef>
      <CommonName>Beehive Retail Park</CommonName>
      <Indicator>o/s</Indicator>
      <LocalityName>Cambridge (Cambs)</LocalityName>
      <LocalityQualifier>Cambridgeshire</LocalityQualifier>
    </AnnotatedStopPointRef>
    <AnnotatedStopPointRef>
      <StopPointRef>0500CCITY170</StopPointRef>
      <CommonName>New Street</CommonName>
      <Indicator>nr</Indicator>
      <LocalityName>Cambridge (Cambs)</LocalityName>
      <LocalityQualifier>Cambridgeshire</LocalityQualifier>
    </AnnotatedStopPointRef>
    <AnnotatedStopPointRef>
      <StopPointRef>0500CCITY215</StopPointRef>
      <CommonName>River Lane</CommonName>
      <Indicator>opp</Indicator>
      <LocalityName>Cambridge (Cambs)</LocalityName>
      <LocalityQualifier>Cambridgeshire</LocalityQualifier>
    </AnnotatedStopPointRef>
    <AnnotatedStopPointRef>
      <StopPointRef>0500CCITY168</StopPointRef>
      <CommonName>Elizabeth Way</CommonName>
      <Indicator>opp</Indicator>
      <LocalityName>Cambridge (Cambs)</LocalityName>
      <LocalityQualifier>Cambridgeshire</LocalityQualifier>
    </AnnotatedStopPointRef>
    <AnnotatedStopPointRef>
      <StopPointRef>0500CCITY096</StopPointRef>
      <CommonName>Grafton Centre</CommonName>
      <Indicator>Bay B</Indicator>
      <LocalityName>Cambridge (Cambs)</LocalityName>
      <LocalityQualifier>Cambridgeshire</LocalityQualifier>
    </AnnotatedStopPointRef>
    <AnnotatedStopPointRef>
      <StopPointRef>0500CCITY103</StopPointRef>
      <CommonName>Napier Street</CommonName>
      <Indicator>nr</Indicator>
      <LocalityName>Cambridge (Cambs)</LocalityName>
      <LocalityQualifier>Cambridgeshire</LocalityQualifier>
    </AnnotatedStopPointRef>
    <AnnotatedStopPointRef>
      <StopPointRef>0500CCITY515</StopPointRef>
      <CommonName>Fair Street</CommonName>
      <Indicator>nr</Indicator>
      <LocalityName>Cambridge (Cambs)</LocalityName>
      <LocalityQualifier>Cambridgeshire</LocalityQualifier>
    </AnnotatedStopPointRef>
    <AnnotatedStopPointRef>
      <StopPointRef>0500CCITY123</StopPointRef>
      <CommonName>Drummer St Bus Station</CommonName>
      <Indicator>Bay 7</Indicator>
      <LocalityName>Cambridge (Cambs)</LocalityName>
      <LocalityQualifier>Cambridgeshire</LocalityQualifier>
    </AnnotatedStopPointRef>
    <AnnotatedStopPointRef>
      <StopPointRef>0500CCITY308</StopPointRef>
      <CommonName>Fire Station</CommonName>
      <Indicator>o/s</Indicator>
      <LocalityName>Cambridge (Cambs)</LocalityName>
      <LocalityQualifier>Cambridgeshire</LocalityQualifier>
    </AnnotatedStopPointRef>
    <AnnotatedStopPointRef>
      <StopPointRef>0500CCITY169</StopPointRef>
      <CommonName>Elizabeth Way</CommonName>
      <Indicator>nr</Indicator>
      <LocalityName>Cambridge (Cambs)</LocalityName>
      <LocalityQualifier>Cambridgeshire</LocalityQualifier>
    </AnnotatedStopPointRef>
    <AnnotatedStopPointRef>
      <StopPointRef>0500CCITY177</StopPointRef>
      <CommonName>New Street</CommonName>
      <Indicator>opp</Indicator>
      <LocalityName>Cambridge (Cambs)</LocalityName>
      <LocalityQualifier>Cambridgeshire</LocalityQualifier>
    </AnnotatedStopPointRef>
    <AnnotatedStopPointRef>
      <StopPointRef>0500CCITY154</StopPointRef>
      <CommonName>Brampton Road</CommonName>
      <Indicator>opp</Indicator>
      <LocalityName>Romsey Town</LocalityName>
      <LocalityQualifier>Cambridgeshire</LocalityQualifier>
    </AnnotatedStopPointRef>
    <AnnotatedStopPointRef>
      <StopPointRef>0500CCITY219</StopPointRef>
      <CommonName>Ross Street</CommonName>
      <Indicator>opp</Indicator>
      <LocalityName>Romsey Town</LocalityName>
      <LocalityQualifier>Cambridgeshire</LocalityQualifier>
    </AnnotatedStopPointRef>
    <AnnotatedStopPointRef>
      <StopPointRef>0500CCITY100</StopPointRef>
      <CommonName>Vinery Way</CommonName>
      <Indicator>opp</Indicator>
      <LocalityName>Romsey Town</LocalityName>
      <LocalityQualifier>Cambridgeshire</LocalityQualifier>
    </AnnotatedStopPointRef>
    <AnnotatedStopPointRef>
      <StopPointRef>0500CCITY439</StopPointRef>
      <CommonName>Brookfields</CommonName>
      <Indicator>W-bound</Indicator>
      <LocalityName>Romsey Town</LocalityName>
      <LocalityQualifier>Cambridgeshire</LocalityQualifier>
    </AnnotatedStopPointRef>
    <AnnotatedStopPointRef>
      <StopPointRef>0500CCITY347</StopPointRef>
      <CommonName>Vinery Road</CommonName>
      <Indicator>opp</Indicator>
      <LocalityName>Romsey Town</LocalityName>
      <LocalityQualifier>Cambridgeshire</LocalityQualifier>
    </AnnotatedStopPointRef>
    <AnnotatedStopPointRef>
      <StopPointRef>0500CCITY327</StopPointRef>
      <CommonName>Greville Road</CommonName>
      <Indicator>opp</Indicator>
      <LocalityName>Romsey Town</LocalityName>
      <LocalityQualifier>Cambridgeshire</LocalityQualifier>
    </AnnotatedStopPointRef>
    <AnnotatedStopPointRef>
      <StopPointRef>0500CCITY270</StopPointRef>
      <CommonName>Radegund Road</CommonName>
      <Indicator>nr</Indicator>
      <LocalityName>Cambridge (Cambs)</LocalityName>
      <LocalityQualifier>Cambridgeshire</LocalityQualifier>
    </AnnotatedStopPointRef>
    <AnnotatedStopPointRef>
      <StopPointRef>0500CCITY399</StopPointRef>
      <CommonName>Ashbury Close</CommonName>
      <Indicator>nr</Indicator>
      <LocalityName>Cambridge (Cambs)</LocalityName>
      <LocalityQualifier>Cambridgeshire</LocalityQualifier>
    </AnnotatedStopPointRef>
    <AnnotatedStopPointRef>
      <StopPointRef>0500CCITY468</StopPointRef>
      <CommonName>Neville Road</CommonName>
      <Indicator>opp</Indicator>
      <LocalityName>Cambridge (Cambs)</LocalityName>
      <LocalityQualifier>Cambridgeshire</LocalityQualifier>
    </AnnotatedStopPointRef>
    <AnnotatedStopPointRef>
      <StopPointRef>0500CCITY466</StopPointRef>
      <CommonName>Lichfield Road</CommonName>
      <Indicator>S-bound</Indicator>
      <LocalityName>Cambridge (Cambs)</LocalityName>
      <LocalityQualifier>Cambridgeshire</LocalityQualifier>
    </AnnotatedStopPointRef>
    <AnnotatedStopPointRef>
      <StopPointRef>0500CCITY236</StopPointRef>
      <CommonName>Mander Way</CommonName>
      <Indicator>nr</Indicator>
      <LocalityName>Cambridge (Cambs)</LocalityName>
      <LocalityQualifier>Cambridgeshire</LocalityQualifier>
    </AnnotatedStopPointRef>
    <AnnotatedStopPointRef>
      <StopPointRef>0500CCITY233</StopPointRef>
      <CommonName>Glebe Road</CommonName>
      <Indicator>opp</Indicator>
      <LocalityName>Cambridge (Cambs)</LocalityName>
      <LocalityQualifier>Cambridgeshire</LocalityQualifier>
    </AnnotatedStopPointRef>
    <AnnotatedStopPointRef>
      <StopPointRef>0500CCITY226</StopPointRef>
      <CommonName>Holbrook Road</CommonName>
      <Indicator>opp</Indicator>
      <LocalityName>Cambridge (Cambs)</LocalityName>
      <LocalityQualifier>Cambridgeshire</LocalityQualifier>
    </AnnotatedStopPointRef>
    <AnnotatedStopPointRef>
      <StopPointRef>0500CCITY079</StopPointRef>
      <CommonName>Fendon Close</CommonName>
      <Indicator>opp</Indicator>
      <LocalityName>Cambridge (Cambs)</LocalityName>
      <LocalityQualifier>Cambridgeshire</LocalityQualifier>
    </AnnotatedStopPointRef>
  </StopPoints>
  <RouteSections>
    <RouteSection id="RS_20-114-B-y08-1-R-1">
      <RouteLink id="RL_20-114-B-y08-1-R-1-1">
        <From>
          <StopPointRef>0500CCITY203</StopPointRef>
        </From>
        <To>
          <StopPointRef>0500CCITY200</StopPointRef>
        </To>
        <Direction>inbound</Direction>
      </RouteLink>
      <RouteLink id="RL_20-114-B-y08-1-R-1-2">
        <From>
          <StopPointRef>0500CCITY200</StopPointRef>
        </From>
        <To>
          <StopPointRef>0500CCITY231</StopPointRef>
        </To>
        <Direction>inbound</Direction>
      </RouteLink>
      <RouteLink id="RL_20-114-B-y08-1-R-1-3">
        <From>
          <StopPointRef>0500CCITY231</StopPointRef>
        </From>
        <To>
          <StopPointRef>0500CCITY232</StopPointRef>
        </To>
        <Direction>inbound</Direction>
      </RouteLink>
      <RouteLink id="RL_20-114-B-y08-1-R-1-4">
        <From>
          <StopPointRef>0500CCITY232</StopPointRef>
        </From>
        <To>
          <StopPointRef>0500CCITY234</StopPointRef>
        </To>
        <Direction>inbound</Direction>
      </RouteLink>
      <RouteLink id="RL_20-114-B-y08-1-R-1-5">
        <From>
          <StopPointRef>0500CCITY234</StopPointRef>
        </From>
        <To>
          <StopPointRef>0500CCITY465</StopPointRef>
        </To>
        <Direction>inbound</Direction>
      </RouteLink>
      <RouteLink id="RL_20-114-B-y08-1-R-1-6">
        <From>
          <StopPointRef>0500CCITY465</StopPointRef>
        </From>
        <To>
          <StopPointRef>0500CCITY467</StopPointRef>
        </To>
        <Direction>inbound</Direction>
      </RouteLink>
      <RouteLink id="RL_20-114-B-y08-1-R-1-7">
        <From>
          <StopPointRef>0500CCITY467</StopPointRef>
        </From>
        <To>
          <StopPointRef>0500CCITY310</StopPointRef>
        </To>
        <Direction>inbound</Direction>
      </RouteLink>
      <RouteLink id="RL_20-114-B-y08-1-R-1-8">
        <From>
          <StopPointRef>0500CCITY310</StopPointRef>
        </From>
        <To>
          <StopPointRef>0500CCITY309</StopPointRef>
        </To>
        <Direction>inbound</Direction>
      </RouteLink>
      <RouteLink id="RL_20-114-B-y08-1-R-1-9">
        <From>
          <StopPointRef>0500CCITY309</StopPointRef>
        </From>
        <To>
          <StopPointRef>0500CCITY223</StopPointRef>
        </To>
        <Direction>inbound</Direction>
      </RouteLink>
      <RouteLink id="RL_20-114-B-y08-1-R-1-10">
        <From>
          <StopPointRef>0500CCITY223</StopPointRef>
        </From>
        <To>
          <StopPointRef>0500CCITY038</StopPointRef>
        </To>
        <Direction>inbound</Direction>
      </RouteLink>
      <RouteLink id="RL_20-114-B-y08-1-R-1-11">
        <From>
          <StopPointRef>0500CCITY038</StopPointRef>
        </From>
        <To>
          <StopPointRef>0500CCITY039</StopPointRef>
        </To>
        <Direction>inbound</Direction>
      </RouteLink>
      <RouteLink id="RL_20-114-B-y08-1-R-1-12">
        <From>
          <StopPointRef>0500CCITY039</StopPointRef>
        </From>
        <To>
          <StopPointRef>0500CCITY101</StopPointRef>
        </To>
        <Direction>inbound</Direction>
      </RouteLink>
      <RouteLink id="RL_20-114-B-y08-1-R-1-13">
        <From>
          <StopPointRef>0500CCITY101</StopPointRef>
        </From>
        <To>
          <StopPointRef>0500CCITY131</StopPointRef>
        </To>
        <Direction>inbound</Direction>
      </RouteLink>
      <RouteLink id="RL_20-114-B-y08-1-R-1-14">
        <From>
          <StopPointRef>0500CCITY131</StopPointRef>
        </From>
        <To>
          <StopPointRef>0500CCITY172</StopPointRef>
        </To>
        <Direction>inbound</Direction>
      </RouteLink>
      <RouteLink id="RL_20-114-B-y08-1-R-1-15">
        <From>
          <StopPointRef>0500CCITY172</StopPointRef>
        </From>
        <To>
          <StopPointRef>0500CCITY171</StopPointRef>
        </To>
        <Direction>inbound</Direction>
      </RouteLink>
      <RouteLink id="RL_20-114-B-y08-1-R-1-16">
        <From>
          <StopPointRef>0500CCITY171</StopPointRef>
        </From>
        <To>
          <StopPointRef>0500CCITY170</StopPointRef>
        </To>
        <Direction>inbound</Direction>
      </RouteLink>
      <RouteLink id="RL_20-114-B-y08-1-R-1-17">
        <From>
          <StopPointRef>0500CCITY170</StopPointRef>
        </From>
        <To>
          <StopPointRef>0500CCITY215</StopPointRef>
        </To>
        <Direction>inbound</Direction>
      </RouteLink>
      <RouteLink id="RL_20-114-B-y08-1-R-1-18">
        <From>
          <StopPointRef>0500CCITY215</StopPointRef>
        </From>
        <To>
          <StopPointRef>0500CCITY168</StopPointRef>
        </To>
        <Direction>inbound</Direction>
      </RouteLink>
      <RouteLink id="RL_20-114-B-y08-1-R-1-19">
        <From>
          <StopPointRef>0500CCITY168</StopPointRef>
        </From>
        <To>
          <StopPointRef>0500CCITY096</StopPointRef>
        </To>
        <Direction>inbound</Direction>
      </RouteLink>
      <RouteLink id="RL_20-114-B-y08-1-R-1-20">
        <From>
          <StopPointRef>0500CCITY096</StopPointRef>
        </From>
        <To>
          <StopPointRef>0500CCITY103</StopPointRef>
        </To>
        <Direction>inbound</Direction>
      </RouteLink>
      <RouteLink id="RL_20-114-B-y08-1-R-1-21">
        <From>
          <StopPointRef>0500CCITY103</StopPointRef>
        </From>
        <To>
          <StopPointRef>0500CCITY515</StopPointRef>
        </To>
        <Direction>inbound</Direction>
      </RouteLink>
      <RouteLink id="RL_20-114-B-y08-1-R-1-22">
        <From>
          <StopPointRef>0500CCITY515</StopPointRef>
        </From>
        <To>
          <StopPointRef>0500CCITY123</StopPointRef>
        </To>
        <Direction>inbound</Direction>
      </RouteLink>
    </RouteSection>
    <RouteSection id="RS_20-114-B-y08-1-H-2">
      <RouteLink id="RL_20-114-B-y08-1-H-2-1">
        <From>
          <StopPointRef>0500CCITY123</StopPointRef>
        </From>
        <To>
          <StopPointRef>0500CCITY308</StopPointRef>
        </To>
        <Direction>outbound</Direction>
      </RouteLink>
      <RouteLink id="RL_20-114-B-y08-1-H-2-2">
        <From>
          <StopPointRef>0500CCITY308</StopPointRef>
        </From>
        <To>
          <StopPointRef>0500CCITY096</StopPointRef>
        </To>
        <Direction>outbound</Direction>
      </RouteLink>
      <RouteLink id="RL_20-114-B-y08-1-H-2-3">
        <From>
          <StopPointRef>0500CCITY096</StopPointRef>
        </From>
        <To>
          <StopPointRef>0500CCITY169</StopPointRef>
        </To>
        <Direction>outbound</Direction>
      </RouteLink>
      <RouteLink id="RL_20-114-B-y08-1-H-2-4">
        <From>
          <StopPointRef>0500CCITY169</StopPointRef>
        </From>
        <To>
          <StopPointRef>0500CCITY177</StopPointRef>
        </To>
        <Direction>outbound</Direction>
      </RouteLink>
      <RouteLink id="RL_20-114-B-y08-1-H-2-5">
        <From>
          <StopPointRef>0500CCITY177</StopPointRef>
        </From>
        <To>
          <StopPointRef>0500CCITY171</StopPointRef>
        </To>
        <Direction>outbound</Direction>
      </RouteLink>
      <RouteLink id="RL_20-114-B-y08-1-H-2-6">
        <From>
          <StopPointRef>0500CCITY171</StopPointRef>
        </From>
        <To>
          <StopPointRef>0500CCITY154</StopPointRef>
        </To>
        <Direction>outbound</Direction>
      </RouteLink>
      <RouteLink id="RL_20-114-B-y08-1-H-2-7">
        <From>
          <StopPointRef>0500CCITY154</StopPointRef>
        </From>
        <To>
          <StopPointRef>0500CCITY219</StopPointRef>
        </To>
        <Direction>outbound</Direction>
      </RouteLink>
      <RouteLink id="RL_20-114-B-y08-1-H-2-8">
        <From>
          <StopPointRef>0500CCITY219</StopPointRef>
        </From>
        <To>
          <StopPointRef>0500CCITY100</StopPointRef>
        </To>
        <Direction>outbound</Direction>
      </RouteLink>
      <RouteLink id="RL_20-114-B-y08-1-H-2-9">
        <From>
          <StopPointRef>0500CCITY100</StopPointRef>
        </From>
        <To>
          <StopPointRef>0500CCITY039</StopPointRef>
        </To>
        <Direction>outbound</Direction>
      </RouteLink>
      <RouteLink id="RL_20-114-B-y08-1-H-2-10">
        <From>
          <StopPointRef>0500CCITY039</StopPointRef>
        </From>
        <To>
          <StopPointRef>0500CCITY439</StopPointRef>
        </To>
        <Direction>outbound</Direction>
      </RouteLink>
      <RouteLink id="RL_20-114-B-y08-1-H-2-11">
        <From>
          <StopPointRef>0500CCITY439</StopPointRef>
        </From>
        <To>
          <StopPointRef>0500CCITY347</StopPointRef>
        </To>
        <Direction>outbound</Direction>
      </RouteLink>
      <RouteLink id="RL_20-114-B-y08-1-H-2-12">
        <From>
          <StopPointRef>0500CCITY347</StopPointRef>
        </From>
        <To>
          <StopPointRef>0500CCITY327</StopPointRef>
        </To>
        <Direction>outbound</Direction>
      </RouteLink>
      <RouteLink id="RL_20-114-B-y08-1-H-2-13">
        <From>
          <StopPointRef>0500CCITY327</StopPointRef>
        </From>
        <To>
          <StopPointRef>0500CCITY270</StopPointRef>
        </To>
        <Direction>outbound</Direction>
      </RouteLink>
      <RouteLink id="RL_20-114-B-y08-1-H-2-14">
        <From>
          <StopPointRef>0500CCITY270</StopPointRef>
        </From>
        <To>
          <StopPointRef>0500CCITY399</StopPointRef>
        </To>
        <Direction>outbound</Direction>
      </RouteLink>
      <RouteLink id="RL_20-114-B-y08-1-H-2-15">
        <From>
          <StopPointRef>0500CCITY399</StopPointRef>
        </From>
        <To>
          <StopPointRef>0500CCITY468</StopPointRef>
        </To>
        <Direction>outbound</Direction>
      </RouteLink>
      <RouteLink id="RL_20-114-B-y08-1-H-2-16">
        <From>
          <StopPointRef>0500CCITY468</StopPointRef>
        </From>
        <To>
          <StopPointRef>0500CCITY466</StopPointRef>
        </To>
        <Direction>outbound</Direction>
      </RouteLink>
      <RouteLink id="RL_20-114-B-y08-1-H-2-17">
        <From>
          <StopPointRef>0500CCITY466</StopPointRef>
        </From>
        <To>
          <StopPointRef>0500CCITY236</StopPointRef>
        </To>
        <Direction>outbound</Direction>
      </RouteLink>
      <RouteLink id="RL_20-114-B-y08-1-H-2-18">
        <From>
          <StopPointRef>0500CCITY236</StopPointRef>
        </From>
        <To>
          <StopPointRef>0500CCITY233</StopPointRef>
        </To>
        <Direction>outbound</Direction>
      </RouteLink>
      <RouteLink id="RL_20-114-B-y08-1-H-2-19">
        <From>
          <StopPointRef>0500CCITY233</StopPointRef>
        </From>
        <To>
          <StopPointRef>0500CCITY226</StopPointRef>
        </To>
        <Direction>outbound</Direction>
      </RouteLink>
      <RouteLink id="RL_20-114-B-y08-1-H-2-20">
        <From>
          <StopPointRef>0500CCITY226</StopPointRef>
        </From>
        <To>
          <StopPointRef>0500CCITY079</StopPointRef>
        </To>
        <Direction>outbound</Direction>
      </RouteLink>
      <RouteLink id="RL_20-114-B-y08-1-H-2-21">
        <From>
          <StopPointRef>0500CCITY079</StopPointRef>
        </From>
        <To>
          <StopPointRef>0500CCITY203</StopPointRef>
        </To>
        <Direction>outbound</Direction>
      </RouteLink>
    </RouteSection>
  </RouteSections>
  <Routes>
    <Route id="R_20-114-B-y08-1-R-1">
      <PrivateCode>R_20-114-B-y08-1-R-1</PrivateCode>
      <Description>Addenbrooke's Hospital Bus Station - Drummer St Bus Station</Description>
      <RouteSectionRef>RS_20-114-B-y08-1-R-1</RouteSectionRef>
    </Route>
    <Route id="R_20-114-B-y08-1-H-2">
      <PrivateCode>R_20-114-B-y08-1-H-2</PrivateCode>
      <Description>Drummer St Bus Station - Addenbrooke's Hospital Bus Station</Description>
      <RouteSectionRef>RS_20-114-B-y08-1-H-2</RouteSectionRef>
    </Route>
  </Routes>
  <JourneyPatternSections>
    <JourneyPatternSection id="JPS_20-114-B-y08-1-1-1-R">
      <JourneyPatternTimingLink id="JPL_20-114-B-y08-1-1-R-1-2">
        <From SequenceNumber="1">
          <Activity>pickUp</Activity>
          <StopPointRef>0500CCITY203</StopPointRef>
          <TimingStatus>PTP</TimingStatus>
        </From>
        <To SequenceNumber="2">
          <Activity>pickUpAndSetDown</Activity>
          <StopPointRef>0500CCITY200</StopPointRef>
          <TimingStatus>TIP</TimingStatus>
        </To>
        <RouteLinkRef>RL_20-114-B-y08-1-R-1-1</RouteLinkRef>
        <RunTime>PT1M</RunTime>
      </JourneyPatternTimingLink>
      <JourneyPatternTimingLink id="JPL_20-114-B-y08-1-1-R-1-3">
        <From SequenceNumber="2">
          <Activity>pickUpAndSetDown</Activity>
          <StopPointRef>0500CCITY200</StopPointRef>
          <TimingStatus>TIP</TimingStatus>
        </From>
        <To SequenceNumber="3">
          <Activity>pickUpAndSetDown</Activity>
          <StopPointRef>0500CCITY231</StopPointRef>
          <TimingStatus>OTH</TimingStatus>
        </To>
        <RouteLinkRef>RL_20-114-B-y08-1-R-1-2</RouteLinkRef>
        <RunTime>PT0S</RunTime>
      </JourneyPatternTimingLink>
      <JourneyPatternTimingLink id="JPL_20-114-B-y08-1-1-R-1-4">
        <From SequenceNumber="3">
          <Activity>pickUpAndSetDown</Activity>
          <StopPointRef>0500CCITY231</StopPointRef>
          <TimingStatus>OTH</TimingStatus>
        </From>
        <To SequenceNumber="4">
          <Activity>pickUpAndSetDown</Activity>
          <StopPointRef>0500CCITY232</StopPointRef>
          <TimingStatus>TIP</TimingStatus>
        </To>
        <RouteLinkRef>RL_20-114-B-y08-1-R-1-3</RouteLinkRef>
        <RunTime>PT1M</RunTime>
      </JourneyPatternTimingLink>
      <JourneyPatternTimingLink id="JPL_20-114-B-y08-1-1-R-1-5">
        <From SequenceNumber="4">
          <Activity>pickUpAndSetDown</Activity>
          <StopPointRef>0500CCITY232</StopPointRef>
          <TimingStatus>TIP</TimingStatus>
        </From>
        <To SequenceNumber="5">
          <Activity>pickUpAndSetDown</Activity>
          <StopPointRef>0500CCITY234</StopPointRef>
          <TimingStatus>PTP</TimingStatus>
        </To>
        <RouteLinkRef>RL_20-114-B-y08-1-R-1-4</RouteLinkRef>
        <RunTime>PT1M</RunTime>
      </JourneyPatternTimingLink>
      <JourneyPatternTimingLink id="JPL_20-114-B-y08-1-1-R-1-6">
        <From SequenceNumber="5">
          <Activity>pickUpAndSetDown</Activity>
          <StopPointRef>0500CCITY234</StopPointRef>
          <TimingStatus>PTP</TimingStatus>
        </From>
        <To SequenceNumber="6">
          <Activity>pickUpAndSetDown</Activity>
          <StopPointRef>0500CCITY465</StopPointRef>
          <TimingStatus>TIP</TimingStatus>
        </To>
        <RouteLinkRef>RL_20-114-B-y08-1-R-1-5</RouteLinkRef>
        <RunTime>PT1M</RunTime>
      </JourneyPatternTimingLink>
      <JourneyPatternTimingLink id="JPL_20-114-B-y08-1-1-R-1-7">
        <From SequenceNumber="6">
          <Activity>pickUpAndSetDown</Activity>
          <StopPointRef>0500CCITY465</StopPointRef>
          <TimingStatus>TIP</TimingStatus>
        </From>
        <To SequenceNumber="7">
          <Activity>pickUpAndSetDown</Activity>
          <StopPointRef>0500CCITY467</StopPointRef>
          <TimingStatus>OTH</TimingStatus>
        </To>
        <RouteLinkRef>RL_20-114-B-y08-1-R-1-6</RouteLinkRef>
        <RunTime>PT0S</RunTime>
      </JourneyPatternTimingLink>
      <JourneyPatternTimingLink id="JPL_20-114-B-y08-1-1-R-1-8">
        <From SequenceNumber="7">
          <Activity>pickUpAndSetDown</Activity>
          <StopPointRef>0500CCITY467</StopPointRef>
          <TimingStatus>OTH</TimingStatus>
        </From>
        <To SequenceNumber="8">
          <Activity>pickUpAndSetDown</Activity>
          <StopPointRef>0500CCITY310</StopPointRef>
          <TimingStatus>PTP</TimingStatus>
        </To>
        <RouteLinkRef>RL_20-114-B-y08-1-R-1-7</RouteLinkRef>
        <RunTime>PT3M</RunTime>
      </JourneyPatternTimingLink>
      <JourneyPatternTimingLink id="JPL_20-114-B-y08-1-1-R-1-9">
        <From SequenceNumber="8">
          <Activity>pickUpAndSetDown</Activity>
          <StopPointRef>0500CCITY310</StopPointRef>
          <TimingStatus>PTP</TimingStatus>
        </From>
        <To SequenceNumber="9">
          <Activity>pickUpAndSetDown</Activity>
          <StopPointRef>0500CCITY309</StopPointRef>
          <TimingStatus>OTH</TimingStatus>
        </To>
        <RouteLinkRef>RL_20-114-B-y08-1-R-1-8</RouteLinkRef>
        <RunTime>PT0S</RunTime>
      </JourneyPatternTimingLink>
      <JourneyPatternTimingLink id="JPL_20-114-B-y08-1-1-R-1-10">
        <From SequenceNumber="9">
          <Activity>pickUpAndSetDown</Activity>
          <StopPointRef>0500CCITY309</StopPointRef>
          <TimingStatus>OTH</TimingStatus>
        </From>
        <To SequenceNumber="10">
          <Activity>pickUpAndSetDown</Activity>
          <StopPointRef>0500CCITY223</StopPointRef>
          <TimingStatus>TIP</TimingStatus>
        </To>
        <RouteLinkRef>RL_20-114-B-y08-1-R-1-9</RouteLinkRef>
        <RunTime>PT2M</RunTime>
      </JourneyPatternTimingLink>
      <JourneyPatternTimingLink id="JPL_20-114-B-y08-1-1-R-1-11">
        <From SequenceNumber="10">
          <Activity>pickUpAndSetDown</Activity>
          <StopPointRef>0500CCITY223</StopPointRef>
          <TimingStatus>TIP</TimingStatus>
        </From>
        <To SequenceNumber="11">
          <Activity>pickUpAndSetDown</Activity>
          <StopPointRef>0500CCITY038</StopPointRef>
          <TimingStatus>TIP</TimingStatus>
        </To>
        <RouteLinkRef>RL_20-114-B-y08-1-R-1-10</RouteLinkRef>
        <RunTime>PT1M</RunTime>
      </JourneyPatternTimingLink>
      <JourneyPatternTimingLink id="JPL_20-114-B-y08-1-1-R-1-12">
        <From SequenceNumber="11">
          <Activity>pickUpAndSetDown</Activity>
          <StopPointRef>0500CCITY038</StopPointRef>
          <TimingStatus>TIP</TimingStatus>
        </From>
        <To SequenceNumber="12">
          <Activity>pickUpAndSetDown</Activity>
          <StopPointRef>0500CCITY039</StopPointRef>
          <TimingStatus>PTP</TimingStatus>
        </To>
        <RouteLinkRef>RL_20-114-B-y08-1-R-1-11</RouteLinkRef>
        <RunTime>PT3M</RunTime>
      </JourneyPatternTimingLink>
      <JourneyPatternTimingLink id="JPL_20-114-B-y08-1-1-R-1-13">
        <From SequenceNumber="12">
          <Activity>pickUpAndSetDown</Activity>
          <StopPointRef>0500CCITY039</StopPointRef>
          <TimingStatus>PTP</TimingStatus>
        </From>
        <To SequenceNumber="13">
          <Activity>pickUpAndSetDown</Activity>
          <StopPointRef>0500CCITY101</StopPointRef>
          <TimingStatus>TIP</TimingStatus>
        </To>
        <RouteLinkRef>RL_20-114-B-y08-1-R-1-12</RouteLinkRef>
        <RunTime>PT1M</RunTime>
      </JourneyPatternTimingLink>
      <JourneyPatternTimingLink id="JPL_20-114-B-y08-1-1-R-1-14">
        <From SequenceNumber="13">
          <Activity>pickUpAndSetDown</Activity>
          <StopPointRef>0500CCITY101</StopPointRef>
          <TimingStatus>TIP</TimingStatus>
        </From>
        <To SequenceNumber="14">
          <Activity>pickUpAndSetDown</Activity>
          <StopPointRef>0500CCITY131</StopPointRef>
          <TimingStatus>TIP</TimingStatus>
        </To>
        <RouteLinkRef>RL_20-114-B-y08-1-R-1-13</RouteLinkRef>
        <RunTime>PT2M</RunTime>
      </JourneyPatternTimingLink>
      <JourneyPatternTimingLink id="JPL_20-114-B-y08-1-1-R-1-15">
        <From SequenceNumber="14">
          <Activity>pickUpAndSetDown</Activity>
          <StopPointRef>0500CCITY131</StopPointRef>
          <TimingStatus>TIP</TimingStatus>
        </From>
        <To SequenceNumber="15">
          <Activity>pickUpAndSetDown</Activity>
          <StopPointRef>0500CCITY172</StopPointRef>
          <TimingStatus>TIP</TimingStatus>
        </To>
        <RouteLinkRef>RL_20-114-B-y08-1-R-1-14</RouteLinkRef>
        <RunTime>PT2M</RunTime>
      </JourneyPatternTimingLink>
      <JourneyPatternTimingLink id="JPL_20-114-B-y08-1-1-R-1-16">
        <From SequenceNumber="15">
          <Activity>pickUpAndSetDown</Activity>
          <StopPointRef>0500CCITY172</StopPointRef>
          <TimingStatus>TIP</TimingStatus>
        </From>
        <To SequenceNumber="16">
          <Activity>pickUpAndSetDown</Activity>
          <StopPointRef>0500CCITY171</StopPointRef>
          <TimingStatus>PTP</TimingStatus>
        </To>
        <RouteLinkRef>RL_20-114-B-y08-1-R-1-15</RouteLinkRef>
        <RunTime>PT1M</RunTime>
      </JourneyPatternTimingLink>
      <JourneyPatternTimingLink id="JPL_20-114-B-y08-1-1-R-1-17">
        <From SequenceNumber="16">
          <Activity>pickUpAndSetDown</Activity>
          <StopPointRef>0500CCITY171</StopPointRef>
          <TimingStatus>PTP</TimingStatus>
        </From>
        <To SequenceNumber="17">
          <Activity>pickUpAndSetDown</Activity>
          <StopPointRef>0500CCITY170</StopPointRef>
          <TimingStatus>TIP</TimingStatus>
        </To>
        <RouteLinkRef>RL_20-114-B-y08-1-R-1-16</RouteLinkRef>
        <RunTime>PT2M</RunTime>
      </JourneyPatternTimingLink>
      <JourneyPatternTimingLink id="JPL_20-114-B-y08-1-1-R-1-18">
        <From SequenceNumber="17">
          <Activity>pickUpAndSetDown</Activity>
          <StopPointRef>0500CCITY170</StopPointRef>
          <TimingStatus>TIP</TimingStatus>
        </From>
        <To SequenceNumber="18">
          <Activity>pickUpAndSetDown</Activity>
          <StopPointRef>0500CCITY215</StopPointRef>
          <TimingStatus>TIP</TimingStatus>
        </To>
        <RouteLinkRef>RL_20-114-B-y08-1-R-1-17</RouteLinkRef>
        <RunTime>PT1M</RunTime>
      </JourneyPatternTimingLink>
      <JourneyPatternTimingLink id="JPL_20-114-B-y08-1-1-R-1-19">
        <From SequenceNumber="18">
          <Activity>pickUpAndSetDown</Activity>
          <StopPointRef>0500CCITY215</StopPointRef>
          <TimingStatus>TIP</TimingStatus>
        </From>
        <To SequenceNumber="19">
          <Activity>pickUpAndSetDown</Activity>
          <StopPointRef>0500CCITY168</StopPointRef>
          <TimingStatus>OTH</TimingStatus>
        </To>
        <RouteLinkRef>RL_20-114-B-y08-1-R-1-18</RouteLinkRef>
        <RunTime>PT0S</RunTime>
      </JourneyPatternTimingLink>
      <JourneyPatternTimingLink id="JPL_20-114-B-y08-1-1-R-1-20">
        <From SequenceNumber="19">
          <Activity>pickUpAndSetDown</Activity>
          <StopPointRef>0500CCITY168</StopPointRef>
          <TimingStatus>OTH</TimingStatus>
        </From>
        <To SequenceNumber="20">
          <Activity>pickUpAndSetDown</Activity>
          <StopPointRef>0500CCITY096</StopPointRef>
          <TimingStatus>PTP</TimingStatus>
        </To>
        <RouteLinkRef>RL_20-114-B-y08-1-R-1-19</RouteLinkRef>
        <RunTime>PT2M</RunTime>
      </JourneyPatternTimingLink>
      <JourneyPatternTimingLink id="JPL_20-114-B-y08-1-1-R-1-21">
        <From SequenceNumber="20">
          <Activity>pickUpAndSetDown</Activity>
          <StopPointRef>0500CCITY096</StopPointRef>
          <TimingStatus>PTP</TimingStatus>
        </From>
        <To SequenceNumber="21">
          <Activity>pickUpAndSetDown</Activity>
          <StopPointRef>0500CCITY103</StopPointRef>
          <TimingStatus>TIP</TimingStatus>
        </To>
        <RouteLinkRef>RL_20-114-B-y08-1-R-1-20</RouteLinkRef>
        <RunTime>PT2M</RunTime>
      </JourneyPatternTimingLink>
      <JourneyPatternTimingLink id="JPL_20-114-B-y08-1-1-R-1-22">
        <From SequenceNumber="21">
          <Activity>pickUpAndSetDown</Activity>
          <StopPointRef>0500CCITY103</StopPointRef>
          <TimingStatus>TIP</TimingStatus>
        </From>
        <To SequenceNumber="22">
          <Activity>pickUpAndSetDown</Activity>
          <StopPointRef>0500CCITY515</StopPointRef>
          <TimingStatus>TIP</TimingStatus>
        </To>
        <RouteLinkRef>RL_20-114-B-y08-1-R-1-21</RouteLinkRef>
        <RunTime>PT1M</RunTime>
      </JourneyPatternTimingLink>
      <JourneyPatternTimingLink id="JPL_20-114-B-y08-1-1-R-1-23">
        <From SequenceNumber="22">
          <Activity>pickUpAndSetDown</Activity>
          <StopPointRef>0500CCITY515</StopPointRef>
          <TimingStatus>TIP</TimingStatus>
        </From>
        <To SequenceNumber="23">
          <Activity>setDown</Activity>
          <StopPointRef>0500CCITY123</StopPointRef>
          <TimingStatus>PTP</TimingStatus>
        </To>
        <RouteLinkRef>RL_20-114-B-y08-1-R-1-22</RouteLinkRef>
        <RunTime>PT3M</RunTime>
      </JourneyPatternTimingLink>
    </JourneyPatternSection>
    <JourneyPatternSection id="JPS_20-114-B-y08-1-2-2-H">
      <JourneyPatternTimingLink id="JPL_20-114-B-y08-1-2-H-2-2">
        <From SequenceNumber="1">
          <Activity>pickUp</Activity>
          <StopPointRef>0500CCITY123</StopPointRef>
          <TimingStatus>PTP</TimingStatus>
        </From>
        <To SequenceNumber="2">
          <Activity>pickUpAndSetDown</Activity>
          <StopPointRef>0500CCITY308</StopPointRef>
          <TimingStatus>TIP</TimingStatus>
        </To>
        <RouteLinkRef>RL_20-114-B-y08-1-H-2-1</RouteLinkRef>
        <RunTime>PT2M</RunTime>
      </JourneyPatternTimingLink>
      <JourneyPatternTimingLink id="JPL_20-114-B-y08-1-2-H-2-3">
        <From SequenceNumber="2">
          <Activity>pickUpAndSetDown</Activity>
          <StopPointRef>0500CCITY308</StopPointRef>
          <TimingStatus>TIP</TimingStatus>
        </From>
        <To SequenceNumber="3">
          <Activity>pickUpAndSetDown</Activity>
          <StopPointRef>0500CCITY096</StopPointRef>
          <TimingStatus>PTP</TimingStatus>
        </To>
        <RouteLinkRef>RL_20-114-B-y08-1-H-2-2</RouteLinkRef>
        <RunTime>PT3M</RunTime>
      </JourneyPatternTimingLink>
      <JourneyPatternTimingLink id="JPL_20-114-B-y08-1-2-H-2-4">
        <From SequenceNumber="3">
          <Activity>pickUpAndSetDown</Activity>
          <StopPointRef>0500CCITY096</StopPointRef>
          <TimingStatus>PTP</TimingStatus>
        </From>
        <To SequenceNumber="4">
          <Activity>pickUpAndSetDown</Activity>
          <StopPointRef>0500CCITY169</StopPointRef>
          <TimingStatus>TIP</TimingStatus>
        </To>
        <RouteLinkRef>RL_20-114-B-y08-1-H-2-3</RouteLinkRef>
        <RunTime>PT1M</RunTime>
      </JourneyPatternTimingLink>
      <JourneyPatternTimingLink id="JPL_20-114-B-y08-1-2-H-2-5">
        <From SequenceNumber="4">
          <Activity>pickUpAndSetDown</Activity>
          <StopPointRef>0500CCITY169</StopPointRef>
          <TimingStatus>TIP</TimingStatus>
        </From>
        <To SequenceNumber="5">
          <Activity>pickUpAndSetDown</Activity>
          <StopPointRef>0500CCITY177</StopPointRef>
          <TimingStatus>TIP</TimingStatus>
        </To>
        <RouteLinkRef>RL_20-114-B-y08-1-H-2-4</RouteLinkRef>
        <RunTime>PT2M</RunTime>
      </JourneyPatternTimingLink>
      <JourneyPatternTimingLink id="JPL_20-114-B-y08-1-2-H-2-6">
        <From SequenceNumber="5">
          <Activity>pickUpAndSetDown</Activity>
          <StopPointRef>0500CCITY177</StopPointRef>
          <TimingStatus>TIP</TimingStatus>
        </From>
        <To SequenceNumber="6">
          <Activity>pickUpAndSetDown</Activity>
          <StopPointRef>0500CCITY171</StopPointRef>
          <TimingStatus>PTP</TimingStatus>
        </To>
        <RouteLinkRef>RL_20-114-B-y08-1-H-2-5</RouteLinkRef>
        <RunTime>PT3M</RunTime>
      </JourneyPatternTimingLink>
      <JourneyPatternTimingLink id="JPL_20-114-B-y08-1-2-H-2-7">
        <From SequenceNumber="6">
          <Activity>pickUpAndSetDown</Activity>
          <StopPointRef>0500CCITY171</StopPointRef>
          <TimingStatus>PTP</TimingStatus>
        </From>
        <To SequenceNumber="7">
          <Activity>pickUpAndSetDown</Activity>
          <StopPointRef>0500CCITY154</StopPointRef>
          <TimingStatus>TIP</TimingStatus>
        </To>
        <RouteLinkRef>RL_20-114-B-y08-1-H-2-6</RouteLinkRef>
        <RunTime>PT2M</RunTime>
      </JourneyPatternTimingLink>
      <JourneyPatternTimingLink id="JPL_20-114-B-y08-1-2-H-2-8">
        <From SequenceNumber="7">
          <Activity>pickUpAndSetDown</Activity>
          <StopPointRef>0500CCITY154</StopPointRef>
          <TimingStatus>TIP</TimingStatus>
        </From>
        <To SequenceNumber="8">
          <Activity>pickUpAndSetDown</Activity>
          <StopPointRef>0500CCITY219</StopPointRef>
          <TimingStatus>TIP</TimingStatus>
        </To>
        <RouteLinkRef>RL_20-114-B-y08-1-H-2-7</RouteLinkRef>
        <RunTime>PT2M</RunTime>
      </JourneyPatternTimingLink>
      <JourneyPatternTimingLink id="JPL_20-114-B-y08-1-2-H-2-9">
        <From SequenceNumber="8">
          <Activity>pickUpAndSetDown</Activity>
          <StopPointRef>0500CCITY219</StopPointRef>
          <TimingStatus>TIP</TimingStatus>
        </From>
        <To SequenceNumber="9">
          <Activity>pickUpAndSetDown</Activity>
          <StopPointRef>0500CCITY100</StopPointRef>
          <TimingStatus>TIP</TimingStatus>
        </To>
        <RouteLinkRef>RL_20-114-B-y08-1-H-2-8</RouteLinkRef>
        <RunTime>PT2M</RunTime>
      </JourneyPatternTimingLink>
      <JourneyPatternTimingLink id="JPL_20-114-B-y08-1-2-H-2-10">
        <From SequenceNumber="9">
          <Activity>pickUpAndSetDown</Activity>
          <StopPointRef>0500CCITY100</StopPointRef>
          <TimingStatus>TIP</TimingStatus>
        </From>
        <To SequenceNumber="10">
          <Activity>pickUpAndSetDown</Activity>
          <StopPointRef>0500CCITY039</StopPointRef>
          <TimingStatus>PTP</TimingStatus>
        </To>
        <RouteLinkRef>RL_20-114-B-y08-1-H-2-9</RouteLinkRef>
        <RunTime>PT2M</RunTime>
      </JourneyPatternTimingLink>
      <JourneyPatternTimingLink id="JPL_20-114-B-y08-1-2-H-2-11">
        <From SequenceNumber="10">
          <Activity>pickUpAndSetDown</Activity>
          <StopPointRef>0500CCITY039</StopPointRef>
          <TimingStatus>PTP</TimingStatus>
        </From>
        <To SequenceNumber="11">
          <Activity>pickUpAndSetDown</Activity>
          <StopPointRef>0500CCITY439</StopPointRef>
          <TimingStatus>TIP</TimingStatus>
        </To>
        <RouteLinkRef>RL_20-114-B-y08-1-H-2-10</RouteLinkRef>
        <RunTime>PT2M</RunTime>
      </JourneyPatternTimingLink>
      <JourneyPatternTimingLink id="JPL_20-114-B-y08-1-2-H-2-12">
        <From SequenceNumber="11">
          <Activity>pickUpAndSetDown</Activity>
          <StopPointRef>0500CCITY439</StopPointRef>
          <TimingStatus>TIP</TimingStatus>
        </From>
        <To SequenceNumber="12">
          <Activity>pickUpAndSetDown</Activity>
          <StopPointRef>0500CCITY347</StopPointRef>
          <TimingStatus>TIP</TimingStatus>
        </To>
        <RouteLinkRef>RL_20-114-B-y08-1-H-2-11</RouteLinkRef>
        <RunTime>PT1M</RunTime>
      </JourneyPatternTimingLink>
      <JourneyPatternTimingLink id="JPL_20-114-B-y08-1-2-H-2-13">
        <From SequenceNumber="12">
          <Activity>pickUpAndSetDown</Activity>
          <StopPointRef>0500CCITY347</StopPointRef>
          <TimingStatus>TIP</TimingStatus>
        </From>
        <To SequenceNumber="13">
          <Activity>pickUpAndSetDown</Activity>
          <StopPointRef>0500CCITY327</StopPointRef>
          <TimingStatus>TIP</TimingStatus>
        </To>
        <RouteLinkRef>RL_20-114-B-y08-1-H-2-12</RouteLinkRef>
        <RunTime>PT2M</RunTime>
      </JourneyPatternTimingLink>
      <JourneyPatternTimingLink id="JPL_20-114-B-y08-1-2-H-2-14">
        <From SequenceNumber="13">
          <Activity>pickUpAndSetDown</Activity>
          <StopPointRef>0500CCITY327</StopPointRef>
          <TimingStatus>TIP</TimingStatus>
        </From>
        <To SequenceNumber="14">
          <Activity>pickUpAndSetDown</Activity>
          <StopPointRef>0500CCITY270</StopPointRef>
          <TimingStatus>PTP</TimingStatus>
        </To>
        <RouteLinkRef>RL_20-114-B-y08-1-H-2-13</RouteLinkRef>
        <RunTime>PT1M</RunTime>
      </JourneyPatternTimingLink>
      <JourneyPatternTimingLink id="JPL_20-114-B-y08-1-2-H-2-15">
        <From SequenceNumber="14">
          <Activity>pickUpAndSetDown</Activity>
          <StopPointRef>0500CCITY270</StopPointRef>
          <TimingStatus>PTP</TimingStatus>
        </From>
        <To SequenceNumber="15">
          <Activity>pickUpAndSetDown</Activity>
          <StopPointRef>0500CCITY399</StopPointRef>
          <TimingStatus>OTH</TimingStatus>
        </To>
        <RouteLinkRef>RL_20-114-B-y08-1-H-2-14</RouteLinkRef>
        <RunTime>PT0S</RunTime>
      </JourneyPatternTimingLink>
      <JourneyPatternTimingLink id="JPL_20-114-B-y08-1-2-H-2-16">
        <From SequenceNumber="15">
          <Activity>pickUpAndSetDown</Activity>
          <StopPointRef>0500CCITY399</StopPointRef>
          <TimingStatus>OTH</TimingStatus>
        </From>
        <To SequenceNumber="16">
          <Activity>pickUpAndSetDown</Activity>
          <StopPointRef>0500CCITY468</StopPointRef>
          <TimingStatus>TIP</TimingStatus>
        </To>
        <RouteLinkRef>RL_20-114-B-y08-1-H-2-15</RouteLinkRef>
        <RunTime>PT1M</RunTime>
      </JourneyPatternTimingLink>
      <JourneyPatternTimingLink id="JPL_20-114-B-y08-1-2-H-2-17">
        <From SequenceNumber="16">
          <Activity>pickUpAndSetDown</Activity>
          <StopPointRef>0500CCITY468</StopPointRef>
          <TimingStatus>TIP</TimingStatus>
        </From>
        <To SequenceNumber="17">
          <Activity>pickUpAndSetDown</Activity>
          <StopPointRef>0500CCITY466</StopPointRef>
          <TimingStatus>OTH</TimingStatus>
        </To>
        <RouteLinkRef>RL_20-114-B-y08-1-H-2-16</RouteLinkRef>
        <RunTime>PT0S</RunTime>
      </JourneyPatternTimingLink>
      <JourneyPatternTimingLink id="JPL_20-114-B-y08-1-2-H-2-18">
        <From SequenceNumber="17">
          <Activity>pickUpAndSetDown</Activity>
          <StopPointRef>0500CCITY466</StopPointRef>
          <TimingStatus>OTH</TimingStatus>
        </From>
        <To SequenceNumber="18">
          <Activity>pickUpAndSetDown</Activity>
          <StopPointRef>0500CCITY236</StopPointRef>
          <TimingStatus>PTP</TimingStatus>
        </To>
        <RouteLinkRef>RL_20-114-B-y08-1-H-2-17</RouteLinkRef>
        <RunTime>PT2M</RunTime>
      </JourneyPatternTimingLink>
      <JourneyPatternTimingLink id="JPL_20-114-B-y08-1-2-H-2-19">
        <From SequenceNumber="18">
          <Activity>pickUpAndSetDown</Activity>
          <StopPointRef>0500CCITY236</StopPointRef>
          <TimingStatus>PTP</TimingStatus>
        </From>
        <To SequenceNumber="19">
          <Activity>pickUpAndSetDown</Activity>
          <StopPointRef>0500CCITY233</StopPointRef>
          <TimingStatus>OTH</TimingStatus>
        </To>
        <RouteLinkRef>RL_20-114-B-y08-1-H-2-18</RouteLinkRef>
        <RunTime>PT0S</RunTime>
      </JourneyPatternTimingLink>
      <JourneyPatternTimingLink id="JPL_20-114-B-y08-1-2-H-2-20">
        <From SequenceNumber="19">
          <Activity>pickUpAndSetDown</Activity>
          <StopPointRef>0500CCITY233</StopPointRef>
          <TimingStatus>OTH</TimingStatus>
        </From>
        <To SequenceNumber="20">
          <Activity>pickUpAndSetDown</Activity>
          <StopPointRef>0500CCITY226</StopPointRef>
          <TimingStatus>TIP</TimingStatus>
        </To>
        <RouteLinkRef>RL_20-114-B-y08-1-H-2-19</RouteLinkRef>
        <RunTime>PT1M</RunTime>
      </JourneyPatternTimingLink>
      <JourneyPatternTimingLink id="JPL_20-114-B-y08-1-2-H-2-21">
        <From SequenceNumber="20">
          <Activity>pickUpAndSetDown</Activity>
          <StopPointRef>0500CCITY226</StopPointRef>
          <TimingStatus>TIP</TimingStatus>
        </From>
        <To SequenceNumber="21">
          <Activity>pickUpAndSetDown</Activity>
          <StopPointRef>0500CCITY079</StopPointRef>
          <TimingStatus>OTH</TimingStatus>
        </To>
        <RouteLinkRef>RL_20-114-B-y08-1-H-2-20</RouteLinkRef>
        <RunTime>PT0S</RunTime>
      </JourneyPatternTimingLink>
      <JourneyPatternTimingLink id="JPL_20-114-B-y08-1-2-H-2-22">
        <From SequenceNumber="21">
          <Activity>pickUpAndSetDown</Activity>
          <StopPointRef>0500CCITY079</StopPointRef>
          <TimingStatus>OTH</TimingStatus>
        </From>
        <To SequenceNumber="22">
          <Activity>setDown</Activity>
          <StopPointRef>0500CCITY203</StopPointRef>
          <TimingStatus>PTP</TimingStatus>
        </To>
        <RouteLinkRef>RL_20-114-B-y08-1-H-2-21</RouteLinkRef>
        <RunTime>PT1M</RunTime>
      </JourneyPatternTimingLink>
    </JourneyPatternSection>
  </JourneyPatternSections>
  <Operators>
    <Operator id="OId_BGBC">
      <NationalOperatorCode>BGBC</NationalOperatorCode>
      <OperatorCode>BGBC</OperatorCode>
      <OperatorShortName>Big Green Bus Company</OperatorShortName>
      <OperatorNameOnLicence>Big Green Bus Company</OperatorNameOnLicence>
      <TradingName>Big Green Bus Company</TradingName>
    </Operator>
  </Operators>
  <Services>
    <Service>
      <ServiceCode>20-114-B-y08-1</ServiceCode>
      <PrivateCode>20-114-B-y08-1</PrivateCode>
      <Lines>
        <Line id="20-114-B-y08-1">
          <LineName>114</LineName>
        </Line>
      </Lines>
      <OperatingPeriod>
        <StartDate>2019-11-05</StartDate>
        <EndDate>2020-05-08</EndDate>
      </OperatingPeriod>
      <OperatingProfile>
        <RegularDayType>
          <DaysOfWeek>
            <Saturday />
          </DaysOfWeek>
        </RegularDayType>
      </OperatingProfile>
      <VehicleType>
        <VehicleEquipment>
          <AccessVehicleEquipment>
            <LowFloor>true</LowFloor>
            <Ramp>true</Ramp>
          </AccessVehicleEquipment>
          <WheelchairVehicleEquipment>
            <SuitableFor>wheelchair</SuitableFor>
          </WheelchairVehicleEquipment>
        </VehicleEquipment>
        <WheelchairAccessible>true</WheelchairAccessible>
      </VehicleType>
      <RegisteredOperatorRef>OId_BGBC</RegisteredOperatorRef>
      <StopRequirements>
        <NoNewStopsRequired />
      </StopRequirements>
      <Mode>bus</Mode>
      <Description>Cambridge City Centre - Grafton - Beehive - Addenbrookes</Description>
      <StandardService>
        <Origin>Drummer St Bus Station</Origin>
        <Destination>Addenbrooke's Hospital Bus Station</Destination>
        <JourneyPattern id="JP_20-114-B-y08-1-1-R-1">
          <Direction>inbound</Direction>
          <RouteRef>R_20-114-B-y08-1-R-1</RouteRef>
          <JourneyPatternSectionRefs>JPS_20-114-B-y08-1-1-1-R</JourneyPatternSectionRefs>
        </JourneyPattern>
        <JourneyPattern id="JP_20-114-B-y08-1-2-H-2">
          <Direction>outbound</Direction>
          <RouteRef>R_20-114-B-y08-1-H-2</RouteRef>
          <JourneyPatternSectionRefs>JPS_20-114-B-y08-1-2-2-H</JourneyPatternSectionRefs>
        </JourneyPattern>
      </StandardService>
    </Service>
  </Services>
  <VehicleJourneys>
    <VehicleJourney>
      <PrivateCode>ea-20-114-B-y08-1-9-UQ</PrivateCode>
      <OperatingProfile>
        <RegularDayType>
          <DaysOfWeek>
            <Saturday />
          </DaysOfWeek>
        </RegularDayType>
        <SpecialDaysOperation>
          <DaysOfNonOperation>
            <DateRange>
              <StartDate>2019-11-09</StartDate>
              <EndDate>2019-11-09</EndDate>
            </DateRange>
            <DateRange>
              <StartDate>2019-11-16</StartDate>
              <EndDate>2019-11-16</EndDate>
            </DateRange>
            <DateRange>
              <StartDate>2019-11-23</StartDate>
              <EndDate>2019-11-23</EndDate>
            </DateRange>
            <DateRange>
              <StartDate>2019-11-30</StartDate>
              <EndDate>2019-11-30</EndDate>
            </DateRange>
            <DateRange>
              <StartDate>2019-12-07</StartDate>
              <EndDate>2019-12-07</EndDate>
            </DateRange>
            <DateRange>
              <StartDate>2019-12-14</StartDate>
              <EndDate>2019-12-14</EndDate>
            </DateRange>
            <DateRange>
              <StartDate>2019-12-21</StartDate>
              <EndDate>2019-12-21</EndDate>
            </DateRange>
            <DateRange>
              <StartDate>2020-01-04</StartDate>
              <EndDate>2020-01-04</EndDate>
            </DateRange>
            <DateRange>
              <StartDate>2020-01-11</StartDate>
              <EndDate>2020-01-11</EndDate>
            </DateRange>
            <DateRange>
              <StartDate>2020-01-18</StartDate>
              <EndDate>2020-01-18</EndDate>
            </DateRange>
            <DateRange>
              <StartDate>2020-01-25</StartDate>
              <EndDate>2020-01-25</EndDate>
            </DateRange>
            <DateRange>
              <StartDate>2020-02-01</StartDate>
              <EndDate>2020-02-01</EndDate>
            </DateRange>
            <DateRange>
              <StartDate>2020-02-08</StartDate>
              <EndDate>2020-02-08</EndDate>
            </DateRange>
            <DateRange>
              <StartDate>2020-02-15</StartDate>
              <EndDate>2020-02-15</EndDate>
            </DateRange>
            <DateRange>
              <StartDate>2020-02-22</StartDate>
              <EndDate>2020-02-22</EndDate>
            </DateRange>
            <DateRange>
              <StartDate>2020-02-29</StartDate>
              <EndDate>2020-02-29</EndDate>
            </DateRange>
            <DateRange>
              <StartDate>2020-03-07</StartDate>
              <EndDate>2020-03-07</EndDate>
            </DateRange>
            <DateRange>
              <StartDate>2020-03-14</StartDate>
              <EndDate>2020-03-14</EndDate>
            </DateRange>
            <DateRange>
              <StartDate>2020-03-21</StartDate>
              <EndDate>2020-03-21</EndDate>
            </DateRange>
            <DateRange>
              <StartDate>2020-03-28</StartDate>
              <EndDate>2020-03-28</EndDate>
            </DateRange>
            <DateRange>
              <StartDate>2020-04-04</StartDate>
              <EndDate>2020-04-04</EndDate>
            </DateRange>
            <DateRange>
              <StartDate>2020-04-11</StartDate>
              <EndDate>2020-04-11</EndDate>
            </DateRange>
            <DateRange>
              <StartDate>2020-04-18</StartDate>
              <EndDate>2020-04-18</EndDate>
            </DateRange>
            <DateRange>
              <StartDate>2020-04-25</StartDate>
              <EndDate>2020-04-25</EndDate>
            </DateRange>
            <DateRange>
              <StartDate>2020-05-02</StartDate>
              <EndDate>2020-05-02</EndDate>
            </DateRange>
          </DaysOfNonOperation>
        </SpecialDaysOperation>
        <BankHolidayOperation>
          <DaysOfNonOperation>
            <ChristmasDay />
            <BoxingDay />
            <GoodFriday />
            <NewYearsDay />
            <MayDay />
            <EasterMonday />
          </DaysOfNonOperation>
        </BankHolidayOperation>
      </OperatingProfile>
      <VehicleJourneyCode>VJ_20-114-B-y08-1-9-UQ</VehicleJourneyCode>
      <ServiceRef>20-114-B-y08-1</ServiceRef>
      <LineRef>20-114-B-y08-1</LineRef>
      <JourneyPatternRef>JP_20-114-B-y08-1-1-R-1</JourneyPatternRef>
      <DepartureTime>09:30:00</DepartureTime>
    </VehicleJourney>
    <VehicleJourney>
      <PrivateCode>ea-20-114-B-y08-1-10-UQ</PrivateCode>
      <OperatingProfile>
        <RegularDayType>
          <DaysOfWeek>
            <Saturday />
          </DaysOfWeek>
        </RegularDayType>
        <SpecialDaysOperation>
          <DaysOfNonOperation>
            <DateRange>
              <StartDate>2019-11-09</StartDate>
              <EndDate>2019-11-09</EndDate>
            </DateRange>
            <DateRange>
              <StartDate>2019-11-16</StartDate>
              <EndDate>2019-11-16</EndDate>
            </DateRange>
            <DateRange>
              <StartDate>2019-11-23</StartDate>
              <EndDate>2019-11-23</EndDate>
            </DateRange>
            <DateRange>
              <StartDate>2019-11-30</StartDate>
              <EndDate>2019-11-30</EndDate>
            </DateRange>
            <DateRange>
              <StartDate>2019-12-07</StartDate>
              <EndDate>2019-12-07</EndDate>
            </DateRange>
            <DateRange>
              <StartDate>2019-12-14</StartDate>
              <EndDate>2019-12-14</EndDate>
            </DateRange>
            <DateRange>
              <StartDate>2019-12-21</StartDate>
              <EndDate>2019-12-21</EndDate>
            </DateRange>
            <DateRange>
              <StartDate>2020-01-04</StartDate>
              <EndDate>2020-01-04</EndDate>
            </DateRange>
            <DateRange>
              <StartDate>2020-01-11</StartDate>
              <EndDate>2020-01-11</EndDate>
            </DateRange>
            <DateRange>
              <StartDate>2020-01-18</StartDate>
              <EndDate>2020-01-18</EndDate>
            </DateRange>
            <DateRange>
              <StartDate>2020-01-25</StartDate>
              <EndDate>2020-01-25</EndDate>
            </DateRange>
            <DateRange>
              <StartDate>2020-02-01</StartDate>
              <EndDate>2020-02-01</EndDate>
            </DateRange>
            <DateRange>
              <StartDate>2020-02-08</StartDate>
              <EndDate>2020-02-08</EndDate>
            </DateRange>
            <DateRange>
              <StartDate>2020-02-15</StartDate>
              <EndDate>2020-02-15</EndDate>
            </DateRange>
            <DateRange>
              <StartDate>2020-02-22</StartDate>
              <EndDate>2020-02-22</EndDate>
            </DateRange>
            <DateRange>
              <StartDate>2020-02-29</StartDate>
              <EndDate>2020-02-29</EndDate>
            </DateRange>
            <DateRange>
              <StartDate>2020-03-07</StartDate>
              <EndDate>2020-03-07</EndDate>
            </DateRange>
            <DateRange>
              <StartDate>2020-03-14</StartDate>
              <EndDate>2020-03-14</EndDate>
            </DateRange>
            <DateRange>
              <StartDate>2020-03-21</StartDate>
              <EndDate>2020-03-21</EndDate>
            </DateRange>
            <DateRange>
              <StartDate>2020-03-28</StartDate>
              <EndDate>2020-03-28</EndDate>
            </DateRange>
            <DateRange>
              <StartDate>2020-04-04</StartDate>
              <EndDate>2020-04-04</EndDate>
            </DateRange>
            <DateRange>
              <StartDate>2020-04-11</StartDate>
              <EndDate>2020-04-11</EndDate>
            </DateRange>
            <DateRange>
              <StartDate>2020-04-18</StartDate>
              <EndDate>2020-04-18</EndDate>
            </DateRange>
            <DateRange>
              <StartDate>2020-04-25</StartDate>
              <EndDate>2020-04-25</EndDate>
            </DateRange>
            <DateRange>
              <StartDate>2020-05-02</StartDate>
              <EndDate>2020-05-02</EndDate>
            </DateRange>
          </DaysOfNonOperation>
        </SpecialDaysOperation>
        <BankHolidayOperation>
          <DaysOfNonOperation>
            <ChristmasDay />
            <BoxingDay />
            <GoodFriday />
            <NewYearsDay />
            <MayDay />
            <EasterMonday />
          </DaysOfNonOperation>
        </BankHolidayOperation>
      </OperatingProfile>
      <VehicleJourneyCode>VJ_20-114-B-y08-1-10-UQ</VehicleJourneyCode>
      <ServiceRef>20-114-B-y08-1</ServiceRef>
      <LineRef>20-114-B-y08-1</LineRef>
      <JourneyPatternRef>JP_20-114-B-y08-1-1-R-1</JourneyPatternRef>
      <DepartureTime>10:45:00</DepartureTime>
    </VehicleJourney>
    <VehicleJourney>
      <PrivateCode>ea-20-114-B-y08-1-11-UQ</PrivateCode>
      <OperatingProfile>
        <RegularDayType>
          <DaysOfWeek>
            <Saturday />
          </DaysOfWeek>
        </RegularDayType>
        <SpecialDaysOperation>
          <DaysOfNonOperation>
            <DateRange>
              <StartDate>2019-11-09</StartDate>
              <EndDate>2019-11-09</EndDate>
            </DateRange>
            <DateRange>
              <StartDate>2019-11-16</StartDate>
              <EndDate>2019-11-16</EndDate>
            </DateRange>
            <DateRange>
              <StartDate>2019-11-23</StartDate>
              <EndDate>2019-11-23</EndDate>
            </DateRange>
            <DateRange>
              <StartDate>2019-11-30</StartDate>
              <EndDate>2019-11-30</EndDate>
            </DateRange>
            <DateRange>
              <StartDate>2019-12-07</StartDate>
              <EndDate>2019-12-07</EndDate>
            </DateRange>
            <DateRange>
              <StartDate>2019-12-14</StartDate>
              <EndDate>2019-12-14</EndDate>
            </DateRange>
            <DateRange>
              <StartDate>2019-12-21</StartDate>
              <EndDate>2019-12-21</EndDate>
            </DateRange>
            <DateRange>
              <StartDate>2020-01-04</StartDate>
              <EndDate>2020-01-04</EndDate>
            </DateRange>
            <DateRange>
              <StartDate>2020-01-11</StartDate>
              <EndDate>2020-01-11</EndDate>
            </DateRange>
            <DateRange>
              <StartDate>2020-01-18</StartDate>
              <EndDate>2020-01-18</EndDate>
            </DateRange>
            <DateRange>
              <StartDate>2020-01-25</StartDate>
              <EndDate>2020-01-25</EndDate>
            </DateRange>
            <DateRange>
              <StartDate>2020-02-01</StartDate>
              <EndDate>2020-02-01</EndDate>
            </DateRange>
            <DateRange>
              <StartDate>2020-02-08</StartDate>
              <EndDate>2020-02-08</EndDate>
            </DateRange>
            <DateRange>
              <StartDate>2020-02-15</StartDate>
              <EndDate>2020-02-15</EndDate>
            </DateRange>
            <DateRange>
              <StartDate>2020-02-22</StartDate>
              <EndDate>2020-02-22</EndDate>
            </DateRange>
            <DateRange>
              <StartDate>2020-02-29</StartDate>
              <EndDate>2020-02-29</EndDate>
            </DateRange>
            <DateRange>
              <StartDate>2020-03-07</StartDate>
              <EndDate>2020-03-07</EndDate>
            </DateRange>
            <DateRange>
              <StartDate>2020-03-14</StartDate>
              <EndDate>2020-03-14</EndDate>
            </DateRange>
            <DateRange>
              <StartDate>2020-03-21</StartDate>
              <EndDate>2020-03-21</EndDate>
            </DateRange>
            <DateRange>
              <StartDate>2020-03-28</StartDate>
              <EndDate>2020-03-28</EndDate>
            </DateRange>
            <DateRange>
              <StartDate>2020-04-04</StartDate>
              <EndDate>2020-04-04</EndDate>
            </DateRange>
            <DateRange>
              <StartDate>2020-04-11</StartDate>
              <EndDate>2020-04-11</EndDate>
            </DateRange>
            <DateRange>
              <StartDate>2020-04-18</StartDate>
              <EndDate>2020-04-18</EndDate>
            </DateRange>
            <DateRange>
              <StartDate>2020-04-25</StartDate>
              <EndDate>2020-04-25</EndDate>
            </DateRange>
            <DateRange>
              <StartDate>2020-05-02</StartDate>
              <EndDate>2020-05-02</EndDate>
            </DateRange>
          </DaysOfNonOperation>
        </SpecialDaysOperation>
        <BankHolidayOperation>
          <DaysOfNonOperation>
            <ChristmasDay />
            <BoxingDay />
            <GoodFriday />
            <NewYearsDay />
            <MayDay />
            <EasterMonday />
          </DaysOfNonOperation>
        </BankHolidayOperation>
      </OperatingProfile>
      <VehicleJourneyCode>VJ_20-114-B-y08-1-11-UQ</VehicleJourneyCode>
      <ServiceRef>20-114-B-y08-1</ServiceRef>
      <LineRef>20-114-B-y08-1</LineRef>
      <JourneyPatternRef>JP_20-114-B-y08-1-1-R-1</JourneyPatternRef>
      <DepartureTime>12:00:00</DepartureTime>
    </VehicleJourney>
    <VehicleJourney>
      <PrivateCode>ea-20-114-B-y08-1-12-UQ</PrivateCode>
      <OperatingProfile>
        <RegularDayType>
          <DaysOfWeek>
            <Saturday />
          </DaysOfWeek>
        </RegularDayType>
        <SpecialDaysOperation>
          <DaysOfNonOperation>
            <DateRange>
              <StartDate>2019-11-09</StartDate>
              <EndDate>2019-11-09</EndDate>
            </DateRange>
            <DateRange>
              <StartDate>2019-11-16</StartDate>
              <EndDate>2019-11-16</EndDate>
            </DateRange>
            <DateRange>
              <StartDate>2019-11-23</StartDate>
              <EndDate>2019-11-23</EndDate>
            </DateRange>
            <DateRange>
              <StartDate>2019-11-30</StartDate>
              <EndDate>2019-11-30</EndDate>
            </DateRange>
            <DateRange>
              <StartDate>2019-12-07</StartDate>
              <EndDate>2019-12-07</EndDate>
            </DateRange>
            <DateRange>
              <StartDate>2019-12-14</StartDate>
              <EndDate>2019-12-14</EndDate>
            </DateRange>
            <DateRange>
              <StartDate>2019-12-21</StartDate>
              <EndDate>2019-12-21</EndDate>
            </DateRange>
            <DateRange>
              <StartDate>2020-01-04</StartDate>
              <EndDate>2020-01-04</EndDate>
            </DateRange>
            <DateRange>
              <StartDate>2020-01-11</StartDate>
              <EndDate>2020-01-11</EndDate>
            </DateRange>
            <DateRange>
              <StartDate>2020-01-18</StartDate>
              <EndDate>2020-01-18</EndDate>
            </DateRange>
            <DateRange>
              <StartDate>2020-01-25</StartDate>
              <EndDate>2020-01-25</EndDate>
            </DateRange>
            <DateRange>
              <StartDate>2020-02-01</StartDate>
              <EndDate>2020-02-01</EndDate>
            </DateRange>
            <DateRange>
              <StartDate>2020-02-08</StartDate>
              <EndDate>2020-02-08</EndDate>
            </DateRange>
            <DateRange>
              <StartDate>2020-02-15</StartDate>
              <EndDate>2020-02-15</EndDate>
            </DateRange>
            <DateRange>
              <StartDate>2020-02-22</StartDate>
              <EndDate>2020-02-22</EndDate>
            </DateRange>
            <DateRange>
              <StartDate>2020-02-29</StartDate>
              <EndDate>2020-02-29</EndDate>
            </DateRange>
            <DateRange>
              <StartDate>2020-03-07</StartDate>
              <EndDate>2020-03-07</EndDate>
            </DateRange>
            <DateRange>
              <StartDate>2020-03-14</StartDate>
              <EndDate>2020-03-14</EndDate>
            </DateRange>
            <DateRange>
              <StartDate>2020-03-21</StartDate>
              <EndDate>2020-03-21</EndDate>
            </DateRange>
            <DateRange>
              <StartDate>2020-03-28</StartDate>
              <EndDate>2020-03-28</EndDate>
            </DateRange>
            <DateRange>
              <StartDate>2020-04-04</StartDate>
              <EndDate>2020-04-04</EndDate>
            </DateRange>
            <DateRange>
              <StartDate>2020-04-11</StartDate>
              <EndDate>2020-04-11</EndDate>
            </DateRange>
            <DateRange>
              <StartDate>2020-04-18</StartDate>
              <EndDate>2020-04-18</EndDate>
            </DateRange>
            <DateRange>
              <StartDate>2020-04-25</StartDate>
              <EndDate>2020-04-25</EndDate>
            </DateRange>
            <DateRange>
              <StartDate>2020-05-02</StartDate>
              <EndDate>2020-05-02</EndDate>
            </DateRange>
          </DaysOfNonOperation>
        </SpecialDaysOperation>
        <BankHolidayOperation>
          <DaysOfNonOperation>
            <ChristmasDay />
            <BoxingDay />
            <GoodFriday />
            <NewYearsDay />
            <MayDay />
            <EasterMonday />
          </DaysOfNonOperation>
        </BankHolidayOperation>
      </OperatingProfile>
      <VehicleJourneyCode>VJ_20-114-B-y08-1-12-UQ</VehicleJourneyCode>
      <ServiceRef>20-114-B-y08-1</ServiceRef>
      <LineRef>20-114-B-y08-1</LineRef>
      <JourneyPatternRef>JP_20-114-B-y08-1-1-R-1</JourneyPatternRef>
      <DepartureTime>13:15:00</DepartureTime>
    </VehicleJourney>
    <VehicleJourney>
      <PrivateCode>ea-20-114-B-y08-1-13-UQ</PrivateCode>
      <OperatingProfile>
        <RegularDayType>
          <DaysOfWeek>
            <Saturday />
          </DaysOfWeek>
        </RegularDayType>
        <SpecialDaysOperation>
          <DaysOfNonOperation>
            <DateRange>
              <StartDate>2019-11-09</StartDate>
              <EndDate>2019-11-09</EndDate>
            </DateRange>
            <DateRange>
              <StartDate>2019-11-16</StartDate>
              <EndDate>2019-11-16</EndDate>
            </DateRange>
            <DateRange>
              <StartDate>2019-11-23</StartDate>
              <EndDate>2019-11-23</EndDate>
            </DateRange>
            <DateRange>
              <StartDate>2019-11-30</StartDate>
              <EndDate>2019-11-30</EndDate>
            </DateRange>
            <DateRange>
              <StartDate>2019-12-07</StartDate>
              <EndDate>2019-12-07</EndDate>
            </DateRange>
            <DateRange>
              <StartDate>2019-12-14</StartDate>
              <EndDate>2019-12-14</EndDate>
            </DateRange>
            <DateRange>
              <StartDate>2019-12-21</StartDate>
              <EndDate>2019-12-21</EndDate>
            </DateRange>
            <DateRange>
              <StartDate>2020-01-04</StartDate>
              <EndDate>2020-01-04</EndDate>
            </DateRange>
            <DateRange>
              <StartDate>2020-01-11</StartDate>
              <EndDate>2020-01-11</EndDate>
            </DateRange>
            <DateRange>
              <StartDate>2020-01-18</StartDate>
              <EndDate>2020-01-18</EndDate>
            </DateRange>
            <DateRange>
              <StartDate>2020-01-25</StartDate>
              <EndDate>2020-01-25</EndDate>
            </DateRange>
            <DateRange>
              <StartDate>2020-02-01</StartDate>
              <EndDate>2020-02-01</EndDate>
            </DateRange>
            <DateRange>
              <StartDate>2020-02-08</StartDate>
              <EndDate>2020-02-08</EndDate>
            </DateRange>
            <DateRange>
              <StartDate>2020-02-15</StartDate>
              <EndDate>2020-02-15</EndDate>
            </DateRange>
            <DateRange>
              <StartDate>2020-02-22</StartDate>
              <EndDate>2020-02-22</EndDate>
            </DateRange>
            <DateRange>
              <StartDate>2020-02-29</StartDate>
              <EndDate>2020-02-29</EndDate>
            </DateRange>
            <DateRange>
              <StartDate>2020-03-07</StartDate>
              <EndDate>2020-03-07</EndDate>
            </DateRange>
            <DateRange>
              <StartDate>2020-03-14</StartDate>
              <EndDate>2020-03-14</EndDate>
            </DateRange>
            <DateRange>
              <StartDate>2020-03-21</StartDate>
              <EndDate>2020-03-21</EndDate>
            </DateRange>
            <DateRange>
              <StartDate>2020-03-28</StartDate>
              <EndDate>2020-03-28</EndDate>
            </DateRange>
            <DateRange>
              <StartDate>2020-04-04</StartDate>
              <EndDate>2020-04-04</EndDate>
            </DateRange>
            <DateRange>
              <StartDate>2020-04-11</StartDate>
              <EndDate>2020-04-11</EndDate>
            </DateRange>
            <DateRange>
              <StartDate>2020-04-18</StartDate>
              <EndDate>2020-04-18</EndDate>
            </DateRange>
            <DateRange>
              <StartDate>2020-04-25</StartDate>
              <EndDate>2020-04-25</EndDate>
            </DateRange>
            <DateRange>
              <StartDate>2020-05-02</StartDate>
              <EndDate>2020-05-02</EndDate>
            </DateRange>
          </DaysOfNonOperation>
        </SpecialDaysOperation>
        <BankHolidayOperation>
          <DaysOfNonOperation>
            <ChristmasDay />
            <BoxingDay />
            <GoodFriday />
            <NewYearsDay />
            <MayDay />
            <EasterMonday />
          </DaysOfNonOperation>
        </BankHolidayOperation>
      </OperatingProfile>
      <VehicleJourneyCode>VJ_20-114-B-y08-1-13-UQ</VehicleJourneyCode>
      <ServiceRef>20-114-B-y08-1</ServiceRef>
      <LineRef>20-114-B-y08-1</LineRef>
      <JourneyPatternRef>JP_20-114-B-y08-1-2-H-2</JourneyPatternRef>
      <DepartureTime>10:10:00</DepartureTime>
    </VehicleJourney>
    <VehicleJourney>
      <PrivateCode>ea-20-114-B-y08-1-14-UQ</PrivateCode>
      <OperatingProfile>
        <RegularDayType>
          <DaysOfWeek>
            <Saturday />
          </DaysOfWeek>
        </RegularDayType>
        <SpecialDaysOperation>
          <DaysOfNonOperation>
            <DateRange>
              <StartDate>2019-11-09</StartDate>
              <EndDate>2019-11-09</EndDate>
            </DateRange>
            <DateRange>
              <StartDate>2019-11-16</StartDate>
              <EndDate>2019-11-16</EndDate>
            </DateRange>
            <DateRange>
              <StartDate>2019-11-23</StartDate>
              <EndDate>2019-11-23</EndDate>
            </DateRange>
            <DateRange>
              <StartDate>2019-11-30</StartDate>
              <EndDate>2019-11-30</EndDate>
            </DateRange>
            <DateRange>
              <StartDate>2019-12-07</StartDate>
              <EndDate>2019-12-07</EndDate>
            </DateRange>
            <DateRange>
              <StartDate>2019-12-14</StartDate>
              <EndDate>2019-12-14</EndDate>
            </DateRange>
            <DateRange>
              <StartDate>2019-12-21</StartDate>
              <EndDate>2019-12-21</EndDate>
            </DateRange>
            <DateRange>
              <StartDate>2020-01-04</StartDate>
              <EndDate>2020-01-04</EndDate>
            </DateRange>
            <DateRange>
              <StartDate>2020-01-11</StartDate>
              <EndDate>2020-01-11</EndDate>
            </DateRange>
            <DateRange>
              <StartDate>2020-01-18</StartDate>
              <EndDate>2020-01-18</EndDate>
            </DateRange>
            <DateRange>
              <StartDate>2020-01-25</StartDate>
              <EndDate>2020-01-25</EndDate>
            </DateRange>
            <DateRange>
              <StartDate>2020-02-01</StartDate>
              <EndDate>2020-02-01</EndDate>
            </DateRange>
            <DateRange>
              <StartDate>2020-02-08</StartDate>
              <EndDate>2020-02-08</EndDate>
            </DateRange>
            <DateRange>
              <StartDate>2020-02-15</StartDate>
              <EndDate>2020-02-15</EndDate>
            </DateRange>
            <DateRange>
              <StartDate>2020-02-22</StartDate>
              <EndDate>2020-02-22</EndDate>
            </DateRange>
            <DateRange>
              <StartDate>2020-02-29</StartDate>
              <EndDate>2020-02-29</EndDate>
            </DateRange>
            <DateRange>
              <StartDate>2020-03-07</StartDate>
              <EndDate>2020-03-07</EndDate>
            </DateRange>
            <DateRange>
              <StartDate>2020-03-14</StartDate>
              <EndDate>2020-03-14</EndDate>
            </DateRange>
            <DateRange>
              <StartDate>2020-03-21</StartDate>
              <EndDate>2020-03-21</EndDate>
            </DateRange>
            <DateRange>
              <StartDate>2020-03-28</StartDate>
              <EndDate>2020-03-28</EndDate>
            </DateRange>
            <DateRange>
              <StartDate>2020-04-04</StartDate>
              <EndDate>2020-04-04</EndDate>
            </DateRange>
            <DateRange>
              <StartDate>2020-04-11</StartDate>
              <EndDate>2020-04-11</EndDate>
            </DateRange>
            <DateRange>
              <StartDate>2020-04-18</StartDate>
              <EndDate>2020-04-18</EndDate>
            </DateRange>
            <DateRange>
              <StartDate>2020-04-25</StartDate>
              <EndDate>2020-04-25</EndDate>
            </DateRange>
            <DateRange>
              <StartDate>2020-05-02</StartDate>
              <EndDate>2020-05-02</EndDate>
            </DateRange>
          </DaysOfNonOperation>
        </SpecialDaysOperation>
        <BankHolidayOperation>
          <DaysOfNonOperation>
            <ChristmasDay />
            <BoxingDay />
            <GoodFriday />
            <NewYearsDay />
            <MayDay />
            <EasterMonday />
          </DaysOfNonOperation>
        </BankHolidayOperation>
      </OperatingProfile>
      <VehicleJourneyCode>VJ_20-114-B-y08-1-14-UQ</VehicleJourneyCode>
      <ServiceRef>20-114-B-y08-1</ServiceRef>
      <LineRef>20-114-B-y08-1</LineRef>
      <JourneyPatternRef>JP_20-114-B-y08-1-2-H-2</JourneyPatternRef>
      <DepartureTime>11:25:00</DepartureTime>
    </VehicleJourney>
    <VehicleJourney>
      <PrivateCode>ea-20-114-B-y08-1-15-UQ</PrivateCode>
      <OperatingProfile>
        <RegularDayType>
          <DaysOfWeek>
            <Saturday />
          </DaysOfWeek>
        </RegularDayType>
        <SpecialDaysOperation>
          <DaysOfNonOperation>
            <DateRange>
              <StartDate>2019-11-09</StartDate>
              <EndDate>2019-11-09</EndDate>
            </DateRange>
            <DateRange>
              <StartDate>2019-11-16</StartDate>
              <EndDate>2019-11-16</EndDate>
            </DateRange>
            <DateRange>
              <StartDate>2019-11-23</StartDate>
              <EndDate>2019-11-23</EndDate>
            </DateRange>
            <DateRange>
              <StartDate>2019-11-30</StartDate>
              <EndDate>2019-11-30</EndDate>
            </DateRange>
            <DateRange>
              <StartDate>2019-12-07</StartDate>
              <EndDate>2019-12-07</EndDate>
            </DateRange>
            <DateRange>
              <StartDate>2019-12-14</StartDate>
              <EndDate>2019-12-14</EndDate>
            </DateRange>
            <DateRange>
              <StartDate>2019-12-21</StartDate>
              <EndDate>2019-12-21</EndDate>
            </DateRange>
            <DateRange>
              <StartDate>2020-01-04</StartDate>
              <EndDate>2020-01-04</EndDate>
            </DateRange>
            <DateRange>
              <StartDate>2020-01-11</StartDate>
              <EndDate>2020-01-11</EndDate>
            </DateRange>
            <DateRange>
              <StartDate>2020-01-18</StartDate>
              <EndDate>2020-01-18</EndDate>
            </DateRange>
            <DateRange>
              <StartDate>2020-01-25</StartDate>
              <EndDate>2020-01-25</EndDate>
            </DateRange>
            <DateRange>
              <StartDate>2020-02-01</StartDate>
              <EndDate>2020-02-01</EndDate>
            </DateRange>
            <DateRange>
              <StartDate>2020-02-08</StartDate>
              <EndDate>2020-02-08</EndDate>
            </DateRange>
            <DateRange>
              <StartDate>2020-02-15</StartDate>
              <EndDate>2020-02-15</EndDate>
            </DateRange>
            <DateRange>
              <StartDate>2020-02-22</StartDate>
              <EndDate>2020-02-22</EndDate>
            </DateRange>
            <DateRange>
              <StartDate>2020-02-29</StartDate>
              <EndDate>2020-02-29</EndDate>
            </DateRange>
            <DateRange>
              <StartDate>2020-03-07</StartDate>
              <EndDate>2020-03-07</EndDate>
            </DateRange>
            <DateRange>
              <StartDate>2020-03-14</StartDate>
              <EndDate>2020-03-14</EndDate>
            </DateRange>
            <DateRange>
              <StartDate>2020-03-21</StartDate>
              <EndDate>2020-03-21</EndDate>
            </DateRange>
            <DateRange>
              <StartDate>2020-03-28</StartDate>
              <EndDate>2020-03-28</EndDate>
            </DateRange>
            <DateRange>
              <StartDate>2020-04-04</StartDate>
              <EndDate>2020-04-04</EndDate>
            </DateRange>
            <DateRange>
              <StartDate>2020-04-11</StartDate>
              <EndDate>2020-04-11</EndDate>
            </DateRange>
            <DateRange>
              <StartDate>2020-04-18</StartDate>
              <EndDate>2020-04-18</EndDate>
            </DateRange>
            <DateRange>
              <StartDate>2020-04-25</StartDate>
              <EndDate>2020-04-25</EndDate>
            </DateRange>
            <DateRange>
              <StartDate>2020-05-02</StartDate>
              <EndDate>2020-05-02</EndDate>
            </DateRange>
          </DaysOfNonOperation>
        </SpecialDaysOperation>
        <BankHolidayOperation>
          <DaysOfNonOperation>
            <ChristmasDay />
            <BoxingDay />
            <GoodFriday />
            <NewYearsDay />
            <MayDay />
            <EasterMonday />
          </DaysOfNonOperation>
        </BankHolidayOperation>
      </OperatingProfile>
      <VehicleJourneyCode>VJ_20-114-B-y08-1-15-UQ</VehicleJourneyCode>
      <ServiceRef>20-114-B-y08-1</ServiceRef>
      <LineRef>20-114-B-y08-1</LineRef>
      <JourneyPatternRef>JP_20-114-B-y08-1-2-H-2</JourneyPatternRef>
      <DepartureTime>12:40:00</DepartureTime>
    </VehicleJourney>
    <VehicleJourney>
      <PrivateCode>ea-20-114-B-y08-1-16-UQ</PrivateCode>
      <OperatingProfile>
        <RegularDayType>
          <DaysOfWeek>
            <Saturday />
          </DaysOfWeek>
        </RegularDayType>
        <SpecialDaysOperation>
          <DaysOfNonOperation>
            <DateRange>
              <StartDate>2019-11-09</StartDate>
              <EndDate>2019-11-09</EndDate>
            </DateRange>
            <DateRange>
              <StartDate>2019-11-16</StartDate>
              <EndDate>2019-11-16</EndDate>
            </DateRange>
            <DateRange>
              <StartDate>2019-11-23</StartDate>
              <EndDate>2019-11-23</EndDate>
            </DateRange>
            <DateRange>
              <StartDate>2019-11-30</StartDate>
              <EndDate>2019-11-30</EndDate>
            </DateRange>
            <DateRange>
              <StartDate>2019-12-07</StartDate>
              <EndDate>2019-12-07</EndDate>
            </DateRange>
            <DateRange>
              <StartDate>2019-12-14</StartDate>
              <EndDate>2019-12-14</EndDate>
            </DateRange>
            <DateRange>
              <StartDate>2019-12-21</StartDate>
              <EndDate>2019-12-21</EndDate>
            </DateRange>
            <DateRange>
              <StartDate>2020-01-04</StartDate>
              <EndDate>2020-01-04</EndDate>
            </DateRange>
            <DateRange>
              <StartDate>2020-01-11</StartDate>
              <EndDate>2020-01-11</EndDate>
            </DateRange>
            <DateRange>
              <StartDate>2020-01-18</StartDate>
              <EndDate>2020-01-18</EndDate>
            </DateRange>
            <DateRange>
              <StartDate>2020-01-25</StartDate>
              <EndDate>2020-01-25</EndDate>
            </DateRange>
            <DateRange>
              <StartDate>2020-02-01</StartDate>
              <EndDate>2020-02-01</EndDate>
            </DateRange>
            <DateRange>
              <StartDate>2020-02-08</StartDate>
              <EndDate>2020-02-08</EndDate>
            </DateRange>
            <DateRange>
              <StartDate>2020-02-15</StartDate>
              <EndDate>2020-02-15</EndDate>
            </DateRange>
            <DateRange>
              <StartDate>2020-02-22</StartDate>
              <EndDate>2020-02-22</EndDate>
            </DateRange>
            <DateRange>
              <StartDate>2020-02-29</StartDate>
              <EndDate>2020-02-29</EndDate>
            </DateRange>
            <DateRange>
              <StartDate>2020-03-07</StartDate>
              <EndDate>2020-03-07</EndDate>
            </DateRange>
            <DateRange>
              <StartDate>2020-03-14</StartDate>
              <EndDate>2020-03-14</EndDate>
            </DateRange>
            <DateRange>
              <StartDate>2020-03-21</StartDate>
              <EndDate>2020-03-21</EndDate>
            </DateRange>
            <DateRange>
              <StartDate>2020-03-28</StartDate>
              <EndDate>2020-03-28</EndDate>
            </DateRange>
            <DateRange>
              <StartDate>2020-04-04</StartDate>
              <EndDate>2020-04-04</EndDate>
            </DateRange>
            <DateRange>
              <StartDate>2020-04-11</StartDate>
              <EndDate>2020-04-11</EndDate>
            </DateRange>
            <DateRange>
              <StartDate>2020-04-18</StartDate>
              <EndDate>2020-04-18</EndDate>
            </DateRange>
            <DateRange>
              <StartDate>2020-04-25</StartDate>
              <EndDate>2020-04-25</EndDate>
            </DateRange>
            <DateRange>
              <StartDate>2020-05-02</StartDate>
              <EndDate>2020-05-02</EndDate>
            </DateRange>
          </DaysOfNonOperation>
        </SpecialDaysOperation>
        <BankHolidayOperation>
          <DaysOfNonOperation>
            <ChristmasDay />
            <BoxingDay />
            <GoodFriday />
            <NewYearsDay />
            <MayDay />
            <EasterMonday />
          </DaysOfNonOperation>
        </BankHolidayOperation>
      </OperatingProfile>
      <VehicleJourneyCode>VJ_20-114-B-y08-1-16-UQ</VehicleJourneyCode>
      <ServiceRef>20-114-B-y08-1</ServiceRef>
      <LineRef>20-114-B-y08-1</LineRef>
      <JourneyPatternRef>JP_20-114-B-y08-1-2-H-2</JourneyPatternRef>
      <DepartureTime>13:55:00</DepartureTime>
    </VehicleJourney>
    <VehicleJourney>
      <PrivateCode>ea-20-114-B-y08-1-1-T2</PrivateCode>
      <OperatingProfile>
        <RegularDayType>
          <DaysOfWeek>
            <Saturday />
          </DaysOfWeek>
        </RegularDayType>
        <SpecialDaysOperation>
          <DaysOfNonOperation>
            <DateRange>
              <StartDate>2019-12-28</StartDate>
              <EndDate>2019-12-28</EndDate>
            </DateRange>
          </DaysOfNonOperation>
        </SpecialDaysOperation>
        <BankHolidayOperation>
          <DaysOfNonOperation>
            <ChristmasDay />
            <BoxingDay />
            <GoodFriday />
            <NewYearsDay />
            <MayDay />
            <EasterMonday />
          </DaysOfNonOperation>
        </BankHolidayOperation>
      </OperatingProfile>
      <VehicleJourneyCode>VJ_20-114-B-y08-1-1-T2</VehicleJourneyCode>
      <ServiceRef>20-114-B-y08-1</ServiceRef>
      <LineRef>20-114-B-y08-1</LineRef>
      <JourneyPatternRef>JP_20-114-B-y08-1-1-R-1</JourneyPatternRef>
      <DepartureTime>09:30:00</DepartureTime>
    </VehicleJourney>
    <VehicleJourney>
      <PrivateCode>ea-20-114-B-y08-1-2-T2</PrivateCode>
      <OperatingProfile>
        <RegularDayType>
          <DaysOfWeek>
            <Saturday />
          </DaysOfWeek>
        </RegularDayType>
        <SpecialDaysOperation>
          <DaysOfNonOperation>
            <DateRange>
              <StartDate>2019-12-28</StartDate>
              <EndDate>2019-12-28</EndDate>
            </DateRange>
          </DaysOfNonOperation>
        </SpecialDaysOperation>
        <BankHolidayOperation>
          <DaysOfNonOperation>
            <ChristmasDay />
            <BoxingDay />
            <GoodFriday />
            <NewYearsDay />
            <MayDay />
            <EasterMonday />
          </DaysOfNonOperation>
        </BankHolidayOperation>
      </OperatingProfile>
      <VehicleJourneyCode>VJ_20-114-B-y08-1-2-T2</VehicleJourneyCode>
      <ServiceRef>20-114-B-y08-1</ServiceRef>
      <LineRef>20-114-B-y08-1</LineRef>
      <JourneyPatternRef>JP_20-114-B-y08-1-1-R-1</JourneyPatternRef>
      <DepartureTime>10:45:00</DepartureTime>
    </VehicleJourney>
    <VehicleJourney>
      <PrivateCode>ea-20-114-B-y08-1-3-T2</PrivateCode>
      <OperatingProfile>
        <RegularDayType>
          <DaysOfWeek>
            <Saturday />
          </DaysOfWeek>
        </RegularDayType>
        <SpecialDaysOperation>
          <DaysOfNonOperation>
            <DateRange>
              <StartDate>2019-12-28</StartDate>
              <EndDate>2019-12-28</EndDate>
            </DateRange>
          </DaysOfNonOperation>
        </SpecialDaysOperation>
        <BankHolidayOperation>
          <DaysOfNonOperation>
            <ChristmasDay />
            <BoxingDay />
            <GoodFriday />
            <NewYearsDay />
            <MayDay />
            <EasterMonday />
          </DaysOfNonOperation>
        </BankHolidayOperation>
      </OperatingProfile>
      <VehicleJourneyCode>VJ_20-114-B-y08-1-3-T2</VehicleJourneyCode>
      <ServiceRef>20-114-B-y08-1</ServiceRef>
      <LineRef>20-114-B-y08-1</LineRef>
      <JourneyPatternRef>JP_20-114-B-y08-1-1-R-1</JourneyPatternRef>
      <DepartureTime>12:00:00</DepartureTime>
    </VehicleJourney>
    <VehicleJourney>
      <PrivateCode>ea-20-114-B-y08-1-4-T2</PrivateCode>
      <OperatingProfile>
        <RegularDayType>
          <DaysOfWeek>
            <Saturday />
          </DaysOfWeek>
        </RegularDayType>
        <SpecialDaysOperation>
          <DaysOfNonOperation>
            <DateRange>
              <StartDate>2019-12-28</StartDate>
              <EndDate>2019-12-28</EndDate>
            </DateRange>
          </DaysOfNonOperation>
        </SpecialDaysOperation>
        <BankHolidayOperation>
          <DaysOfNonOperation>
            <ChristmasDay />
            <BoxingDay />
            <GoodFriday />
            <NewYearsDay />
            <MayDay />
            <EasterMonday />
          </DaysOfNonOperation>
        </BankHolidayOperation>
      </OperatingProfile>
      <VehicleJourneyCode>VJ_20-114-B-y08-1-4-T2</VehicleJourneyCode>
      <ServiceRef>20-114-B-y08-1</ServiceRef>
      <LineRef>20-114-B-y08-1</LineRef>
      <JourneyPatternRef>JP_20-114-B-y08-1-1-R-1</JourneyPatternRef>
      <DepartureTime>13:15:00</DepartureTime>
    </VehicleJourney>
    <VehicleJourney>
      <PrivateCode>ea-20-114-B-y08-1-5-T2</PrivateCode>
      <OperatingProfile>
        <RegularDayType>
          <DaysOfWeek>
            <Saturday />
          </DaysOfWeek>
        </RegularDayType>
        <SpecialDaysOperation>
          <DaysOfNonOperation>
            <DateRange>
              <StartDate>2019-12-28</StartDate>
              <EndDate>2019-12-28</EndDate>
            </DateRange>
          </DaysOfNonOperation>
        </SpecialDaysOperation>
        <BankHolidayOperation>
          <DaysOfNonOperation>
            <ChristmasDay />
            <BoxingDay />
            <GoodFriday />
            <NewYearsDay />
            <MayDay />
            <EasterMonday />
          </DaysOfNonOperation>
        </BankHolidayOperation>
      </OperatingProfile>
      <VehicleJourneyCode>VJ_20-114-B-y08-1-5-T2</VehicleJourneyCode>
      <ServiceRef>20-114-B-y08-1</ServiceRef>
      <LineRef>20-114-B-y08-1</LineRef>
      <JourneyPatternRef>JP_20-114-B-y08-1-2-H-2</JourneyPatternRef>
      <DepartureTime>10:10:00</DepartureTime>
    </VehicleJourney>
    <VehicleJourney>
      <PrivateCode>ea-20-114-B-y08-1-6-T2</PrivateCode>
      <OperatingProfile>
        <RegularDayType>
          <DaysOfWeek>
            <Saturday />
          </DaysOfWeek>
        </RegularDayType>
        <SpecialDaysOperation>
          <DaysOfNonOperation>
            <DateRange>
              <StartDate>2019-12-28</StartDate>
              <EndDate>2019-12-28</EndDate>
            </DateRange>
          </DaysOfNonOperation>
        </SpecialDaysOperation>
        <BankHolidayOperation>
          <DaysOfNonOperation>
            <ChristmasDay />
            <BoxingDay />
            <GoodFriday />
            <NewYearsDay />
            <MayDay />
            <EasterMonday />
          </DaysOfNonOperation>
        </BankHolidayOperation>
      </OperatingProfile>
      <VehicleJourneyCode>VJ_20-114-B-y08-1-6-T2</VehicleJourneyCode>
      <ServiceRef>20-114-B-y08-1</ServiceRef>
      <LineRef>20-114-B-y08-1</LineRef>
      <JourneyPatternRef>JP_20-114-B-y08-1-2-H-2</JourneyPatternRef>
      <DepartureTime>11:25:00</DepartureTime>
    </VehicleJourney>
    <VehicleJourney>
      <PrivateCode>ea-20-114-B-y08-1-7-T2</PrivateCode>
      <OperatingProfile>
        <RegularDayType>
          <DaysOfWeek>
            <Saturday />
          </DaysOfWeek>
        </RegularDayType>
        <SpecialDaysOperation>
          <DaysOfNonOperation>
            <DateRange>
              <StartDate>2019-12-28</StartDate>
              <EndDate>2019-12-28</EndDate>
            </DateRange>
          </DaysOfNonOperation>
        </SpecialDaysOperation>
        <BankHolidayOperation>
          <DaysOfNonOperation>
            <ChristmasDay />
            <BoxingDay />
            <GoodFriday />
            <NewYearsDay />
            <MayDay />
            <EasterMonday />
          </DaysOfNonOperation>
        </BankHolidayOperation>
      </OperatingProfile>
      <VehicleJourneyCode>VJ_20-114-B-y08-1-7-T2</VehicleJourneyCode>
      <ServiceRef>20-114-B-y08-1</ServiceRef>
      <LineRef>20-114-B-y08-1</LineRef>
      <JourneyPatternRef>JP_20-114-B-y08-1-2-H-2</JourneyPatternRef>
      <DepartureTime>12:40:00</DepartureTime>
    </VehicleJourney>
    <VehicleJourney>
      <PrivateCode>ea-20-114-B-y08-1-8-T2</PrivateCode>
      <OperatingProfile>
        <RegularDayType>
          <DaysOfWeek>
            <Saturday />
          </DaysOfWeek>
        </RegularDayType>
        <SpecialDaysOperation>
          <DaysOfNonOperation>
            <DateRange>
              <StartDate>2019-12-28</StartDate>
              <EndDate>2019-12-28</EndDate>
            </DateRange>
          </DaysOfNonOperation>
        </SpecialDaysOperation>
        <BankHolidayOperation>
          <DaysOfNonOperation>
            <ChristmasDay />
            <BoxingDay />
            <GoodFriday />
            <NewYearsDay />
            <MayDay />
            <EasterMonday />
          </DaysOfNonOperation>
        </BankHolidayOperation>
      </OperatingProfile>
      <VehicleJourneyCode>VJ_20-114-B-y08-1-8-T2</VehicleJourneyCode>
      <ServiceRef>20-114-B-y08-1</ServiceRef>
      <LineRef>20-114-B-y08-1</LineRef>
      <JourneyPatternRef>JP_20-114-B-y08-1-2-H-2</JourneyPatternRef>
      <DepartureTime>13:55:00</DepartureTime>
    </VehicleJourney>
  </VehicleJourneys>
</TransXChange>