<?xml version="1.0" encoding="utf-8"?>
<TransXChange xmlns:xsi="http://www.w3.org/2001/XMLSchema-instance" xmlns:xsd="http://www.w3.org/2001/XMLSchema" xsi:schemaLocation="http://www.transxchange.org.uk/ http://www.transxchange.org.uk/schema/2.5/TransXChange_general.xsd" CreationDateTime="2019-11-07T16:03:27.1358Z" ModificationDateTime="2019-11-07T16:03:27.1358Z" Modification="new" RevisionNumber="3" FileName="ea_20-RH3-_-y08-1.xml" SchemaVersion="2.5" RegistrationDocument="true" xmlns="http://www.transxchange.org.uk/">
  <StopPoints>
    <AnnotatedStopPointRef>
      <StopPointRef>0500HHUNT079</StopPointRef>
      <CommonName>Bus Station</CommonName>
      <Indicator>Bay 9</Indicator>
      <LocalityName>Huntingdon</LocalityName>
      <LocalityQualifier>Cambridgeshire</LocalityQualifier>
    </AnnotatedStopPointRef>
    <AnnotatedStopPointRef>
      <StopPointRef>0500HHUNT013</StopPointRef>
      <CommonName>St Johns Street</CommonName>
      <Indicator>o/s 20</Indicator>
      <LocalityName>Huntingdon</LocalityName>
      <LocalityQualifier>Cambridgeshire</LocalityQualifier>
    </AnnotatedStopPointRef>
    <AnnotatedStopPointRef>
      <StopPointRef>0500HHUNT075</StopPointRef>
      <CommonName>Cowper Road</CommonName>
      <Indicator>nr</Indicator>
      <LocalityName>Huntingdon</LocalityName>
      <LocalityQualifier>Cambridgeshire</LocalityQualifier>
    </AnnotatedStopPointRef>
    <AnnotatedStopPointRef>
      <StopPointRef>0500HHUNT074</StopPointRef>
      <CommonName>East Street</CommonName>
      <Indicator>nr</Indicator>
      <LocalityName>Huntingdon</LocalityName>
      <LocalityQualifier>Cambridgeshire</LocalityQualifier>
    </AnnotatedStopPointRef>
    <AnnotatedStopPointRef>
      <StopPointRef>0500HHUNT072</StopPointRef>
      <CommonName>Church Lane</CommonName>
      <Indicator>opp</Indicator>
      <LocalityName>Hartford (Cambs)</LocalityName>
      <LocalityQualifier>Cambridgeshire</LocalityQualifier>
    </AnnotatedStopPointRef>
    <AnnotatedStopPointRef>
      <StopPointRef>0500HHUNT085</StopPointRef>
      <CommonName>The Spinney</CommonName>
      <Indicator>opp</Indicator>
      <LocalityName>Hartford (Cambs)</LocalityName>
      <LocalityQualifier>Cambridgeshire</LocalityQualifier>
    </AnnotatedStopPointRef>
    <AnnotatedStopPointRef>
      <StopPointRef>0500HHUNT084</StopPointRef>
      <CommonName>The Hollow</CommonName>
      <Indicator>opp</Indicator>
      <LocalityName>Hartford (Cambs)</LocalityName>
      <LocalityQualifier>Cambridgeshire</LocalityQualifier>
    </AnnotatedStopPointRef>
    <AnnotatedStopPointRef>
      <StopPointRef>0500HHUNT083</StopPointRef>
      <CommonName>Old Houghton Road</CommonName>
      <Indicator>opp</Indicator>
      <LocalityName>Hartford (Cambs)</LocalityName>
      <LocalityQualifier>Cambridgeshire</LocalityQualifier>
    </AnnotatedStopPointRef>
    <AnnotatedStopPointRef>
      <StopPointRef>0500HHOUG015</StopPointRef>
      <CommonName>St Ives Road Hail &amp; Ride</CommonName>
      <Indicator>N-bound</Indicator>
      <LocalityName>Hartford Hill</LocalityName>
      <LocalityQualifier>Cambridgeshire</LocalityQualifier>
    </AnnotatedStopPointRef>
    <AnnotatedStopPointRef>
      <StopPointRef>0500HKING003</StopPointRef>
      <CommonName>St Peter's Church</CommonName>
      <Indicator>opp</Indicator>
      <LocalityName>Kings Ripton</LocalityName>
      <LocalityQualifier>Cambridgeshire</LocalityQualifier>
    </AnnotatedStopPointRef>
    <AnnotatedStopPointRef>
      <StopPointRef>0500HBROU002</StopPointRef>
      <CommonName>School Road</CommonName>
      <Indicator>nr</Indicator>
      <LocalityName>Broughton (Cambs)</LocalityName>
      <LocalityQualifier>Cambridgeshire</LocalityQualifier>
    </AnnotatedStopPointRef>
    <AnnotatedStopPointRef>
      <StopPointRef>0500HUPWO025</StopPointRef>
      <CommonName>St James's Church</CommonName>
      <Indicator>opp</Indicator>
      <LocalityName>Little Raveley</LocalityName>
      <LocalityQualifier>Cambridgeshire</LocalityQualifier>
    </AnnotatedStopPointRef>
    <AnnotatedStopPointRef>
      <StopPointRef>0500HABBR002</StopPointRef>
      <CommonName>Abbots Ripton Road</CommonName>
      <Indicator>nr</Indicator>
      <LocalityName>Wennington (Cambs)</LocalityName>
      <LocalityQualifier>Cambridgeshire</LocalityQualifier>
    </AnnotatedStopPointRef>
    <AnnotatedStopPointRef>
      <StopPointRef>0500HABBR004</StopPointRef>
      <CommonName>Foxenfields</CommonName>
      <Indicator>nr</Indicator>
      <LocalityName>Abbots Ripton</LocalityName>
      <LocalityQualifier>Cambridgeshire</LocalityQualifier>
    </AnnotatedStopPointRef>
    <AnnotatedStopPointRef>
      <StopPointRef>0500HWOON001</StopPointRef>
      <CommonName>The Cross</CommonName>
      <Indicator>nr</Indicator>
      <LocalityName>Wood Walton</LocalityName>
      <LocalityQualifier>Cambridgeshire</LocalityQualifier>
    </AnnotatedStopPointRef>
    <AnnotatedStopPointRef>
      <StopPointRef>0500HUPWO016</StopPointRef>
      <CommonName>Raveley Road Hail &amp; Ride</CommonName>
      <Indicator>E-bound</Indicator>
      <LocalityName>Great Raveley</LocalityName>
      <LocalityQualifier>Cambridgeshire</LocalityQualifier>
    </AnnotatedStopPointRef>
    <AnnotatedStopPointRef>
      <StopPointRef>0500HUPWO007</StopPointRef>
      <CommonName>Raveley Road</CommonName>
      <Indicator>nr</Indicator>
      <LocalityName>Great Raveley</LocalityName>
      <LocalityQualifier>Cambridgeshire</LocalityQualifier>
    </AnnotatedStopPointRef>
    <AnnotatedStopPointRef>
      <StopPointRef>0500HUPWO014</StopPointRef>
      <CommonName>High Holborn Farm Hail &amp; Ride</CommonName>
      <Indicator>opp</Indicator>
      <LocalityName>Upwood</LocalityName>
      <LocalityQualifier>Cambridgeshire</LocalityQualifier>
    </AnnotatedStopPointRef>
    <AnnotatedStopPointRef>
      <StopPointRef>0500HUPWO009</StopPointRef>
      <CommonName>Meadow Road</CommonName>
      <Indicator>nr</Indicator>
      <LocalityName>Upwood</LocalityName>
      <LocalityQualifier>Cambridgeshire</LocalityQualifier>
    </AnnotatedStopPointRef>
    <AnnotatedStopPointRef>
      <StopPointRef>0500HUPWO002</StopPointRef>
      <CommonName>Church Lane</CommonName>
      <Indicator>opp</Indicator>
      <LocalityName>Upwood</LocalityName>
      <LocalityQualifier>Cambridgeshire</LocalityQualifier>
    </AnnotatedStopPointRef>
    <AnnotatedStopPointRef>
      <StopPointRef>0500HUPWO017</StopPointRef>
      <CommonName>Meadow Road</CommonName>
      <Indicator>opp</Indicator>
      <LocalityName>Upwood</LocalityName>
      <LocalityQualifier>Cambridgeshire</LocalityQualifier>
    </AnnotatedStopPointRef>
    <AnnotatedStopPointRef>
      <StopPointRef>0500HUPWO005</StopPointRef>
      <CommonName>High Holborn Farm Hail &amp; Ride</CommonName>
      <Indicator>nr</Indicator>
      <LocalityName>Upwood</LocalityName>
      <LocalityQualifier>Cambridgeshire</LocalityQualifier>
    </AnnotatedStopPointRef>
    <AnnotatedStopPointRef>
      <StopPointRef>0500HUPWO008</StopPointRef>
      <CommonName>Raveley Road</CommonName>
      <Indicator>opp</Indicator>
      <LocalityName>Great Raveley</LocalityName>
      <LocalityQualifier>Cambridgeshire</LocalityQualifier>
    </AnnotatedStopPointRef>
    <AnnotatedStopPointRef>
      <StopPointRef>0500HUPWO013</StopPointRef>
      <CommonName>Raveley Road Hail &amp; Ride</CommonName>
      <Indicator>W-bound</Indicator>
      <LocalityName>Great Raveley</LocalityName>
      <LocalityQualifier>Cambridgeshire</LocalityQualifier>
    </AnnotatedStopPointRef>
    <AnnotatedStopPointRef>
      <StopPointRef>0500HWOON002</StopPointRef>
      <CommonName>The Cross</CommonName>
      <Indicator>opp</Indicator>
      <LocalityName>Wood Walton</LocalityName>
      <LocalityQualifier>Cambridgeshire</LocalityQualifier>
    </AnnotatedStopPointRef>
    <AnnotatedStopPointRef>
      <StopPointRef>0500HUPWO024</StopPointRef>
      <CommonName>St James's Church</CommonName>
      <Indicator>o/s</Indicator>
      <LocalityName>Little Raveley</LocalityName>
      <LocalityQualifier>Cambridgeshire</LocalityQualifier>
    </AnnotatedStopPointRef>
    <AnnotatedStopPointRef>
      <StopPointRef>0500HKING004</StopPointRef>
      <CommonName>St Peter's Church</CommonName>
      <Indicator>o/s</Indicator>
      <LocalityName>Kings Ripton</LocalityName>
      <LocalityQualifier>Cambridgeshire</LocalityQualifier>
    </AnnotatedStopPointRef>
    <AnnotatedStopPointRef>
      <StopPointRef>0500HHOUG016</StopPointRef>
      <CommonName>St Ives Road Hail &amp; Ride</CommonName>
      <Indicator>S-bound</Indicator>
      <LocalityName>Hartford Hill</LocalityName>
      <LocalityQualifier>Cambridgeshire</LocalityQualifier>
    </AnnotatedStopPointRef>
    <AnnotatedStopPointRef>
      <StopPointRef>0500HHUNT017</StopPointRef>
      <CommonName>Old Houghton Road</CommonName>
      <Indicator>nr</Indicator>
      <LocalityName>Hartford (Cambs)</LocalityName>
      <LocalityQualifier>Cambridgeshire</LocalityQualifier>
    </AnnotatedStopPointRef>
    <AnnotatedStopPointRef>
      <StopPointRef>0500HHUNT042</StopPointRef>
      <CommonName>The Hollow</CommonName>
      <Indicator>nr</Indicator>
      <LocalityName>Hartford (Cambs)</LocalityName>
      <LocalityQualifier>Cambridgeshire</LocalityQualifier>
    </AnnotatedStopPointRef>
    <AnnotatedStopPointRef>
      <StopPointRef>0500HHUNT041</StopPointRef>
      <CommonName>The Spinney</CommonName>
      <Indicator>nr</Indicator>
      <LocalityName>Hartford (Cambs)</LocalityName>
      <LocalityQualifier>Cambridgeshire</LocalityQualifier>
    </AnnotatedStopPointRef>
    <AnnotatedStopPointRef>
      <StopPointRef>0500HHUNT049</StopPointRef>
      <CommonName>Church Lane</CommonName>
      <Indicator>nr</Indicator>
      <LocalityName>Hartford (Cambs)</LocalityName>
      <LocalityQualifier>Cambridgeshire</LocalityQualifier>
    </AnnotatedStopPointRef>
    <AnnotatedStopPointRef>
      <StopPointRef>0500HHUNT030</StopPointRef>
      <CommonName>East Street</CommonName>
      <Indicator>opp</Indicator>
      <LocalityName>Huntingdon</LocalityName>
      <LocalityQualifier>Cambridgeshire</LocalityQualifier>
    </AnnotatedStopPointRef>
  </StopPoints>
  <RouteSections>
    <RouteSection id="RS_20-RH3-_-y08-1-H-1">
      <RouteLink id="RL_20-RH3-_-y08-1-H-1-1">
        <From>
          <StopPointRef>0500HHUNT079</StopPointRef>
        </From>
        <To>
          <StopPointRef>0500HHUNT013</StopPointRef>
        </To>
        <Direction>outbound</Direction>
      </RouteLink>
      <RouteLink id="RL_20-RH3-_-y08-1-H-1-2">
        <From>
          <StopPointRef>0500HHUNT013</StopPointRef>
        </From>
        <To>
          <StopPointRef>0500HHUNT075</StopPointRef>
        </To>
        <Direction>outbound</Direction>
      </RouteLink>
      <RouteLink id="RL_20-RH3-_-y08-1-H-1-3">
        <From>
          <StopPointRef>0500HHUNT075</StopPointRef>
        </From>
        <To>
          <StopPointRef>0500HHUNT074</StopPointRef>
        </To>
        <Direction>outbound</Direction>
      </RouteLink>
      <RouteLink id="RL_20-RH3-_-y08-1-H-1-4">
        <From>
          <StopPointRef>0500HHUNT074</StopPointRef>
        </From>
        <To>
          <StopPointRef>0500HHUNT072</StopPointRef>
        </To>
        <Direction>outbound</Direction>
      </RouteLink>
      <RouteLink id="RL_20-RH3-_-y08-1-H-1-5">
        <From>
          <StopPointRef>0500HHUNT072</StopPointRef>
        </From>
        <To>
          <StopPointRef>0500HHUNT085</StopPointRef>
        </To>
        <Direction>outbound</Direction>
      </RouteLink>
      <RouteLink id="RL_20-RH3-_-y08-1-H-1-6">
        <From>
          <StopPointRef>0500HHUNT085</StopPointRef>
        </From>
        <To>
          <StopPointRef>0500HHUNT084</StopPointRef>
        </To>
        <Direction>outbound</Direction>
      </RouteLink>
      <RouteLink id="RL_20-RH3-_-y08-1-H-1-7">
        <From>
          <StopPointRef>0500HHUNT084</StopPointRef>
        </From>
        <To>
          <StopPointRef>0500HHUNT083</StopPointRef>
        </To>
        <Direction>outbound</Direction>
      </RouteLink>
      <RouteLink id="RL_20-RH3-_-y08-1-H-1-8">
        <From>
          <StopPointRef>0500HHUNT083</StopPointRef>
        </From>
        <To>
          <StopPointRef>0500HHOUG015</StopPointRef>
        </To>
        <Direction>outbound</Direction>
      </RouteLink>
      <RouteLink id="RL_20-RH3-_-y08-1-H-1-9">
        <From>
          <StopPointRef>0500HHOUG015</StopPointRef>
        </From>
        <To>
          <StopPointRef>0500HKING003</StopPointRef>
        </To>
        <Direction>outbound</Direction>
      </RouteLink>
      <RouteLink id="RL_20-RH3-_-y08-1-H-1-10">
        <From>
          <StopPointRef>0500HKING003</StopPointRef>
        </From>
        <To>
          <StopPointRef>0500HBROU002</StopPointRef>
        </To>
        <Direction>outbound</Direction>
      </RouteLink>
      <RouteLink id="RL_20-RH3-_-y08-1-H-1-11">
        <From>
          <StopPointRef>0500HBROU002</StopPointRef>
        </From>
        <To>
          <StopPointRef>0500HUPWO025</StopPointRef>
        </To>
        <Direction>outbound</Direction>
      </RouteLink>
      <RouteLink id="RL_20-RH3-_-y08-1-H-1-12">
        <From>
          <StopPointRef>0500HUPWO025</StopPointRef>
        </From>
        <To>
          <StopPointRef>0500HABBR002</StopPointRef>
        </To>
        <Direction>outbound</Direction>
      </RouteLink>
      <RouteLink id="RL_20-RH3-_-y08-1-H-1-13">
        <From>
          <StopPointRef>0500HABBR002</StopPointRef>
        </From>
        <To>
          <StopPointRef>0500HABBR004</StopPointRef>
        </To>
        <Direction>outbound</Direction>
      </RouteLink>
      <RouteLink id="RL_20-RH3-_-y08-1-H-1-14">
        <From>
          <StopPointRef>0500HABBR004</StopPointRef>
        </From>
        <To>
          <StopPointRef>0500HWOON001</StopPointRef>
        </To>
        <Direction>outbound</Direction>
      </RouteLink>
      <RouteLink id="RL_20-RH3-_-y08-1-H-1-15">
        <From>
          <StopPointRef>0500HWOON001</StopPointRef>
        </From>
        <To>
          <StopPointRef>0500HUPWO016</StopPointRef>
        </To>
        <Direction>outbound</Direction>
      </RouteLink>
      <RouteLink id="RL_20-RH3-_-y08-1-H-1-16">
        <From>
          <StopPointRef>0500HUPWO016</StopPointRef>
        </From>
        <To>
          <StopPointRef>0500HUPWO007</StopPointRef>
        </To>
        <Direction>outbound</Direction>
      </RouteLink>
      <RouteLink id="RL_20-RH3-_-y08-1-H-1-17">
        <From>
          <StopPointRef>0500HUPWO007</StopPointRef>
        </From>
        <To>
          <StopPointRef>0500HUPWO014</StopPointRef>
        </To>
        <Direction>outbound</Direction>
      </RouteLink>
      <RouteLink id="RL_20-RH3-_-y08-1-H-1-18">
        <From>
          <StopPointRef>0500HUPWO014</StopPointRef>
        </From>
        <To>
          <StopPointRef>0500HUPWO009</StopPointRef>
        </To>
        <Direction>outbound</Direction>
      </RouteLink>
      <RouteLink id="RL_20-RH3-_-y08-1-H-1-19">
        <From>
          <StopPointRef>0500HUPWO009</StopPointRef>
        </From>
        <To>
          <StopPointRef>0500HUPWO002</StopPointRef>
        </To>
        <Direction>outbound</Direction>
      </RouteLink>
    </RouteSection>
    <RouteSection id="RS_20-RH3-_-y08-1-R-2">
      <RouteLink id="RL_20-RH3-_-y08-1-R-2-1">
        <From>
          <StopPointRef>0500HUPWO002</StopPointRef>
        </From>
        <To>
          <StopPointRef>0500HUPWO017</StopPointRef>
        </To>
        <Direction>inbound</Direction>
      </RouteLink>
      <RouteLink id="RL_20-RH3-_-y08-1-R-2-2">
        <From>
          <StopPointRef>0500HUPWO017</StopPointRef>
        </From>
        <To>
          <StopPointRef>0500HUPWO005</StopPointRef>
        </To>
        <Direction>inbound</Direction>
      </RouteLink>
      <RouteLink id="RL_20-RH3-_-y08-1-R-2-3">
        <From>
          <StopPointRef>0500HUPWO005</StopPointRef>
        </From>
        <To>
          <StopPointRef>0500HUPWO008</StopPointRef>
        </To>
        <Direction>inbound</Direction>
      </RouteLink>
      <RouteLink id="RL_20-RH3-_-y08-1-R-2-4">
        <From>
          <StopPointRef>0500HUPWO008</StopPointRef>
        </From>
        <To>
          <StopPointRef>0500HUPWO013</StopPointRef>
        </To>
        <Direction>inbound</Direction>
      </RouteLink>
      <RouteLink id="RL_20-RH3-_-y08-1-R-2-5">
        <From>
          <StopPointRef>0500HUPWO013</StopPointRef>
        </From>
        <To>
          <StopPointRef>0500HWOON002</StopPointRef>
        </To>
        <Direction>inbound</Direction>
      </RouteLink>
      <RouteLink id="RL_20-RH3-_-y08-1-R-2-6">
        <From>
          <StopPointRef>0500HWOON002</StopPointRef>
        </From>
        <To>
          <StopPointRef>0500HABBR004</StopPointRef>
        </To>
        <Direction>inbound</Direction>
      </RouteLink>
      <RouteLink id="RL_20-RH3-_-y08-1-R-2-7">
        <From>
          <StopPointRef>0500HABBR004</StopPointRef>
        </From>
        <To>
          <StopPointRef>0500HABBR002</StopPointRef>
        </To>
        <Direction>inbound</Direction>
      </RouteLink>
      <RouteLink id="RL_20-RH3-_-y08-1-R-2-8">
        <From>
          <StopPointRef>0500HABBR002</StopPointRef>
        </From>
        <To>
          <StopPointRef>0500HUPWO024</StopPointRef>
        </To>
        <Direction>inbound</Direction>
      </RouteLink>
      <RouteLink id="RL_20-RH3-_-y08-1-R-2-9">
        <From>
          <StopPointRef>0500HUPWO024</StopPointRef>
        </From>
        <To>
          <StopPointRef>0500HBROU002</StopPointRef>
        </To>
        <Direction>inbound</Direction>
      </RouteLink>
      <RouteLink id="RL_20-RH3-_-y08-1-R-2-10">
        <From>
          <StopPointRef>0500HBROU002</StopPointRef>
        </From>
        <To>
          <StopPointRef>0500HKING004</StopPointRef>
        </To>
        <Direction>inbound</Direction>
      </RouteLink>
      <RouteLink id="RL_20-RH3-_-y08-1-R-2-11">
        <From>
          <StopPointRef>0500HKING004</StopPointRef>
        </From>
        <To>
          <StopPointRef>0500HHOUG016</StopPointRef>
        </To>
        <Direction>inbound</Direction>
      </RouteLink>
      <RouteLink id="RL_20-RH3-_-y08-1-R-2-12">
        <From>
          <StopPointRef>0500HHOUG016</StopPointRef>
        </From>
        <To>
          <StopPointRef>0500HHUNT017</StopPointRef>
        </To>
        <Direction>inbound</Direction>
      </RouteLink>
      <RouteLink id="RL_20-RH3-_-y08-1-R-2-13">
        <From>
          <StopPointRef>0500HHUNT017</StopPointRef>
        </From>
        <To>
          <StopPointRef>0500HHUNT042</StopPointRef>
        </To>
        <Direction>inbound</Direction>
      </RouteLink>
      <RouteLink id="RL_20-RH3-_-y08-1-R-2-14">
        <From>
          <StopPointRef>0500HHUNT042</StopPointRef>
        </From>
        <To>
          <StopPointRef>0500HHUNT041</StopPointRef>
        </To>
        <Direction>inbound</Direction>
      </RouteLink>
      <RouteLink id="RL_20-RH3-_-y08-1-R-2-15">
        <From>
          <StopPointRef>0500HHUNT041</StopPointRef>
        </From>
        <To>
          <StopPointRef>0500HHUNT049</StopPointRef>
        </To>
        <Direction>inbound</Direction>
      </RouteLink>
      <RouteLink id="RL_20-RH3-_-y08-1-R-2-16">
        <From>
          <StopPointRef>0500HHUNT049</StopPointRef>
        </From>
        <To>
          <StopPointRef>0500HHUNT030</StopPointRef>
        </To>
        <Direction>inbound</Direction>
      </RouteLink>
      <RouteLink id="RL_20-RH3-_-y08-1-R-2-17">
        <From>
          <StopPointRef>0500HHUNT030</StopPointRef>
        </From>
        <To>
          <StopPointRef>0500HHUNT079</StopPointRef>
        </To>
        <Direction>inbound</Direction>
      </RouteLink>
    </RouteSection>
  </RouteSections>
  <Routes>
    <Route id="R_20-RH3-_-y08-1-H-1">
      <PrivateCode>R_20-RH3-_-y08-1-H-1</PrivateCode>
      <Description>Bus Station - Church Lane</Description>
      <RouteSectionRef>RS_20-RH3-_-y08-1-H-1</RouteSectionRef>
    </Route>
    <Route id="R_20-RH3-_-y08-1-R-2">
      <PrivateCode>R_20-RH3-_-y08-1-R-2</PrivateCode>
      <Description>Church Lane - Bus Station</Description>
      <RouteSectionRef>RS_20-RH3-_-y08-1-R-2</RouteSectionRef>
    </Route>
  </Routes>
  <JourneyPatternSections>
    <JourneyPatternSection id="JPS_20-RH3-_-y08-1-1-1-H">
      <JourneyPatternTimingLink id="JPL_20-RH3-_-y08-1-1-H-1-2">
        <From SequenceNumber="1">
          <Activity>pickUp</Activity>
          <StopPointRef>0500HHUNT079</StopPointRef>
          <TimingStatus>PTP</TimingStatus>
        </From>
        <To SequenceNumber="2">
          <Activity>pickUpAndSetDown</Activity>
          <StopPointRef>0500HHUNT013</StopPointRef>
          <TimingStatus>OTH</TimingStatus>
        </To>
        <RouteLinkRef>RL_20-RH3-_-y08-1-H-1-1</RouteLinkRef>
        <RunTime>PT0S</RunTime>
      </JourneyPatternTimingLink>
      <JourneyPatternTimingLink id="JPL_20-RH3-_-y08-1-1-H-1-3">
        <From SequenceNumber="2">
          <Activity>pickUpAndSetDown</Activity>
          <StopPointRef>0500HHUNT013</StopPointRef>
          <TimingStatus>OTH</TimingStatus>
        </From>
        <To SequenceNumber="3">
          <Activity>pickUpAndSetDown</Activity>
          <StopPointRef>0500HHUNT075</StopPointRef>
          <TimingStatus>TIP</TimingStatus>
        </To>
        <RouteLinkRef>RL_20-RH3-_-y08-1-H-1-2</RouteLinkRef>
        <RunTime>PT1M</RunTime>
      </JourneyPatternTimingLink>
      <JourneyPatternTimingLink id="JPL_20-RH3-_-y08-1-1-H-1-4">
        <From SequenceNumber="3">
          <Activity>pickUpAndSetDown</Activity>
          <StopPointRef>0500HHUNT075</StopPointRef>
          <TimingStatus>TIP</TimingStatus>
        </From>
        <To SequenceNumber="4">
          <Activity>pickUpAndSetDown</Activity>
          <StopPointRef>0500HHUNT074</StopPointRef>
          <TimingStatus>TIP</TimingStatus>
        </To>
        <RouteLinkRef>RL_20-RH3-_-y08-1-H-1-3</RouteLinkRef>
        <RunTime>PT1M</RunTime>
      </JourneyPatternTimingLink>
      <JourneyPatternTimingLink id="JPL_20-RH3-_-y08-1-1-H-1-5">
        <From SequenceNumber="4">
          <Activity>pickUpAndSetDown</Activity>
          <StopPointRef>0500HHUNT074</StopPointRef>
          <TimingStatus>TIP</TimingStatus>
        </From>
        <To SequenceNumber="5">
          <Activity>setDown</Activity>
          <StopPointRef>0500HHUNT072</StopPointRef>
          <TimingStatus>TIP</TimingStatus>
        </To>
        <RouteLinkRef>RL_20-RH3-_-y08-1-H-1-4</RouteLinkRef>
        <RunTime>PT2M</RunTime>
      </JourneyPatternTimingLink>
      <JourneyPatternTimingLink id="JPL_20-RH3-_-y08-1-1-H-1-6">
        <From SequenceNumber="5">
          <Activity>setDown</Activity>
          <StopPointRef>0500HHUNT072</StopPointRef>
          <TimingStatus>TIP</TimingStatus>
        </From>
        <To SequenceNumber="6">
          <Activity>setDown</Activity>
          <StopPointRef>0500HHUNT085</StopPointRef>
          <TimingStatus>TIP</TimingStatus>
        </To>
        <RouteLinkRef>RL_20-RH3-_-y08-1-H-1-5</RouteLinkRef>
        <RunTime>PT1M</RunTime>
      </JourneyPatternTimingLink>
      <JourneyPatternTimingLink id="JPL_20-RH3-_-y08-1-1-H-1-7">
        <From SequenceNumber="6">
          <Activity>setDown</Activity>
          <StopPointRef>0500HHUNT085</StopPointRef>
          <TimingStatus>TIP</TimingStatus>
        </From>
        <To SequenceNumber="7">
          <Activity>setDown</Activity>
          <StopPointRef>0500HHUNT084</StopPointRef>
          <TimingStatus>OTH</TimingStatus>
        </To>
        <RouteLinkRef>RL_20-RH3-_-y08-1-H-1-6</RouteLinkRef>
        <RunTime>PT0S</RunTime>
      </JourneyPatternTimingLink>
      <JourneyPatternTimingLink id="JPL_20-RH3-_-y08-1-1-H-1-8">
        <From SequenceNumber="7">
          <Activity>setDown</Activity>
          <StopPointRef>0500HHUNT084</StopPointRef>
          <TimingStatus>OTH</TimingStatus>
        </From>
        <To SequenceNumber="8">
          <Activity>setDown</Activity>
          <StopPointRef>0500HHUNT083</StopPointRef>
          <TimingStatus>OTH</TimingStatus>
        </To>
        <RouteLinkRef>RL_20-RH3-_-y08-1-H-1-7</RouteLinkRef>
        <RunTime>PT0S</RunTime>
      </JourneyPatternTimingLink>
      <JourneyPatternTimingLink id="JPL_20-RH3-_-y08-1-1-H-1-9">
        <From SequenceNumber="8">
          <Activity>setDown</Activity>
          <StopPointRef>0500HHUNT083</StopPointRef>
          <TimingStatus>OTH</TimingStatus>
        </From>
        <To SequenceNumber="9">
          <Activity>setDown</Activity>
          <StopPointRef>0500HHOUG015</StopPointRef>
          <TimingStatus>TIP</TimingStatus>
        </To>
        <RouteLinkRef>RL_20-RH3-_-y08-1-H-1-8</RouteLinkRef>
        <RunTime>PT1M</RunTime>
      </JourneyPatternTimingLink>
      <JourneyPatternTimingLink id="JPL_20-RH3-_-y08-1-1-H-1-10">
        <From SequenceNumber="9">
          <Activity>setDown</Activity>
          <StopPointRef>0500HHOUG015</StopPointRef>
          <TimingStatus>TIP</TimingStatus>
        </From>
        <To SequenceNumber="10">
          <Activity>setDown</Activity>
          <StopPointRef>0500HKING003</StopPointRef>
          <TimingStatus>PTP</TimingStatus>
        </To>
        <RouteLinkRef>RL_20-RH3-_-y08-1-H-1-9</RouteLinkRef>
        <RunTime>PT3M</RunTime>
      </JourneyPatternTimingLink>
      <JourneyPatternTimingLink id="JPL_20-RH3-_-y08-1-1-H-1-11">
        <From SequenceNumber="10">
          <Activity>setDown</Activity>
          <StopPointRef>0500HKING003</StopPointRef>
          <TimingStatus>PTP</TimingStatus>
        </From>
        <To SequenceNumber="11">
          <Activity>setDown</Activity>
          <StopPointRef>0500HBROU002</StopPointRef>
          <TimingStatus>PTP</TimingStatus>
        </To>
        <RouteLinkRef>RL_20-RH3-_-y08-1-H-1-10</RouteLinkRef>
        <RunTime>PT6M</RunTime>
      </JourneyPatternTimingLink>
      <JourneyPatternTimingLink id="JPL_20-RH3-_-y08-1-1-H-1-12">
        <From SequenceNumber="11">
          <Activity>setDown</Activity>
          <StopPointRef>0500HBROU002</StopPointRef>
          <TimingStatus>PTP</TimingStatus>
        </From>
        <To SequenceNumber="12">
          <Activity>setDown</Activity>
          <StopPointRef>0500HUPWO025</StopPointRef>
          <TimingStatus>PTP</TimingStatus>
        </To>
        <RouteLinkRef>RL_20-RH3-_-y08-1-H-1-11</RouteLinkRef>
        <RunTime>PT6M</RunTime>
      </JourneyPatternTimingLink>
      <JourneyPatternTimingLink id="JPL_20-RH3-_-y08-1-1-H-1-13">
        <From SequenceNumber="12">
          <Activity>setDown</Activity>
          <StopPointRef>0500HUPWO025</StopPointRef>
          <TimingStatus>PTP</TimingStatus>
        </From>
        <To SequenceNumber="13">
          <Activity>setDown</Activity>
          <StopPointRef>0500HABBR002</StopPointRef>
          <TimingStatus>PTP</TimingStatus>
        </To>
        <RouteLinkRef>RL_20-RH3-_-y08-1-H-1-12</RouteLinkRef>
        <RunTime>PT5M</RunTime>
      </JourneyPatternTimingLink>
      <JourneyPatternTimingLink id="JPL_20-RH3-_-y08-1-1-H-1-14">
        <From SequenceNumber="13">
          <Activity>setDown</Activity>
          <StopPointRef>0500HABBR002</StopPointRef>
          <TimingStatus>PTP</TimingStatus>
        </From>
        <To SequenceNumber="14">
          <Activity>setDown</Activity>
          <StopPointRef>0500HABBR004</StopPointRef>
          <TimingStatus>PTP</TimingStatus>
        </To>
        <RouteLinkRef>RL_20-RH3-_-y08-1-H-1-13</RouteLinkRef>
        <RunTime>PT4M</RunTime>
      </JourneyPatternTimingLink>
      <JourneyPatternTimingLink id="JPL_20-RH3-_-y08-1-1-H-1-15">
        <From SequenceNumber="14">
          <Activity>setDown</Activity>
          <StopPointRef>0500HABBR004</StopPointRef>
          <TimingStatus>PTP</TimingStatus>
        </From>
        <To SequenceNumber="15">
          <Activity>setDown</Activity>
          <StopPointRef>0500HWOON001</StopPointRef>
          <TimingStatus>PTP</TimingStatus>
        </To>
        <RouteLinkRef>RL_20-RH3-_-y08-1-H-1-14</RouteLinkRef>
        <RunTime>PT9M</RunTime>
      </JourneyPatternTimingLink>
      <JourneyPatternTimingLink id="JPL_20-RH3-_-y08-1-1-H-1-16">
        <From SequenceNumber="15">
          <Activity>setDown</Activity>
          <StopPointRef>0500HWOON001</StopPointRef>
          <TimingStatus>PTP</TimingStatus>
        </From>
        <To SequenceNumber="16">
          <Activity>setDown</Activity>
          <StopPointRef>0500HUPWO016</StopPointRef>
          <TimingStatus>TIP</TimingStatus>
        </To>
        <RouteLinkRef>RL_20-RH3-_-y08-1-H-1-15</RouteLinkRef>
        <RunTime>PT3M</RunTime>
      </JourneyPatternTimingLink>
      <JourneyPatternTimingLink id="JPL_20-RH3-_-y08-1-1-H-1-17">
        <From SequenceNumber="16">
          <Activity>setDown</Activity>
          <StopPointRef>0500HUPWO016</StopPointRef>
          <TimingStatus>TIP</TimingStatus>
        </From>
        <To SequenceNumber="17">
          <Activity>setDown</Activity>
          <StopPointRef>0500HUPWO007</StopPointRef>
          <TimingStatus>PTP</TimingStatus>
        </To>
        <RouteLinkRef>RL_20-RH3-_-y08-1-H-1-16</RouteLinkRef>
        <RunTime>PT5M</RunTime>
      </JourneyPatternTimingLink>
      <JourneyPatternTimingLink id="JPL_20-RH3-_-y08-1-1-H-1-18">
        <From SequenceNumber="17">
          <Activity>setDown</Activity>
          <StopPointRef>0500HUPWO007</StopPointRef>
          <TimingStatus>PTP</TimingStatus>
        </From>
        <To SequenceNumber="18">
          <Activity>setDown</Activity>
          <StopPointRef>0500HUPWO014</StopPointRef>
          <TimingStatus>TIP</TimingStatus>
        </To>
        <RouteLinkRef>RL_20-RH3-_-y08-1-H-1-17</RouteLinkRef>
        <RunTime>PT1M</RunTime>
      </JourneyPatternTimingLink>
      <JourneyPatternTimingLink id="JPL_20-RH3-_-y08-1-1-H-1-19">
        <From SequenceNumber="18">
          <Activity>setDown</Activity>
          <StopPointRef>0500HUPWO014</StopPointRef>
          <TimingStatus>TIP</TimingStatus>
        </From>
        <To SequenceNumber="19">
          <Activity>setDown</Activity>
          <StopPointRef>0500HUPWO009</StopPointRef>
          <TimingStatus>TIP</TimingStatus>
        </To>
        <RouteLinkRef>RL_20-RH3-_-y08-1-H-1-18</RouteLinkRef>
        <RunTime>PT1M</RunTime>
      </JourneyPatternTimingLink>
      <JourneyPatternTimingLink id="JPL_20-RH3-_-y08-1-1-H-1-20">
        <From SequenceNumber="19">
          <Activity>setDown</Activity>
          <StopPointRef>0500HUPWO009</StopPointRef>
          <TimingStatus>TIP</TimingStatus>
        </From>
        <To SequenceNumber="20">
          <Activity>setDown</Activity>
          <StopPointRef>0500HUPWO002</StopPointRef>
          <TimingStatus>PTP</TimingStatus>
        </To>
        <RouteLinkRef>RL_20-RH3-_-y08-1-H-1-19</RouteLinkRef>
        <RunTime>PT1M</RunTime>
      </JourneyPatternTimingLink>
    </JourneyPatternSection>
    <JourneyPatternSection id="JPS_20-RH3-_-y08-1-2-2-R">
      <JourneyPatternTimingLink id="JPL_20-RH3-_-y08-1-2-R-2-2">
        <From SequenceNumber="1">
          <Activity>pickUp</Activity>
          <StopPointRef>0500HUPWO002</StopPointRef>
          <TimingStatus>PTP</TimingStatus>
        </From>
        <To SequenceNumber="2">
          <Activity>pickUpAndSetDown</Activity>
          <StopPointRef>0500HUPWO017</StopPointRef>
          <TimingStatus>OTH</TimingStatus>
        </To>
        <RouteLinkRef>RL_20-RH3-_-y08-1-R-2-1</RouteLinkRef>
        <RunTime>PT0S</RunTime>
      </JourneyPatternTimingLink>
      <JourneyPatternTimingLink id="JPL_20-RH3-_-y08-1-2-R-2-3">
        <From SequenceNumber="2">
          <Activity>pickUpAndSetDown</Activity>
          <StopPointRef>0500HUPWO017</StopPointRef>
          <TimingStatus>OTH</TimingStatus>
        </From>
        <To SequenceNumber="3">
          <Activity>pickUpAndSetDown</Activity>
          <StopPointRef>0500HUPWO005</StopPointRef>
          <TimingStatus>TIP</TimingStatus>
        </To>
        <RouteLinkRef>RL_20-RH3-_-y08-1-R-2-2</RouteLinkRef>
        <RunTime>PT1M</RunTime>
      </JourneyPatternTimingLink>
      <JourneyPatternTimingLink id="JPL_20-RH3-_-y08-1-2-R-2-4">
        <From SequenceNumber="3">
          <Activity>pickUpAndSetDown</Activity>
          <StopPointRef>0500HUPWO005</StopPointRef>
          <TimingStatus>TIP</TimingStatus>
        </From>
        <To SequenceNumber="4">
          <Activity>pickUpAndSetDown</Activity>
          <StopPointRef>0500HUPWO008</StopPointRef>
          <TimingStatus>PTP</TimingStatus>
        </To>
        <RouteLinkRef>RL_20-RH3-_-y08-1-R-2-3</RouteLinkRef>
        <RunTime>PT2M</RunTime>
      </JourneyPatternTimingLink>
      <JourneyPatternTimingLink id="JPL_20-RH3-_-y08-1-2-R-2-5">
        <From SequenceNumber="4">
          <Activity>pickUpAndSetDown</Activity>
          <StopPointRef>0500HUPWO008</StopPointRef>
          <TimingStatus>PTP</TimingStatus>
        </From>
        <To SequenceNumber="5">
          <Activity>pickUpAndSetDown</Activity>
          <StopPointRef>0500HUPWO013</StopPointRef>
          <TimingStatus>TIP</TimingStatus>
        </To>
        <RouteLinkRef>RL_20-RH3-_-y08-1-R-2-4</RouteLinkRef>
        <RunTime>PT3M</RunTime>
      </JourneyPatternTimingLink>
      <JourneyPatternTimingLink id="JPL_20-RH3-_-y08-1-2-R-2-6">
        <From SequenceNumber="5">
          <Activity>pickUpAndSetDown</Activity>
          <StopPointRef>0500HUPWO013</StopPointRef>
          <TimingStatus>TIP</TimingStatus>
        </From>
        <To SequenceNumber="6">
          <Activity>pickUpAndSetDown</Activity>
          <StopPointRef>0500HWOON002</StopPointRef>
          <TimingStatus>PTP</TimingStatus>
        </To>
        <RouteLinkRef>RL_20-RH3-_-y08-1-R-2-5</RouteLinkRef>
        <RunTime>PT5M</RunTime>
      </JourneyPatternTimingLink>
      <JourneyPatternTimingLink id="JPL_20-RH3-_-y08-1-2-R-2-7">
        <From SequenceNumber="6">
          <Activity>pickUpAndSetDown</Activity>
          <StopPointRef>0500HWOON002</StopPointRef>
          <TimingStatus>PTP</TimingStatus>
        </From>
        <To SequenceNumber="7">
          <Activity>pickUpAndSetDown</Activity>
          <StopPointRef>0500HABBR004</StopPointRef>
          <TimingStatus>PTP</TimingStatus>
        </To>
        <RouteLinkRef>RL_20-RH3-_-y08-1-R-2-6</RouteLinkRef>
        <RunTime>PT9M</RunTime>
      </JourneyPatternTimingLink>
      <JourneyPatternTimingLink id="JPL_20-RH3-_-y08-1-2-R-2-8">
        <From SequenceNumber="7">
          <Activity>pickUpAndSetDown</Activity>
          <StopPointRef>0500HABBR004</StopPointRef>
          <TimingStatus>PTP</TimingStatus>
        </From>
        <To SequenceNumber="8">
          <Activity>pickUpAndSetDown</Activity>
          <StopPointRef>0500HABBR002</StopPointRef>
          <TimingStatus>PTP</TimingStatus>
        </To>
        <RouteLinkRef>RL_20-RH3-_-y08-1-R-2-7</RouteLinkRef>
        <RunTime>PT4M</RunTime>
      </JourneyPatternTimingLink>
      <JourneyPatternTimingLink id="JPL_20-RH3-_-y08-1-2-R-2-9">
        <From SequenceNumber="8">
          <Activity>pickUpAndSetDown</Activity>
          <StopPointRef>0500HABBR002</StopPointRef>
          <TimingStatus>PTP</TimingStatus>
        </From>
        <To SequenceNumber="9">
          <Activity>pickUpAndSetDown</Activity>
          <StopPointRef>0500HUPWO024</StopPointRef>
          <TimingStatus>PTP</TimingStatus>
        </To>
        <RouteLinkRef>RL_20-RH3-_-y08-1-R-2-8</RouteLinkRef>
        <RunTime>PT5M</RunTime>
      </JourneyPatternTimingLink>
      <JourneyPatternTimingLink id="JPL_20-RH3-_-y08-1-2-R-2-10">
        <From SequenceNumber="9">
          <Activity>pickUpAndSetDown</Activity>
          <StopPointRef>0500HUPWO024</StopPointRef>
          <TimingStatus>PTP</TimingStatus>
        </From>
        <To SequenceNumber="10">
          <Activity>pickUpAndSetDown</Activity>
          <StopPointRef>0500HBROU002</StopPointRef>
          <TimingStatus>PTP</TimingStatus>
        </To>
        <RouteLinkRef>RL_20-RH3-_-y08-1-R-2-9</RouteLinkRef>
        <RunTime>PT6M</RunTime>
      </JourneyPatternTimingLink>
      <JourneyPatternTimingLink id="JPL_20-RH3-_-y08-1-2-R-2-11">
        <From SequenceNumber="10">
          <Activity>pickUpAndSetDown</Activity>
          <StopPointRef>0500HBROU002</StopPointRef>
          <TimingStatus>PTP</TimingStatus>
        </From>
        <To SequenceNumber="11">
          <Activity>pickUpAndSetDown</Activity>
          <StopPointRef>0500HKING004</StopPointRef>
          <TimingStatus>PTP</TimingStatus>
        </To>
        <RouteLinkRef>RL_20-RH3-_-y08-1-R-2-10</RouteLinkRef>
        <RunTime>PT6M</RunTime>
      </JourneyPatternTimingLink>
      <JourneyPatternTimingLink id="JPL_20-RH3-_-y08-1-2-R-2-12">
        <From SequenceNumber="11">
          <Activity>pickUpAndSetDown</Activity>
          <StopPointRef>0500HKING004</StopPointRef>
          <TimingStatus>PTP</TimingStatus>
        </From>
        <To SequenceNumber="12">
          <Activity>pickUpAndSetDown</Activity>
          <StopPointRef>0500HHOUG016</StopPointRef>
          <TimingStatus>TIP</TimingStatus>
        </To>
        <RouteLinkRef>RL_20-RH3-_-y08-1-R-2-11</RouteLinkRef>
        <RunTime>PT3M</RunTime>
      </JourneyPatternTimingLink>
      <JourneyPatternTimingLink id="JPL_20-RH3-_-y08-1-2-R-2-13">
        <From SequenceNumber="12">
          <Activity>pickUpAndSetDown</Activity>
          <StopPointRef>0500HHOUG016</StopPointRef>
          <TimingStatus>TIP</TimingStatus>
        </From>
        <To SequenceNumber="13">
          <Activity>pickUpAndSetDown</Activity>
          <StopPointRef>0500HHUNT017</StopPointRef>
          <TimingStatus>TIP</TimingStatus>
        </To>
        <RouteLinkRef>RL_20-RH3-_-y08-1-R-2-12</RouteLinkRef>
        <RunTime>PT2M</RunTime>
      </JourneyPatternTimingLink>
      <JourneyPatternTimingLink id="JPL_20-RH3-_-y08-1-2-R-2-14">
        <From SequenceNumber="13">
          <Activity>pickUpAndSetDown</Activity>
          <StopPointRef>0500HHUNT017</StopPointRef>
          <TimingStatus>TIP</TimingStatus>
        </From>
        <To SequenceNumber="14">
          <Activity>pickUpAndSetDown</Activity>
          <StopPointRef>0500HHUNT042</StopPointRef>
          <TimingStatus>TIP</TimingStatus>
        </To>
        <RouteLinkRef>RL_20-RH3-_-y08-1-R-2-13</RouteLinkRef>
        <RunTime>PT1M</RunTime>
      </JourneyPatternTimingLink>
      <JourneyPatternTimingLink id="JPL_20-RH3-_-y08-1-2-R-2-15">
        <From SequenceNumber="14">
          <Activity>pickUpAndSetDown</Activity>
          <StopPointRef>0500HHUNT042</StopPointRef>
          <TimingStatus>TIP</TimingStatus>
        </From>
        <To SequenceNumber="15">
          <Activity>pickUpAndSetDown</Activity>
          <StopPointRef>0500HHUNT041</StopPointRef>
          <TimingStatus>OTH</TimingStatus>
        </To>
        <RouteLinkRef>RL_20-RH3-_-y08-1-R-2-14</RouteLinkRef>
        <RunTime>PT0S</RunTime>
      </JourneyPatternTimingLink>
      <JourneyPatternTimingLink id="JPL_20-RH3-_-y08-1-2-R-2-16">
        <From SequenceNumber="15">
          <Activity>pickUpAndSetDown</Activity>
          <StopPointRef>0500HHUNT041</StopPointRef>
          <TimingStatus>OTH</TimingStatus>
        </From>
        <To SequenceNumber="16">
          <Activity>pickUpAndSetDown</Activity>
          <StopPointRef>0500HHUNT049</StopPointRef>
          <TimingStatus>OTH</TimingStatus>
        </To>
        <RouteLinkRef>RL_20-RH3-_-y08-1-R-2-15</RouteLinkRef>
        <RunTime>PT0S</RunTime>
      </JourneyPatternTimingLink>
      <JourneyPatternTimingLink id="JPL_20-RH3-_-y08-1-2-R-2-17">
        <From SequenceNumber="16">
          <Activity>pickUpAndSetDown</Activity>
          <StopPointRef>0500HHUNT049</StopPointRef>
          <TimingStatus>OTH</TimingStatus>
        </From>
        <To SequenceNumber="17">
          <Activity>pickUpAndSetDown</Activity>
          <StopPointRef>0500HHUNT030</StopPointRef>
          <TimingStatus>TIP</TimingStatus>
        </To>
        <RouteLinkRef>RL_20-RH3-_-y08-1-R-2-16</RouteLinkRef>
        <RunTime>PT1M</RunTime>
      </JourneyPatternTimingLink>
      <JourneyPatternTimingLink id="JPL_20-RH3-_-y08-1-2-R-2-18">
        <From SequenceNumber="17">
          <Activity>pickUpAndSetDown</Activity>
          <StopPointRef>0500HHUNT030</StopPointRef>
          <TimingStatus>TIP</TimingStatus>
        </From>
        <To SequenceNumber="18">
          <Activity>setDown</Activity>
          <StopPointRef>0500HHUNT079</StopPointRef>
          <TimingStatus>PTP</TimingStatus>
        </To>
        <RouteLinkRef>RL_20-RH3-_-y08-1-R-2-17</RouteLinkRef>
        <RunTime>PT2M</RunTime>
      </JourneyPatternTimingLink>
    </JourneyPatternSection>
  </JourneyPatternSections>
  <Operators>
    <Operator id="OId_RADC">
      <NationalOperatorCode>RADC</NationalOperatorCode>
      <OperatorCode>RADC</OperatorCode>
      <OperatorShortName>Ramsey and District Com</OperatorShortName>
      <OperatorNameOnLicence>Ramsey and District Community Bus Association</OperatorNameOnLicence>
      <TradingName>Ramsey and District Community Bus Association</TradingName>
    </Operator>
  </Operators>
  <Services>
    <Service>
      <ServiceCode>20-RH3-_-y08-1</ServiceCode>
      <PrivateCode>20-RH3-_-y08-1</PrivateCode>
      <Lines>
        <Line id="20-RH3-_-y08-1">
          <LineName>RH3</LineName>
        </Line>
      </Lines>
      <OperatingPeriod>
        <StartDate>2019-11-05</StartDate>
        <EndDate>2020-05-08</EndDate>
      </OperatingPeriod>
      <OperatingProfile>
        <RegularDayType>
          <DaysOfWeek>
            <MondayToFriday />
          </DaysOfWeek>
        </RegularDayType>
        <SpecialDaysOperation>
          <DaysOfNonOperation>
            <DateRange>
              <StartDate>2019-12-24</StartDate>
              <EndDate>2019-12-24</EndDate>
            </DateRange>
            <DateRange>
              <StartDate>2019-12-27</StartDate>
              <EndDate>2019-12-27</EndDate>
            </DateRange>
            <DateRange>
              <StartDate>2019-12-30</StartDate>
              <EndDate>2019-12-31</EndDate>
            </DateRange>
          </DaysOfNonOperation>
        </SpecialDaysOperation>
        <BankHolidayOperation>
          <DaysOfNonOperation>
            <ChristmasDay />
            <BoxingDay />
            <GoodFriday />
            <NewYearsDay />
            <MayDay />
            <EasterMonday />
          </DaysOfNonOperation>
        </BankHolidayOperation>
      </OperatingProfile>
      <VehicleType>
        <VehicleEquipment>
          <AccessVehicleEquipment>
            <LowFloor>true</LowFloor>
            <Ramp>true</Ramp>
          </AccessVehicleEquipment>
          <WheelchairVehicleEquipment>
            <SuitableFor>wheelchair</SuitableFor>
          </WheelchairVehicleEquipment>
        </VehicleEquipment>
        <WheelchairAccessible>true</WheelchairAccessible>
      </VehicleType>
      <RegisteredOperatorRef>OId_RADC</RegisteredOperatorRef>
      <StopRequirements>
        <NoNewStopsRequired />
      </StopRequirements>
      <Mode>bus</Mode>
      <Description>Huntingdon - Upwood</Description>
      <StandardService>
        <Origin>Bus Station</Origin>
        <Destination>Church Lane</Destination>
        <JourneyPattern id="JP_20-RH3-_-y08-1-1-H-1">
          <Direction>outbound</Direction>
          <RouteRef>R_20-RH3-_-y08-1-H-1</RouteRef>
          <JourneyPatternSectionRefs>JPS_20-RH3-_-y08-1-1-1-H</JourneyPatternSectionRefs>
        </JourneyPattern>
        <JourneyPattern id="JP_20-RH3-_-y08-1-2-R-2">
          <Direction>inbound</Direction>
          <RouteRef>R_20-RH3-_-y08-1-R-2</RouteRef>
          <JourneyPatternSectionRefs>JPS_20-RH3-_-y08-1-2-2-R</JourneyPatternSectionRefs>
        </JourneyPattern>
      </StandardService>
    </Service>
  </Services>
  <VehicleJourneys>
    <VehicleJourney>
      <PrivateCode>ea-20-RH3-_-y08-1-1-T0</PrivateCode>
      <OperatingProfile>
        <RegularDayType>
          <DaysOfWeek>
            <Thursday />
          </DaysOfWeek>
        </RegularDayType>
        <BankHolidayOperation>
          <DaysOfNonOperation>
            <AllBankHolidays />
          </DaysOfNonOperation>
        </BankHolidayOperation>
      </OperatingProfile>
      <VehicleJourneyCode>VJ_20-RH3-_-y08-1-1-T0</VehicleJourneyCode>
      <ServiceRef>20-RH3-_-y08-1</ServiceRef>
      <LineRef>20-RH3-_-y08-1</LineRef>
      <JourneyPatternRef>JP_20-RH3-_-y08-1-1-H-1</JourneyPatternRef>
      <DepartureTime>12:15:00</DepartureTime>
    </VehicleJourney>
    <VehicleJourney>
      <PrivateCode>ea-20-RH3-_-y08-1-2-T0</PrivateCode>
      <OperatingProfile>
        <RegularDayType>
          <DaysOfWeek>
            <Thursday />
          </DaysOfWeek>
        </RegularDayType>
        <BankHolidayOperation>
          <DaysOfNonOperation>
            <AllBankHolidays />
          </DaysOfNonOperation>
        </BankHolidayOperation>
      </OperatingProfile>
      <VehicleJourneyCode>VJ_20-RH3-_-y08-1-2-T0</VehicleJourneyCode>
      <ServiceRef>20-RH3-_-y08-1</ServiceRef>
      <LineRef>20-RH3-_-y08-1</LineRef>
      <JourneyPatternRef>JP_20-RH3-_-y08-1-2-R-2</JourneyPatternRef>
      <DepartureTime>09:05:00</DepartureTime>
    </VehicleJourney>
  </VehicleJourneys>
</TransXChange>