<?xml version="1.0" encoding="utf-8"?>
<TransXChange xmlns:xsi="http://www.w3.org/2001/XMLSchema-instance" xmlns:xsd="http://www.w3.org/2001/XMLSchema" xsi:schemaLocation="http://www.transxchange.org.uk/ http://www.transxchange.org.uk/schema/2.5/TransXChange_general.xsd" CreationDateTime="2019-11-07T16:02:43.565Z" ModificationDateTime="2019-11-07T16:02:43.565Z" Modification="new" RevisionNumber="3" FileName="ea_20-9B-_-y08-1.xml" SchemaVersion="2.5" RegistrationDocument="true" xmlns="http://www.transxchange.org.uk/">
  <StopPoints>
    <AnnotatedStopPointRef>
      <StopPointRef>0500CCITY114</StopPointRef>
      <CommonName>Drummer St Bus Station</CommonName>
      <Indicator>Bay 6</Indicator>
      <LocalityName>Cambridge (Cambs)</LocalityName>
      <LocalityQualifier>Cambridgeshire</LocalityQualifier>
    </AnnotatedStopPointRef>
    <AnnotatedStopPointRef>
      <StopPointRef>0500CCITY104</StopPointRef>
      <CommonName>Fair Street</CommonName>
      <Indicator>opp</Indicator>
      <LocalityName>Cambridge (Cambs)</LocalityName>
      <LocalityQualifier>Cambridgeshire</LocalityQualifier>
    </AnnotatedStopPointRef>
    <AnnotatedStopPointRef>
      <StopPointRef>0500CCITY102</StopPointRef>
      <CommonName>Napier Street</CommonName>
      <Indicator>opp</Indicator>
      <LocalityName>Cambridge (Cambs)</LocalityName>
      <LocalityQualifier>Cambridgeshire</LocalityQualifier>
    </AnnotatedStopPointRef>
    <AnnotatedStopPointRef>
      <StopPointRef>0500CCITY166</StopPointRef>
      <CommonName>River Lane</CommonName>
      <Indicator>nr</Indicator>
      <LocalityName>Cambridge (Cambs)</LocalityName>
      <LocalityQualifier>Cambridgeshire</LocalityQualifier>
    </AnnotatedStopPointRef>
    <AnnotatedStopPointRef>
      <StopPointRef>0500CCITY165</StopPointRef>
      <CommonName>Stanley Road</CommonName>
      <Indicator>nr</Indicator>
      <LocalityName>Cambridge (Cambs)</LocalityName>
      <LocalityQualifier>Cambridgeshire</LocalityQualifier>
    </AnnotatedStopPointRef>
    <AnnotatedStopPointRef>
      <StopPointRef>0500CCITY191</StopPointRef>
      <CommonName>Ditton Walk</CommonName>
      <Indicator>nr</Indicator>
      <LocalityName>Cambridge (Cambs)</LocalityName>
      <LocalityQualifier>Cambridgeshire</LocalityQualifier>
    </AnnotatedStopPointRef>
    <AnnotatedStopPointRef>
      <StopPointRef>0500CCITY480</StopPointRef>
      <CommonName>Fison Road</CommonName>
      <Indicator>opp</Indicator>
      <LocalityName>Cambridge (Cambs)</LocalityName>
      <LocalityQualifier>Cambridgeshire</LocalityQualifier>
    </AnnotatedStopPointRef>
    <AnnotatedStopPointRef>
      <StopPointRef>0500SFENN011</StopPointRef>
      <CommonName>Blue Lion</CommonName>
      <Indicator>opp</Indicator>
      <LocalityName>Fen Ditton</LocalityName>
      <LocalityQualifier>Cambridgeshire</LocalityQualifier>
    </AnnotatedStopPointRef>
    <AnnotatedStopPointRef>
      <StopPointRef>0500SFENN002</StopPointRef>
      <CommonName>Musgrove Way</CommonName>
      <Indicator>opp</Indicator>
      <LocalityName>Fen Ditton</LocalityName>
      <LocalityQualifier>Cambridgeshire</LocalityQualifier>
    </AnnotatedStopPointRef>
    <AnnotatedStopPointRef>
      <StopPointRef>0500SHORN001</StopPointRef>
      <CommonName>Priory Road</CommonName>
      <Indicator>nr</Indicator>
      <LocalityName>Horningsea</LocalityName>
      <LocalityQualifier>Cambridgeshire</LocalityQualifier>
    </AnnotatedStopPointRef>
    <AnnotatedStopPointRef>
      <StopPointRef>0500SHORN003</StopPointRef>
      <CommonName>St. John's Lane</CommonName>
      <Indicator>nr</Indicator>
      <LocalityName>Horningsea</LocalityName>
      <LocalityQualifier>Cambridgeshire</LocalityQualifier>
    </AnnotatedStopPointRef>
    <AnnotatedStopPointRef>
      <StopPointRef>0500SHORN005</StopPointRef>
      <CommonName>Clayhithe Farm</CommonName>
      <Indicator>nr</Indicator>
      <LocalityName>Clayhithe</LocalityName>
      <LocalityQualifier>Cambridgeshire</LocalityQualifier>
    </AnnotatedStopPointRef>
    <AnnotatedStopPointRef>
      <StopPointRef>0500SWATE015</StopPointRef>
      <CommonName>Bridge Hotel</CommonName>
      <Indicator>opp</Indicator>
      <LocalityName>Clayhithe</LocalityName>
      <LocalityQualifier>Cambridgeshire</LocalityQualifier>
    </AnnotatedStopPointRef>
    <AnnotatedStopPointRef>
      <StopPointRef>0500SWATE028</StopPointRef>
      <CommonName>Railway Station</CommonName>
      <Indicator>opp</Indicator>
      <LocalityName>Waterbeach (Cambs)</LocalityName>
      <LocalityQualifier>Cambridgeshire</LocalityQualifier>
    </AnnotatedStopPointRef>
    <AnnotatedStopPointRef>
      <StopPointRef>0500SWATE012</StopPointRef>
      <CommonName>Lode Avenue</CommonName>
      <Indicator>opp</Indicator>
      <LocalityName>Waterbeach (Cambs)</LocalityName>
      <LocalityQualifier>Cambridgeshire</LocalityQualifier>
    </AnnotatedStopPointRef>
    <AnnotatedStopPointRef>
      <StopPointRef>0500SWATE004</StopPointRef>
      <CommonName>St Andrew's Hill</CommonName>
      <Indicator>opp</Indicator>
      <LocalityName>Waterbeach (Cambs)</LocalityName>
      <LocalityQualifier>Cambridgeshire</LocalityQualifier>
    </AnnotatedStopPointRef>
    <AnnotatedStopPointRef>
      <StopPointRef>0500SWATE026</StopPointRef>
      <CommonName>Gibson Close</CommonName>
      <Indicator>nr</Indicator>
      <LocalityName>Waterbeach (Cambs)</LocalityName>
      <LocalityQualifier>Cambridgeshire</LocalityQualifier>
    </AnnotatedStopPointRef>
    <AnnotatedStopPointRef>
      <StopPointRef>0500SWATE016</StopPointRef>
      <CommonName>Waddelow Road</CommonName>
      <Indicator>nr</Indicator>
      <LocalityName>Waterbeach (Cambs)</LocalityName>
      <LocalityQualifier>Cambridgeshire</LocalityQualifier>
    </AnnotatedStopPointRef>
    <AnnotatedStopPointRef>
      <StopPointRef>0500SWATE029</StopPointRef>
      <CommonName>Surgery</CommonName>
      <Indicator>opp</Indicator>
      <LocalityName>Waterbeach (Cambs)</LocalityName>
      <LocalityQualifier>Cambridgeshire</LocalityQualifier>
    </AnnotatedStopPointRef>
    <AnnotatedStopPointRef>
      <StopPointRef>0500SWATE010</StopPointRef>
      <CommonName>Fletcher Avenue</CommonName>
      <Indicator>opp</Indicator>
      <LocalityName>Waterbeach (Cambs)</LocalityName>
      <LocalityQualifier>Cambridgeshire</LocalityQualifier>
    </AnnotatedStopPointRef>
    <AnnotatedStopPointRef>
      <StopPointRef>0500SWATE031</StopPointRef>
      <CommonName>Kirby Terrace</CommonName>
      <Indicator>nr</Indicator>
      <LocalityName>Waterbeach (Cambs)</LocalityName>
      <LocalityQualifier>Cambridgeshire</LocalityQualifier>
    </AnnotatedStopPointRef>
    <AnnotatedStopPointRef>
      <StopPointRef>0500SWATE032</StopPointRef>
      <CommonName>Surgery</CommonName>
      <Indicator>o/s</Indicator>
      <LocalityName>Waterbeach (Cambs)</LocalityName>
      <LocalityQualifier>Cambridgeshire</LocalityQualifier>
    </AnnotatedStopPointRef>
    <AnnotatedStopPointRef>
      <StopPointRef>0500SWATE019</StopPointRef>
      <CommonName>Barracks</CommonName>
      <Indicator>opp</Indicator>
      <LocalityName>Waterbeach (Cambs)</LocalityName>
      <LocalityQualifier>Cambridgeshire</LocalityQualifier>
    </AnnotatedStopPointRef>
    <AnnotatedStopPointRef>
      <StopPointRef>0500SWATE017</StopPointRef>
      <CommonName>Winfold Road</CommonName>
      <Indicator>nr</Indicator>
      <LocalityName>Waterbeach (Cambs)</LocalityName>
      <LocalityQualifier>Cambridgeshire</LocalityQualifier>
    </AnnotatedStopPointRef>
    <AnnotatedStopPointRef>
      <StopPointRef>0500SWATE024</StopPointRef>
      <CommonName>Pembroke Avenue</CommonName>
      <Indicator>nr</Indicator>
      <LocalityName>Waterbeach (Cambs)</LocalityName>
      <LocalityQualifier>Cambridgeshire</LocalityQualifier>
    </AnnotatedStopPointRef>
    <AnnotatedStopPointRef>
      <StopPointRef>0500SLAND014</StopPointRef>
      <CommonName>Research Park Entrance</CommonName>
      <Indicator>adj</Indicator>
      <LocalityName>Landbeach</LocalityName>
      <LocalityQualifier>Cambridgeshire</LocalityQualifier>
    </AnnotatedStopPointRef>
    <AnnotatedStopPointRef>
      <StopPointRef>0500SWATE001</StopPointRef>
      <CommonName>School Lane</CommonName>
      <Indicator>opp</Indicator>
      <LocalityName>Chittering</LocalityName>
      <LocalityQualifier>Cambridgeshire</LocalityQualifier>
    </AnnotatedStopPointRef>
    <AnnotatedStopPointRef>
      <StopPointRef>0500ESTRE010</StopPointRef>
      <CommonName>Cambridge Road</CommonName>
      <Indicator>o/s 20</Indicator>
      <LocalityName>Stretham</LocalityName>
      <LocalityQualifier>Cambridgeshire</LocalityQualifier>
    </AnnotatedStopPointRef>
    <AnnotatedStopPointRef>
      <StopPointRef>0500ESTRE007</StopPointRef>
      <CommonName>Short Road</CommonName>
      <Indicator>opp</Indicator>
      <LocalityName>Stretham</LocalityName>
      <LocalityQualifier>Cambridgeshire</LocalityQualifier>
    </AnnotatedStopPointRef>
    <AnnotatedStopPointRef>
      <StopPointRef>0500ESTRE005</StopPointRef>
      <CommonName>Chapel Street</CommonName>
      <Indicator>opp</Indicator>
      <LocalityName>Stretham</LocalityName>
      <LocalityQualifier>Cambridgeshire</LocalityQualifier>
    </AnnotatedStopPointRef>
    <AnnotatedStopPointRef>
      <StopPointRef>0500ESTRE009</StopPointRef>
      <CommonName>Walnut Tree Close</CommonName>
      <Indicator>opp</Indicator>
      <LocalityName>Stretham</LocalityName>
      <LocalityQualifier>Cambridgeshire</LocalityQualifier>
    </AnnotatedStopPointRef>
    <AnnotatedStopPointRef>
      <StopPointRef>0500ELITT001</StopPointRef>
      <CommonName>The Wyches</CommonName>
      <Indicator>nr</Indicator>
      <LocalityName>Little Thetford</LocalityName>
      <LocalityQualifier>Cambridgeshire</LocalityQualifier>
    </AnnotatedStopPointRef>
    <AnnotatedStopPointRef>
      <StopPointRef>0500ELITT004</StopPointRef>
      <CommonName>Ely Road</CommonName>
      <Indicator>opp</Indicator>
      <LocalityName>Little Thetford</LocalityName>
      <LocalityQualifier>Cambridgeshire</LocalityQualifier>
    </AnnotatedStopPointRef>
    <AnnotatedStopPointRef>
      <StopPointRef>0500EELYY001</StopPointRef>
      <CommonName>Tesco</CommonName>
      <Indicator>o/s</Indicator>
      <LocalityName>Ely (Cambs)</LocalityName>
      <LocalityQualifier>Cambridgeshire</LocalityQualifier>
    </AnnotatedStopPointRef>
    <AnnotatedStopPointRef>
      <StopPointRef>0500EELYY097</StopPointRef>
      <CommonName>Back Hill</CommonName>
      <Indicator>nr</Indicator>
      <LocalityName>Ely (Cambs)</LocalityName>
      <LocalityQualifier>Cambridgeshire</LocalityQualifier>
    </AnnotatedStopPointRef>
    <AnnotatedStopPointRef>
      <StopPointRef>0500EELYY096</StopPointRef>
      <CommonName>Cardinals Way</CommonName>
      <Indicator>opp</Indicator>
      <LocalityName>Ely (Cambs)</LocalityName>
      <LocalityQualifier>Cambridgeshire</LocalityQualifier>
    </AnnotatedStopPointRef>
    <AnnotatedStopPointRef>
      <StopPointRef>0500EELYY068</StopPointRef>
      <CommonName>Bell Holt</CommonName>
      <Indicator>nr</Indicator>
      <LocalityName>Ely (Cambs)</LocalityName>
      <LocalityQualifier>Cambridgeshire</LocalityQualifier>
    </AnnotatedStopPointRef>
    <AnnotatedStopPointRef>
      <StopPointRef>0500EELYY080</StopPointRef>
      <CommonName>Beech Lane</CommonName>
      <Indicator>opp</Indicator>
      <LocalityName>Ely (Cambs)</LocalityName>
      <LocalityQualifier>Cambridgeshire</LocalityQualifier>
    </AnnotatedStopPointRef>
    <AnnotatedStopPointRef>
      <StopPointRef>0500EELYY074</StopPointRef>
      <CommonName>Springhead Lane</CommonName>
      <Indicator>nr</Indicator>
      <LocalityName>Ely (Cambs)</LocalityName>
      <LocalityQualifier>Cambridgeshire</LocalityQualifier>
    </AnnotatedStopPointRef>
    <AnnotatedStopPointRef>
      <StopPointRef>0500EELYY054</StopPointRef>
      <CommonName>Market Street</CommonName>
      <Indicator>Stop A</Indicator>
      <LocalityName>Ely (Cambs)</LocalityName>
      <LocalityQualifier>Cambridgeshire</LocalityQualifier>
    </AnnotatedStopPointRef>
  </StopPoints>
  <RouteSections>
    <RouteSection id="RS_20-9B-_-y08-1-H-1">
      <RouteLink id="RL_20-9B-_-y08-1-H-1-1">
        <From>
          <StopPointRef>0500CCITY114</StopPointRef>
        </From>
        <To>
          <StopPointRef>0500CCITY104</StopPointRef>
        </To>
        <Direction>outbound</Direction>
      </RouteLink>
      <RouteLink id="RL_20-9B-_-y08-1-H-1-2">
        <From>
          <StopPointRef>0500CCITY104</StopPointRef>
        </From>
        <To>
          <StopPointRef>0500CCITY102</StopPointRef>
        </To>
        <Direction>outbound</Direction>
      </RouteLink>
      <RouteLink id="RL_20-9B-_-y08-1-H-1-3">
        <From>
          <StopPointRef>0500CCITY102</StopPointRef>
        </From>
        <To>
          <StopPointRef>0500CCITY166</StopPointRef>
        </To>
        <Direction>outbound</Direction>
      </RouteLink>
      <RouteLink id="RL_20-9B-_-y08-1-H-1-4">
        <From>
          <StopPointRef>0500CCITY166</StopPointRef>
        </From>
        <To>
          <StopPointRef>0500CCITY165</StopPointRef>
        </To>
        <Direction>outbound</Direction>
      </RouteLink>
      <RouteLink id="RL_20-9B-_-y08-1-H-1-5">
        <From>
          <StopPointRef>0500CCITY165</StopPointRef>
        </From>
        <To>
          <StopPointRef>0500CCITY191</StopPointRef>
        </To>
        <Direction>outbound</Direction>
      </RouteLink>
      <RouteLink id="RL_20-9B-_-y08-1-H-1-6">
        <From>
          <StopPointRef>0500CCITY191</StopPointRef>
        </From>
        <To>
          <StopPointRef>0500CCITY480</StopPointRef>
        </To>
        <Direction>outbound</Direction>
      </RouteLink>
      <RouteLink id="RL_20-9B-_-y08-1-H-1-7">
        <From>
          <StopPointRef>0500CCITY480</StopPointRef>
        </From>
        <To>
          <StopPointRef>0500SFENN011</StopPointRef>
        </To>
        <Direction>outbound</Direction>
      </RouteLink>
      <RouteLink id="RL_20-9B-_-y08-1-H-1-8">
        <From>
          <StopPointRef>0500SFENN011</StopPointRef>
        </From>
        <To>
          <StopPointRef>0500SFENN002</StopPointRef>
        </To>
        <Direction>outbound</Direction>
      </RouteLink>
      <RouteLink id="RL_20-9B-_-y08-1-H-1-9">
        <From>
          <StopPointRef>0500SFENN002</StopPointRef>
        </From>
        <To>
          <StopPointRef>0500SHORN001</StopPointRef>
        </To>
        <Direction>outbound</Direction>
      </RouteLink>
      <RouteLink id="RL_20-9B-_-y08-1-H-1-10">
        <From>
          <StopPointRef>0500SHORN001</StopPointRef>
        </From>
        <To>
          <StopPointRef>0500SHORN003</StopPointRef>
        </To>
        <Direction>outbound</Direction>
      </RouteLink>
      <RouteLink id="RL_20-9B-_-y08-1-H-1-11">
        <From>
          <StopPointRef>0500SHORN003</StopPointRef>
        </From>
        <To>
          <StopPointRef>0500SHORN005</StopPointRef>
        </To>
        <Direction>outbound</Direction>
      </RouteLink>
      <RouteLink id="RL_20-9B-_-y08-1-H-1-12">
        <From>
          <StopPointRef>0500SHORN005</StopPointRef>
        </From>
        <To>
          <StopPointRef>0500SWATE015</StopPointRef>
        </To>
        <Direction>outbound</Direction>
      </RouteLink>
      <RouteLink id="RL_20-9B-_-y08-1-H-1-13">
        <From>
          <StopPointRef>0500SWATE015</StopPointRef>
        </From>
        <To>
          <StopPointRef>0500SWATE028</StopPointRef>
        </To>
        <Direction>outbound</Direction>
      </RouteLink>
      <RouteLink id="RL_20-9B-_-y08-1-H-1-14">
        <From>
          <StopPointRef>0500SWATE028</StopPointRef>
        </From>
        <To>
          <StopPointRef>0500SWATE012</StopPointRef>
        </To>
        <Direction>outbound</Direction>
      </RouteLink>
      <RouteLink id="RL_20-9B-_-y08-1-H-1-15">
        <From>
          <StopPointRef>0500SWATE012</StopPointRef>
        </From>
        <To>
          <StopPointRef>0500SWATE004</StopPointRef>
        </To>
        <Direction>outbound</Direction>
      </RouteLink>
      <RouteLink id="RL_20-9B-_-y08-1-H-1-16">
        <From>
          <StopPointRef>0500SWATE004</StopPointRef>
        </From>
        <To>
          <StopPointRef>0500SWATE026</StopPointRef>
        </To>
        <Direction>outbound</Direction>
      </RouteLink>
      <RouteLink id="RL_20-9B-_-y08-1-H-1-17">
        <From>
          <StopPointRef>0500SWATE026</StopPointRef>
        </From>
        <To>
          <StopPointRef>0500SWATE016</StopPointRef>
        </To>
        <Direction>outbound</Direction>
      </RouteLink>
      <RouteLink id="RL_20-9B-_-y08-1-H-1-18">
        <From>
          <StopPointRef>0500SWATE016</StopPointRef>
        </From>
        <To>
          <StopPointRef>0500SWATE029</StopPointRef>
        </To>
        <Direction>outbound</Direction>
      </RouteLink>
      <RouteLink id="RL_20-9B-_-y08-1-H-1-19">
        <From>
          <StopPointRef>0500SWATE029</StopPointRef>
        </From>
        <To>
          <StopPointRef>0500SWATE010</StopPointRef>
        </To>
        <Direction>outbound</Direction>
      </RouteLink>
      <RouteLink id="RL_20-9B-_-y08-1-H-1-20">
        <From>
          <StopPointRef>0500SWATE010</StopPointRef>
        </From>
        <To>
          <StopPointRef>0500SWATE031</StopPointRef>
        </To>
        <Direction>outbound</Direction>
      </RouteLink>
      <RouteLink id="RL_20-9B-_-y08-1-H-1-21">
        <From>
          <StopPointRef>0500SWATE031</StopPointRef>
        </From>
        <To>
          <StopPointRef>0500SWATE032</StopPointRef>
        </To>
        <Direction>outbound</Direction>
      </RouteLink>
      <RouteLink id="RL_20-9B-_-y08-1-H-1-22">
        <From>
          <StopPointRef>0500SWATE032</StopPointRef>
        </From>
        <To>
          <StopPointRef>0500SWATE019</StopPointRef>
        </To>
        <Direction>outbound</Direction>
      </RouteLink>
      <RouteLink id="RL_20-9B-_-y08-1-H-1-23">
        <From>
          <StopPointRef>0500SWATE019</StopPointRef>
        </From>
        <To>
          <StopPointRef>0500SWATE017</StopPointRef>
        </To>
        <Direction>outbound</Direction>
      </RouteLink>
      <RouteLink id="RL_20-9B-_-y08-1-H-1-24">
        <From>
          <StopPointRef>0500SWATE017</StopPointRef>
        </From>
        <To>
          <StopPointRef>0500SWATE024</StopPointRef>
        </To>
        <Direction>outbound</Direction>
      </RouteLink>
      <RouteLink id="RL_20-9B-_-y08-1-H-1-25">
        <From>
          <StopPointRef>0500SWATE024</StopPointRef>
        </From>
        <To>
          <StopPointRef>0500SLAND014</StopPointRef>
        </To>
        <Direction>outbound</Direction>
      </RouteLink>
      <RouteLink id="RL_20-9B-_-y08-1-H-1-26">
        <From>
          <StopPointRef>0500SLAND014</StopPointRef>
        </From>
        <To>
          <StopPointRef>0500SWATE001</StopPointRef>
        </To>
        <Direction>outbound</Direction>
      </RouteLink>
      <RouteLink id="RL_20-9B-_-y08-1-H-1-27">
        <From>
          <StopPointRef>0500SWATE001</StopPointRef>
        </From>
        <To>
          <StopPointRef>0500ESTRE010</StopPointRef>
        </To>
        <Direction>outbound</Direction>
      </RouteLink>
      <RouteLink id="RL_20-9B-_-y08-1-H-1-28">
        <From>
          <StopPointRef>0500ESTRE010</StopPointRef>
        </From>
        <To>
          <StopPointRef>0500ESTRE007</StopPointRef>
        </To>
        <Direction>outbound</Direction>
      </RouteLink>
      <RouteLink id="RL_20-9B-_-y08-1-H-1-29">
        <From>
          <StopPointRef>0500ESTRE007</StopPointRef>
        </From>
        <To>
          <StopPointRef>0500ESTRE005</StopPointRef>
        </To>
        <Direction>outbound</Direction>
      </RouteLink>
      <RouteLink id="RL_20-9B-_-y08-1-H-1-30">
        <From>
          <StopPointRef>0500ESTRE005</StopPointRef>
        </From>
        <To>
          <StopPointRef>0500ESTRE009</StopPointRef>
        </To>
        <Direction>outbound</Direction>
      </RouteLink>
      <RouteLink id="RL_20-9B-_-y08-1-H-1-31">
        <From>
          <StopPointRef>0500ESTRE009</StopPointRef>
        </From>
        <To>
          <StopPointRef>0500ELITT001</StopPointRef>
        </To>
        <Direction>outbound</Direction>
      </RouteLink>
      <RouteLink id="RL_20-9B-_-y08-1-H-1-32">
        <From>
          <StopPointRef>0500ELITT001</StopPointRef>
        </From>
        <To>
          <StopPointRef>0500ELITT004</StopPointRef>
        </To>
        <Direction>outbound</Direction>
      </RouteLink>
      <RouteLink id="RL_20-9B-_-y08-1-H-1-33">
        <From>
          <StopPointRef>0500ELITT004</StopPointRef>
        </From>
        <To>
          <StopPointRef>0500EELYY001</StopPointRef>
        </To>
        <Direction>outbound</Direction>
      </RouteLink>
      <RouteLink id="RL_20-9B-_-y08-1-H-1-34">
        <From>
          <StopPointRef>0500EELYY001</StopPointRef>
        </From>
        <To>
          <StopPointRef>0500EELYY097</StopPointRef>
        </To>
        <Direction>outbound</Direction>
      </RouteLink>
      <RouteLink id="RL_20-9B-_-y08-1-H-1-35">
        <From>
          <StopPointRef>0500EELYY097</StopPointRef>
        </From>
        <To>
          <StopPointRef>0500EELYY096</StopPointRef>
        </To>
        <Direction>outbound</Direction>
      </RouteLink>
      <RouteLink id="RL_20-9B-_-y08-1-H-1-36">
        <From>
          <StopPointRef>0500EELYY096</StopPointRef>
        </From>
        <To>
          <StopPointRef>0500EELYY068</StopPointRef>
        </To>
        <Direction>outbound</Direction>
      </RouteLink>
      <RouteLink id="RL_20-9B-_-y08-1-H-1-37">
        <From>
          <StopPointRef>0500EELYY068</StopPointRef>
        </From>
        <To>
          <StopPointRef>0500EELYY080</StopPointRef>
        </To>
        <Direction>outbound</Direction>
      </RouteLink>
      <RouteLink id="RL_20-9B-_-y08-1-H-1-38">
        <From>
          <StopPointRef>0500EELYY080</StopPointRef>
        </From>
        <To>
          <StopPointRef>0500EELYY074</StopPointRef>
        </To>
        <Direction>outbound</Direction>
      </RouteLink>
      <RouteLink id="RL_20-9B-_-y08-1-H-1-39">
        <From>
          <StopPointRef>0500EELYY074</StopPointRef>
        </From>
        <To>
          <StopPointRef>0500EELYY054</StopPointRef>
        </To>
        <Direction>outbound</Direction>
      </RouteLink>
    </RouteSection>
  </RouteSections>
  <Routes>
    <Route id="R_20-9B-_-y08-1-H-1">
      <PrivateCode>R_20-9B-_-y08-1-H-1</PrivateCode>
      <Description>Drummer St Bus Station - Market Street</Description>
      <RouteSectionRef>RS_20-9B-_-y08-1-H-1</RouteSectionRef>
    </Route>
  </Routes>
  <JourneyPatternSections>
    <JourneyPatternSection id="JPS_20-9B-_-y08-1-1-1-H">
      <JourneyPatternTimingLink id="JPL_20-9B-_-y08-1-1-H-1-2">
        <From SequenceNumber="1">
          <Activity>pickUp</Activity>
          <StopPointRef>0500CCITY114</StopPointRef>
          <TimingStatus>PTP</TimingStatus>
        </From>
        <To SequenceNumber="2">
          <Activity>pickUpAndSetDown</Activity>
          <StopPointRef>0500CCITY104</StopPointRef>
          <TimingStatus>TIP</TimingStatus>
        </To>
        <RouteLinkRef>RL_20-9B-_-y08-1-H-1-1</RouteLinkRef>
        <RunTime>PT2M</RunTime>
      </JourneyPatternTimingLink>
      <JourneyPatternTimingLink id="JPL_20-9B-_-y08-1-1-H-1-3">
        <From SequenceNumber="2">
          <Activity>pickUpAndSetDown</Activity>
          <StopPointRef>0500CCITY104</StopPointRef>
          <TimingStatus>TIP</TimingStatus>
        </From>
        <To SequenceNumber="3">
          <Activity>pickUpAndSetDown</Activity>
          <StopPointRef>0500CCITY102</StopPointRef>
          <TimingStatus>PTP</TimingStatus>
        </To>
        <RouteLinkRef>RL_20-9B-_-y08-1-H-1-2</RouteLinkRef>
        <RunTime>PT3M</RunTime>
      </JourneyPatternTimingLink>
      <JourneyPatternTimingLink id="JPL_20-9B-_-y08-1-1-H-1-4">
        <From SequenceNumber="3">
          <Activity>pickUpAndSetDown</Activity>
          <StopPointRef>0500CCITY102</StopPointRef>
          <TimingStatus>PTP</TimingStatus>
        </From>
        <To SequenceNumber="4">
          <Activity>pickUpAndSetDown</Activity>
          <StopPointRef>0500CCITY166</StopPointRef>
          <TimingStatus>TIP</TimingStatus>
        </To>
        <RouteLinkRef>RL_20-9B-_-y08-1-H-1-3</RouteLinkRef>
        <RunTime>PT3M</RunTime>
      </JourneyPatternTimingLink>
      <JourneyPatternTimingLink id="JPL_20-9B-_-y08-1-1-H-1-5">
        <From SequenceNumber="4">
          <Activity>pickUpAndSetDown</Activity>
          <StopPointRef>0500CCITY166</StopPointRef>
          <TimingStatus>TIP</TimingStatus>
        </From>
        <To SequenceNumber="5">
          <Activity>pickUpAndSetDown</Activity>
          <StopPointRef>0500CCITY165</StopPointRef>
          <TimingStatus>TIP</TimingStatus>
        </To>
        <RouteLinkRef>RL_20-9B-_-y08-1-H-1-4</RouteLinkRef>
        <RunTime>PT1M</RunTime>
      </JourneyPatternTimingLink>
      <JourneyPatternTimingLink id="JPL_20-9B-_-y08-1-1-H-1-6">
        <From SequenceNumber="5">
          <Activity>pickUpAndSetDown</Activity>
          <StopPointRef>0500CCITY165</StopPointRef>
          <TimingStatus>TIP</TimingStatus>
        </From>
        <To SequenceNumber="6">
          <Activity>pickUpAndSetDown</Activity>
          <StopPointRef>0500CCITY191</StopPointRef>
          <TimingStatus>TIP</TimingStatus>
        </To>
        <RouteLinkRef>RL_20-9B-_-y08-1-H-1-5</RouteLinkRef>
        <RunTime>PT3M</RunTime>
      </JourneyPatternTimingLink>
      <JourneyPatternTimingLink id="JPL_20-9B-_-y08-1-1-H-1-7">
        <From SequenceNumber="6">
          <Activity>pickUpAndSetDown</Activity>
          <StopPointRef>0500CCITY191</StopPointRef>
          <TimingStatus>TIP</TimingStatus>
        </From>
        <To SequenceNumber="7">
          <Activity>pickUpAndSetDown</Activity>
          <StopPointRef>0500CCITY480</StopPointRef>
          <TimingStatus>TIP</TimingStatus>
        </To>
        <RouteLinkRef>RL_20-9B-_-y08-1-H-1-6</RouteLinkRef>
        <RunTime>PT6M</RunTime>
      </JourneyPatternTimingLink>
      <JourneyPatternTimingLink id="JPL_20-9B-_-y08-1-1-H-1-8">
        <From SequenceNumber="7">
          <Activity>pickUpAndSetDown</Activity>
          <StopPointRef>0500CCITY480</StopPointRef>
          <TimingStatus>TIP</TimingStatus>
        </From>
        <To SequenceNumber="8">
          <Activity>pickUpAndSetDown</Activity>
          <StopPointRef>0500SFENN011</StopPointRef>
          <TimingStatus>PTP</TimingStatus>
        </To>
        <RouteLinkRef>RL_20-9B-_-y08-1-H-1-7</RouteLinkRef>
        <RunTime>PT2M</RunTime>
      </JourneyPatternTimingLink>
      <JourneyPatternTimingLink id="JPL_20-9B-_-y08-1-1-H-1-9">
        <From SequenceNumber="8">
          <Activity>pickUpAndSetDown</Activity>
          <StopPointRef>0500SFENN011</StopPointRef>
          <TimingStatus>PTP</TimingStatus>
        </From>
        <To SequenceNumber="9">
          <Activity>pickUpAndSetDown</Activity>
          <StopPointRef>0500SFENN002</StopPointRef>
          <TimingStatus>OTH</TimingStatus>
        </To>
        <RouteLinkRef>RL_20-9B-_-y08-1-H-1-8</RouteLinkRef>
        <RunTime>PT0S</RunTime>
      </JourneyPatternTimingLink>
      <JourneyPatternTimingLink id="JPL_20-9B-_-y08-1-1-H-1-10">
        <From SequenceNumber="9">
          <Activity>pickUpAndSetDown</Activity>
          <StopPointRef>0500SFENN002</StopPointRef>
          <TimingStatus>OTH</TimingStatus>
        </From>
        <To SequenceNumber="10">
          <Activity>pickUpAndSetDown</Activity>
          <StopPointRef>0500SHORN001</StopPointRef>
          <TimingStatus>TIP</TimingStatus>
        </To>
        <RouteLinkRef>RL_20-9B-_-y08-1-H-1-9</RouteLinkRef>
        <RunTime>PT2M</RunTime>
      </JourneyPatternTimingLink>
      <JourneyPatternTimingLink id="JPL_20-9B-_-y08-1-1-H-1-11">
        <From SequenceNumber="10">
          <Activity>pickUpAndSetDown</Activity>
          <StopPointRef>0500SHORN001</StopPointRef>
          <TimingStatus>TIP</TimingStatus>
        </From>
        <To SequenceNumber="11">
          <Activity>pickUpAndSetDown</Activity>
          <StopPointRef>0500SHORN003</StopPointRef>
          <TimingStatus>PTP</TimingStatus>
        </To>
        <RouteLinkRef>RL_20-9B-_-y08-1-H-1-10</RouteLinkRef>
        <RunTime>PT1M</RunTime>
      </JourneyPatternTimingLink>
      <JourneyPatternTimingLink id="JPL_20-9B-_-y08-1-1-H-1-12">
        <From SequenceNumber="11">
          <Activity>pickUpAndSetDown</Activity>
          <StopPointRef>0500SHORN003</StopPointRef>
          <TimingStatus>PTP</TimingStatus>
        </From>
        <To SequenceNumber="12">
          <Activity>pickUpAndSetDown</Activity>
          <StopPointRef>0500SHORN005</StopPointRef>
          <TimingStatus>TIP</TimingStatus>
        </To>
        <RouteLinkRef>RL_20-9B-_-y08-1-H-1-11</RouteLinkRef>
        <RunTime>PT1M</RunTime>
      </JourneyPatternTimingLink>
      <JourneyPatternTimingLink id="JPL_20-9B-_-y08-1-1-H-1-13">
        <From SequenceNumber="12">
          <Activity>pickUpAndSetDown</Activity>
          <StopPointRef>0500SHORN005</StopPointRef>
          <TimingStatus>TIP</TimingStatus>
        </From>
        <To SequenceNumber="13">
          <Activity>pickUpAndSetDown</Activity>
          <StopPointRef>0500SWATE015</StopPointRef>
          <TimingStatus>TIP</TimingStatus>
        </To>
        <RouteLinkRef>RL_20-9B-_-y08-1-H-1-12</RouteLinkRef>
        <RunTime>PT1M</RunTime>
      </JourneyPatternTimingLink>
      <JourneyPatternTimingLink id="JPL_20-9B-_-y08-1-1-H-1-14">
        <From SequenceNumber="13">
          <Activity>pickUpAndSetDown</Activity>
          <StopPointRef>0500SWATE015</StopPointRef>
          <TimingStatus>TIP</TimingStatus>
        </From>
        <To SequenceNumber="14">
          <Activity>pickUpAndSetDown</Activity>
          <StopPointRef>0500SWATE028</StopPointRef>
          <TimingStatus>TIP</TimingStatus>
        </To>
        <RouteLinkRef>RL_20-9B-_-y08-1-H-1-13</RouteLinkRef>
        <RunTime>PT2M</RunTime>
      </JourneyPatternTimingLink>
      <JourneyPatternTimingLink id="JPL_20-9B-_-y08-1-1-H-1-15">
        <From SequenceNumber="14">
          <Activity>pickUpAndSetDown</Activity>
          <StopPointRef>0500SWATE028</StopPointRef>
          <TimingStatus>TIP</TimingStatus>
        </From>
        <To SequenceNumber="15">
          <Activity>pickUpAndSetDown</Activity>
          <StopPointRef>0500SWATE012</StopPointRef>
          <TimingStatus>OTH</TimingStatus>
        </To>
        <RouteLinkRef>RL_20-9B-_-y08-1-H-1-14</RouteLinkRef>
        <RunTime>PT0S</RunTime>
      </JourneyPatternTimingLink>
      <JourneyPatternTimingLink id="JPL_20-9B-_-y08-1-1-H-1-16">
        <From SequenceNumber="15">
          <Activity>pickUpAndSetDown</Activity>
          <StopPointRef>0500SWATE012</StopPointRef>
          <TimingStatus>OTH</TimingStatus>
        </From>
        <To SequenceNumber="16">
          <Activity>pickUpAndSetDown</Activity>
          <StopPointRef>0500SWATE004</StopPointRef>
          <TimingStatus>TIP</TimingStatus>
        </To>
        <RouteLinkRef>RL_20-9B-_-y08-1-H-1-15</RouteLinkRef>
        <RunTime>PT2M</RunTime>
      </JourneyPatternTimingLink>
      <JourneyPatternTimingLink id="JPL_20-9B-_-y08-1-1-H-1-17">
        <From SequenceNumber="16">
          <Activity>pickUpAndSetDown</Activity>
          <StopPointRef>0500SWATE004</StopPointRef>
          <TimingStatus>TIP</TimingStatus>
        </From>
        <To SequenceNumber="17">
          <Activity>pickUpAndSetDown</Activity>
          <StopPointRef>0500SWATE026</StopPointRef>
          <TimingStatus>PTP</TimingStatus>
        </To>
        <RouteLinkRef>RL_20-9B-_-y08-1-H-1-16</RouteLinkRef>
        <RunTime>PT1M</RunTime>
      </JourneyPatternTimingLink>
      <JourneyPatternTimingLink id="JPL_20-9B-_-y08-1-1-H-1-18">
        <From SequenceNumber="17">
          <Activity>pickUpAndSetDown</Activity>
          <StopPointRef>0500SWATE026</StopPointRef>
          <TimingStatus>PTP</TimingStatus>
        </From>
        <To SequenceNumber="18">
          <Activity>pickUpAndSetDown</Activity>
          <StopPointRef>0500SWATE016</StopPointRef>
          <TimingStatus>OTH</TimingStatus>
        </To>
        <RouteLinkRef>RL_20-9B-_-y08-1-H-1-17</RouteLinkRef>
        <RunTime>PT0S</RunTime>
      </JourneyPatternTimingLink>
      <JourneyPatternTimingLink id="JPL_20-9B-_-y08-1-1-H-1-19">
        <From SequenceNumber="18">
          <Activity>pickUpAndSetDown</Activity>
          <StopPointRef>0500SWATE016</StopPointRef>
          <TimingStatus>OTH</TimingStatus>
        </From>
        <To SequenceNumber="19">
          <Activity>pickUpAndSetDown</Activity>
          <StopPointRef>0500SWATE029</StopPointRef>
          <TimingStatus>TIP</TimingStatus>
        </To>
        <RouteLinkRef>RL_20-9B-_-y08-1-H-1-18</RouteLinkRef>
        <RunTime>PT1M</RunTime>
      </JourneyPatternTimingLink>
      <JourneyPatternTimingLink id="JPL_20-9B-_-y08-1-1-H-1-20">
        <From SequenceNumber="19">
          <Activity>pickUpAndSetDown</Activity>
          <StopPointRef>0500SWATE029</StopPointRef>
          <TimingStatus>TIP</TimingStatus>
        </From>
        <To SequenceNumber="20">
          <Activity>pickUpAndSetDown</Activity>
          <StopPointRef>0500SWATE010</StopPointRef>
          <TimingStatus>PTP</TimingStatus>
        </To>
        <RouteLinkRef>RL_20-9B-_-y08-1-H-1-19</RouteLinkRef>
        <RunTime>PT2M</RunTime>
      </JourneyPatternTimingLink>
      <JourneyPatternTimingLink id="JPL_20-9B-_-y08-1-1-H-1-21">
        <From SequenceNumber="20">
          <Activity>pickUpAndSetDown</Activity>
          <StopPointRef>0500SWATE010</StopPointRef>
          <TimingStatus>PTP</TimingStatus>
        </From>
        <To SequenceNumber="21">
          <Activity>pickUpAndSetDown</Activity>
          <StopPointRef>0500SWATE031</StopPointRef>
          <TimingStatus>OTH</TimingStatus>
        </To>
        <RouteLinkRef>RL_20-9B-_-y08-1-H-1-20</RouteLinkRef>
        <RunTime>PT0S</RunTime>
      </JourneyPatternTimingLink>
      <JourneyPatternTimingLink id="JPL_20-9B-_-y08-1-1-H-1-22">
        <From SequenceNumber="21">
          <Activity>pickUpAndSetDown</Activity>
          <StopPointRef>0500SWATE031</StopPointRef>
          <TimingStatus>OTH</TimingStatus>
        </From>
        <To SequenceNumber="22">
          <Activity>pickUpAndSetDown</Activity>
          <StopPointRef>0500SWATE032</StopPointRef>
          <TimingStatus>TIP</TimingStatus>
        </To>
        <RouteLinkRef>RL_20-9B-_-y08-1-H-1-21</RouteLinkRef>
        <RunTime>PT1M</RunTime>
      </JourneyPatternTimingLink>
      <JourneyPatternTimingLink id="JPL_20-9B-_-y08-1-1-H-1-23">
        <From SequenceNumber="22">
          <Activity>pickUpAndSetDown</Activity>
          <StopPointRef>0500SWATE032</StopPointRef>
          <TimingStatus>TIP</TimingStatus>
        </From>
        <To SequenceNumber="23">
          <Activity>pickUpAndSetDown</Activity>
          <StopPointRef>0500SWATE019</StopPointRef>
          <TimingStatus>TIP</TimingStatus>
        </To>
        <RouteLinkRef>RL_20-9B-_-y08-1-H-1-22</RouteLinkRef>
        <RunTime>PT1M</RunTime>
      </JourneyPatternTimingLink>
      <JourneyPatternTimingLink id="JPL_20-9B-_-y08-1-1-H-1-24">
        <From SequenceNumber="23">
          <Activity>pickUpAndSetDown</Activity>
          <StopPointRef>0500SWATE019</StopPointRef>
          <TimingStatus>TIP</TimingStatus>
        </From>
        <To SequenceNumber="24">
          <Activity>pickUpAndSetDown</Activity>
          <StopPointRef>0500SWATE017</StopPointRef>
          <TimingStatus>OTH</TimingStatus>
        </To>
        <RouteLinkRef>RL_20-9B-_-y08-1-H-1-23</RouteLinkRef>
        <RunTime>PT0S</RunTime>
      </JourneyPatternTimingLink>
      <JourneyPatternTimingLink id="JPL_20-9B-_-y08-1-1-H-1-25">
        <From SequenceNumber="24">
          <Activity>pickUpAndSetDown</Activity>
          <StopPointRef>0500SWATE017</StopPointRef>
          <TimingStatus>OTH</TimingStatus>
        </From>
        <To SequenceNumber="25">
          <Activity>pickUpAndSetDown</Activity>
          <StopPointRef>0500SWATE024</StopPointRef>
          <TimingStatus>TIP</TimingStatus>
        </To>
        <RouteLinkRef>RL_20-9B-_-y08-1-H-1-24</RouteLinkRef>
        <RunTime>PT1M</RunTime>
      </JourneyPatternTimingLink>
      <JourneyPatternTimingLink id="JPL_20-9B-_-y08-1-1-H-1-26">
        <From SequenceNumber="25">
          <Activity>pickUpAndSetDown</Activity>
          <StopPointRef>0500SWATE024</StopPointRef>
          <TimingStatus>TIP</TimingStatus>
        </From>
        <To SequenceNumber="26">
          <Activity>pickUpAndSetDown</Activity>
          <StopPointRef>0500SLAND014</StopPointRef>
          <TimingStatus>PTP</TimingStatus>
        </To>
        <RouteLinkRef>RL_20-9B-_-y08-1-H-1-25</RouteLinkRef>
        <RunTime>PT5M</RunTime>
      </JourneyPatternTimingLink>
      <JourneyPatternTimingLink id="JPL_20-9B-_-y08-1-1-H-1-27">
        <From SequenceNumber="26">
          <Activity>pickUpAndSetDown</Activity>
          <StopPointRef>0500SLAND014</StopPointRef>
          <TimingStatus>PTP</TimingStatus>
        </From>
        <To SequenceNumber="27">
          <Activity>pickUpAndSetDown</Activity>
          <StopPointRef>0500SWATE001</StopPointRef>
          <TimingStatus>TIP</TimingStatus>
        </To>
        <RouteLinkRef>RL_20-9B-_-y08-1-H-1-26</RouteLinkRef>
        <RunTime>PT3M</RunTime>
      </JourneyPatternTimingLink>
      <JourneyPatternTimingLink id="JPL_20-9B-_-y08-1-1-H-1-28">
        <From SequenceNumber="27">
          <Activity>pickUpAndSetDown</Activity>
          <StopPointRef>0500SWATE001</StopPointRef>
          <TimingStatus>TIP</TimingStatus>
        </From>
        <To SequenceNumber="28">
          <Activity>pickUpAndSetDown</Activity>
          <StopPointRef>0500ESTRE010</StopPointRef>
          <TimingStatus>TIP</TimingStatus>
        </To>
        <RouteLinkRef>RL_20-9B-_-y08-1-H-1-27</RouteLinkRef>
        <RunTime>PT6M</RunTime>
      </JourneyPatternTimingLink>
      <JourneyPatternTimingLink id="JPL_20-9B-_-y08-1-1-H-1-29">
        <From SequenceNumber="28">
          <Activity>pickUpAndSetDown</Activity>
          <StopPointRef>0500ESTRE010</StopPointRef>
          <TimingStatus>TIP</TimingStatus>
        </From>
        <To SequenceNumber="29">
          <Activity>pickUpAndSetDown</Activity>
          <StopPointRef>0500ESTRE007</StopPointRef>
          <TimingStatus>OTH</TimingStatus>
        </To>
        <RouteLinkRef>RL_20-9B-_-y08-1-H-1-28</RouteLinkRef>
        <RunTime>PT0S</RunTime>
      </JourneyPatternTimingLink>
      <JourneyPatternTimingLink id="JPL_20-9B-_-y08-1-1-H-1-30">
        <From SequenceNumber="29">
          <Activity>pickUpAndSetDown</Activity>
          <StopPointRef>0500ESTRE007</StopPointRef>
          <TimingStatus>OTH</TimingStatus>
        </From>
        <To SequenceNumber="30">
          <Activity>pickUpAndSetDown</Activity>
          <StopPointRef>0500ESTRE005</StopPointRef>
          <TimingStatus>TIP</TimingStatus>
        </To>
        <RouteLinkRef>RL_20-9B-_-y08-1-H-1-29</RouteLinkRef>
        <RunTime>PT1M</RunTime>
      </JourneyPatternTimingLink>
      <JourneyPatternTimingLink id="JPL_20-9B-_-y08-1-1-H-1-31">
        <From SequenceNumber="30">
          <Activity>pickUpAndSetDown</Activity>
          <StopPointRef>0500ESTRE005</StopPointRef>
          <TimingStatus>TIP</TimingStatus>
        </From>
        <To SequenceNumber="31">
          <Activity>pickUpAndSetDown</Activity>
          <StopPointRef>0500ESTRE009</StopPointRef>
          <TimingStatus>OTH</TimingStatus>
        </To>
        <RouteLinkRef>RL_20-9B-_-y08-1-H-1-30</RouteLinkRef>
        <RunTime>PT0S</RunTime>
      </JourneyPatternTimingLink>
      <JourneyPatternTimingLink id="JPL_20-9B-_-y08-1-1-H-1-32">
        <From SequenceNumber="31">
          <Activity>pickUpAndSetDown</Activity>
          <StopPointRef>0500ESTRE009</StopPointRef>
          <TimingStatus>OTH</TimingStatus>
        </From>
        <To SequenceNumber="32">
          <Activity>pickUpAndSetDown</Activity>
          <StopPointRef>0500ELITT001</StopPointRef>
          <TimingStatus>PTP</TimingStatus>
        </To>
        <RouteLinkRef>RL_20-9B-_-y08-1-H-1-31</RouteLinkRef>
        <RunTime>PT6M</RunTime>
      </JourneyPatternTimingLink>
      <JourneyPatternTimingLink id="JPL_20-9B-_-y08-1-1-H-1-33">
        <From SequenceNumber="32">
          <Activity>pickUpAndSetDown</Activity>
          <StopPointRef>0500ELITT001</StopPointRef>
          <TimingStatus>PTP</TimingStatus>
        </From>
        <To SequenceNumber="33">
          <Activity>pickUpAndSetDown</Activity>
          <StopPointRef>0500ELITT004</StopPointRef>
          <TimingStatus>TIP</TimingStatus>
        </To>
        <RouteLinkRef>RL_20-9B-_-y08-1-H-1-32</RouteLinkRef>
        <RunTime>PT1M</RunTime>
      </JourneyPatternTimingLink>
      <JourneyPatternTimingLink id="JPL_20-9B-_-y08-1-1-H-1-34">
        <From SequenceNumber="33">
          <Activity>pickUpAndSetDown</Activity>
          <StopPointRef>0500ELITT004</StopPointRef>
          <TimingStatus>TIP</TimingStatus>
        </From>
        <To SequenceNumber="34">
          <Activity>pickUpAndSetDown</Activity>
          <StopPointRef>0500EELYY001</StopPointRef>
          <TimingStatus>PTP</TimingStatus>
        </To>
        <RouteLinkRef>RL_20-9B-_-y08-1-H-1-33</RouteLinkRef>
        <RunTime>PT8M</RunTime>
      </JourneyPatternTimingLink>
      <JourneyPatternTimingLink id="JPL_20-9B-_-y08-1-1-H-1-35">
        <From SequenceNumber="34">
          <Activity>pickUpAndSetDown</Activity>
          <StopPointRef>0500EELYY001</StopPointRef>
          <TimingStatus>PTP</TimingStatus>
        </From>
        <To SequenceNumber="35">
          <Activity>pickUpAndSetDown</Activity>
          <StopPointRef>0500EELYY097</StopPointRef>
          <TimingStatus>TIP</TimingStatus>
        </To>
        <RouteLinkRef>RL_20-9B-_-y08-1-H-1-34</RouteLinkRef>
        <RunTime>PT1M</RunTime>
      </JourneyPatternTimingLink>
      <JourneyPatternTimingLink id="JPL_20-9B-_-y08-1-1-H-1-36">
        <From SequenceNumber="35">
          <Activity>pickUpAndSetDown</Activity>
          <StopPointRef>0500EELYY097</StopPointRef>
          <TimingStatus>TIP</TimingStatus>
        </From>
        <To SequenceNumber="36">
          <Activity>pickUpAndSetDown</Activity>
          <StopPointRef>0500EELYY096</StopPointRef>
          <TimingStatus>TIP</TimingStatus>
        </To>
        <RouteLinkRef>RL_20-9B-_-y08-1-H-1-35</RouteLinkRef>
        <RunTime>PT2M</RunTime>
      </JourneyPatternTimingLink>
      <JourneyPatternTimingLink id="JPL_20-9B-_-y08-1-1-H-1-37">
        <From SequenceNumber="36">
          <Activity>pickUpAndSetDown</Activity>
          <StopPointRef>0500EELYY096</StopPointRef>
          <TimingStatus>TIP</TimingStatus>
        </From>
        <To SequenceNumber="37">
          <Activity>pickUpAndSetDown</Activity>
          <StopPointRef>0500EELYY068</StopPointRef>
          <TimingStatus>TIP</TimingStatus>
        </To>
        <RouteLinkRef>RL_20-9B-_-y08-1-H-1-36</RouteLinkRef>
        <RunTime>PT1M</RunTime>
      </JourneyPatternTimingLink>
      <JourneyPatternTimingLink id="JPL_20-9B-_-y08-1-1-H-1-38">
        <From SequenceNumber="37">
          <Activity>pickUpAndSetDown</Activity>
          <StopPointRef>0500EELYY068</StopPointRef>
          <TimingStatus>TIP</TimingStatus>
        </From>
        <To SequenceNumber="38">
          <Activity>pickUpAndSetDown</Activity>
          <StopPointRef>0500EELYY080</StopPointRef>
          <TimingStatus>TIP</TimingStatus>
        </To>
        <RouteLinkRef>RL_20-9B-_-y08-1-H-1-37</RouteLinkRef>
        <RunTime>PT2M</RunTime>
      </JourneyPatternTimingLink>
      <JourneyPatternTimingLink id="JPL_20-9B-_-y08-1-1-H-1-39">
        <From SequenceNumber="38">
          <Activity>pickUpAndSetDown</Activity>
          <StopPointRef>0500EELYY080</StopPointRef>
          <TimingStatus>TIP</TimingStatus>
        </From>
        <To SequenceNumber="39">
          <Activity>pickUpAndSetDown</Activity>
          <StopPointRef>0500EELYY074</StopPointRef>
          <TimingStatus>TIP</TimingStatus>
        </To>
        <RouteLinkRef>RL_20-9B-_-y08-1-H-1-38</RouteLinkRef>
        <RunTime>PT1M</RunTime>
      </JourneyPatternTimingLink>
      <JourneyPatternTimingLink id="JPL_20-9B-_-y08-1-1-H-1-40">
        <From SequenceNumber="39">
          <Activity>pickUpAndSetDown</Activity>
          <StopPointRef>0500EELYY074</StopPointRef>
          <TimingStatus>TIP</TimingStatus>
        </From>
        <To SequenceNumber="40">
          <Activity>setDown</Activity>
          <StopPointRef>0500EELYY054</StopPointRef>
          <TimingStatus>PTP</TimingStatus>
        </To>
        <RouteLinkRef>RL_20-9B-_-y08-1-H-1-39</RouteLinkRef>
        <RunTime>PT2M</RunTime>
      </JourneyPatternTimingLink>
    </JourneyPatternSection>
  </JourneyPatternSections>
  <Operators>
    <Operator id="OId_SCCM">
      <NationalOperatorCode>SCCM</NationalOperatorCode>
      <OperatorCode>SCCM</OperatorCode>
      <OperatorShortName>Stagecoach in Cambridge</OperatorShortName>
      <OperatorNameOnLicence>Stagecoach in Cambridge</OperatorNameOnLicence>
      <TradingName>Stagecoach in Cambridge</TradingName>
    </Operator>
  </Operators>
  <Services>
    <Service>
      <ServiceCode>20-9B-_-y08-1</ServiceCode>
      <PrivateCode>20-9B-_-y08-1</PrivateCode>
      <Lines>
        <Line id="20-9B-_-y08-1">
          <LineName>9B</LineName>
        </Line>
      </Lines>
      <OperatingPeriod>
        <StartDate>2019-11-05</StartDate>
        <EndDate>2020-05-08</EndDate>
      </OperatingPeriod>
      <OperatingProfile>
        <RegularDayType>
          <DaysOfWeek>
            <MondayToFriday />
          </DaysOfWeek>
        </RegularDayType>
      </OperatingProfile>
      <RegisteredOperatorRef>OId_SCCM</RegisteredOperatorRef>
      <StopRequirements>
        <NoNewStopsRequired />
      </StopRequirements>
      <Mode>bus</Mode>
      <Description>Cambridge - Waterbeach - Ely</Description>
      <StandardService>
        <Origin>Drummer St Bus Station</Origin>
        <Destination>Market Street</Destination>
        <JourneyPattern id="JP_20-9B-_-y08-1-1-H-1">
          <Direction>outbound</Direction>
          <RouteRef>R_20-9B-_-y08-1-H-1</RouteRef>
          <JourneyPatternSectionRefs>JPS_20-9B-_-y08-1-1-1-H</JourneyPatternSectionRefs>
        </JourneyPattern>
      </StandardService>
    </Service>
  </Services>
  <VehicleJourneys>
    <VehicleJourney>
      <PrivateCode>ea-20-9B-_-y08-1-2-UM</PrivateCode>
      <OperatingProfile>
        <RegularDayType>
          <DaysOfWeek>
            <Tuesday />
          </DaysOfWeek>
        </RegularDayType>
        <SpecialDaysOperation>
          <DaysOfNonOperation>
            <DateRange>
              <StartDate>2019-11-05</StartDate>
              <EndDate>2019-11-05</EndDate>
            </DateRange>
            <DateRange>
              <StartDate>2019-11-12</StartDate>
              <EndDate>2019-11-12</EndDate>
            </DateRange>
            <DateRange>
              <StartDate>2019-11-19</StartDate>
              <EndDate>2019-11-19</EndDate>
            </DateRange>
            <DateRange>
              <StartDate>2019-11-26</StartDate>
              <EndDate>2019-11-26</EndDate>
            </DateRange>
            <DateRange>
              <StartDate>2019-12-03</StartDate>
              <EndDate>2019-12-03</EndDate>
            </DateRange>
            <DateRange>
              <StartDate>2019-12-10</StartDate>
              <EndDate>2019-12-10</EndDate>
            </DateRange>
            <DateRange>
              <StartDate>2019-12-17</StartDate>
              <EndDate>2019-12-17</EndDate>
            </DateRange>
            <DateRange>
              <StartDate>2019-12-31</StartDate>
              <EndDate>2019-12-31</EndDate>
            </DateRange>
            <DateRange>
              <StartDate>2020-01-07</StartDate>
              <EndDate>2020-01-07</EndDate>
            </DateRange>
            <DateRange>
              <StartDate>2020-01-14</StartDate>
              <EndDate>2020-01-14</EndDate>
            </DateRange>
            <DateRange>
              <StartDate>2020-01-21</StartDate>
              <EndDate>2020-01-21</EndDate>
            </DateRange>
            <DateRange>
              <StartDate>2020-01-28</StartDate>
              <EndDate>2020-01-28</EndDate>
            </DateRange>
            <DateRange>
              <StartDate>2020-02-04</StartDate>
              <EndDate>2020-02-04</EndDate>
            </DateRange>
            <DateRange>
              <StartDate>2020-02-11</StartDate>
              <EndDate>2020-02-11</EndDate>
            </DateRange>
            <DateRange>
              <StartDate>2020-02-18</StartDate>
              <EndDate>2020-02-18</EndDate>
            </DateRange>
            <DateRange>
              <StartDate>2020-02-25</StartDate>
              <EndDate>2020-02-25</EndDate>
            </DateRange>
            <DateRange>
              <StartDate>2020-03-03</StartDate>
              <EndDate>2020-03-03</EndDate>
            </DateRange>
            <DateRange>
              <StartDate>2020-03-10</StartDate>
              <EndDate>2020-03-10</EndDate>
            </DateRange>
            <DateRange>
              <StartDate>2020-03-17</StartDate>
              <EndDate>2020-03-17</EndDate>
            </DateRange>
            <DateRange>
              <StartDate>2020-03-24</StartDate>
              <EndDate>2020-03-24</EndDate>
            </DateRange>
            <DateRange>
              <StartDate>2020-03-31</StartDate>
              <EndDate>2020-03-31</EndDate>
            </DateRange>
            <DateRange>
              <StartDate>2020-04-07</StartDate>
              <EndDate>2020-04-07</EndDate>
            </DateRange>
            <DateRange>
              <StartDate>2020-04-14</StartDate>
              <EndDate>2020-04-14</EndDate>
            </DateRange>
            <DateRange>
              <StartDate>2020-04-21</StartDate>
              <EndDate>2020-04-21</EndDate>
            </DateRange>
            <DateRange>
              <StartDate>2020-04-28</StartDate>
              <EndDate>2020-04-28</EndDate>
            </DateRange>
            <DateRange>
              <StartDate>2020-05-05</StartDate>
              <EndDate>2020-05-05</EndDate>
            </DateRange>
          </DaysOfNonOperation>
        </SpecialDaysOperation>
        <BankHolidayOperation>
          <DaysOfNonOperation>
            <ChristmasDay />
            <BoxingDay />
            <GoodFriday />
            <NewYearsDay />
            <MayDay />
            <EasterMonday />
          </DaysOfNonOperation>
        </BankHolidayOperation>
      </OperatingProfile>
      <VehicleJourneyCode>VJ_20-9B-_-y08-1-2-UM</VehicleJourneyCode>
      <ServiceRef>20-9B-_-y08-1</ServiceRef>
      <LineRef>20-9B-_-y08-1</LineRef>
      <JourneyPatternRef>JP_20-9B-_-y08-1-1-H-1</JourneyPatternRef>
      <DepartureTime>18:00:00</DepartureTime>
    </VehicleJourney>
    <VehicleJourney>
      <PrivateCode>ea-20-9B-_-y08-1-1-T0</PrivateCode>
      <OperatingProfile>
        <RegularDayType>
          <DaysOfWeek>
            <MondayToFriday />
          </DaysOfWeek>
        </RegularDayType>
        <SpecialDaysOperation>
          <DaysOfNonOperation>
            <DateRange>
              <StartDate>2019-12-24</StartDate>
              <EndDate>2019-12-24</EndDate>
            </DateRange>
            <DateRange>
              <StartDate>2019-12-27</StartDate>
              <EndDate>2019-12-27</EndDate>
            </DateRange>
            <DateRange>
              <StartDate>2019-12-30</StartDate>
              <EndDate>2019-12-31</EndDate>
            </DateRange>
          </DaysOfNonOperation>
        </SpecialDaysOperation>
        <BankHolidayOperation>
          <DaysOfNonOperation>
            <ChristmasDay />
            <BoxingDay />
            <GoodFriday />
            <NewYearsDay />
            <MayDay />
            <EasterMonday />
          </DaysOfNonOperation>
        </BankHolidayOperation>
      </OperatingProfile>
      <VehicleJourneyCode>VJ_20-9B-_-y08-1-1-T0</VehicleJourneyCode>
      <ServiceRef>20-9B-_-y08-1</ServiceRef>
      <LineRef>20-9B-_-y08-1</LineRef>
      <JourneyPatternRef>JP_20-9B-_-y08-1-1-H-1</JourneyPatternRef>
      <DepartureTime>18:00:00</DepartureTime>
    </VehicleJourney>
  </VehicleJourneys>
</TransXChange>