<?xml version="1.0" encoding="utf-8"?>
<TransXChange xmlns:xsi="http://www.w3.org/2001/XMLSchema-instance" xmlns:xsd="http://www.w3.org/2001/XMLSchema" xsi:schemaLocation="http://www.transxchange.org.uk/ http://www.transxchange.org.uk/schema/2.5/TransXChange_general.xsd" CreationDateTime="2019-11-07T16:02:24.5798Z" ModificationDateTime="2019-11-07T16:02:24.5798Z" Modification="new" RevisionNumber="3" FileName="ea_20-199-_-y08-1.xml" SchemaVersion="2.5" RegistrationDocument="true" xmlns="http://www.transxchange.org.uk/">
  <StopPoints>
    <AnnotatedStopPointRef>
      <StopPointRef>0500CCITY440</StopPointRef>
      <CommonName>Bene't Street</CommonName>
      <Indicator>opp</Indicator>
      <LocalityName>Cambridge (Cambs)</LocalityName>
      <LocalityQualifier>Cambridgeshire</LocalityQualifier>
    </AnnotatedStopPointRef>
    <AnnotatedStopPointRef>
      <StopPointRef>0500CCITY070</StopPointRef>
      <CommonName>Corpus Christi College</CommonName>
      <Indicator>o/s</Indicator>
      <LocalityName>Cambridge (Cambs)</LocalityName>
      <LocalityQualifier>Cambridgeshire</LocalityQualifier>
    </AnnotatedStopPointRef>
    <AnnotatedStopPointRef>
      <StopPointRef>0500CCITY418</StopPointRef>
      <CommonName>Queens' College</CommonName>
      <Indicator>opp</Indicator>
      <LocalityName>Cambridge (Cambs)</LocalityName>
      <LocalityQualifier>Cambridgeshire</LocalityQualifier>
    </AnnotatedStopPointRef>
    <AnnotatedStopPointRef>
      <StopPointRef>0500CCITY429</StopPointRef>
      <CommonName>Eltisley Avenue Hail &amp; Ride</CommonName>
      <Indicator>N-bound</Indicator>
      <LocalityName>Newnham (Cambs)</LocalityName>
      <LocalityQualifier>Cambridgeshire</LocalityQualifier>
    </AnnotatedStopPointRef>
    <AnnotatedStopPointRef>
      <StopPointRef>0500CCITY256</StopPointRef>
      <CommonName>Grantchester Street</CommonName>
      <Indicator>nr</Indicator>
      <LocalityName>Newnham (Cambs)</LocalityName>
      <LocalityQualifier>Cambridgeshire</LocalityQualifier>
    </AnnotatedStopPointRef>
    <AnnotatedStopPointRef>
      <StopPointRef>0500CCITY217</StopPointRef>
      <CommonName>Grange Road</CommonName>
      <Indicator>opp</Indicator>
      <LocalityName>Newnham (Cambs)</LocalityName>
      <LocalityQualifier>Cambridgeshire</LocalityQualifier>
    </AnnotatedStopPointRef>
    <AnnotatedStopPointRef>
      <StopPointRef>0500CCITY430</StopPointRef>
      <CommonName>Grange Road Hail &amp; Ride</CommonName>
      <Indicator>N-bound</Indicator>
      <LocalityName>Newnham (Cambs)</LocalityName>
      <LocalityQualifier>Cambridgeshire</LocalityQualifier>
    </AnnotatedStopPointRef>
    <AnnotatedStopPointRef>
      <StopPointRef>0500CCITY532</StopPointRef>
      <CommonName>Pinehurst</CommonName>
      <Indicator>in</Indicator>
      <LocalityName>Newnham (Cambs)</LocalityName>
      <LocalityQualifier>Cambridgeshire</LocalityQualifier>
    </AnnotatedStopPointRef>
    <AnnotatedStopPointRef>
      <StopPointRef>0500CCITY194</StopPointRef>
      <CommonName>Grantchester Road</CommonName>
      <Indicator>nr</Indicator>
      <LocalityName>Newnham (Cambs)</LocalityName>
      <LocalityQualifier>Cambridgeshire</LocalityQualifier>
    </AnnotatedStopPointRef>
    <AnnotatedStopPointRef>
      <StopPointRef>0500CCITY448</StopPointRef>
      <CommonName>Dane Drive</CommonName>
      <Indicator>opp</Indicator>
      <LocalityName>Newnham (Cambs)</LocalityName>
      <LocalityQualifier>Cambridgeshire</LocalityQualifier>
    </AnnotatedStopPointRef>
    <AnnotatedStopPointRef>
      <StopPointRef>0500CCITY449</StopPointRef>
      <CommonName>Dane Drive</CommonName>
      <Indicator>nr</Indicator>
      <LocalityName>Newnham (Cambs)</LocalityName>
      <LocalityQualifier>Cambridgeshire</LocalityQualifier>
    </AnnotatedStopPointRef>
    <AnnotatedStopPointRef>
      <StopPointRef>0500CCITY163</StopPointRef>
      <CommonName>Grantchester Road</CommonName>
      <Indicator>opp</Indicator>
      <LocalityName>Newnham (Cambs)</LocalityName>
      <LocalityQualifier>Cambridgeshire</LocalityQualifier>
    </AnnotatedStopPointRef>
    <AnnotatedStopPointRef>
      <StopPointRef>0500CCITY349</StopPointRef>
      <CommonName>Grange Road</CommonName>
      <Indicator>nr</Indicator>
      <LocalityName>Newnham (Cambs)</LocalityName>
      <LocalityQualifier>Cambridgeshire</LocalityQualifier>
    </AnnotatedStopPointRef>
    <AnnotatedStopPointRef>
      <StopPointRef>0500CCITY273</StopPointRef>
      <CommonName>Grantchester Street</CommonName>
      <Indicator>opp</Indicator>
      <LocalityName>Newnham (Cambs)</LocalityName>
      <LocalityQualifier>Cambridgeshire</LocalityQualifier>
    </AnnotatedStopPointRef>
    <AnnotatedStopPointRef>
      <StopPointRef>0500CCITY014</StopPointRef>
      <CommonName>Malting Lane</CommonName>
      <Indicator>nr</Indicator>
      <LocalityName>Newnham (Cambs)</LocalityName>
      <LocalityQualifier>Cambridgeshire</LocalityQualifier>
    </AnnotatedStopPointRef>
    <AnnotatedStopPointRef>
      <StopPointRef>0500CCITY417</StopPointRef>
      <CommonName>Queens' College</CommonName>
      <Indicator>nr</Indicator>
      <LocalityName>Cambridge (Cambs)</LocalityName>
      <LocalityQualifier>Cambridgeshire</LocalityQualifier>
    </AnnotatedStopPointRef>
  </StopPoints>
  <RouteSections>
    <RouteSection id="RS_20-199-_-y08-1-H-1">
      <RouteLink id="RL_20-199-_-y08-1-H-1-1">
        <From>
          <StopPointRef>0500CCITY440</StopPointRef>
        </From>
        <To>
          <StopPointRef>0500CCITY070</StopPointRef>
        </To>
        <Direction>outbound</Direction>
      </RouteLink>
      <RouteLink id="RL_20-199-_-y08-1-H-1-2">
        <From>
          <StopPointRef>0500CCITY070</StopPointRef>
        </From>
        <To>
          <StopPointRef>0500CCITY418</StopPointRef>
        </To>
        <Direction>outbound</Direction>
      </RouteLink>
      <RouteLink id="RL_20-199-_-y08-1-H-1-3">
        <From>
          <StopPointRef>0500CCITY418</StopPointRef>
        </From>
        <To>
          <StopPointRef>0500CCITY429</StopPointRef>
        </To>
        <Direction>outbound</Direction>
      </RouteLink>
      <RouteLink id="RL_20-199-_-y08-1-H-1-4">
        <From>
          <StopPointRef>0500CCITY429</StopPointRef>
        </From>
        <To>
          <StopPointRef>0500CCITY256</StopPointRef>
        </To>
        <Direction>outbound</Direction>
      </RouteLink>
      <RouteLink id="RL_20-199-_-y08-1-H-1-5">
        <From>
          <StopPointRef>0500CCITY256</StopPointRef>
        </From>
        <To>
          <StopPointRef>0500CCITY217</StopPointRef>
        </To>
        <Direction>outbound</Direction>
      </RouteLink>
      <RouteLink id="RL_20-199-_-y08-1-H-1-6">
        <From>
          <StopPointRef>0500CCITY217</StopPointRef>
        </From>
        <To>
          <StopPointRef>0500CCITY430</StopPointRef>
        </To>
        <Direction>outbound</Direction>
      </RouteLink>
      <RouteLink id="RL_20-199-_-y08-1-H-1-7">
        <From>
          <StopPointRef>0500CCITY430</StopPointRef>
        </From>
        <To>
          <StopPointRef>0500CCITY532</StopPointRef>
        </To>
        <Direction>outbound</Direction>
      </RouteLink>
      <RouteLink id="RL_20-199-_-y08-1-H-1-8">
        <From>
          <StopPointRef>0500CCITY532</StopPointRef>
        </From>
        <To>
          <StopPointRef>0500CCITY194</StopPointRef>
        </To>
        <Direction>outbound</Direction>
      </RouteLink>
      <RouteLink id="RL_20-199-_-y08-1-H-1-9">
        <From>
          <StopPointRef>0500CCITY194</StopPointRef>
        </From>
        <To>
          <StopPointRef>0500CCITY448</StopPointRef>
        </To>
        <Direction>outbound</Direction>
      </RouteLink>
    </RouteSection>
    <RouteSection id="RS_20-199-_-y08-1-R-2">
      <RouteLink id="RL_20-199-_-y08-1-R-2-1">
        <From>
          <StopPointRef>0500CCITY449</StopPointRef>
        </From>
        <To>
          <StopPointRef>0500CCITY163</StopPointRef>
        </To>
        <Direction>inbound</Direction>
      </RouteLink>
      <RouteLink id="RL_20-199-_-y08-1-R-2-2">
        <From>
          <StopPointRef>0500CCITY163</StopPointRef>
        </From>
        <To>
          <StopPointRef>0500CCITY430</StopPointRef>
        </To>
        <Direction>inbound</Direction>
      </RouteLink>
      <RouteLink id="RL_20-199-_-y08-1-R-2-3">
        <From>
          <StopPointRef>0500CCITY430</StopPointRef>
        </From>
        <To>
          <StopPointRef>0500CCITY532</StopPointRef>
        </To>
        <Direction>inbound</Direction>
      </RouteLink>
      <RouteLink id="RL_20-199-_-y08-1-R-2-4">
        <From>
          <StopPointRef>0500CCITY532</StopPointRef>
        </From>
        <To>
          <StopPointRef>0500CCITY349</StopPointRef>
        </To>
        <Direction>inbound</Direction>
      </RouteLink>
      <RouteLink id="RL_20-199-_-y08-1-R-2-5">
        <From>
          <StopPointRef>0500CCITY349</StopPointRef>
        </From>
        <To>
          <StopPointRef>0500CCITY429</StopPointRef>
        </To>
        <Direction>inbound</Direction>
      </RouteLink>
      <RouteLink id="RL_20-199-_-y08-1-R-2-6">
        <From>
          <StopPointRef>0500CCITY429</StopPointRef>
        </From>
        <To>
          <StopPointRef>0500CCITY273</StopPointRef>
        </To>
        <Direction>inbound</Direction>
      </RouteLink>
      <RouteLink id="RL_20-199-_-y08-1-R-2-7">
        <From>
          <StopPointRef>0500CCITY273</StopPointRef>
        </From>
        <To>
          <StopPointRef>0500CCITY014</StopPointRef>
        </To>
        <Direction>inbound</Direction>
      </RouteLink>
      <RouteLink id="RL_20-199-_-y08-1-R-2-8">
        <From>
          <StopPointRef>0500CCITY014</StopPointRef>
        </From>
        <To>
          <StopPointRef>0500CCITY417</StopPointRef>
        </To>
        <Direction>inbound</Direction>
      </RouteLink>
      <RouteLink id="RL_20-199-_-y08-1-R-2-9">
        <From>
          <StopPointRef>0500CCITY417</StopPointRef>
        </From>
        <To>
          <StopPointRef>0500CCITY440</StopPointRef>
        </To>
        <Direction>inbound</Direction>
      </RouteLink>
    </RouteSection>
  </RouteSections>
  <Routes>
    <Route id="R_20-199-_-y08-1-H-1">
      <PrivateCode>R_20-199-_-y08-1-H-1</PrivateCode>
      <Description>Bene't Street - Dane Drive</Description>
      <RouteSectionRef>RS_20-199-_-y08-1-H-1</RouteSectionRef>
    </Route>
    <Route id="R_20-199-_-y08-1-R-2">
      <PrivateCode>R_20-199-_-y08-1-R-2</PrivateCode>
      <Description>Dane Drive - Bene't Street</Description>
      <RouteSectionRef>RS_20-199-_-y08-1-R-2</RouteSectionRef>
    </Route>
  </Routes>
  <JourneyPatternSections>
    <JourneyPatternSection id="JPS_20-199-_-y08-1-1-1-H">
      <JourneyPatternTimingLink id="JPL_20-199-_-y08-1-1-H-1-2">
        <From SequenceNumber="1">
          <Activity>pickUp</Activity>
          <StopPointRef>0500CCITY440</StopPointRef>
          <TimingStatus>PTP</TimingStatus>
        </From>
        <To SequenceNumber="2">
          <Activity>pickUpAndSetDown</Activity>
          <StopPointRef>0500CCITY070</StopPointRef>
          <TimingStatus>TIP</TimingStatus>
        </To>
        <RouteLinkRef>RL_20-199-_-y08-1-H-1-1</RouteLinkRef>
        <RunTime>PT3M</RunTime>
      </JourneyPatternTimingLink>
      <JourneyPatternTimingLink id="JPL_20-199-_-y08-1-1-H-1-3">
        <From SequenceNumber="2">
          <Activity>pickUpAndSetDown</Activity>
          <StopPointRef>0500CCITY070</StopPointRef>
          <TimingStatus>TIP</TimingStatus>
        </From>
        <To SequenceNumber="3">
          <Activity>pickUpAndSetDown</Activity>
          <StopPointRef>0500CCITY418</StopPointRef>
          <TimingStatus>TIP</TimingStatus>
        </To>
        <RouteLinkRef>RL_20-199-_-y08-1-H-1-2</RouteLinkRef>
        <RunTime>PT1M</RunTime>
      </JourneyPatternTimingLink>
      <JourneyPatternTimingLink id="JPL_20-199-_-y08-1-1-H-1-4">
        <From SequenceNumber="3">
          <Activity>pickUpAndSetDown</Activity>
          <StopPointRef>0500CCITY418</StopPointRef>
          <TimingStatus>TIP</TimingStatus>
        </From>
        <To SequenceNumber="4">
          <Activity>pickUpAndSetDown</Activity>
          <StopPointRef>0500CCITY429</StopPointRef>
          <TimingStatus>PTP</TimingStatus>
        </To>
        <RouteLinkRef>RL_20-199-_-y08-1-H-1-3</RouteLinkRef>
        <RunTime>PT1M</RunTime>
      </JourneyPatternTimingLink>
      <JourneyPatternTimingLink id="JPL_20-199-_-y08-1-1-H-1-5">
        <From SequenceNumber="4">
          <Activity>pickUpAndSetDown</Activity>
          <StopPointRef>0500CCITY429</StopPointRef>
          <TimingStatus>PTP</TimingStatus>
        </From>
        <To SequenceNumber="5">
          <Activity>pickUpAndSetDown</Activity>
          <StopPointRef>0500CCITY256</StopPointRef>
          <TimingStatus>TIP</TimingStatus>
        </To>
        <RouteLinkRef>RL_20-199-_-y08-1-H-1-4</RouteLinkRef>
        <RunTime>PT1M</RunTime>
      </JourneyPatternTimingLink>
      <JourneyPatternTimingLink id="JPL_20-199-_-y08-1-1-H-1-6">
        <From SequenceNumber="5">
          <Activity>pickUpAndSetDown</Activity>
          <StopPointRef>0500CCITY256</StopPointRef>
          <TimingStatus>TIP</TimingStatus>
        </From>
        <To SequenceNumber="6">
          <Activity>pickUpAndSetDown</Activity>
          <StopPointRef>0500CCITY217</StopPointRef>
          <TimingStatus>OTH</TimingStatus>
        </To>
        <RouteLinkRef>RL_20-199-_-y08-1-H-1-5</RouteLinkRef>
        <RunTime>PT0S</RunTime>
      </JourneyPatternTimingLink>
      <JourneyPatternTimingLink id="JPL_20-199-_-y08-1-1-H-1-7">
        <From SequenceNumber="6">
          <Activity>pickUpAndSetDown</Activity>
          <StopPointRef>0500CCITY217</StopPointRef>
          <TimingStatus>OTH</TimingStatus>
        </From>
        <To SequenceNumber="7">
          <Activity>pickUpAndSetDown</Activity>
          <StopPointRef>0500CCITY430</StopPointRef>
          <TimingStatus>TIP</TimingStatus>
        </To>
        <RouteLinkRef>RL_20-199-_-y08-1-H-1-6</RouteLinkRef>
        <RunTime>PT2M</RunTime>
      </JourneyPatternTimingLink>
      <JourneyPatternTimingLink id="JPL_20-199-_-y08-1-1-H-1-8">
        <From SequenceNumber="7">
          <Activity>pickUpAndSetDown</Activity>
          <StopPointRef>0500CCITY430</StopPointRef>
          <TimingStatus>TIP</TimingStatus>
        </From>
        <To SequenceNumber="8">
          <Activity>pickUpAndSetDown</Activity>
          <StopPointRef>0500CCITY532</StopPointRef>
          <TimingStatus>PTP</TimingStatus>
        </To>
        <RouteLinkRef>RL_20-199-_-y08-1-H-1-7</RouteLinkRef>
        <RunTime>PT2M</RunTime>
      </JourneyPatternTimingLink>
      <JourneyPatternTimingLink id="JPL_20-199-_-y08-1-1-H-1-9">
        <From SequenceNumber="8">
          <Activity>pickUpAndSetDown</Activity>
          <StopPointRef>0500CCITY532</StopPointRef>
          <TimingStatus>PTP</TimingStatus>
        </From>
        <To SequenceNumber="9">
          <Activity>pickUpAndSetDown</Activity>
          <StopPointRef>0500CCITY194</StopPointRef>
          <TimingStatus>TIP</TimingStatus>
        </To>
        <RouteLinkRef>RL_20-199-_-y08-1-H-1-8</RouteLinkRef>
        <RunTime>PT5M</RunTime>
      </JourneyPatternTimingLink>
      <JourneyPatternTimingLink id="JPL_20-199-_-y08-1-1-H-1-10">
        <From SequenceNumber="9">
          <Activity>pickUpAndSetDown</Activity>
          <StopPointRef>0500CCITY194</StopPointRef>
          <TimingStatus>TIP</TimingStatus>
        </From>
        <To SequenceNumber="10">
          <Activity>setDown</Activity>
          <StopPointRef>0500CCITY448</StopPointRef>
          <TimingStatus>PTP</TimingStatus>
        </To>
        <RouteLinkRef>RL_20-199-_-y08-1-H-1-9</RouteLinkRef>
        <RunTime>PT5M</RunTime>
      </JourneyPatternTimingLink>
    </JourneyPatternSection>
    <JourneyPatternSection id="JPS_20-199-_-y08-1-2-2-R">
      <JourneyPatternTimingLink id="JPL_20-199-_-y08-1-2-R-2-2">
        <From SequenceNumber="1">
          <Activity>pickUp</Activity>
          <StopPointRef>0500CCITY449</StopPointRef>
          <TimingStatus>PTP</TimingStatus>
        </From>
        <To SequenceNumber="2">
          <Activity>pickUpAndSetDown</Activity>
          <StopPointRef>0500CCITY163</StopPointRef>
          <TimingStatus>TIP</TimingStatus>
        </To>
        <RouteLinkRef>RL_20-199-_-y08-1-R-2-1</RouteLinkRef>
        <RunTime>PT2M</RunTime>
      </JourneyPatternTimingLink>
      <JourneyPatternTimingLink id="JPL_20-199-_-y08-1-2-R-2-3">
        <From SequenceNumber="2">
          <Activity>pickUpAndSetDown</Activity>
          <StopPointRef>0500CCITY163</StopPointRef>
          <TimingStatus>TIP</TimingStatus>
        </From>
        <To SequenceNumber="3">
          <Activity>pickUpAndSetDown</Activity>
          <StopPointRef>0500CCITY430</StopPointRef>
          <TimingStatus>TIP</TimingStatus>
        </To>
        <RouteLinkRef>RL_20-199-_-y08-1-R-2-2</RouteLinkRef>
        <RunTime>PT4M</RunTime>
      </JourneyPatternTimingLink>
      <JourneyPatternTimingLink id="JPL_20-199-_-y08-1-2-R-2-4">
        <From SequenceNumber="3">
          <Activity>pickUpAndSetDown</Activity>
          <StopPointRef>0500CCITY430</StopPointRef>
          <TimingStatus>TIP</TimingStatus>
        </From>
        <To SequenceNumber="4">
          <Activity>pickUpAndSetDown</Activity>
          <StopPointRef>0500CCITY532</StopPointRef>
          <TimingStatus>PTP</TimingStatus>
        </To>
        <RouteLinkRef>RL_20-199-_-y08-1-R-2-3</RouteLinkRef>
        <RunTime>PT4M</RunTime>
      </JourneyPatternTimingLink>
      <JourneyPatternTimingLink id="JPL_20-199-_-y08-1-2-R-2-5">
        <From SequenceNumber="4">
          <Activity>pickUpAndSetDown</Activity>
          <StopPointRef>0500CCITY532</StopPointRef>
          <TimingStatus>PTP</TimingStatus>
        </From>
        <To SequenceNumber="5">
          <Activity>pickUpAndSetDown</Activity>
          <StopPointRef>0500CCITY349</StopPointRef>
          <TimingStatus>TIP</TimingStatus>
        </To>
        <RouteLinkRef>RL_20-199-_-y08-1-R-2-4</RouteLinkRef>
        <RunTime>PT2M</RunTime>
      </JourneyPatternTimingLink>
      <JourneyPatternTimingLink id="JPL_20-199-_-y08-1-2-R-2-6">
        <From SequenceNumber="5">
          <Activity>pickUpAndSetDown</Activity>
          <StopPointRef>0500CCITY349</StopPointRef>
          <TimingStatus>TIP</TimingStatus>
        </From>
        <To SequenceNumber="6">
          <Activity>pickUpAndSetDown</Activity>
          <StopPointRef>0500CCITY429</StopPointRef>
          <TimingStatus>PTP</TimingStatus>
        </To>
        <RouteLinkRef>RL_20-199-_-y08-1-R-2-5</RouteLinkRef>
        <RunTime>PT3M</RunTime>
      </JourneyPatternTimingLink>
      <JourneyPatternTimingLink id="JPL_20-199-_-y08-1-2-R-2-7">
        <From SequenceNumber="6">
          <Activity>pickUpAndSetDown</Activity>
          <StopPointRef>0500CCITY429</StopPointRef>
          <TimingStatus>PTP</TimingStatus>
        </From>
        <To SequenceNumber="7">
          <Activity>pickUpAndSetDown</Activity>
          <StopPointRef>0500CCITY273</StopPointRef>
          <TimingStatus>TIP</TimingStatus>
        </To>
        <RouteLinkRef>RL_20-199-_-y08-1-R-2-6</RouteLinkRef>
        <RunTime>PT1M</RunTime>
      </JourneyPatternTimingLink>
      <JourneyPatternTimingLink id="JPL_20-199-_-y08-1-2-R-2-8">
        <From SequenceNumber="7">
          <Activity>pickUpAndSetDown</Activity>
          <StopPointRef>0500CCITY273</StopPointRef>
          <TimingStatus>TIP</TimingStatus>
        </From>
        <To SequenceNumber="8">
          <Activity>pickUpAndSetDown</Activity>
          <StopPointRef>0500CCITY014</StopPointRef>
          <TimingStatus>OTH</TimingStatus>
        </To>
        <RouteLinkRef>RL_20-199-_-y08-1-R-2-7</RouteLinkRef>
        <RunTime>PT0S</RunTime>
      </JourneyPatternTimingLink>
      <JourneyPatternTimingLink id="JPL_20-199-_-y08-1-2-R-2-9">
        <From SequenceNumber="8">
          <Activity>pickUpAndSetDown</Activity>
          <StopPointRef>0500CCITY014</StopPointRef>
          <TimingStatus>OTH</TimingStatus>
        </From>
        <To SequenceNumber="9">
          <Activity>pickUpAndSetDown</Activity>
          <StopPointRef>0500CCITY417</StopPointRef>
          <TimingStatus>TIP</TimingStatus>
        </To>
        <RouteLinkRef>RL_20-199-_-y08-1-R-2-8</RouteLinkRef>
        <RunTime>PT1M</RunTime>
      </JourneyPatternTimingLink>
      <JourneyPatternTimingLink id="JPL_20-199-_-y08-1-2-R-2-10">
        <From SequenceNumber="9">
          <Activity>pickUpAndSetDown</Activity>
          <StopPointRef>0500CCITY417</StopPointRef>
          <TimingStatus>TIP</TimingStatus>
        </From>
        <To SequenceNumber="10">
          <Activity>setDown</Activity>
          <StopPointRef>0500CCITY440</StopPointRef>
          <TimingStatus>PTP</TimingStatus>
        </To>
        <RouteLinkRef>RL_20-199-_-y08-1-R-2-9</RouteLinkRef>
        <RunTime>PT3M</RunTime>
      </JourneyPatternTimingLink>
    </JourneyPatternSection>
  </JourneyPatternSections>
  <Operators>
    <Operator id="OId_MYAL">
      <NationalOperatorCode>MYAL</NationalOperatorCode>
      <OperatorCode>MYAL</OperatorCode>
      <OperatorShortName>C G Myall &amp; Son</OperatorShortName>
      <OperatorNameOnLicence>C G Myall &amp; Son</OperatorNameOnLicence>
      <TradingName>C G Myall &amp; Son</TradingName>
    </Operator>
  </Operators>
  <Services>
    <Service>
      <ServiceCode>20-199-_-y08-1</ServiceCode>
      <PrivateCode>20-199-_-y08-1</PrivateCode>
      <Lines>
        <Line id="20-199-_-y08-1">
          <LineName>199</LineName>
        </Line>
      </Lines>
      <OperatingPeriod>
        <StartDate>2019-11-05</StartDate>
        <EndDate>2020-05-08</EndDate>
      </OperatingPeriod>
      <OperatingProfile>
        <RegularDayType>
          <DaysOfWeek>
            <Tuesday />
            <Friday />
          </DaysOfWeek>
        </RegularDayType>
      </OperatingProfile>
      <VehicleType>
        <VehicleEquipment>
          <AccessVehicleEquipment>
            <LowFloor>true</LowFloor>
            <Ramp>true</Ramp>
          </AccessVehicleEquipment>
          <WheelchairVehicleEquipment>
            <SuitableFor>wheelchair</SuitableFor>
          </WheelchairVehicleEquipment>
        </VehicleEquipment>
        <WheelchairAccessible>true</WheelchairAccessible>
      </VehicleType>
      <RegisteredOperatorRef>OId_MYAL</RegisteredOperatorRef>
      <StopRequirements>
        <NoNewStopsRequired />
      </StopRequirements>
      <Mode>bus</Mode>
      <Description>Cambridge - Newnham</Description>
      <StandardService>
        <Origin>Bene't Street</Origin>
        <Destination>Dane Drive</Destination>
        <JourneyPattern id="JP_20-199-_-y08-1-1-H-1">
          <Direction>outbound</Direction>
          <RouteRef>R_20-199-_-y08-1-H-1</RouteRef>
          <JourneyPatternSectionRefs>JPS_20-199-_-y08-1-1-1-H</JourneyPatternSectionRefs>
        </JourneyPattern>
        <JourneyPattern id="JP_20-199-_-y08-1-2-R-2">
          <Direction>inbound</Direction>
          <RouteRef>R_20-199-_-y08-1-R-2</RouteRef>
          <JourneyPatternSectionRefs>JPS_20-199-_-y08-1-2-2-R</JourneyPatternSectionRefs>
        </JourneyPattern>
      </StandardService>
    </Service>
  </Services>
  <VehicleJourneys>
    <VehicleJourney>
      <PrivateCode>ea-20-199-_-y08-1-1-T0</PrivateCode>
      <OperatingProfile>
        <RegularDayType>
          <DaysOfWeek>
            <Tuesday />
            <Friday />
          </DaysOfWeek>
        </RegularDayType>
        <SpecialDaysOperation>
          <DaysOfNonOperation>
            <DateRange>
              <StartDate>2019-12-24</StartDate>
              <EndDate>2019-12-24</EndDate>
            </DateRange>
            <DateRange>
              <StartDate>2019-12-27</StartDate>
              <EndDate>2019-12-27</EndDate>
            </DateRange>
            <DateRange>
              <StartDate>2019-12-30</StartDate>
              <EndDate>2019-12-31</EndDate>
            </DateRange>
          </DaysOfNonOperation>
        </SpecialDaysOperation>
        <BankHolidayOperation>
          <DaysOfNonOperation>
            <AllBankHolidays />
          </DaysOfNonOperation>
        </BankHolidayOperation>
      </OperatingProfile>
      <VehicleJourneyCode>VJ_20-199-_-y08-1-1-T0</VehicleJourneyCode>
      <ServiceRef>20-199-_-y08-1</ServiceRef>
      <LineRef>20-199-_-y08-1</LineRef>
      <JourneyPatternRef>JP_20-199-_-y08-1-1-H-1</JourneyPatternRef>
      <DepartureTime>13:00:00</DepartureTime>
    </VehicleJourney>
    <VehicleJourney>
      <PrivateCode>ea-20-199-_-y08-1-2-T0</PrivateCode>
      <OperatingProfile>
        <RegularDayType>
          <DaysOfWeek>
            <Tuesday />
            <Friday />
          </DaysOfWeek>
        </RegularDayType>
        <SpecialDaysOperation>
          <DaysOfNonOperation>
            <DateRange>
              <StartDate>2019-12-24</StartDate>
              <EndDate>2019-12-24</EndDate>
            </DateRange>
            <DateRange>
              <StartDate>2019-12-27</StartDate>
              <EndDate>2019-12-27</EndDate>
            </DateRange>
            <DateRange>
              <StartDate>2019-12-30</StartDate>
              <EndDate>2019-12-31</EndDate>
            </DateRange>
          </DaysOfNonOperation>
        </SpecialDaysOperation>
        <BankHolidayOperation>
          <DaysOfNonOperation>
            <AllBankHolidays />
          </DaysOfNonOperation>
        </BankHolidayOperation>
      </OperatingProfile>
      <VehicleJourneyCode>VJ_20-199-_-y08-1-2-T0</VehicleJourneyCode>
      <ServiceRef>20-199-_-y08-1</ServiceRef>
      <LineRef>20-199-_-y08-1</LineRef>
      <JourneyPatternRef>JP_20-199-_-y08-1-2-R-2</JourneyPatternRef>
      <DepartureTime>10:10:00</DepartureTime>
    </VehicleJourney>
    <VehicleJourney>
      <PrivateCode>ea-20-199-_-y08-1-3-UM</PrivateCode>
      <OperatingProfile>
        <RegularDayType>
          <DaysOfWeek>
            <Tuesday />
          </DaysOfWeek>
        </RegularDayType>
        <SpecialDaysOperation>
          <DaysOfNonOperation>
            <DateRange>
              <StartDate>2019-11-05</StartDate>
              <EndDate>2019-11-05</EndDate>
            </DateRange>
            <DateRange>
              <StartDate>2019-11-12</StartDate>
              <EndDate>2019-11-12</EndDate>
            </DateRange>
            <DateRange>
              <StartDate>2019-11-19</StartDate>
              <EndDate>2019-11-19</EndDate>
            </DateRange>
            <DateRange>
              <StartDate>2019-11-26</StartDate>
              <EndDate>2019-11-26</EndDate>
            </DateRange>
            <DateRange>
              <StartDate>2019-12-03</StartDate>
              <EndDate>2019-12-03</EndDate>
            </DateRange>
            <DateRange>
              <StartDate>2019-12-10</StartDate>
              <EndDate>2019-12-10</EndDate>
            </DateRange>
            <DateRange>
              <StartDate>2019-12-17</StartDate>
              <EndDate>2019-12-17</EndDate>
            </DateRange>
            <DateRange>
              <StartDate>2019-12-31</StartDate>
              <EndDate>2019-12-31</EndDate>
            </DateRange>
            <DateRange>
              <StartDate>2020-01-07</StartDate>
              <EndDate>2020-01-07</EndDate>
            </DateRange>
            <DateRange>
              <StartDate>2020-01-14</StartDate>
              <EndDate>2020-01-14</EndDate>
            </DateRange>
            <DateRange>
              <StartDate>2020-01-21</StartDate>
              <EndDate>2020-01-21</EndDate>
            </DateRange>
            <DateRange>
              <StartDate>2020-01-28</StartDate>
              <EndDate>2020-01-28</EndDate>
            </DateRange>
            <DateRange>
              <StartDate>2020-02-04</StartDate>
              <EndDate>2020-02-04</EndDate>
            </DateRange>
            <DateRange>
              <StartDate>2020-02-11</StartDate>
              <EndDate>2020-02-11</EndDate>
            </DateRange>
            <DateRange>
              <StartDate>2020-02-18</StartDate>
              <EndDate>2020-02-18</EndDate>
            </DateRange>
            <DateRange>
              <StartDate>2020-02-25</StartDate>
              <EndDate>2020-02-25</EndDate>
            </DateRange>
            <DateRange>
              <StartDate>2020-03-03</StartDate>
              <EndDate>2020-03-03</EndDate>
            </DateRange>
            <DateRange>
              <StartDate>2020-03-10</StartDate>
              <EndDate>2020-03-10</EndDate>
            </DateRange>
            <DateRange>
              <StartDate>2020-03-17</StartDate>
              <EndDate>2020-03-17</EndDate>
            </DateRange>
            <DateRange>
              <StartDate>2020-03-24</StartDate>
              <EndDate>2020-03-24</EndDate>
            </DateRange>
            <DateRange>
              <StartDate>2020-03-31</StartDate>
              <EndDate>2020-03-31</EndDate>
            </DateRange>
            <DateRange>
              <StartDate>2020-04-07</StartDate>
              <EndDate>2020-04-07</EndDate>
            </DateRange>
            <DateRange>
              <StartDate>2020-04-14</StartDate>
              <EndDate>2020-04-14</EndDate>
            </DateRange>
            <DateRange>
              <StartDate>2020-04-21</StartDate>
              <EndDate>2020-04-21</EndDate>
            </DateRange>
            <DateRange>
              <StartDate>2020-04-28</StartDate>
              <EndDate>2020-04-28</EndDate>
            </DateRange>
            <DateRange>
              <StartDate>2020-05-05</StartDate>
              <EndDate>2020-05-05</EndDate>
            </DateRange>
          </DaysOfNonOperation>
        </SpecialDaysOperation>
        <BankHolidayOperation>
          <DaysOfNonOperation>
            <ChristmasDay />
            <BoxingDay />
            <GoodFriday />
            <NewYearsDay />
            <MayDay />
            <EasterMonday />
          </DaysOfNonOperation>
        </BankHolidayOperation>
      </OperatingProfile>
      <VehicleJourneyCode>VJ_20-199-_-y08-1-3-UM</VehicleJourneyCode>
      <ServiceRef>20-199-_-y08-1</ServiceRef>
      <LineRef>20-199-_-y08-1</LineRef>
      <JourneyPatternRef>JP_20-199-_-y08-1-1-H-1</JourneyPatternRef>
      <DepartureTime>13:00:00</DepartureTime>
    </VehicleJourney>
    <VehicleJourney>
      <PrivateCode>ea-20-199-_-y08-1-4-UM</PrivateCode>
      <OperatingProfile>
        <RegularDayType>
          <DaysOfWeek>
            <Tuesday />
          </DaysOfWeek>
        </RegularDayType>
        <SpecialDaysOperation>
          <DaysOfNonOperation>
            <DateRange>
              <StartDate>2019-11-05</StartDate>
              <EndDate>2019-11-05</EndDate>
            </DateRange>
            <DateRange>
              <StartDate>2019-11-12</StartDate>
              <EndDate>2019-11-12</EndDate>
            </DateRange>
            <DateRange>
              <StartDate>2019-11-19</StartDate>
              <EndDate>2019-11-19</EndDate>
            </DateRange>
            <DateRange>
              <StartDate>2019-11-26</StartDate>
              <EndDate>2019-11-26</EndDate>
            </DateRange>
            <DateRange>
              <StartDate>2019-12-03</StartDate>
              <EndDate>2019-12-03</EndDate>
            </DateRange>
            <DateRange>
              <StartDate>2019-12-10</StartDate>
              <EndDate>2019-12-10</EndDate>
            </DateRange>
            <DateRange>
              <StartDate>2019-12-17</StartDate>
              <EndDate>2019-12-17</EndDate>
            </DateRange>
            <DateRange>
              <StartDate>2019-12-31</StartDate>
              <EndDate>2019-12-31</EndDate>
            </DateRange>
            <DateRange>
              <StartDate>2020-01-07</StartDate>
              <EndDate>2020-01-07</EndDate>
            </DateRange>
            <DateRange>
              <StartDate>2020-01-14</StartDate>
              <EndDate>2020-01-14</EndDate>
            </DateRange>
            <DateRange>
              <StartDate>2020-01-21</StartDate>
              <EndDate>2020-01-21</EndDate>
            </DateRange>
            <DateRange>
              <StartDate>2020-01-28</StartDate>
              <EndDate>2020-01-28</EndDate>
            </DateRange>
            <DateRange>
              <StartDate>2020-02-04</StartDate>
              <EndDate>2020-02-04</EndDate>
            </DateRange>
            <DateRange>
              <StartDate>2020-02-11</StartDate>
              <EndDate>2020-02-11</EndDate>
            </DateRange>
            <DateRange>
              <StartDate>2020-02-18</StartDate>
              <EndDate>2020-02-18</EndDate>
            </DateRange>
            <DateRange>
              <StartDate>2020-02-25</StartDate>
              <EndDate>2020-02-25</EndDate>
            </DateRange>
            <DateRange>
              <StartDate>2020-03-03</StartDate>
              <EndDate>2020-03-03</EndDate>
            </DateRange>
            <DateRange>
              <StartDate>2020-03-10</StartDate>
              <EndDate>2020-03-10</EndDate>
            </DateRange>
            <DateRange>
              <StartDate>2020-03-17</StartDate>
              <EndDate>2020-03-17</EndDate>
            </DateRange>
            <DateRange>
              <StartDate>2020-03-24</StartDate>
              <EndDate>2020-03-24</EndDate>
            </DateRange>
            <DateRange>
              <StartDate>2020-03-31</StartDate>
              <EndDate>2020-03-31</EndDate>
            </DateRange>
            <DateRange>
              <StartDate>2020-04-07</StartDate>
              <EndDate>2020-04-07</EndDate>
            </DateRange>
            <DateRange>
              <StartDate>2020-04-14</StartDate>
              <EndDate>2020-04-14</EndDate>
            </DateRange>
            <DateRange>
              <StartDate>2020-04-21</StartDate>
              <EndDate>2020-04-21</EndDate>
            </DateRange>
            <DateRange>
              <StartDate>2020-04-28</StartDate>
              <EndDate>2020-04-28</EndDate>
            </DateRange>
            <DateRange>
              <StartDate>2020-05-05</StartDate>
              <EndDate>2020-05-05</EndDate>
            </DateRange>
          </DaysOfNonOperation>
        </SpecialDaysOperation>
        <BankHolidayOperation>
          <DaysOfNonOperation>
            <ChristmasDay />
            <BoxingDay />
            <GoodFriday />
            <NewYearsDay />
            <MayDay />
            <EasterMonday />
          </DaysOfNonOperation>
        </BankHolidayOperation>
      </OperatingProfile>
      <VehicleJourneyCode>VJ_20-199-_-y08-1-4-UM</VehicleJourneyCode>
      <ServiceRef>20-199-_-y08-1</ServiceRef>
      <LineRef>20-199-_-y08-1</LineRef>
      <JourneyPatternRef>JP_20-199-_-y08-1-2-R-2</JourneyPatternRef>
      <DepartureTime>10:10:00</DepartureTime>
    </VehicleJourney>
    <VehicleJourney>
      <PrivateCode>ea-20-199-_-y08-1-5-UP</PrivateCode>
      <OperatingProfile>
        <RegularDayType>
          <DaysOfWeek>
            <Friday />
          </DaysOfWeek>
        </RegularDayType>
        <SpecialDaysOperation>
          <DaysOfNonOperation>
            <DateRange>
              <StartDate>2019-11-08</StartDate>
              <EndDate>2019-11-08</EndDate>
            </DateRange>
            <DateRange>
              <StartDate>2019-11-15</StartDate>
              <EndDate>2019-11-15</EndDate>
            </DateRange>
            <DateRange>
              <StartDate>2019-11-22</StartDate>
              <EndDate>2019-11-22</EndDate>
            </DateRange>
            <DateRange>
              <StartDate>2019-11-29</StartDate>
              <EndDate>2019-11-29</EndDate>
            </DateRange>
            <DateRange>
              <StartDate>2019-12-06</StartDate>
              <EndDate>2019-12-06</EndDate>
            </DateRange>
            <DateRange>
              <StartDate>2019-12-13</StartDate>
              <EndDate>2019-12-13</EndDate>
            </DateRange>
            <DateRange>
              <StartDate>2019-12-20</StartDate>
              <EndDate>2019-12-20</EndDate>
            </DateRange>
            <DateRange>
              <StartDate>2020-01-03</StartDate>
              <EndDate>2020-01-03</EndDate>
            </DateRange>
            <DateRange>
              <StartDate>2020-01-10</StartDate>
              <EndDate>2020-01-10</EndDate>
            </DateRange>
            <DateRange>
              <StartDate>2020-01-17</StartDate>
              <EndDate>2020-01-17</EndDate>
            </DateRange>
            <DateRange>
              <StartDate>2020-01-24</StartDate>
              <EndDate>2020-01-24</EndDate>
            </DateRange>
            <DateRange>
              <StartDate>2020-01-31</StartDate>
              <EndDate>2020-01-31</EndDate>
            </DateRange>
            <DateRange>
              <StartDate>2020-02-07</StartDate>
              <EndDate>2020-02-07</EndDate>
            </DateRange>
            <DateRange>
              <StartDate>2020-02-14</StartDate>
              <EndDate>2020-02-14</EndDate>
            </DateRange>
            <DateRange>
              <StartDate>2020-02-21</StartDate>
              <EndDate>2020-02-21</EndDate>
            </DateRange>
            <DateRange>
              <StartDate>2020-02-28</StartDate>
              <EndDate>2020-02-28</EndDate>
            </DateRange>
            <DateRange>
              <StartDate>2020-03-06</StartDate>
              <EndDate>2020-03-06</EndDate>
            </DateRange>
            <DateRange>
              <StartDate>2020-03-13</StartDate>
              <EndDate>2020-03-13</EndDate>
            </DateRange>
            <DateRange>
              <StartDate>2020-03-20</StartDate>
              <EndDate>2020-03-20</EndDate>
            </DateRange>
            <DateRange>
              <StartDate>2020-03-27</StartDate>
              <EndDate>2020-03-27</EndDate>
            </DateRange>
            <DateRange>
              <StartDate>2020-04-03</StartDate>
              <EndDate>2020-04-03</EndDate>
            </DateRange>
            <DateRange>
              <StartDate>2020-04-17</StartDate>
              <EndDate>2020-04-17</EndDate>
            </DateRange>
            <DateRange>
              <StartDate>2020-04-24</StartDate>
              <EndDate>2020-04-24</EndDate>
            </DateRange>
            <DateRange>
              <StartDate>2020-05-01</StartDate>
              <EndDate>2020-05-01</EndDate>
            </DateRange>
            <DateRange>
              <StartDate>2020-05-08</StartDate>
              <EndDate>2020-05-08</EndDate>
            </DateRange>
          </DaysOfNonOperation>
        </SpecialDaysOperation>
        <BankHolidayOperation>
          <DaysOfNonOperation>
            <ChristmasDay />
            <BoxingDay />
            <GoodFriday />
            <NewYearsDay />
            <MayDay />
            <EasterMonday />
          </DaysOfNonOperation>
        </BankHolidayOperation>
      </OperatingProfile>
      <VehicleJourneyCode>VJ_20-199-_-y08-1-5-UP</VehicleJourneyCode>
      <ServiceRef>20-199-_-y08-1</ServiceRef>
      <LineRef>20-199-_-y08-1</LineRef>
      <JourneyPatternRef>JP_20-199-_-y08-1-1-H-1</JourneyPatternRef>
      <DepartureTime>13:00:00</DepartureTime>
    </VehicleJourney>
    <VehicleJourney>
      <PrivateCode>ea-20-199-_-y08-1-6-UP</PrivateCode>
      <OperatingProfile>
        <RegularDayType>
          <DaysOfWeek>
            <Friday />
          </DaysOfWeek>
        </RegularDayType>
        <SpecialDaysOperation>
          <DaysOfNonOperation>
            <DateRange>
              <StartDate>2019-11-08</StartDate>
              <EndDate>2019-11-08</EndDate>
            </DateRange>
            <DateRange>
              <StartDate>2019-11-15</StartDate>
              <EndDate>2019-11-15</EndDate>
            </DateRange>
            <DateRange>
              <StartDate>2019-11-22</StartDate>
              <EndDate>2019-11-22</EndDate>
            </DateRange>
            <DateRange>
              <StartDate>2019-11-29</StartDate>
              <EndDate>2019-11-29</EndDate>
            </DateRange>
            <DateRange>
              <StartDate>2019-12-06</StartDate>
              <EndDate>2019-12-06</EndDate>
            </DateRange>
            <DateRange>
              <StartDate>2019-12-13</StartDate>
              <EndDate>2019-12-13</EndDate>
            </DateRange>
            <DateRange>
              <StartDate>2019-12-20</StartDate>
              <EndDate>2019-12-20</EndDate>
            </DateRange>
            <DateRange>
              <StartDate>2020-01-03</StartDate>
              <EndDate>2020-01-03</EndDate>
            </DateRange>
            <DateRange>
              <StartDate>2020-01-10</StartDate>
              <EndDate>2020-01-10</EndDate>
            </DateRange>
            <DateRange>
              <StartDate>2020-01-17</StartDate>
              <EndDate>2020-01-17</EndDate>
            </DateRange>
            <DateRange>
              <StartDate>2020-01-24</StartDate>
              <EndDate>2020-01-24</EndDate>
            </DateRange>
            <DateRange>
              <StartDate>2020-01-31</StartDate>
              <EndDate>2020-01-31</EndDate>
            </DateRange>
            <DateRange>
              <StartDate>2020-02-07</StartDate>
              <EndDate>2020-02-07</EndDate>
            </DateRange>
            <DateRange>
              <StartDate>2020-02-14</StartDate>
              <EndDate>2020-02-14</EndDate>
            </DateRange>
            <DateRange>
              <StartDate>2020-02-21</StartDate>
              <EndDate>2020-02-21</EndDate>
            </DateRange>
            <DateRange>
              <StartDate>2020-02-28</StartDate>
              <EndDate>2020-02-28</EndDate>
            </DateRange>
            <DateRange>
              <StartDate>2020-03-06</StartDate>
              <EndDate>2020-03-06</EndDate>
            </DateRange>
            <DateRange>
              <StartDate>2020-03-13</StartDate>
              <EndDate>2020-03-13</EndDate>
            </DateRange>
            <DateRange>
              <StartDate>2020-03-20</StartDate>
              <EndDate>2020-03-20</EndDate>
            </DateRange>
            <DateRange>
              <StartDate>2020-03-27</StartDate>
              <EndDate>2020-03-27</EndDate>
            </DateRange>
            <DateRange>
              <StartDate>2020-04-03</StartDate>
              <EndDate>2020-04-03</EndDate>
            </DateRange>
            <DateRange>
              <StartDate>2020-04-17</StartDate>
              <EndDate>2020-04-17</EndDate>
            </DateRange>
            <DateRange>
              <StartDate>2020-04-24</StartDate>
              <EndDate>2020-04-24</EndDate>
            </DateRange>
            <DateRange>
              <StartDate>2020-05-01</StartDate>
              <EndDate>2020-05-01</EndDate>
            </DateRange>
            <DateRange>
              <StartDate>2020-05-08</StartDate>
              <EndDate>2020-05-08</EndDate>
            </DateRange>
          </DaysOfNonOperation>
        </SpecialDaysOperation>
        <BankHolidayOperation>
          <DaysOfNonOperation>
            <ChristmasDay />
            <BoxingDay />
            <GoodFriday />
            <NewYearsDay />
            <MayDay />
            <EasterMonday />
          </DaysOfNonOperation>
        </BankHolidayOperation>
      </OperatingProfile>
      <VehicleJourneyCode>VJ_20-199-_-y08-1-6-UP</VehicleJourneyCode>
      <ServiceRef>20-199-_-y08-1</ServiceRef>
      <LineRef>20-199-_-y08-1</LineRef>
      <JourneyPatternRef>JP_20-199-_-y08-1-2-R-2</JourneyPatternRef>
      <DepartureTime>10:10:00</DepartureTime>
    </VehicleJourney>
    <VehicleJourney>
      <PrivateCode>ea-20-199-_-y08-1-7-UT</PrivateCode>
      <OperatingProfile>
        <RegularDayType>
          <DaysOfWeek>
            <Tuesday />
          </DaysOfWeek>
        </RegularDayType>
        <SpecialDaysOperation>
          <DaysOfNonOperation>
            <DateRange>
              <StartDate>2019-11-05</StartDate>
              <EndDate>2019-11-05</EndDate>
            </DateRange>
            <DateRange>
              <StartDate>2019-11-12</StartDate>
              <EndDate>2019-11-12</EndDate>
            </DateRange>
            <DateRange>
              <StartDate>2019-11-19</StartDate>
              <EndDate>2019-11-19</EndDate>
            </DateRange>
            <DateRange>
              <StartDate>2019-11-26</StartDate>
              <EndDate>2019-11-26</EndDate>
            </DateRange>
            <DateRange>
              <StartDate>2019-12-03</StartDate>
              <EndDate>2019-12-03</EndDate>
            </DateRange>
            <DateRange>
              <StartDate>2019-12-10</StartDate>
              <EndDate>2019-12-10</EndDate>
            </DateRange>
            <DateRange>
              <StartDate>2019-12-17</StartDate>
              <EndDate>2019-12-17</EndDate>
            </DateRange>
            <DateRange>
              <StartDate>2019-12-24</StartDate>
              <EndDate>2019-12-24</EndDate>
            </DateRange>
            <DateRange>
              <StartDate>2020-01-07</StartDate>
              <EndDate>2020-01-07</EndDate>
            </DateRange>
            <DateRange>
              <StartDate>2020-01-14</StartDate>
              <EndDate>2020-01-14</EndDate>
            </DateRange>
            <DateRange>
              <StartDate>2020-01-21</StartDate>
              <EndDate>2020-01-21</EndDate>
            </DateRange>
            <DateRange>
              <StartDate>2020-01-28</StartDate>
              <EndDate>2020-01-28</EndDate>
            </DateRange>
            <DateRange>
              <StartDate>2020-02-04</StartDate>
              <EndDate>2020-02-04</EndDate>
            </DateRange>
            <DateRange>
              <StartDate>2020-02-11</StartDate>
              <EndDate>2020-02-11</EndDate>
            </DateRange>
            <DateRange>
              <StartDate>2020-02-18</StartDate>
              <EndDate>2020-02-18</EndDate>
            </DateRange>
            <DateRange>
              <StartDate>2020-02-25</StartDate>
              <EndDate>2020-02-25</EndDate>
            </DateRange>
            <DateRange>
              <StartDate>2020-03-03</StartDate>
              <EndDate>2020-03-03</EndDate>
            </DateRange>
            <DateRange>
              <StartDate>2020-03-10</StartDate>
              <EndDate>2020-03-10</EndDate>
            </DateRange>
            <DateRange>
              <StartDate>2020-03-17</StartDate>
              <EndDate>2020-03-17</EndDate>
            </DateRange>
            <DateRange>
              <StartDate>2020-03-24</StartDate>
              <EndDate>2020-03-24</EndDate>
            </DateRange>
            <DateRange>
              <StartDate>2020-03-31</StartDate>
              <EndDate>2020-03-31</EndDate>
            </DateRange>
            <DateRange>
              <StartDate>2020-04-07</StartDate>
              <EndDate>2020-04-07</EndDate>
            </DateRange>
            <DateRange>
              <StartDate>2020-04-14</StartDate>
              <EndDate>2020-04-14</EndDate>
            </DateRange>
            <DateRange>
              <StartDate>2020-04-21</StartDate>
              <EndDate>2020-04-21</EndDate>
            </DateRange>
            <DateRange>
              <StartDate>2020-04-28</StartDate>
              <EndDate>2020-04-28</EndDate>
            </DateRange>
            <DateRange>
              <StartDate>2020-05-05</StartDate>
              <EndDate>2020-05-05</EndDate>
            </DateRange>
          </DaysOfNonOperation>
        </SpecialDaysOperation>
        <BankHolidayOperation>
          <DaysOfNonOperation>
            <ChristmasDay />
            <BoxingDay />
            <GoodFriday />
            <NewYearsDay />
            <MayDay />
            <EasterMonday />
          </DaysOfNonOperation>
        </BankHolidayOperation>
      </OperatingProfile>
      <VehicleJourneyCode>VJ_20-199-_-y08-1-7-UT</VehicleJourneyCode>
      <ServiceRef>20-199-_-y08-1</ServiceRef>
      <LineRef>20-199-_-y08-1</LineRef>
      <JourneyPatternRef>JP_20-199-_-y08-1-1-H-1</JourneyPatternRef>
      <DepartureTime>13:00:00</DepartureTime>
    </VehicleJourney>
    <VehicleJourney>
      <PrivateCode>ea-20-199-_-y08-1-8-UT</PrivateCode>
      <OperatingProfile>
        <RegularDayType>
          <DaysOfWeek>
            <Tuesday />
          </DaysOfWeek>
        </RegularDayType>
        <SpecialDaysOperation>
          <DaysOfNonOperation>
            <DateRange>
              <StartDate>2019-11-05</StartDate>
              <EndDate>2019-11-05</EndDate>
            </DateRange>
            <DateRange>
              <StartDate>2019-11-12</StartDate>
              <EndDate>2019-11-12</EndDate>
            </DateRange>
            <DateRange>
              <StartDate>2019-11-19</StartDate>
              <EndDate>2019-11-19</EndDate>
            </DateRange>
            <DateRange>
              <StartDate>2019-11-26</StartDate>
              <EndDate>2019-11-26</EndDate>
            </DateRange>
            <DateRange>
              <StartDate>2019-12-03</StartDate>
              <EndDate>2019-12-03</EndDate>
            </DateRange>
            <DateRange>
              <StartDate>2019-12-10</StartDate>
              <EndDate>2019-12-10</EndDate>
            </DateRange>
            <DateRange>
              <StartDate>2019-12-17</StartDate>
              <EndDate>2019-12-17</EndDate>
            </DateRange>
            <DateRange>
              <StartDate>2019-12-24</StartDate>
              <EndDate>2019-12-24</EndDate>
            </DateRange>
            <DateRange>
              <StartDate>2020-01-07</StartDate>
              <EndDate>2020-01-07</EndDate>
            </DateRange>
            <DateRange>
              <StartDate>2020-01-14</StartDate>
              <EndDate>2020-01-14</EndDate>
            </DateRange>
            <DateRange>
              <StartDate>2020-01-21</StartDate>
              <EndDate>2020-01-21</EndDate>
            </DateRange>
            <DateRange>
              <StartDate>2020-01-28</StartDate>
              <EndDate>2020-01-28</EndDate>
            </DateRange>
            <DateRange>
              <StartDate>2020-02-04</StartDate>
              <EndDate>2020-02-04</EndDate>
            </DateRange>
            <DateRange>
              <StartDate>2020-02-11</StartDate>
              <EndDate>2020-02-11</EndDate>
            </DateRange>
            <DateRange>
              <StartDate>2020-02-18</StartDate>
              <EndDate>2020-02-18</EndDate>
            </DateRange>
            <DateRange>
              <StartDate>2020-02-25</StartDate>
              <EndDate>2020-02-25</EndDate>
            </DateRange>
            <DateRange>
              <StartDate>2020-03-03</StartDate>
              <EndDate>2020-03-03</EndDate>
            </DateRange>
            <DateRange>
              <StartDate>2020-03-10</StartDate>
              <EndDate>2020-03-10</EndDate>
            </DateRange>
            <DateRange>
              <StartDate>2020-03-17</StartDate>
              <EndDate>2020-03-17</EndDate>
            </DateRange>
            <DateRange>
              <StartDate>2020-03-24</StartDate>
              <EndDate>2020-03-24</EndDate>
            </DateRange>
            <DateRange>
              <StartDate>2020-03-31</StartDate>
              <EndDate>2020-03-31</EndDate>
            </DateRange>
            <DateRange>
              <StartDate>2020-04-07</StartDate>
              <EndDate>2020-04-07</EndDate>
            </DateRange>
            <DateRange>
              <StartDate>2020-04-14</StartDate>
              <EndDate>2020-04-14</EndDate>
            </DateRange>
            <DateRange>
              <StartDate>2020-04-21</StartDate>
              <EndDate>2020-04-21</EndDate>
            </DateRange>
            <DateRange>
              <StartDate>2020-04-28</StartDate>
              <EndDate>2020-04-28</EndDate>
            </DateRange>
            <DateRange>
              <StartDate>2020-05-05</StartDate>
              <EndDate>2020-05-05</EndDate>
            </DateRange>
          </DaysOfNonOperation>
        </SpecialDaysOperation>
        <BankHolidayOperation>
          <DaysOfNonOperation>
            <ChristmasDay />
            <BoxingDay />
            <GoodFriday />
            <NewYearsDay />
            <MayDay />
            <EasterMonday />
          </DaysOfNonOperation>
        </BankHolidayOperation>
      </OperatingProfile>
      <VehicleJourneyCode>VJ_20-199-_-y08-1-8-UT</VehicleJourneyCode>
      <ServiceRef>20-199-_-y08-1</ServiceRef>
      <LineRef>20-199-_-y08-1</LineRef>
      <JourneyPatternRef>JP_20-199-_-y08-1-2-R-2</JourneyPatternRef>
      <DepartureTime>10:10:00</DepartureTime>
    </VehicleJourney>
  </VehicleJourneys>
</TransXChange>