<?xml version="1.0" encoding="utf-8"?>
<TransXChange xmlns:xsi="http://www.w3.org/2001/XMLSchema-instance" xmlns:xsd="http://www.w3.org/2001/XMLSchema" xsi:schemaLocation="http://www.transxchange.org.uk/ http://www.transxchange.org.uk/schema/2.5/TransXChange_general.xsd" CreationDateTime="2019-11-07T16:00:54.6614Z" ModificationDateTime="2019-11-07T16:00:54.6614Z" Modification="new" RevisionNumber="3" FileName="suf_17-120-_-y08-1.xml" SchemaVersion="2.5" RegistrationDocument="true" xmlns="http://www.transxchange.org.uk/">
  <StopPoints>
    <AnnotatedStopPointRef>
      <StopPointRef>390030242</StopPointRef>
      <CommonName>Old Cattle Market Bus Station</CommonName>
      <Indicator>Stand F</Indicator>
      <LocalityName>Ipswich</LocalityName>
      <LocalityQualifier>Suffolk</LocalityQualifier>
    </AnnotatedStopPointRef>
    <AnnotatedStopPointRef>
      <StopPointRef>390030689</StopPointRef>
      <CommonName>Buttermarket</CommonName>
      <Indicator>N-bound</Indicator>
      <LocalityName>Ipswich</LocalityName>
      <LocalityQualifier>Suffolk</LocalityQualifier>
    </AnnotatedStopPointRef>
    <AnnotatedStopPointRef>
      <StopPointRef>390030679</StopPointRef>
      <CommonName>Library</CommonName>
      <LocalityName>Ipswich</LocalityName>
      <LocalityQualifier>Suffolk</LocalityQualifier>
    </AnnotatedStopPointRef>
    <AnnotatedStopPointRef>
      <StopPointRef>390030268</StopPointRef>
      <CommonName>Tower Ramparts Bus Station</CommonName>
      <Indicator>Stand FF</Indicator>
      <LocalityName>Ipswich</LocalityName>
      <LocalityQualifier>Suffolk</LocalityQualifier>
    </AnnotatedStopPointRef>
    <AnnotatedStopPointRef>
      <StopPointRef>390030134</StopPointRef>
      <CommonName>Ipswich Furniture Project</CommonName>
      <LocalityName>Ipswich</LocalityName>
      <LocalityQualifier>Suffolk</LocalityQualifier>
    </AnnotatedStopPointRef>
    <AnnotatedStopPointRef>
      <StopPointRef>390030905</StopPointRef>
      <CommonName>Barrack Corner</CommonName>
      <LocalityName>Ipswich</LocalityName>
      <LocalityQualifier>Suffolk</LocalityQualifier>
    </AnnotatedStopPointRef>
    <AnnotatedStopPointRef>
      <StopPointRef>390030907</StopPointRef>
      <CommonName>Wilberforce Street</CommonName>
      <LocalityName>Westbourne (Ipswich)</LocalityName>
      <LocalityQualifier>Suffolk</LocalityQualifier>
    </AnnotatedStopPointRef>
    <AnnotatedStopPointRef>
      <StopPointRef>390030909</StopPointRef>
      <CommonName>Wellington Street</CommonName>
      <LocalityName>Westbourne (Ipswich)</LocalityName>
      <LocalityQualifier>Suffolk</LocalityQualifier>
    </AnnotatedStopPointRef>
    <AnnotatedStopPointRef>
      <StopPointRef>390030911</StopPointRef>
      <CommonName>Sir John Mills Theatre</CommonName>
      <LocalityName>Westbourne (Ipswich)</LocalityName>
      <LocalityQualifier>Suffolk</LocalityQualifier>
    </AnnotatedStopPointRef>
    <AnnotatedStopPointRef>
      <StopPointRef>390030913</StopPointRef>
      <CommonName>Tower Mill Road</CommonName>
      <LocalityName>Westbourne (Ipswich)</LocalityName>
      <LocalityQualifier>Suffolk</LocalityQualifier>
    </AnnotatedStopPointRef>
    <AnnotatedStopPointRef>
      <StopPointRef>390030914</StopPointRef>
      <CommonName>Riverside Road</CommonName>
      <LocalityName>Westbourne (Ipswich)</LocalityName>
      <LocalityQualifier>Suffolk</LocalityQualifier>
    </AnnotatedStopPointRef>
    <AnnotatedStopPointRef>
      <StopPointRef>390030917</StopPointRef>
      <CommonName>Red Lion</CommonName>
      <LocalityName>Westbourne (Ipswich)</LocalityName>
      <LocalityQualifier>Suffolk</LocalityQualifier>
    </AnnotatedStopPointRef>
    <AnnotatedStopPointRef>
      <StopPointRef>390030815</StopPointRef>
      <CommonName>Boss Hall Road</CommonName>
      <LocalityName>Ipswich</LocalityName>
      <LocalityQualifier>Suffolk</LocalityQualifier>
    </AnnotatedStopPointRef>
    <AnnotatedStopPointRef>
      <StopPointRef>390030812</StopPointRef>
      <CommonName>Morrisons</CommonName>
      <Indicator>adj</Indicator>
      <LocalityName>Ipswich</LocalityName>
      <LocalityQualifier>Suffolk</LocalityQualifier>
    </AnnotatedStopPointRef>
    <AnnotatedStopPointRef>
      <StopPointRef>390030811</StopPointRef>
      <CommonName>Farthing Road</CommonName>
      <Indicator>opp</Indicator>
      <LocalityName>Ipswich</LocalityName>
      <LocalityQualifier>Suffolk</LocalityQualifier>
    </AnnotatedStopPointRef>
    <AnnotatedStopPointRef>
      <StopPointRef>390010654</StopPointRef>
      <CommonName>Church Lane</CommonName>
      <Indicator>adj</Indicator>
      <LocalityName>Sproughton</LocalityName>
      <LocalityQualifier>Suffolk</LocalityQualifier>
    </AnnotatedStopPointRef>
    <AnnotatedStopPointRef>
      <StopPointRef>390010597</StopPointRef>
      <CommonName>Bus Shelter</CommonName>
      <LocalityName>Sproughton</LocalityName>
      <LocalityQualifier>Suffolk</LocalityQualifier>
    </AnnotatedStopPointRef>
    <AnnotatedStopPointRef>
      <StopPointRef>390010896</StopPointRef>
      <CommonName>Wild Man</CommonName>
      <Indicator>W-bound</Indicator>
      <LocalityName>Sproughton</LocalityName>
      <LocalityQualifier>Suffolk</LocalityQualifier>
    </AnnotatedStopPointRef>
    <AnnotatedStopPointRef>
      <StopPointRef>390010598</StopPointRef>
      <CommonName>Abbey Oaks</CommonName>
      <Indicator>adj</Indicator>
      <LocalityName>Sproughton</LocalityName>
      <LocalityQualifier>Suffolk</LocalityQualifier>
    </AnnotatedStopPointRef>
    <AnnotatedStopPointRef>
      <StopPointRef>390010601</StopPointRef>
      <CommonName>Pleasant Place</CommonName>
      <LocalityName>Burstall</LocalityName>
      <LocalityQualifier>Suffolk</LocalityQualifier>
    </AnnotatedStopPointRef>
    <AnnotatedStopPointRef>
      <StopPointRef>390011872</StopPointRef>
      <CommonName>Village Hall</CommonName>
      <LocalityName>Burstall</LocalityName>
      <LocalityQualifier>Suffolk</LocalityQualifier>
    </AnnotatedStopPointRef>
    <AnnotatedStopPointRef>
      <StopPointRef>390040314</StopPointRef>
      <CommonName>Brook</CommonName>
      <Indicator>opp</Indicator>
      <LocalityName>Flowton Brook</LocalityName>
      <LocalityQualifier>Suffolk</LocalityQualifier>
    </AnnotatedStopPointRef>
    <AnnotatedStopPointRef>
      <StopPointRef>390010454</StopPointRef>
      <CommonName>Hadleigh Road</CommonName>
      <Indicator>opp</Indicator>
      <LocalityName>Aldham (Suffk)</LocalityName>
      <LocalityQualifier>Suffolk</LocalityQualifier>
    </AnnotatedStopPointRef>
    <AnnotatedStopPointRef>
      <StopPointRef>390010456</StopPointRef>
      <CommonName>Bus Shelter</CommonName>
      <LocalityName>Elmsett</LocalityName>
      <LocalityQualifier>Suffolk</LocalityQualifier>
    </AnnotatedStopPointRef>
    <AnnotatedStopPointRef>
      <StopPointRef>390010796</StopPointRef>
      <CommonName>Mill Lane</CommonName>
      <Indicator>adj</Indicator>
      <LocalityName>Elmsett</LocalityName>
      <LocalityQualifier>Suffolk</LocalityQualifier>
    </AnnotatedStopPointRef>
    <AnnotatedStopPointRef>
      <StopPointRef>390010457</StopPointRef>
      <CommonName>Elmsett Corner</CommonName>
      <Indicator>adj</Indicator>
      <LocalityName>Whatfield</LocalityName>
      <LocalityQualifier>Suffolk</LocalityQualifier>
    </AnnotatedStopPointRef>
    <AnnotatedStopPointRef>
      <StopPointRef>390010740</StopPointRef>
      <CommonName>Telephone Box</CommonName>
      <LocalityName>Whatfield</LocalityName>
      <LocalityQualifier>Suffolk</LocalityQualifier>
    </AnnotatedStopPointRef>
    <AnnotatedStopPointRef>
      <StopPointRef>390010739</StopPointRef>
      <CommonName>Telephone Box</CommonName>
      <Indicator>opp</Indicator>
      <LocalityName>Whatfield</LocalityName>
      <LocalityQualifier>Suffolk</LocalityQualifier>
    </AnnotatedStopPointRef>
    <AnnotatedStopPointRef>
      <StopPointRef>390010458</StopPointRef>
      <CommonName>Elmsett Corner</CommonName>
      <Indicator>opp</Indicator>
      <LocalityName>Whatfield</LocalityName>
      <LocalityQualifier>Suffolk</LocalityQualifier>
    </AnnotatedStopPointRef>
    <AnnotatedStopPointRef>
      <StopPointRef>390010795</StopPointRef>
      <CommonName>Mill Lane</CommonName>
      <Indicator>opp</Indicator>
      <LocalityName>Elmsett</LocalityName>
      <LocalityQualifier>Suffolk</LocalityQualifier>
    </AnnotatedStopPointRef>
    <AnnotatedStopPointRef>
      <StopPointRef>390010455</StopPointRef>
      <CommonName>Bus Shelter</CommonName>
      <LocalityName>Elmsett</LocalityName>
      <LocalityQualifier>Suffolk</LocalityQualifier>
    </AnnotatedStopPointRef>
    <AnnotatedStopPointRef>
      <StopPointRef>390010453</StopPointRef>
      <CommonName>Hadleigh Road</CommonName>
      <Indicator>adj</Indicator>
      <LocalityName>Aldham (Suffk)</LocalityName>
      <LocalityQualifier>Suffolk</LocalityQualifier>
    </AnnotatedStopPointRef>
    <AnnotatedStopPointRef>
      <StopPointRef>390040313</StopPointRef>
      <CommonName>Brook</CommonName>
      <Indicator>adj</Indicator>
      <LocalityName>Flowton Brook</LocalityName>
      <LocalityQualifier>Suffolk</LocalityQualifier>
    </AnnotatedStopPointRef>
    <AnnotatedStopPointRef>
      <StopPointRef>390011873</StopPointRef>
      <CommonName>Village Hall</CommonName>
      <LocalityName>Burstall</LocalityName>
      <LocalityQualifier>Suffolk</LocalityQualifier>
    </AnnotatedStopPointRef>
    <AnnotatedStopPointRef>
      <StopPointRef>390010600</StopPointRef>
      <CommonName>Pleasant Place</CommonName>
      <LocalityName>Burstall</LocalityName>
      <LocalityQualifier>Suffolk</LocalityQualifier>
    </AnnotatedStopPointRef>
    <AnnotatedStopPointRef>
      <StopPointRef>390010599</StopPointRef>
      <CommonName>Abbey Oaks</CommonName>
      <Indicator>opp</Indicator>
      <LocalityName>Sproughton</LocalityName>
      <LocalityQualifier>Suffolk</LocalityQualifier>
    </AnnotatedStopPointRef>
    <AnnotatedStopPointRef>
      <StopPointRef>390010895</StopPointRef>
      <CommonName>Wild Man</CommonName>
      <Indicator>E-bound</Indicator>
      <LocalityName>Sproughton</LocalityName>
      <LocalityQualifier>Suffolk</LocalityQualifier>
    </AnnotatedStopPointRef>
    <AnnotatedStopPointRef>
      <StopPointRef>390010596</StopPointRef>
      <CommonName>Bus Shelter</CommonName>
      <LocalityName>Sproughton</LocalityName>
      <LocalityQualifier>Suffolk</LocalityQualifier>
    </AnnotatedStopPointRef>
    <AnnotatedStopPointRef>
      <StopPointRef>390010655</StopPointRef>
      <CommonName>Church Lane</CommonName>
      <Indicator>opp</Indicator>
      <LocalityName>Sproughton</LocalityName>
      <LocalityQualifier>Suffolk</LocalityQualifier>
    </AnnotatedStopPointRef>
    <AnnotatedStopPointRef>
      <StopPointRef>390030810</StopPointRef>
      <CommonName>Farthing Road</CommonName>
      <Indicator>adj</Indicator>
      <LocalityName>Ipswich</LocalityName>
      <LocalityQualifier>Suffolk</LocalityQualifier>
    </AnnotatedStopPointRef>
    <AnnotatedStopPointRef>
      <StopPointRef>390030813</StopPointRef>
      <CommonName>Morrisons</CommonName>
      <Indicator>opp</Indicator>
      <LocalityName>Ipswich</LocalityName>
      <LocalityQualifier>Suffolk</LocalityQualifier>
    </AnnotatedStopPointRef>
    <AnnotatedStopPointRef>
      <StopPointRef>390030814</StopPointRef>
      <CommonName>Boss Hall Road</CommonName>
      <LocalityName>Ipswich</LocalityName>
      <LocalityQualifier>Suffolk</LocalityQualifier>
    </AnnotatedStopPointRef>
    <AnnotatedStopPointRef>
      <StopPointRef>390030916</StopPointRef>
      <CommonName>Red Lion</CommonName>
      <LocalityName>Westbourne (Ipswich)</LocalityName>
      <LocalityQualifier>Suffolk</LocalityQualifier>
    </AnnotatedStopPointRef>
    <AnnotatedStopPointRef>
      <StopPointRef>390030915</StopPointRef>
      <CommonName>Riverside Road</CommonName>
      <LocalityName>Westbourne (Ipswich)</LocalityName>
      <LocalityQualifier>Suffolk</LocalityQualifier>
    </AnnotatedStopPointRef>
    <AnnotatedStopPointRef>
      <StopPointRef>390030912</StopPointRef>
      <CommonName>Beaconsfield Road</CommonName>
      <LocalityName>Westbourne (Ipswich)</LocalityName>
      <LocalityQualifier>Suffolk</LocalityQualifier>
    </AnnotatedStopPointRef>
    <AnnotatedStopPointRef>
      <StopPointRef>390030910</StopPointRef>
      <CommonName>Sirdar Road</CommonName>
      <LocalityName>Westbourne (Ipswich)</LocalityName>
      <LocalityQualifier>Suffolk</LocalityQualifier>
    </AnnotatedStopPointRef>
    <AnnotatedStopPointRef>
      <StopPointRef>390030908</StopPointRef>
      <CommonName>Wilberforce Street</CommonName>
      <LocalityName>Westbourne (Ipswich)</LocalityName>
      <LocalityQualifier>Suffolk</LocalityQualifier>
    </AnnotatedStopPointRef>
    <AnnotatedStopPointRef>
      <StopPointRef>390031013</StopPointRef>
      <CommonName>Granville Street</CommonName>
      <LocalityName>Ipswich</LocalityName>
      <LocalityQualifier>Suffolk</LocalityQualifier>
    </AnnotatedStopPointRef>
    <AnnotatedStopPointRef>
      <StopPointRef>390030133</StopPointRef>
      <CommonName>Ipswich Furniture Project</CommonName>
      <LocalityName>Ipswich</LocalityName>
      <LocalityQualifier>Suffolk</LocalityQualifier>
    </AnnotatedStopPointRef>
    <AnnotatedStopPointRef>
      <StopPointRef>390030680</StopPointRef>
      <CommonName>Museum Street</CommonName>
      <Indicator>Stand 1</Indicator>
      <LocalityName>Ipswich</LocalityName>
      <LocalityQualifier>Suffolk</LocalityQualifier>
    </AnnotatedStopPointRef>
    <AnnotatedStopPointRef>
      <StopPointRef>390030686</StopPointRef>
      <CommonName>Willis Building</CommonName>
      <Indicator>opp</Indicator>
      <LocalityName>Ipswich</LocalityName>
      <LocalityQualifier>Suffolk</LocalityQualifier>
    </AnnotatedStopPointRef>
  </StopPoints>
  <RouteSections>
    <RouteSection id="RS_17-120-_-y08-1-O-3">
      <RouteLink id="RL_17-120-_-y08-1-O-3-1">
        <From>
          <StopPointRef>390030242</StopPointRef>
        </From>
        <To>
          <StopPointRef>390030689</StopPointRef>
        </To>
        <Direction>outbound</Direction>
      </RouteLink>
      <RouteLink id="RL_17-120-_-y08-1-O-3-2">
        <From>
          <StopPointRef>390030689</StopPointRef>
        </From>
        <To>
          <StopPointRef>390030679</StopPointRef>
        </To>
        <Direction>outbound</Direction>
      </RouteLink>
      <RouteLink id="RL_17-120-_-y08-1-O-3-3">
        <From>
          <StopPointRef>390030679</StopPointRef>
        </From>
        <To>
          <StopPointRef>390030268</StopPointRef>
        </To>
        <Direction>outbound</Direction>
      </RouteLink>
      <RouteLink id="RL_17-120-_-y08-1-O-3-4">
        <From>
          <StopPointRef>390030268</StopPointRef>
        </From>
        <To>
          <StopPointRef>390030134</StopPointRef>
        </To>
        <Direction>outbound</Direction>
      </RouteLink>
      <RouteLink id="RL_17-120-_-y08-1-O-3-5">
        <From>
          <StopPointRef>390030134</StopPointRef>
        </From>
        <To>
          <StopPointRef>390030905</StopPointRef>
        </To>
        <Direction>outbound</Direction>
      </RouteLink>
      <RouteLink id="RL_17-120-_-y08-1-O-3-6">
        <From>
          <StopPointRef>390030905</StopPointRef>
        </From>
        <To>
          <StopPointRef>390030907</StopPointRef>
        </To>
        <Direction>outbound</Direction>
      </RouteLink>
      <RouteLink id="RL_17-120-_-y08-1-O-3-7">
        <From>
          <StopPointRef>390030907</StopPointRef>
        </From>
        <To>
          <StopPointRef>390030909</StopPointRef>
        </To>
        <Direction>outbound</Direction>
      </RouteLink>
      <RouteLink id="RL_17-120-_-y08-1-O-3-8">
        <From>
          <StopPointRef>390030909</StopPointRef>
        </From>
        <To>
          <StopPointRef>390030911</StopPointRef>
        </To>
        <Direction>outbound</Direction>
      </RouteLink>
      <RouteLink id="RL_17-120-_-y08-1-O-3-9">
        <From>
          <StopPointRef>390030911</StopPointRef>
        </From>
        <To>
          <StopPointRef>390030913</StopPointRef>
        </To>
        <Direction>outbound</Direction>
      </RouteLink>
      <RouteLink id="RL_17-120-_-y08-1-O-3-10">
        <From>
          <StopPointRef>390030913</StopPointRef>
        </From>
        <To>
          <StopPointRef>390030914</StopPointRef>
        </To>
        <Direction>outbound</Direction>
      </RouteLink>
      <RouteLink id="RL_17-120-_-y08-1-O-3-11">
        <From>
          <StopPointRef>390030914</StopPointRef>
        </From>
        <To>
          <StopPointRef>390030917</StopPointRef>
        </To>
        <Direction>outbound</Direction>
      </RouteLink>
      <RouteLink id="RL_17-120-_-y08-1-O-3-12">
        <From>
          <StopPointRef>390030917</StopPointRef>
        </From>
        <To>
          <StopPointRef>390030815</StopPointRef>
        </To>
        <Direction>outbound</Direction>
      </RouteLink>
      <RouteLink id="RL_17-120-_-y08-1-O-3-13">
        <From>
          <StopPointRef>390030815</StopPointRef>
        </From>
        <To>
          <StopPointRef>390030812</StopPointRef>
        </To>
        <Direction>outbound</Direction>
      </RouteLink>
      <RouteLink id="RL_17-120-_-y08-1-O-3-14">
        <From>
          <StopPointRef>390030812</StopPointRef>
        </From>
        <To>
          <StopPointRef>390030811</StopPointRef>
        </To>
        <Direction>outbound</Direction>
      </RouteLink>
      <RouteLink id="RL_17-120-_-y08-1-O-3-15">
        <From>
          <StopPointRef>390030811</StopPointRef>
        </From>
        <To>
          <StopPointRef>390010654</StopPointRef>
        </To>
        <Direction>outbound</Direction>
      </RouteLink>
      <RouteLink id="RL_17-120-_-y08-1-O-3-16">
        <From>
          <StopPointRef>390010654</StopPointRef>
        </From>
        <To>
          <StopPointRef>390010597</StopPointRef>
        </To>
        <Direction>outbound</Direction>
      </RouteLink>
      <RouteLink id="RL_17-120-_-y08-1-O-3-17">
        <From>
          <StopPointRef>390010597</StopPointRef>
        </From>
        <To>
          <StopPointRef>390010896</StopPointRef>
        </To>
        <Direction>outbound</Direction>
      </RouteLink>
      <RouteLink id="RL_17-120-_-y08-1-O-3-18">
        <From>
          <StopPointRef>390010896</StopPointRef>
        </From>
        <To>
          <StopPointRef>390010598</StopPointRef>
        </To>
        <Direction>outbound</Direction>
      </RouteLink>
      <RouteLink id="RL_17-120-_-y08-1-O-3-19">
        <From>
          <StopPointRef>390010598</StopPointRef>
        </From>
        <To>
          <StopPointRef>390010601</StopPointRef>
        </To>
        <Direction>outbound</Direction>
      </RouteLink>
      <RouteLink id="RL_17-120-_-y08-1-O-3-20">
        <From>
          <StopPointRef>390010601</StopPointRef>
        </From>
        <To>
          <StopPointRef>390011872</StopPointRef>
        </To>
        <Direction>outbound</Direction>
      </RouteLink>
      <RouteLink id="RL_17-120-_-y08-1-O-3-21">
        <From>
          <StopPointRef>390011872</StopPointRef>
        </From>
        <To>
          <StopPointRef>390040314</StopPointRef>
        </To>
        <Direction>outbound</Direction>
      </RouteLink>
      <RouteLink id="RL_17-120-_-y08-1-O-3-22">
        <From>
          <StopPointRef>390040314</StopPointRef>
        </From>
        <To>
          <StopPointRef>390010454</StopPointRef>
        </To>
        <Direction>outbound</Direction>
      </RouteLink>
      <RouteLink id="RL_17-120-_-y08-1-O-3-23">
        <From>
          <StopPointRef>390010454</StopPointRef>
        </From>
        <To>
          <StopPointRef>390010456</StopPointRef>
        </To>
        <Direction>outbound</Direction>
      </RouteLink>
      <RouteLink id="RL_17-120-_-y08-1-O-3-24">
        <From>
          <StopPointRef>390010456</StopPointRef>
        </From>
        <To>
          <StopPointRef>390010796</StopPointRef>
        </To>
        <Direction>outbound</Direction>
      </RouteLink>
      <RouteLink id="RL_17-120-_-y08-1-O-3-25">
        <From>
          <StopPointRef>390010796</StopPointRef>
        </From>
        <To>
          <StopPointRef>390010457</StopPointRef>
        </To>
        <Direction>outbound</Direction>
      </RouteLink>
      <RouteLink id="RL_17-120-_-y08-1-O-3-26">
        <From>
          <StopPointRef>390010457</StopPointRef>
        </From>
        <To>
          <StopPointRef>390010740</StopPointRef>
        </To>
        <Direction>outbound</Direction>
      </RouteLink>
    </RouteSection>
    <RouteSection id="RS_17-120-_-y08-1-I-4">
      <RouteLink id="RL_17-120-_-y08-1-I-4-1">
        <From>
          <StopPointRef>390010739</StopPointRef>
        </From>
        <To>
          <StopPointRef>390010458</StopPointRef>
        </To>
        <Direction>inbound</Direction>
      </RouteLink>
      <RouteLink id="RL_17-120-_-y08-1-I-4-2">
        <From>
          <StopPointRef>390010458</StopPointRef>
        </From>
        <To>
          <StopPointRef>390010795</StopPointRef>
        </To>
        <Direction>inbound</Direction>
      </RouteLink>
      <RouteLink id="RL_17-120-_-y08-1-I-4-3">
        <From>
          <StopPointRef>390010795</StopPointRef>
        </From>
        <To>
          <StopPointRef>390010455</StopPointRef>
        </To>
        <Direction>inbound</Direction>
      </RouteLink>
      <RouteLink id="RL_17-120-_-y08-1-I-4-4">
        <From>
          <StopPointRef>390010455</StopPointRef>
        </From>
        <To>
          <StopPointRef>390010453</StopPointRef>
        </To>
        <Direction>inbound</Direction>
      </RouteLink>
      <RouteLink id="RL_17-120-_-y08-1-I-4-5">
        <From>
          <StopPointRef>390010453</StopPointRef>
        </From>
        <To>
          <StopPointRef>390040313</StopPointRef>
        </To>
        <Direction>inbound</Direction>
      </RouteLink>
      <RouteLink id="RL_17-120-_-y08-1-I-4-6">
        <From>
          <StopPointRef>390040313</StopPointRef>
        </From>
        <To>
          <StopPointRef>390011873</StopPointRef>
        </To>
        <Direction>inbound</Direction>
      </RouteLink>
      <RouteLink id="RL_17-120-_-y08-1-I-4-7">
        <From>
          <StopPointRef>390011873</StopPointRef>
        </From>
        <To>
          <StopPointRef>390010600</StopPointRef>
        </To>
        <Direction>inbound</Direction>
      </RouteLink>
      <RouteLink id="RL_17-120-_-y08-1-I-4-8">
        <From>
          <StopPointRef>390010600</StopPointRef>
        </From>
        <To>
          <StopPointRef>390010599</StopPointRef>
        </To>
        <Direction>inbound</Direction>
      </RouteLink>
      <RouteLink id="RL_17-120-_-y08-1-I-4-9">
        <From>
          <StopPointRef>390010599</StopPointRef>
        </From>
        <To>
          <StopPointRef>390010895</StopPointRef>
        </To>
        <Direction>inbound</Direction>
      </RouteLink>
      <RouteLink id="RL_17-120-_-y08-1-I-4-10">
        <From>
          <StopPointRef>390010895</StopPointRef>
        </From>
        <To>
          <StopPointRef>390010596</StopPointRef>
        </To>
        <Direction>inbound</Direction>
      </RouteLink>
      <RouteLink id="RL_17-120-_-y08-1-I-4-11">
        <From>
          <StopPointRef>390010596</StopPointRef>
        </From>
        <To>
          <StopPointRef>390010655</StopPointRef>
        </To>
        <Direction>inbound</Direction>
      </RouteLink>
      <RouteLink id="RL_17-120-_-y08-1-I-4-12">
        <From>
          <StopPointRef>390010655</StopPointRef>
        </From>
        <To>
          <StopPointRef>390030810</StopPointRef>
        </To>
        <Direction>inbound</Direction>
      </RouteLink>
      <RouteLink id="RL_17-120-_-y08-1-I-4-13">
        <From>
          <StopPointRef>390030810</StopPointRef>
        </From>
        <To>
          <StopPointRef>390030813</StopPointRef>
        </To>
        <Direction>inbound</Direction>
      </RouteLink>
      <RouteLink id="RL_17-120-_-y08-1-I-4-14">
        <From>
          <StopPointRef>390030813</StopPointRef>
        </From>
        <To>
          <StopPointRef>390030814</StopPointRef>
        </To>
        <Direction>inbound</Direction>
      </RouteLink>
      <RouteLink id="RL_17-120-_-y08-1-I-4-15">
        <From>
          <StopPointRef>390030814</StopPointRef>
        </From>
        <To>
          <StopPointRef>390030916</StopPointRef>
        </To>
        <Direction>inbound</Direction>
      </RouteLink>
      <RouteLink id="RL_17-120-_-y08-1-I-4-16">
        <From>
          <StopPointRef>390030916</StopPointRef>
        </From>
        <To>
          <StopPointRef>390030915</StopPointRef>
        </To>
        <Direction>inbound</Direction>
      </RouteLink>
      <RouteLink id="RL_17-120-_-y08-1-I-4-17">
        <From>
          <StopPointRef>390030915</StopPointRef>
        </From>
        <To>
          <StopPointRef>390030912</StopPointRef>
        </To>
        <Direction>inbound</Direction>
      </RouteLink>
      <RouteLink id="RL_17-120-_-y08-1-I-4-18">
        <From>
          <StopPointRef>390030912</StopPointRef>
        </From>
        <To>
          <StopPointRef>390030910</StopPointRef>
        </To>
        <Direction>inbound</Direction>
      </RouteLink>
      <RouteLink id="RL_17-120-_-y08-1-I-4-19">
        <From>
          <StopPointRef>390030910</StopPointRef>
        </From>
        <To>
          <StopPointRef>390030908</StopPointRef>
        </To>
        <Direction>inbound</Direction>
      </RouteLink>
      <RouteLink id="RL_17-120-_-y08-1-I-4-20">
        <From>
          <StopPointRef>390030908</StopPointRef>
        </From>
        <To>
          <StopPointRef>390031013</StopPointRef>
        </To>
        <Direction>inbound</Direction>
      </RouteLink>
      <RouteLink id="RL_17-120-_-y08-1-I-4-21">
        <From>
          <StopPointRef>390031013</StopPointRef>
        </From>
        <To>
          <StopPointRef>390030133</StopPointRef>
        </To>
        <Direction>inbound</Direction>
      </RouteLink>
      <RouteLink id="RL_17-120-_-y08-1-I-4-22">
        <From>
          <StopPointRef>390030133</StopPointRef>
        </From>
        <To>
          <StopPointRef>390030680</StopPointRef>
        </To>
        <Direction>inbound</Direction>
      </RouteLink>
      <RouteLink id="RL_17-120-_-y08-1-I-4-23">
        <From>
          <StopPointRef>390030680</StopPointRef>
        </From>
        <To>
          <StopPointRef>390030686</StopPointRef>
        </To>
        <Direction>inbound</Direction>
      </RouteLink>
      <RouteLink id="RL_17-120-_-y08-1-I-4-24">
        <From>
          <StopPointRef>390030686</StopPointRef>
        </From>
        <To>
          <StopPointRef>390030242</StopPointRef>
        </To>
        <Direction>inbound</Direction>
      </RouteLink>
    </RouteSection>
  </RouteSections>
  <Routes>
    <Route id="R_17-120-_-y08-1-O-3">
      <PrivateCode>R_17-120-_-y08-1-O-3</PrivateCode>
      <Description>Old Cattle Market Bus Station - Telephone Box</Description>
      <RouteSectionRef>RS_17-120-_-y08-1-O-3</RouteSectionRef>
    </Route>
    <Route id="R_17-120-_-y08-1-I-4">
      <PrivateCode>R_17-120-_-y08-1-I-4</PrivateCode>
      <Description>Telephone Box - Old Cattle Market Bus Station</Description>
      <RouteSectionRef>RS_17-120-_-y08-1-I-4</RouteSectionRef>
    </Route>
  </Routes>
  <JourneyPatternSections>
    <JourneyPatternSection id="JPS_17-120-_-y08-1-2-3-O">
      <JourneyPatternTimingLink id="JPL_17-120-_-y08-1-2-O-3-2">
        <From SequenceNumber="1">
          <Activity>pickUp</Activity>
          <StopPointRef>390030242</StopPointRef>
          <TimingStatus>PTP</TimingStatus>
        </From>
        <To SequenceNumber="2">
          <Activity>pickUpAndSetDown</Activity>
          <StopPointRef>390030689</StopPointRef>
          <TimingStatus>OTH</TimingStatus>
        </To>
        <RouteLinkRef>RL_17-120-_-y08-1-O-3-1</RouteLinkRef>
        <RunTime>PT42S</RunTime>
      </JourneyPatternTimingLink>
      <JourneyPatternTimingLink id="JPL_17-120-_-y08-1-2-O-3-3">
        <From SequenceNumber="2">
          <Activity>pickUpAndSetDown</Activity>
          <StopPointRef>390030689</StopPointRef>
          <TimingStatus>OTH</TimingStatus>
        </From>
        <To SequenceNumber="3">
          <Activity>pickUpAndSetDown</Activity>
          <StopPointRef>390030679</StopPointRef>
          <TimingStatus>OTH</TimingStatus>
        </To>
        <RouteLinkRef>RL_17-120-_-y08-1-O-3-2</RouteLinkRef>
        <RunTime>PT32S</RunTime>
      </JourneyPatternTimingLink>
      <JourneyPatternTimingLink id="JPL_17-120-_-y08-1-2-O-3-4">
        <From SequenceNumber="3">
          <Activity>pickUpAndSetDown</Activity>
          <StopPointRef>390030679</StopPointRef>
          <TimingStatus>OTH</TimingStatus>
        </From>
        <To SequenceNumber="4">
          <Activity>pickUpAndSetDown</Activity>
          <StopPointRef>390030268</StopPointRef>
          <TimingStatus>OTH</TimingStatus>
        </To>
        <RouteLinkRef>RL_17-120-_-y08-1-O-3-3</RouteLinkRef>
        <RunTime>PT19S</RunTime>
      </JourneyPatternTimingLink>
      <JourneyPatternTimingLink id="JPL_17-120-_-y08-1-2-O-3-5">
        <From SequenceNumber="4">
          <Activity>pickUpAndSetDown</Activity>
          <StopPointRef>390030268</StopPointRef>
          <TimingStatus>OTH</TimingStatus>
        </From>
        <To SequenceNumber="5">
          <Activity>pickUpAndSetDown</Activity>
          <StopPointRef>390030134</StopPointRef>
          <TimingStatus>OTH</TimingStatus>
        </To>
        <RouteLinkRef>RL_17-120-_-y08-1-O-3-4</RouteLinkRef>
        <RunTime>PT1M26S</RunTime>
      </JourneyPatternTimingLink>
      <JourneyPatternTimingLink id="JPL_17-120-_-y08-1-2-O-3-6">
        <From SequenceNumber="5">
          <Activity>pickUpAndSetDown</Activity>
          <StopPointRef>390030134</StopPointRef>
          <TimingStatus>OTH</TimingStatus>
        </From>
        <To SequenceNumber="6">
          <Activity>pickUpAndSetDown</Activity>
          <StopPointRef>390030905</StopPointRef>
          <TimingStatus>OTH</TimingStatus>
        </To>
        <RouteLinkRef>RL_17-120-_-y08-1-O-3-5</RouteLinkRef>
        <RunTime>PT28S</RunTime>
      </JourneyPatternTimingLink>
      <JourneyPatternTimingLink id="JPL_17-120-_-y08-1-2-O-3-7">
        <From SequenceNumber="6">
          <Activity>pickUpAndSetDown</Activity>
          <StopPointRef>390030905</StopPointRef>
          <TimingStatus>OTH</TimingStatus>
        </From>
        <To SequenceNumber="7">
          <Activity>pickUpAndSetDown</Activity>
          <StopPointRef>390030907</StopPointRef>
          <TimingStatus>OTH</TimingStatus>
        </To>
        <RouteLinkRef>RL_17-120-_-y08-1-O-3-6</RouteLinkRef>
        <RunTime>PT1M5S</RunTime>
      </JourneyPatternTimingLink>
      <JourneyPatternTimingLink id="JPL_17-120-_-y08-1-2-O-3-8">
        <From SequenceNumber="7">
          <Activity>pickUpAndSetDown</Activity>
          <StopPointRef>390030907</StopPointRef>
          <TimingStatus>OTH</TimingStatus>
        </From>
        <To SequenceNumber="8">
          <Activity>pickUpAndSetDown</Activity>
          <StopPointRef>390030909</StopPointRef>
          <TimingStatus>OTH</TimingStatus>
        </To>
        <RouteLinkRef>RL_17-120-_-y08-1-O-3-7</RouteLinkRef>
        <RunTime>PT38S</RunTime>
      </JourneyPatternTimingLink>
      <JourneyPatternTimingLink id="JPL_17-120-_-y08-1-2-O-3-9">
        <From SequenceNumber="8">
          <Activity>pickUpAndSetDown</Activity>
          <StopPointRef>390030909</StopPointRef>
          <TimingStatus>OTH</TimingStatus>
        </From>
        <To SequenceNumber="9">
          <Activity>pickUpAndSetDown</Activity>
          <StopPointRef>390030911</StopPointRef>
          <TimingStatus>OTH</TimingStatus>
        </To>
        <RouteLinkRef>RL_17-120-_-y08-1-O-3-8</RouteLinkRef>
        <RunTime>PT34S</RunTime>
      </JourneyPatternTimingLink>
      <JourneyPatternTimingLink id="JPL_17-120-_-y08-1-2-O-3-10">
        <From SequenceNumber="9">
          <Activity>pickUpAndSetDown</Activity>
          <StopPointRef>390030911</StopPointRef>
          <TimingStatus>OTH</TimingStatus>
        </From>
        <To SequenceNumber="10">
          <Activity>pickUpAndSetDown</Activity>
          <StopPointRef>390030913</StopPointRef>
          <TimingStatus>OTH</TimingStatus>
        </To>
        <RouteLinkRef>RL_17-120-_-y08-1-O-3-9</RouteLinkRef>
        <RunTime>PT53S</RunTime>
      </JourneyPatternTimingLink>
      <JourneyPatternTimingLink id="JPL_17-120-_-y08-1-2-O-3-11">
        <From SequenceNumber="10">
          <Activity>pickUpAndSetDown</Activity>
          <StopPointRef>390030913</StopPointRef>
          <TimingStatus>OTH</TimingStatus>
        </From>
        <To SequenceNumber="11">
          <Activity>pickUpAndSetDown</Activity>
          <StopPointRef>390030914</StopPointRef>
          <TimingStatus>OTH</TimingStatus>
        </To>
        <RouteLinkRef>RL_17-120-_-y08-1-O-3-10</RouteLinkRef>
        <RunTime>PT30S</RunTime>
      </JourneyPatternTimingLink>
      <JourneyPatternTimingLink id="JPL_17-120-_-y08-1-2-O-3-12">
        <From SequenceNumber="11">
          <Activity>pickUpAndSetDown</Activity>
          <StopPointRef>390030914</StopPointRef>
          <TimingStatus>OTH</TimingStatus>
        </From>
        <To SequenceNumber="12">
          <Activity>pickUpAndSetDown</Activity>
          <StopPointRef>390030917</StopPointRef>
          <TimingStatus>OTH</TimingStatus>
        </To>
        <RouteLinkRef>RL_17-120-_-y08-1-O-3-11</RouteLinkRef>
        <RunTime>PT48S</RunTime>
      </JourneyPatternTimingLink>
      <JourneyPatternTimingLink id="JPL_17-120-_-y08-1-2-O-3-13">
        <From SequenceNumber="12">
          <Activity>pickUpAndSetDown</Activity>
          <StopPointRef>390030917</StopPointRef>
          <TimingStatus>OTH</TimingStatus>
        </From>
        <To SequenceNumber="13">
          <Activity>pickUpAndSetDown</Activity>
          <StopPointRef>390030815</StopPointRef>
          <TimingStatus>OTH</TimingStatus>
        </To>
        <RouteLinkRef>RL_17-120-_-y08-1-O-3-12</RouteLinkRef>
        <RunTime>PT1M9S</RunTime>
      </JourneyPatternTimingLink>
      <JourneyPatternTimingLink id="JPL_17-120-_-y08-1-2-O-3-14">
        <From SequenceNumber="13">
          <Activity>pickUpAndSetDown</Activity>
          <StopPointRef>390030815</StopPointRef>
          <TimingStatus>OTH</TimingStatus>
        </From>
        <To SequenceNumber="14">
          <Activity>pickUpAndSetDown</Activity>
          <StopPointRef>390030812</StopPointRef>
          <TimingStatus>PTP</TimingStatus>
        </To>
        <RouteLinkRef>RL_17-120-_-y08-1-O-3-13</RouteLinkRef>
        <RunTime>PT56S</RunTime>
      </JourneyPatternTimingLink>
      <JourneyPatternTimingLink id="JPL_17-120-_-y08-1-2-O-3-15">
        <From SequenceNumber="14">
          <Activity>pickUpAndSetDown</Activity>
          <StopPointRef>390030812</StopPointRef>
          <TimingStatus>PTP</TimingStatus>
        </From>
        <To SequenceNumber="15">
          <Activity>pickUpAndSetDown</Activity>
          <StopPointRef>390030811</StopPointRef>
          <TimingStatus>OTH</TimingStatus>
        </To>
        <RouteLinkRef>RL_17-120-_-y08-1-O-3-14</RouteLinkRef>
        <RunTime>PT1M40S</RunTime>
      </JourneyPatternTimingLink>
      <JourneyPatternTimingLink id="JPL_17-120-_-y08-1-2-O-3-16">
        <From SequenceNumber="15">
          <Activity>pickUpAndSetDown</Activity>
          <StopPointRef>390030811</StopPointRef>
          <TimingStatus>OTH</TimingStatus>
        </From>
        <To SequenceNumber="16">
          <Activity>pickUpAndSetDown</Activity>
          <StopPointRef>390010654</StopPointRef>
          <TimingStatus>OTH</TimingStatus>
        </To>
        <RouteLinkRef>RL_17-120-_-y08-1-O-3-15</RouteLinkRef>
        <RunTime>PT3M25S</RunTime>
      </JourneyPatternTimingLink>
      <JourneyPatternTimingLink id="JPL_17-120-_-y08-1-2-O-3-17">
        <From SequenceNumber="16">
          <Activity>pickUpAndSetDown</Activity>
          <StopPointRef>390010654</StopPointRef>
          <TimingStatus>OTH</TimingStatus>
        </From>
        <To SequenceNumber="17">
          <Activity>pickUpAndSetDown</Activity>
          <StopPointRef>390010597</StopPointRef>
          <TimingStatus>OTH</TimingStatus>
        </To>
        <RouteLinkRef>RL_17-120-_-y08-1-O-3-16</RouteLinkRef>
        <RunTime>PT41S</RunTime>
      </JourneyPatternTimingLink>
      <JourneyPatternTimingLink id="JPL_17-120-_-y08-1-2-O-3-18">
        <From SequenceNumber="17">
          <Activity>pickUpAndSetDown</Activity>
          <StopPointRef>390010597</StopPointRef>
          <TimingStatus>OTH</TimingStatus>
        </From>
        <To SequenceNumber="18">
          <Activity>pickUpAndSetDown</Activity>
          <StopPointRef>390010896</StopPointRef>
          <TimingStatus>PTP</TimingStatus>
        </To>
        <RouteLinkRef>RL_17-120-_-y08-1-O-3-17</RouteLinkRef>
        <RunTime>PT14S</RunTime>
      </JourneyPatternTimingLink>
      <JourneyPatternTimingLink id="JPL_17-120-_-y08-1-2-O-3-19">
        <From SequenceNumber="18">
          <Activity>pickUpAndSetDown</Activity>
          <StopPointRef>390010896</StopPointRef>
          <TimingStatus>PTP</TimingStatus>
        </From>
        <To SequenceNumber="19">
          <Activity>pickUpAndSetDown</Activity>
          <StopPointRef>390010598</StopPointRef>
          <TimingStatus>OTH</TimingStatus>
        </To>
        <RouteLinkRef>RL_17-120-_-y08-1-O-3-18</RouteLinkRef>
        <RunTime>PT1M4S</RunTime>
      </JourneyPatternTimingLink>
      <JourneyPatternTimingLink id="JPL_17-120-_-y08-1-2-O-3-20">
        <From SequenceNumber="19">
          <Activity>pickUpAndSetDown</Activity>
          <StopPointRef>390010598</StopPointRef>
          <TimingStatus>OTH</TimingStatus>
        </From>
        <To SequenceNumber="20">
          <Activity>pickUpAndSetDown</Activity>
          <StopPointRef>390010601</StopPointRef>
          <TimingStatus>PTP</TimingStatus>
        </To>
        <RouteLinkRef>RL_17-120-_-y08-1-O-3-19</RouteLinkRef>
        <RunTime>PT2M56S</RunTime>
      </JourneyPatternTimingLink>
      <JourneyPatternTimingLink id="JPL_17-120-_-y08-1-2-O-3-21">
        <From SequenceNumber="20">
          <Activity>pickUpAndSetDown</Activity>
          <StopPointRef>390010601</StopPointRef>
          <TimingStatus>PTP</TimingStatus>
        </From>
        <To SequenceNumber="21">
          <Activity>pickUpAndSetDown</Activity>
          <StopPointRef>390011872</StopPointRef>
          <TimingStatus>OTH</TimingStatus>
        </To>
        <RouteLinkRef>RL_17-120-_-y08-1-O-3-20</RouteLinkRef>
        <RunTime>PT38S</RunTime>
      </JourneyPatternTimingLink>
      <JourneyPatternTimingLink id="JPL_17-120-_-y08-1-2-O-3-22">
        <From SequenceNumber="21">
          <Activity>pickUpAndSetDown</Activity>
          <StopPointRef>390011872</StopPointRef>
          <TimingStatus>OTH</TimingStatus>
        </From>
        <To SequenceNumber="22">
          <Activity>pickUpAndSetDown</Activity>
          <StopPointRef>390040314</StopPointRef>
          <TimingStatus>PTP</TimingStatus>
        </To>
        <RouteLinkRef>RL_17-120-_-y08-1-O-3-21</RouteLinkRef>
        <RunTime>PT3M22S</RunTime>
      </JourneyPatternTimingLink>
      <JourneyPatternTimingLink id="JPL_17-120-_-y08-1-2-O-3-23">
        <From SequenceNumber="22">
          <Activity>pickUpAndSetDown</Activity>
          <StopPointRef>390040314</StopPointRef>
          <TimingStatus>PTP</TimingStatus>
        </From>
        <To SequenceNumber="23">
          <Activity>pickUpAndSetDown</Activity>
          <StopPointRef>390010454</StopPointRef>
          <TimingStatus>PTP</TimingStatus>
        </To>
        <RouteLinkRef>RL_17-120-_-y08-1-O-3-22</RouteLinkRef>
        <RunTime>PT4M</RunTime>
      </JourneyPatternTimingLink>
      <JourneyPatternTimingLink id="JPL_17-120-_-y08-1-2-O-3-24">
        <From SequenceNumber="23">
          <Activity>pickUpAndSetDown</Activity>
          <StopPointRef>390010454</StopPointRef>
          <TimingStatus>PTP</TimingStatus>
        </From>
        <To SequenceNumber="24">
          <Activity>pickUpAndSetDown</Activity>
          <StopPointRef>390010456</StopPointRef>
          <TimingStatus>PTP</TimingStatus>
        </To>
        <RouteLinkRef>RL_17-120-_-y08-1-O-3-23</RouteLinkRef>
        <RunTime>PT3M</RunTime>
      </JourneyPatternTimingLink>
      <JourneyPatternTimingLink id="JPL_17-120-_-y08-1-2-O-3-25">
        <From SequenceNumber="24">
          <Activity>pickUpAndSetDown</Activity>
          <StopPointRef>390010456</StopPointRef>
          <TimingStatus>PTP</TimingStatus>
        </From>
        <To SequenceNumber="25">
          <Activity>pickUpAndSetDown</Activity>
          <StopPointRef>390010796</StopPointRef>
          <TimingStatus>OTH</TimingStatus>
        </To>
        <RouteLinkRef>RL_17-120-_-y08-1-O-3-24</RouteLinkRef>
        <RunTime>PT1M18S</RunTime>
      </JourneyPatternTimingLink>
      <JourneyPatternTimingLink id="JPL_17-120-_-y08-1-2-O-3-26">
        <From SequenceNumber="25">
          <Activity>pickUpAndSetDown</Activity>
          <StopPointRef>390010796</StopPointRef>
          <TimingStatus>OTH</TimingStatus>
        </From>
        <To SequenceNumber="26">
          <Activity>pickUpAndSetDown</Activity>
          <StopPointRef>390010457</StopPointRef>
          <TimingStatus>OTH</TimingStatus>
        </To>
        <RouteLinkRef>RL_17-120-_-y08-1-O-3-25</RouteLinkRef>
        <RunTime>PT4M7S</RunTime>
      </JourneyPatternTimingLink>
      <JourneyPatternTimingLink id="JPL_17-120-_-y08-1-2-O-3-27">
        <From SequenceNumber="26">
          <Activity>pickUpAndSetDown</Activity>
          <StopPointRef>390010457</StopPointRef>
          <TimingStatus>OTH</TimingStatus>
        </From>
        <To SequenceNumber="27">
          <Activity>setDown</Activity>
          <StopPointRef>390010740</StopPointRef>
          <TimingStatus>PTP</TimingStatus>
        </To>
        <RouteLinkRef>RL_17-120-_-y08-1-O-3-26</RouteLinkRef>
        <RunTime>PT35S</RunTime>
      </JourneyPatternTimingLink>
    </JourneyPatternSection>
    <JourneyPatternSection id="JPS_17-120-_-y08-1-2-4-I">
      <JourneyPatternTimingLink id="JPL_17-120-_-y08-1-2-I-4-2">
        <From SequenceNumber="1">
          <Activity>pickUp</Activity>
          <StopPointRef>390010739</StopPointRef>
          <TimingStatus>PTP</TimingStatus>
        </From>
        <To SequenceNumber="2">
          <Activity>pickUpAndSetDown</Activity>
          <StopPointRef>390010458</StopPointRef>
          <TimingStatus>OTH</TimingStatus>
        </To>
        <RouteLinkRef>RL_17-120-_-y08-1-I-4-1</RouteLinkRef>
        <RunTime>PT34S</RunTime>
      </JourneyPatternTimingLink>
      <JourneyPatternTimingLink id="JPL_17-120-_-y08-1-2-I-4-3">
        <From SequenceNumber="2">
          <Activity>pickUpAndSetDown</Activity>
          <StopPointRef>390010458</StopPointRef>
          <TimingStatus>OTH</TimingStatus>
        </From>
        <To SequenceNumber="3">
          <Activity>pickUpAndSetDown</Activity>
          <StopPointRef>390010795</StopPointRef>
          <TimingStatus>OTH</TimingStatus>
        </To>
        <RouteLinkRef>RL_17-120-_-y08-1-I-4-2</RouteLinkRef>
        <RunTime>PT4M8S</RunTime>
      </JourneyPatternTimingLink>
      <JourneyPatternTimingLink id="JPL_17-120-_-y08-1-2-I-4-4">
        <From SequenceNumber="3">
          <Activity>pickUpAndSetDown</Activity>
          <StopPointRef>390010795</StopPointRef>
          <TimingStatus>OTH</TimingStatus>
        </From>
        <To SequenceNumber="4">
          <Activity>pickUpAndSetDown</Activity>
          <StopPointRef>390010455</StopPointRef>
          <TimingStatus>PTP</TimingStatus>
        </To>
        <RouteLinkRef>RL_17-120-_-y08-1-I-4-3</RouteLinkRef>
        <RunTime>PT1M18S</RunTime>
      </JourneyPatternTimingLink>
      <JourneyPatternTimingLink id="JPL_17-120-_-y08-1-2-I-4-5">
        <From SequenceNumber="4">
          <Activity>pickUpAndSetDown</Activity>
          <StopPointRef>390010455</StopPointRef>
          <TimingStatus>PTP</TimingStatus>
        </From>
        <To SequenceNumber="5">
          <Activity>pickUpAndSetDown</Activity>
          <StopPointRef>390010453</StopPointRef>
          <TimingStatus>PTP</TimingStatus>
        </To>
        <RouteLinkRef>RL_17-120-_-y08-1-I-4-4</RouteLinkRef>
        <RunTime>PT3M</RunTime>
      </JourneyPatternTimingLink>
      <JourneyPatternTimingLink id="JPL_17-120-_-y08-1-2-I-4-6">
        <From SequenceNumber="5">
          <Activity>pickUpAndSetDown</Activity>
          <StopPointRef>390010453</StopPointRef>
          <TimingStatus>PTP</TimingStatus>
        </From>
        <To SequenceNumber="6">
          <Activity>pickUpAndSetDown</Activity>
          <StopPointRef>390040313</StopPointRef>
          <TimingStatus>PTP</TimingStatus>
        </To>
        <RouteLinkRef>RL_17-120-_-y08-1-I-4-5</RouteLinkRef>
        <RunTime>PT4M</RunTime>
      </JourneyPatternTimingLink>
      <JourneyPatternTimingLink id="JPL_17-120-_-y08-1-2-I-4-7">
        <From SequenceNumber="6">
          <Activity>pickUpAndSetDown</Activity>
          <StopPointRef>390040313</StopPointRef>
          <TimingStatus>PTP</TimingStatus>
        </From>
        <To SequenceNumber="7">
          <Activity>pickUpAndSetDown</Activity>
          <StopPointRef>390011873</StopPointRef>
          <TimingStatus>OTH</TimingStatus>
        </To>
        <RouteLinkRef>RL_17-120-_-y08-1-I-4-6</RouteLinkRef>
        <RunTime>PT3M21S</RunTime>
      </JourneyPatternTimingLink>
      <JourneyPatternTimingLink id="JPL_17-120-_-y08-1-2-I-4-8">
        <From SequenceNumber="7">
          <Activity>pickUpAndSetDown</Activity>
          <StopPointRef>390011873</StopPointRef>
          <TimingStatus>OTH</TimingStatus>
        </From>
        <To SequenceNumber="8">
          <Activity>pickUpAndSetDown</Activity>
          <StopPointRef>390010600</StopPointRef>
          <TimingStatus>PTP</TimingStatus>
        </To>
        <RouteLinkRef>RL_17-120-_-y08-1-I-4-7</RouteLinkRef>
        <RunTime>PT39S</RunTime>
      </JourneyPatternTimingLink>
      <JourneyPatternTimingLink id="JPL_17-120-_-y08-1-2-I-4-9">
        <From SequenceNumber="8">
          <Activity>pickUpAndSetDown</Activity>
          <StopPointRef>390010600</StopPointRef>
          <TimingStatus>PTP</TimingStatus>
        </From>
        <To SequenceNumber="9">
          <Activity>pickUpAndSetDown</Activity>
          <StopPointRef>390010599</StopPointRef>
          <TimingStatus>OTH</TimingStatus>
        </To>
        <RouteLinkRef>RL_17-120-_-y08-1-I-4-8</RouteLinkRef>
        <RunTime>PT2M56S</RunTime>
      </JourneyPatternTimingLink>
      <JourneyPatternTimingLink id="JPL_17-120-_-y08-1-2-I-4-10">
        <From SequenceNumber="9">
          <Activity>pickUpAndSetDown</Activity>
          <StopPointRef>390010599</StopPointRef>
          <TimingStatus>OTH</TimingStatus>
        </From>
        <To SequenceNumber="10">
          <Activity>pickUpAndSetDown</Activity>
          <StopPointRef>390010895</StopPointRef>
          <TimingStatus>PTP</TimingStatus>
        </To>
        <RouteLinkRef>RL_17-120-_-y08-1-I-4-9</RouteLinkRef>
        <RunTime>PT1M4S</RunTime>
      </JourneyPatternTimingLink>
      <JourneyPatternTimingLink id="JPL_17-120-_-y08-1-2-I-4-11">
        <From SequenceNumber="10">
          <Activity>pickUpAndSetDown</Activity>
          <StopPointRef>390010895</StopPointRef>
          <TimingStatus>PTP</TimingStatus>
        </From>
        <To SequenceNumber="11">
          <Activity>pickUpAndSetDown</Activity>
          <StopPointRef>390010596</StopPointRef>
          <TimingStatus>OTH</TimingStatus>
        </To>
        <RouteLinkRef>RL_17-120-_-y08-1-I-4-10</RouteLinkRef>
        <RunTime>PT13S</RunTime>
      </JourneyPatternTimingLink>
      <JourneyPatternTimingLink id="JPL_17-120-_-y08-1-2-I-4-12">
        <From SequenceNumber="11">
          <Activity>pickUpAndSetDown</Activity>
          <StopPointRef>390010596</StopPointRef>
          <TimingStatus>OTH</TimingStatus>
        </From>
        <To SequenceNumber="12">
          <Activity>pickUpAndSetDown</Activity>
          <StopPointRef>390010655</StopPointRef>
          <TimingStatus>OTH</TimingStatus>
        </To>
        <RouteLinkRef>RL_17-120-_-y08-1-I-4-11</RouteLinkRef>
        <RunTime>PT40S</RunTime>
      </JourneyPatternTimingLink>
      <JourneyPatternTimingLink id="JPL_17-120-_-y08-1-2-I-4-13">
        <From SequenceNumber="12">
          <Activity>pickUpAndSetDown</Activity>
          <StopPointRef>390010655</StopPointRef>
          <TimingStatus>OTH</TimingStatus>
        </From>
        <To SequenceNumber="13">
          <Activity>pickUpAndSetDown</Activity>
          <StopPointRef>390030810</StopPointRef>
          <TimingStatus>OTH</TimingStatus>
        </To>
        <RouteLinkRef>RL_17-120-_-y08-1-I-4-12</RouteLinkRef>
        <RunTime>PT3M31S</RunTime>
      </JourneyPatternTimingLink>
      <JourneyPatternTimingLink id="JPL_17-120-_-y08-1-2-I-4-14">
        <From SequenceNumber="13">
          <Activity>pickUpAndSetDown</Activity>
          <StopPointRef>390030810</StopPointRef>
          <TimingStatus>OTH</TimingStatus>
        </From>
        <To SequenceNumber="14">
          <Activity>pickUpAndSetDown</Activity>
          <StopPointRef>390030813</StopPointRef>
          <TimingStatus>PTP</TimingStatus>
        </To>
        <RouteLinkRef>RL_17-120-_-y08-1-I-4-13</RouteLinkRef>
        <RunTime>PT1M36S</RunTime>
      </JourneyPatternTimingLink>
      <JourneyPatternTimingLink id="JPL_17-120-_-y08-1-2-I-4-15">
        <From SequenceNumber="14">
          <Activity>pickUpAndSetDown</Activity>
          <StopPointRef>390030813</StopPointRef>
          <TimingStatus>PTP</TimingStatus>
        </From>
        <To SequenceNumber="15">
          <Activity>pickUpAndSetDown</Activity>
          <StopPointRef>390030814</StopPointRef>
          <TimingStatus>OTH</TimingStatus>
        </To>
        <RouteLinkRef>RL_17-120-_-y08-1-I-4-14</RouteLinkRef>
        <RunTime>PT55S</RunTime>
      </JourneyPatternTimingLink>
      <JourneyPatternTimingLink id="JPL_17-120-_-y08-1-2-I-4-16">
        <From SequenceNumber="15">
          <Activity>pickUpAndSetDown</Activity>
          <StopPointRef>390030814</StopPointRef>
          <TimingStatus>OTH</TimingStatus>
        </From>
        <To SequenceNumber="16">
          <Activity>pickUpAndSetDown</Activity>
          <StopPointRef>390030916</StopPointRef>
          <TimingStatus>OTH</TimingStatus>
        </To>
        <RouteLinkRef>RL_17-120-_-y08-1-I-4-15</RouteLinkRef>
        <RunTime>PT1M24S</RunTime>
      </JourneyPatternTimingLink>
      <JourneyPatternTimingLink id="JPL_17-120-_-y08-1-2-I-4-17">
        <From SequenceNumber="16">
          <Activity>pickUpAndSetDown</Activity>
          <StopPointRef>390030916</StopPointRef>
          <TimingStatus>OTH</TimingStatus>
        </From>
        <To SequenceNumber="17">
          <Activity>pickUpAndSetDown</Activity>
          <StopPointRef>390030915</StopPointRef>
          <TimingStatus>OTH</TimingStatus>
        </To>
        <RouteLinkRef>RL_17-120-_-y08-1-I-4-16</RouteLinkRef>
        <RunTime>PT56S</RunTime>
      </JourneyPatternTimingLink>
      <JourneyPatternTimingLink id="JPL_17-120-_-y08-1-2-I-4-18">
        <From SequenceNumber="17">
          <Activity>pickUpAndSetDown</Activity>
          <StopPointRef>390030915</StopPointRef>
          <TimingStatus>OTH</TimingStatus>
        </From>
        <To SequenceNumber="18">
          <Activity>pickUpAndSetDown</Activity>
          <StopPointRef>390030912</StopPointRef>
          <TimingStatus>OTH</TimingStatus>
        </To>
        <RouteLinkRef>RL_17-120-_-y08-1-I-4-17</RouteLinkRef>
        <RunTime>PT49S</RunTime>
      </JourneyPatternTimingLink>
      <JourneyPatternTimingLink id="JPL_17-120-_-y08-1-2-I-4-19">
        <From SequenceNumber="18">
          <Activity>pickUpAndSetDown</Activity>
          <StopPointRef>390030912</StopPointRef>
          <TimingStatus>OTH</TimingStatus>
        </From>
        <To SequenceNumber="19">
          <Activity>pickUpAndSetDown</Activity>
          <StopPointRef>390030910</StopPointRef>
          <TimingStatus>OTH</TimingStatus>
        </To>
        <RouteLinkRef>RL_17-120-_-y08-1-I-4-18</RouteLinkRef>
        <RunTime>PT40S</RunTime>
      </JourneyPatternTimingLink>
      <JourneyPatternTimingLink id="JPL_17-120-_-y08-1-2-I-4-20">
        <From SequenceNumber="19">
          <Activity>pickUpAndSetDown</Activity>
          <StopPointRef>390030910</StopPointRef>
          <TimingStatus>OTH</TimingStatus>
        </From>
        <To SequenceNumber="20">
          <Activity>pickUpAndSetDown</Activity>
          <StopPointRef>390030908</StopPointRef>
          <TimingStatus>OTH</TimingStatus>
        </To>
        <RouteLinkRef>RL_17-120-_-y08-1-I-4-19</RouteLinkRef>
        <RunTime>PT48S</RunTime>
      </JourneyPatternTimingLink>
      <JourneyPatternTimingLink id="JPL_17-120-_-y08-1-2-I-4-21">
        <From SequenceNumber="20">
          <Activity>pickUpAndSetDown</Activity>
          <StopPointRef>390030908</StopPointRef>
          <TimingStatus>OTH</TimingStatus>
        </From>
        <To SequenceNumber="21">
          <Activity>pickUpAndSetDown</Activity>
          <StopPointRef>390031013</StopPointRef>
          <TimingStatus>OTH</TimingStatus>
        </To>
        <RouteLinkRef>RL_17-120-_-y08-1-I-4-20</RouteLinkRef>
        <RunTime>PT45S</RunTime>
      </JourneyPatternTimingLink>
      <JourneyPatternTimingLink id="JPL_17-120-_-y08-1-2-I-4-22">
        <From SequenceNumber="21">
          <Activity>pickUpAndSetDown</Activity>
          <StopPointRef>390031013</StopPointRef>
          <TimingStatus>OTH</TimingStatus>
        </From>
        <To SequenceNumber="22">
          <Activity>pickUpAndSetDown</Activity>
          <StopPointRef>390030133</StopPointRef>
          <TimingStatus>OTH</TimingStatus>
        </To>
        <RouteLinkRef>RL_17-120-_-y08-1-I-4-21</RouteLinkRef>
        <RunTime>PT1M18S</RunTime>
      </JourneyPatternTimingLink>
      <JourneyPatternTimingLink id="JPL_17-120-_-y08-1-2-I-4-23">
        <From SequenceNumber="22">
          <Activity>pickUpAndSetDown</Activity>
          <StopPointRef>390030133</StopPointRef>
          <TimingStatus>OTH</TimingStatus>
        </From>
        <To SequenceNumber="23">
          <Activity>pickUpAndSetDown</Activity>
          <StopPointRef>390030680</StopPointRef>
          <TimingStatus>OTH</TimingStatus>
        </To>
        <RouteLinkRef>RL_17-120-_-y08-1-I-4-22</RouteLinkRef>
        <RunTime>PT32S</RunTime>
      </JourneyPatternTimingLink>
      <JourneyPatternTimingLink id="JPL_17-120-_-y08-1-2-I-4-24">
        <From SequenceNumber="23">
          <Activity>pickUpAndSetDown</Activity>
          <StopPointRef>390030680</StopPointRef>
          <TimingStatus>OTH</TimingStatus>
        </From>
        <To SequenceNumber="24">
          <Activity>pickUpAndSetDown</Activity>
          <StopPointRef>390030686</StopPointRef>
          <TimingStatus>OTH</TimingStatus>
        </To>
        <RouteLinkRef>RL_17-120-_-y08-1-I-4-23</RouteLinkRef>
        <RunTime>PT1M3S</RunTime>
      </JourneyPatternTimingLink>
      <JourneyPatternTimingLink id="JPL_17-120-_-y08-1-2-I-4-25">
        <From SequenceNumber="24">
          <Activity>pickUpAndSetDown</Activity>
          <StopPointRef>390030686</StopPointRef>
          <TimingStatus>OTH</TimingStatus>
        </From>
        <To SequenceNumber="25">
          <Activity>setDown</Activity>
          <StopPointRef>390030242</StopPointRef>
          <TimingStatus>PTP</TimingStatus>
        </To>
        <RouteLinkRef>RL_17-120-_-y08-1-I-4-24</RouteLinkRef>
        <RunTime>PT50S</RunTime>
      </JourneyPatternTimingLink>
    </JourneyPatternSection>
  </JourneyPatternSections>
  <Operators>
    <Operator id="OId_728HADC">
      <NationalOperatorCode>HADC</NationalOperatorCode>
      <OperatorCode>728HADC</OperatorCode>
      <OperatorShortName>Hadleigh Community Tran</OperatorShortName>
      <OperatorNameOnLicence>Hadleigh Community Transport</OperatorNameOnLicence>
      <TradingName>Hadleigh Community Transport</TradingName>
    </Operator>
  </Operators>
  <Services>
    <Service>
      <ServiceCode>17-120-_-y08-1</ServiceCode>
      <PrivateCode>17-120-_-y08-1</PrivateCode>
      <Lines>
        <Line id="17-120-_-y08-1">
          <LineName>120</LineName>
        </Line>
      </Lines>
      <OperatingPeriod>
        <StartDate>2019-11-05</StartDate>
        <EndDate>2020-05-08</EndDate>
      </OperatingPeriod>
      <OperatingProfile>
        <RegularDayType>
          <DaysOfWeek>
            <Thursday />
          </DaysOfWeek>
        </RegularDayType>
      </OperatingProfile>
      <RegisteredOperatorRef>OId_728HADC</RegisteredOperatorRef>
      <StopRequirements>
        <NoNewStopsRequired />
      </StopRequirements>
      <Mode>bus</Mode>
      <Description>Ipswich - Sproughton - Elmsett - Whatfield</Description>
      <StandardService>
        <Origin>Old Cattle Market Bus Station</Origin>
        <Destination>Telephone Box</Destination>
        <JourneyPattern id="JP_17-120-_-y08-1-2-O-3">
          <Direction>outbound</Direction>
          <Operational>
            <VehicleType>
              <VehicleTypeCode>NoWhCh</VehicleTypeCode>
              <Description>No Wheelchair Access</Description>
            </VehicleType>
          </Operational>
          <RouteRef>R_17-120-_-y08-1-O-3</RouteRef>
          <JourneyPatternSectionRefs>JPS_17-120-_-y08-1-2-3-O</JourneyPatternSectionRefs>
        </JourneyPattern>
        <JourneyPattern id="JP_17-120-_-y08-1-2-I-4">
          <Direction>inbound</Direction>
          <Operational>
            <VehicleType>
              <VehicleTypeCode>NoWhCh</VehicleTypeCode>
              <Description>No Wheelchair Access</Description>
            </VehicleType>
          </Operational>
          <RouteRef>R_17-120-_-y08-1-I-4</RouteRef>
          <JourneyPatternSectionRefs>JPS_17-120-_-y08-1-2-4-I</JourneyPatternSectionRefs>
        </JourneyPattern>
      </StandardService>
    </Service>
  </Services>
  <VehicleJourneys>
    <VehicleJourney>
      <PrivateCode>suf-17-120-_-y08-1-1-T0</PrivateCode>
      <Operational>
        <VehicleType>
          <VehicleTypeCode>NoWhCh</VehicleTypeCode>
          <Description>No Wheelchair Access</Description>
        </VehicleType>
      </Operational>
      <OperatingProfile>
        <RegularDayType>
          <DaysOfWeek>
            <Thursday />
          </DaysOfWeek>
        </RegularDayType>
        <BankHolidayOperation>
          <DaysOfNonOperation>
            <AllBankHolidays />
          </DaysOfNonOperation>
        </BankHolidayOperation>
      </OperatingProfile>
      <VehicleJourneyCode>VJ_17-120-_-y08-1-1-T0</VehicleJourneyCode>
      <ServiceRef>17-120-_-y08-1</ServiceRef>
      <LineRef>17-120-_-y08-1</LineRef>
      <JourneyPatternRef>JP_17-120-_-y08-1-2-O-3</JourneyPatternRef>
      <Note>
        <NoteCode>1</NoteCode>
        <NoteText>Sponsored by Suffolk County Council</NoteText>
      </Note>
      <Note>
        <NoteCode>Th</NoteCode>
        <NoteText>Operates on Thursdays</NoteText>
      </Note>
      <DepartureTime>13:00:00</DepartureTime>
    </VehicleJourney>
    <VehicleJourney>
      <PrivateCode>suf-17-120-_-y08-1-2-T0</PrivateCode>
      <Operational>
        <VehicleType>
          <VehicleTypeCode>NoWhCh</VehicleTypeCode>
          <Description>No Wheelchair Access</Description>
        </VehicleType>
      </Operational>
      <OperatingProfile>
        <RegularDayType>
          <DaysOfWeek>
            <Thursday />
          </DaysOfWeek>
        </RegularDayType>
        <BankHolidayOperation>
          <DaysOfNonOperation>
            <AllBankHolidays />
          </DaysOfNonOperation>
        </BankHolidayOperation>
      </OperatingProfile>
      <VehicleJourneyCode>VJ_17-120-_-y08-1-2-T0</VehicleJourneyCode>
      <ServiceRef>17-120-_-y08-1</ServiceRef>
      <LineRef>17-120-_-y08-1</LineRef>
      <JourneyPatternRef>JP_17-120-_-y08-1-2-I-4</JourneyPatternRef>
      <Note>
        <NoteCode>1</NoteCode>
        <NoteText>Sponsored by Suffolk County Council</NoteText>
      </Note>
      <Note>
        <NoteCode>Th</NoteCode>
        <NoteText>Operates on Thursdays</NoteText>
      </Note>
      <DepartureTime>10:10:00</DepartureTime>
    </VehicleJourney>
  </VehicleJourneys>
</TransXChange>