<?xml version="1.0" encoding="utf-8"?>
<TransXChange xmlns:xsi="http://www.w3.org/2001/XMLSchema-instance" xmlns:xsd="http://www.w3.org/2001/XMLSchema" xsi:schemaLocation="http://www.transxchange.org.uk/ http://www.transxchange.org.uk/schema/2.5/TransXChange_general.xsd" CreationDateTime="2019-11-07T16:05:54.5714Z" ModificationDateTime="2019-11-07T16:05:54.5714Z" Modification="new" RevisionNumber="3" FileName="suf_13-379-_-y08-1.xml" SchemaVersion="2.5" RegistrationDocument="true" xmlns="http://www.transxchange.org.uk/">
  <StopPoints>
    <AnnotatedStopPointRef>
      <StopPointRef>390010891</StopPointRef>
      <CommonName>Bus Station</CommonName>
      <Indicator>Stand B</Indicator>
      <LocalityName>Hadleigh (Suffk)</LocalityName>
      <LocalityQualifier>Suffolk</LocalityQualifier>
    </AnnotatedStopPointRef>
    <AnnotatedStopPointRef>
      <StopPointRef>390010416</StopPointRef>
      <CommonName>High Street Mews</CommonName>
      <Indicator>N-bound</Indicator>
      <LocalityName>Hadleigh (Suffk)</LocalityName>
      <LocalityQualifier>Suffolk</LocalityQualifier>
    </AnnotatedStopPointRef>
    <AnnotatedStopPointRef>
      <StopPointRef>390010399</StopPointRef>
      <CommonName>Meadows Way</CommonName>
      <Indicator>opp</Indicator>
      <LocalityName>Hadleigh (Suffk)</LocalityName>
      <LocalityQualifier>Suffolk</LocalityQualifier>
    </AnnotatedStopPointRef>
    <AnnotatedStopPointRef>
      <StopPointRef>390010400</StopPointRef>
      <CommonName>Morrisons</CommonName>
      <LocalityName>Hadleigh (Suffk)</LocalityName>
      <LocalityQualifier>Suffolk</LocalityQualifier>
    </AnnotatedStopPointRef>
    <AnnotatedStopPointRef>
      <StopPointRef>390010403</StopPointRef>
      <CommonName>Allen Road</CommonName>
      <Indicator>opp</Indicator>
      <LocalityName>Hadleigh (Suffk)</LocalityName>
      <LocalityQualifier>Suffolk</LocalityQualifier>
    </AnnotatedStopPointRef>
    <AnnotatedStopPointRef>
      <StopPointRef>390010718</StopPointRef>
      <CommonName>Semer Lodge</CommonName>
      <Indicator>opp</Indicator>
      <LocalityName>Semer</LocalityName>
      <LocalityQualifier>Suffolk</LocalityQualifier>
    </AnnotatedStopPointRef>
    <AnnotatedStopPointRef>
      <StopPointRef>390010463</StopPointRef>
      <CommonName>Semer Bridge</CommonName>
      <Indicator>adj</Indicator>
      <LocalityName>Semer</LocalityName>
      <LocalityQualifier>Suffolk</LocalityQualifier>
    </AnnotatedStopPointRef>
    <AnnotatedStopPointRef>
      <StopPointRef>390010652</StopPointRef>
      <CommonName>Clock Tower</CommonName>
      <Indicator>opp</Indicator>
      <LocalityName>Bildeston</LocalityName>
      <LocalityQualifier>Suffolk</LocalityQualifier>
    </AnnotatedStopPointRef>
    <AnnotatedStopPointRef>
      <StopPointRef>390010487</StopPointRef>
      <CommonName>White Horse</CommonName>
      <Indicator>o/s</Indicator>
      <LocalityName>Hitcham</LocalityName>
      <LocalityQualifier>Suffolk</LocalityQualifier>
    </AnnotatedStopPointRef>
    <AnnotatedStopPointRef>
      <StopPointRef>390010496</StopPointRef>
      <CommonName>Squirrels Depot</CommonName>
      <Indicator>opp</Indicator>
      <LocalityName>Hitcham</LocalityName>
      <LocalityQualifier>Suffolk</LocalityQualifier>
    </AnnotatedStopPointRef>
    <AnnotatedStopPointRef>
      <StopPointRef>390010494</StopPointRef>
      <CommonName>Causeway Estate</CommonName>
      <LocalityName>Hitcham Causeway</LocalityName>
      <LocalityQualifier>Suffolk</LocalityQualifier>
    </AnnotatedStopPointRef>
    <AnnotatedStopPointRef>
      <StopPointRef>390040921</StopPointRef>
      <CommonName>Telephone Box</CommonName>
      <Indicator>opp</Indicator>
      <LocalityName>Cross Green/Hitcham</LocalityName>
      <LocalityQualifier>Suffolk</LocalityQualifier>
    </AnnotatedStopPointRef>
    <AnnotatedStopPointRef>
      <StopPointRef>390010526</StopPointRef>
      <CommonName>Church</CommonName>
      <Indicator>adj</Indicator>
      <LocalityName>Brettenham (Suffk)</LocalityName>
      <LocalityQualifier>Suffolk</LocalityQualifier>
    </AnnotatedStopPointRef>
    <AnnotatedStopPointRef>
      <StopPointRef>390010528</StopPointRef>
      <CommonName>Park Gates</CommonName>
      <Indicator>o/s</Indicator>
      <LocalityName>Brettenham (Suffk)</LocalityName>
      <LocalityQualifier>Suffolk</LocalityQualifier>
    </AnnotatedStopPointRef>
    <AnnotatedStopPointRef>
      <StopPointRef>390010531</StopPointRef>
      <CommonName>Church Corner</CommonName>
      <Indicator>W-bound</Indicator>
      <LocalityName>Thorpe Morieux</LocalityName>
      <LocalityQualifier>Suffolk</LocalityQualifier>
    </AnnotatedStopPointRef>
    <AnnotatedStopPointRef>
      <StopPointRef>390040904</StopPointRef>
      <CommonName>Greatfields</CommonName>
      <Indicator>adj</Indicator>
      <LocalityName>Thorpe Morieux</LocalityName>
      <LocalityQualifier>Suffolk</LocalityQualifier>
    </AnnotatedStopPointRef>
    <AnnotatedStopPointRef>
      <StopPointRef>390040903</StopPointRef>
      <CommonName>Bull</CommonName>
      <Indicator>opp</Indicator>
      <LocalityName>Thorpe Morieux</LocalityName>
      <LocalityQualifier>Suffolk</LocalityQualifier>
    </AnnotatedStopPointRef>
    <AnnotatedStopPointRef>
      <StopPointRef>390010449</StopPointRef>
      <CommonName>Chapel Road</CommonName>
      <Indicator>N-bound</Indicator>
      <LocalityName>Great Green/Cockfld.</LocalityName>
      <LocalityQualifier>Suffolk</LocalityQualifier>
    </AnnotatedStopPointRef>
    <AnnotatedStopPointRef>
      <StopPointRef>390010452</StopPointRef>
      <CommonName>Dukes Meadow</CommonName>
      <Indicator>adj</Indicator>
      <LocalityName>Great Green/Cockfld.</LocalityName>
      <LocalityQualifier>Suffolk</LocalityQualifier>
    </AnnotatedStopPointRef>
    <AnnotatedStopPointRef>
      <StopPointRef>390041007</StopPointRef>
      <CommonName>Lime Walk</CommonName>
      <LocalityName>Felsham</LocalityName>
      <LocalityQualifier>Suffolk</LocalityQualifier>
    </AnnotatedStopPointRef>
    <AnnotatedStopPointRef>
      <StopPointRef>390040910</StopPointRef>
      <CommonName>Bury Road</CommonName>
      <LocalityName>Felsham</LocalityName>
      <LocalityQualifier>Suffolk</LocalityQualifier>
    </AnnotatedStopPointRef>
    <AnnotatedStopPointRef>
      <StopPointRef>390040667</StopPointRef>
      <CommonName>Six Bells</CommonName>
      <LocalityName>Felsham</LocalityName>
      <LocalityQualifier>Suffolk</LocalityQualifier>
    </AnnotatedStopPointRef>
    <AnnotatedStopPointRef>
      <StopPointRef>390040908</StopPointRef>
      <CommonName>Playing Fields</CommonName>
      <LocalityName>Lower Green/Felsham</LocalityName>
      <LocalityQualifier>Suffolk</LocalityQualifier>
    </AnnotatedStopPointRef>
    <AnnotatedStopPointRef>
      <StopPointRef>390040712</StopPointRef>
      <CommonName>Shelter</CommonName>
      <LocalityName>Gedding</LocalityName>
      <LocalityQualifier>Suffolk</LocalityQualifier>
    </AnnotatedStopPointRef>
    <AnnotatedStopPointRef>
      <StopPointRef>390050776</StopPointRef>
      <CommonName>Village Sign</CommonName>
      <LocalityName>Bradfield St George</LocalityName>
      <LocalityQualifier>Suffolk</LocalityQualifier>
    </AnnotatedStopPointRef>
    <AnnotatedStopPointRef>
      <StopPointRef>390050778</StopPointRef>
      <CommonName>The Green</CommonName>
      <Indicator>adj</Indicator>
      <LocalityName>Bradfield St George</LocalityName>
      <LocalityQualifier>Suffolk</LocalityQualifier>
    </AnnotatedStopPointRef>
    <AnnotatedStopPointRef>
      <StopPointRef>390050780</StopPointRef>
      <CommonName>Post Box</CommonName>
      <LocalityName>Little Whelnetham</LocalityName>
      <LocalityQualifier>Suffolk</LocalityQualifier>
    </AnnotatedStopPointRef>
    <AnnotatedStopPointRef>
      <StopPointRef>390050763</StopPointRef>
      <CommonName>Rushbrooke Arms</CommonName>
      <Indicator>opp</Indicator>
      <LocalityName>Sicklesmere</LocalityName>
      <LocalityQualifier>Suffolk</LocalityQualifier>
    </AnnotatedStopPointRef>
    <AnnotatedStopPointRef>
      <StopPointRef>390018664</StopPointRef>
      <CommonName>The Curlews Footpath</CommonName>
      <LocalityName>Nowton Estate</LocalityName>
      <LocalityQualifier>Suffolk</LocalityQualifier>
    </AnnotatedStopPointRef>
    <AnnotatedStopPointRef>
      <StopPointRef>390050986</StopPointRef>
      <CommonName>Old Gaol</CommonName>
      <LocalityName>Bury St Edmunds</LocalityName>
      <LocalityQualifier>Suffolk</LocalityQualifier>
    </AnnotatedStopPointRef>
    <AnnotatedStopPointRef>
      <StopPointRef>390050901</StopPointRef>
      <CommonName>Laundry Lane Footpath</CommonName>
      <Indicator>adj</Indicator>
      <LocalityName>Bury St Edmunds</LocalityName>
      <LocalityQualifier>Suffolk</LocalityQualifier>
    </AnnotatedStopPointRef>
    <AnnotatedStopPointRef>
      <StopPointRef>390050902</StopPointRef>
      <CommonName>Corsbie Close</CommonName>
      <LocalityName>Bury St Edmunds</LocalityName>
      <LocalityQualifier>Suffolk</LocalityQualifier>
    </AnnotatedStopPointRef>
    <AnnotatedStopPointRef>
      <StopPointRef>390050790</StopPointRef>
      <CommonName>Bus Station</CommonName>
      <Indicator>Stand 5</Indicator>
      <LocalityName>Bury St Edmunds</LocalityName>
      <LocalityQualifier>Suffolk</LocalityQualifier>
    </AnnotatedStopPointRef>
    <AnnotatedStopPointRef>
      <StopPointRef>390050877</StopPointRef>
      <CommonName>Arc Shopping Centre</CommonName>
      <Indicator>opp</Indicator>
      <LocalityName>Bury St Edmunds</LocalityName>
      <LocalityQualifier>Suffolk</LocalityQualifier>
    </AnnotatedStopPointRef>
    <AnnotatedStopPointRef>
      <StopPointRef>390051021</StopPointRef>
      <CommonName>Old Convent Orchard</CommonName>
      <LocalityName>Bury St Edmunds</LocalityName>
      <LocalityQualifier>Suffolk</LocalityQualifier>
    </AnnotatedStopPointRef>
    <AnnotatedStopPointRef>
      <StopPointRef>390050903</StopPointRef>
      <CommonName>Corsbie Close</CommonName>
      <LocalityName>Bury St Edmunds</LocalityName>
      <LocalityQualifier>Suffolk</LocalityQualifier>
    </AnnotatedStopPointRef>
    <AnnotatedStopPointRef>
      <StopPointRef>390050900</StopPointRef>
      <CommonName>Laundry Lane Footpath</CommonName>
      <Indicator>opp</Indicator>
      <LocalityName>Bury St Edmunds</LocalityName>
      <LocalityQualifier>Suffolk</LocalityQualifier>
    </AnnotatedStopPointRef>
    <AnnotatedStopPointRef>
      <StopPointRef>390050985</StopPointRef>
      <CommonName>Old Gaol</CommonName>
      <LocalityName>Bury St Edmunds</LocalityName>
      <LocalityQualifier>Suffolk</LocalityQualifier>
    </AnnotatedStopPointRef>
    <AnnotatedStopPointRef>
      <StopPointRef>390018663</StopPointRef>
      <CommonName>The Curlews Footpath</CommonName>
      <LocalityName>Nowton Estate</LocalityName>
      <LocalityQualifier>Suffolk</LocalityQualifier>
    </AnnotatedStopPointRef>
    <AnnotatedStopPointRef>
      <StopPointRef>390050762</StopPointRef>
      <CommonName>Rushbrooke Arms</CommonName>
      <Indicator>o/s</Indicator>
      <LocalityName>Sicklesmere</LocalityName>
      <LocalityQualifier>Suffolk</LocalityQualifier>
    </AnnotatedStopPointRef>
    <AnnotatedStopPointRef>
      <StopPointRef>390050781</StopPointRef>
      <CommonName>Post Box</CommonName>
      <LocalityName>Little Whelnetham</LocalityName>
      <LocalityQualifier>Suffolk</LocalityQualifier>
    </AnnotatedStopPointRef>
    <AnnotatedStopPointRef>
      <StopPointRef>390050779</StopPointRef>
      <CommonName>The Green</CommonName>
      <Indicator>opp</Indicator>
      <LocalityName>Bradfield St George</LocalityName>
      <LocalityQualifier>Suffolk</LocalityQualifier>
    </AnnotatedStopPointRef>
    <AnnotatedStopPointRef>
      <StopPointRef>390050777</StopPointRef>
      <CommonName>Village Sign</CommonName>
      <LocalityName>Bradfield St George</LocalityName>
      <LocalityQualifier>Suffolk</LocalityQualifier>
    </AnnotatedStopPointRef>
    <AnnotatedStopPointRef>
      <StopPointRef>390040711</StopPointRef>
      <CommonName>Shelter</CommonName>
      <LocalityName>Gedding</LocalityName>
      <LocalityQualifier>Suffolk</LocalityQualifier>
    </AnnotatedStopPointRef>
    <AnnotatedStopPointRef>
      <StopPointRef>390040909</StopPointRef>
      <CommonName>Playing Fields</CommonName>
      <LocalityName>Lower Green/Felsham</LocalityName>
      <LocalityQualifier>Suffolk</LocalityQualifier>
    </AnnotatedStopPointRef>
    <AnnotatedStopPointRef>
      <StopPointRef>390040668</StopPointRef>
      <CommonName>Six Bells</CommonName>
      <LocalityName>Felsham</LocalityName>
      <LocalityQualifier>Suffolk</LocalityQualifier>
    </AnnotatedStopPointRef>
    <AnnotatedStopPointRef>
      <StopPointRef>390040911</StopPointRef>
      <CommonName>Bury Road</CommonName>
      <LocalityName>Felsham</LocalityName>
      <LocalityQualifier>Suffolk</LocalityQualifier>
    </AnnotatedStopPointRef>
    <AnnotatedStopPointRef>
      <StopPointRef>390041141</StopPointRef>
      <CommonName>Lime Walk</CommonName>
      <LocalityName>Felsham</LocalityName>
      <LocalityQualifier>Suffolk</LocalityQualifier>
    </AnnotatedStopPointRef>
    <AnnotatedStopPointRef>
      <StopPointRef>390010451</StopPointRef>
      <CommonName>Dukes Meadow</CommonName>
      <Indicator>opp</Indicator>
      <LocalityName>Great Green/Cockfld.</LocalityName>
      <LocalityQualifier>Suffolk</LocalityQualifier>
    </AnnotatedStopPointRef>
    <AnnotatedStopPointRef>
      <StopPointRef>390010450</StopPointRef>
      <CommonName>Chapel Road</CommonName>
      <Indicator>S-bound</Indicator>
      <LocalityName>Great Green/Cockfld.</LocalityName>
      <LocalityQualifier>Suffolk</LocalityQualifier>
    </AnnotatedStopPointRef>
    <AnnotatedStopPointRef>
      <StopPointRef>390040902</StopPointRef>
      <CommonName>Bull</CommonName>
      <Indicator>o/s</Indicator>
      <LocalityName>Thorpe Morieux</LocalityName>
      <LocalityQualifier>Suffolk</LocalityQualifier>
    </AnnotatedStopPointRef>
    <AnnotatedStopPointRef>
      <StopPointRef>390040905</StopPointRef>
      <CommonName>Greatfields</CommonName>
      <Indicator>opp</Indicator>
      <LocalityName>Thorpe Morieux</LocalityName>
      <LocalityQualifier>Suffolk</LocalityQualifier>
    </AnnotatedStopPointRef>
    <AnnotatedStopPointRef>
      <StopPointRef>390010530</StopPointRef>
      <CommonName>Church Corner</CommonName>
      <Indicator>E-bound</Indicator>
      <LocalityName>Thorpe Morieux</LocalityName>
      <LocalityQualifier>Suffolk</LocalityQualifier>
    </AnnotatedStopPointRef>
    <AnnotatedStopPointRef>
      <StopPointRef>390010529</StopPointRef>
      <CommonName>Park Gates</CommonName>
      <Indicator>opp</Indicator>
      <LocalityName>Brettenham (Suffk)</LocalityName>
      <LocalityQualifier>Suffolk</LocalityQualifier>
    </AnnotatedStopPointRef>
    <AnnotatedStopPointRef>
      <StopPointRef>390010527</StopPointRef>
      <CommonName>Church</CommonName>
      <Indicator>opp</Indicator>
      <LocalityName>Brettenham (Suffk)</LocalityName>
      <LocalityQualifier>Suffolk</LocalityQualifier>
    </AnnotatedStopPointRef>
    <AnnotatedStopPointRef>
      <StopPointRef>390040920</StopPointRef>
      <CommonName>Telephone Box</CommonName>
      <Indicator>o/s</Indicator>
      <LocalityName>Cross Green/Hitcham</LocalityName>
      <LocalityQualifier>Suffolk</LocalityQualifier>
    </AnnotatedStopPointRef>
    <AnnotatedStopPointRef>
      <StopPointRef>390010493</StopPointRef>
      <CommonName>Causeway Estate</CommonName>
      <LocalityName>Hitcham Causeway</LocalityName>
      <LocalityQualifier>Suffolk</LocalityQualifier>
    </AnnotatedStopPointRef>
    <AnnotatedStopPointRef>
      <StopPointRef>390010495</StopPointRef>
      <CommonName>Squirrels Depot</CommonName>
      <Indicator>adj</Indicator>
      <LocalityName>Hitcham</LocalityName>
      <LocalityQualifier>Suffolk</LocalityQualifier>
    </AnnotatedStopPointRef>
    <AnnotatedStopPointRef>
      <StopPointRef>390010488</StopPointRef>
      <CommonName>White Horse</CommonName>
      <Indicator>opp</Indicator>
      <LocalityName>Hitcham</LocalityName>
      <LocalityQualifier>Suffolk</LocalityQualifier>
    </AnnotatedStopPointRef>
    <AnnotatedStopPointRef>
      <StopPointRef>390010464</StopPointRef>
      <CommonName>Semer Bridge</CommonName>
      <Indicator>opp</Indicator>
      <LocalityName>Semer</LocalityName>
      <LocalityQualifier>Suffolk</LocalityQualifier>
    </AnnotatedStopPointRef>
    <AnnotatedStopPointRef>
      <StopPointRef>390010717</StopPointRef>
      <CommonName>Semer Lodge</CommonName>
      <Indicator>adj</Indicator>
      <LocalityName>Semer</LocalityName>
      <LocalityQualifier>Suffolk</LocalityQualifier>
    </AnnotatedStopPointRef>
    <AnnotatedStopPointRef>
      <StopPointRef>390010402</StopPointRef>
      <CommonName>Allen Road</CommonName>
      <Indicator>adj</Indicator>
      <LocalityName>Hadleigh (Suffk)</LocalityName>
      <LocalityQualifier>Suffolk</LocalityQualifier>
    </AnnotatedStopPointRef>
    <AnnotatedStopPointRef>
      <StopPointRef>390010401</StopPointRef>
      <CommonName>Morrisons</CommonName>
      <LocalityName>Hadleigh (Suffk)</LocalityName>
      <LocalityQualifier>Suffolk</LocalityQualifier>
    </AnnotatedStopPointRef>
    <AnnotatedStopPointRef>
      <StopPointRef>390010398</StopPointRef>
      <CommonName>Meadows Way</CommonName>
      <Indicator>adj</Indicator>
      <LocalityName>Hadleigh (Suffk)</LocalityName>
      <LocalityQualifier>Suffolk</LocalityQualifier>
    </AnnotatedStopPointRef>
    <AnnotatedStopPointRef>
      <StopPointRef>390010417</StopPointRef>
      <CommonName>High Street Mews</CommonName>
      <Indicator>S-bound</Indicator>
      <LocalityName>Hadleigh (Suffk)</LocalityName>
      <LocalityQualifier>Suffolk</LocalityQualifier>
    </AnnotatedStopPointRef>
    <AnnotatedStopPointRef>
      <StopPointRef>390010387</StopPointRef>
      <CommonName>Bus Station</CommonName>
      <Indicator>Stand D</Indicator>
      <LocalityName>Hadleigh (Suffk)</LocalityName>
      <LocalityQualifier>Suffolk</LocalityQualifier>
    </AnnotatedStopPointRef>
    <AnnotatedStopPointRef>
      <StopPointRef>390010411</StopPointRef>
      <CommonName>Sydney Brown Court</CommonName>
      <Indicator>o/s</Indicator>
      <LocalityName>Hadleigh (Suffk)</LocalityName>
      <LocalityQualifier>Suffolk</LocalityQualifier>
    </AnnotatedStopPointRef>
    <AnnotatedStopPointRef>
      <StopPointRef>390010834</StopPointRef>
      <CommonName>Bourchier Close</CommonName>
      <Indicator>opp</Indicator>
      <LocalityName>Hadleigh (Suffk)</LocalityName>
      <LocalityQualifier>Suffolk</LocalityQualifier>
    </AnnotatedStopPointRef>
    <AnnotatedStopPointRef>
      <StopPointRef>390010426</StopPointRef>
      <CommonName>High School</CommonName>
      <LocalityName>Hadleigh (Suffk)</LocalityName>
      <LocalityQualifier>Suffolk</LocalityQualifier>
    </AnnotatedStopPointRef>
    <AnnotatedStopPointRef>
      <StopPointRef>390010421</StopPointRef>
      <CommonName>Meriton Rise</CommonName>
      <Indicator>adj</Indicator>
      <LocalityName>Hadleigh (Suffk)</LocalityName>
      <LocalityQualifier>Suffolk</LocalityQualifier>
    </AnnotatedStopPointRef>
    <AnnotatedStopPointRef>
      <StopPointRef>390010423</StopPointRef>
      <CommonName>Woodthorpe Close</CommonName>
      <Indicator>opp</Indicator>
      <LocalityName>Hadleigh (Suffk)</LocalityName>
      <LocalityQualifier>Suffolk</LocalityQualifier>
    </AnnotatedStopPointRef>
    <AnnotatedStopPointRef>
      <StopPointRef>390010424</StopPointRef>
      <CommonName>Woodthorpe Road</CommonName>
      <Indicator>o/s 26</Indicator>
      <LocalityName>Hadleigh (Suffk)</LocalityName>
      <LocalityQualifier>Suffolk</LocalityQualifier>
    </AnnotatedStopPointRef>
    <AnnotatedStopPointRef>
      <StopPointRef>390010429</StopPointRef>
      <CommonName>Clopton Gardens</CommonName>
      <Indicator>adj</Indicator>
      <LocalityName>Hadleigh (Suffk)</LocalityName>
      <LocalityQualifier>Suffolk</LocalityQualifier>
    </AnnotatedStopPointRef>
    <AnnotatedStopPointRef>
      <StopPointRef>390010410</StopPointRef>
      <CommonName>Sydney Brown Court</CommonName>
      <Indicator>opp</Indicator>
      <LocalityName>Hadleigh (Suffk)</LocalityName>
      <LocalityQualifier>Suffolk</LocalityQualifier>
    </AnnotatedStopPointRef>
  </StopPoints>
  <RouteSections>
    <RouteSection id="RS_13-379-_-y08-1-O-1">
      <RouteLink id="RL_13-379-_-y08-1-O-1-1">
        <From>
          <StopPointRef>390050790</StopPointRef>
        </From>
        <To>
          <StopPointRef>390050877</StopPointRef>
        </To>
        <Direction>outbound</Direction>
      </RouteLink>
      <RouteLink id="RL_13-379-_-y08-1-O-1-2">
        <From>
          <StopPointRef>390050877</StopPointRef>
        </From>
        <To>
          <StopPointRef>390051021</StopPointRef>
        </To>
        <Direction>outbound</Direction>
      </RouteLink>
      <RouteLink id="RL_13-379-_-y08-1-O-1-3">
        <From>
          <StopPointRef>390051021</StopPointRef>
        </From>
        <To>
          <StopPointRef>390050903</StopPointRef>
        </To>
        <Direction>outbound</Direction>
      </RouteLink>
      <RouteLink id="RL_13-379-_-y08-1-O-1-4">
        <From>
          <StopPointRef>390050903</StopPointRef>
        </From>
        <To>
          <StopPointRef>390050900</StopPointRef>
        </To>
        <Direction>outbound</Direction>
      </RouteLink>
      <RouteLink id="RL_13-379-_-y08-1-O-1-5">
        <From>
          <StopPointRef>390050900</StopPointRef>
        </From>
        <To>
          <StopPointRef>390050985</StopPointRef>
        </To>
        <Direction>outbound</Direction>
      </RouteLink>
      <RouteLink id="RL_13-379-_-y08-1-O-1-6">
        <From>
          <StopPointRef>390050985</StopPointRef>
        </From>
        <To>
          <StopPointRef>390018663</StopPointRef>
        </To>
        <Direction>outbound</Direction>
      </RouteLink>
      <RouteLink id="RL_13-379-_-y08-1-O-1-7">
        <From>
          <StopPointRef>390018663</StopPointRef>
        </From>
        <To>
          <StopPointRef>390050762</StopPointRef>
        </To>
        <Direction>outbound</Direction>
      </RouteLink>
      <RouteLink id="RL_13-379-_-y08-1-O-1-8">
        <From>
          <StopPointRef>390050762</StopPointRef>
        </From>
        <To>
          <StopPointRef>390050781</StopPointRef>
        </To>
        <Direction>outbound</Direction>
      </RouteLink>
      <RouteLink id="RL_13-379-_-y08-1-O-1-9">
        <From>
          <StopPointRef>390050781</StopPointRef>
        </From>
        <To>
          <StopPointRef>390050779</StopPointRef>
        </To>
        <Direction>outbound</Direction>
      </RouteLink>
      <RouteLink id="RL_13-379-_-y08-1-O-1-10">
        <From>
          <StopPointRef>390050779</StopPointRef>
        </From>
        <To>
          <StopPointRef>390050777</StopPointRef>
        </To>
        <Direction>outbound</Direction>
      </RouteLink>
      <RouteLink id="RL_13-379-_-y08-1-O-1-11">
        <From>
          <StopPointRef>390050777</StopPointRef>
        </From>
        <To>
          <StopPointRef>390040711</StopPointRef>
        </To>
        <Direction>outbound</Direction>
      </RouteLink>
      <RouteLink id="RL_13-379-_-y08-1-O-1-12">
        <From>
          <StopPointRef>390040711</StopPointRef>
        </From>
        <To>
          <StopPointRef>390040909</StopPointRef>
        </To>
        <Direction>outbound</Direction>
      </RouteLink>
      <RouteLink id="RL_13-379-_-y08-1-O-1-13">
        <From>
          <StopPointRef>390040909</StopPointRef>
        </From>
        <To>
          <StopPointRef>390040668</StopPointRef>
        </To>
        <Direction>outbound</Direction>
      </RouteLink>
      <RouteLink id="RL_13-379-_-y08-1-O-1-14">
        <From>
          <StopPointRef>390040668</StopPointRef>
        </From>
        <To>
          <StopPointRef>390040911</StopPointRef>
        </To>
        <Direction>outbound</Direction>
      </RouteLink>
      <RouteLink id="RL_13-379-_-y08-1-O-1-15">
        <From>
          <StopPointRef>390040911</StopPointRef>
        </From>
        <To>
          <StopPointRef>390041141</StopPointRef>
        </To>
        <Direction>outbound</Direction>
      </RouteLink>
      <RouteLink id="RL_13-379-_-y08-1-O-1-16">
        <From>
          <StopPointRef>390041141</StopPointRef>
        </From>
        <To>
          <StopPointRef>390010451</StopPointRef>
        </To>
        <Direction>outbound</Direction>
      </RouteLink>
      <RouteLink id="RL_13-379-_-y08-1-O-1-17">
        <From>
          <StopPointRef>390010451</StopPointRef>
        </From>
        <To>
          <StopPointRef>390010450</StopPointRef>
        </To>
        <Direction>outbound</Direction>
      </RouteLink>
      <RouteLink id="RL_13-379-_-y08-1-O-1-18">
        <From>
          <StopPointRef>390010450</StopPointRef>
        </From>
        <To>
          <StopPointRef>390040902</StopPointRef>
        </To>
        <Direction>outbound</Direction>
      </RouteLink>
      <RouteLink id="RL_13-379-_-y08-1-O-1-19">
        <From>
          <StopPointRef>390040902</StopPointRef>
        </From>
        <To>
          <StopPointRef>390040905</StopPointRef>
        </To>
        <Direction>outbound</Direction>
      </RouteLink>
      <RouteLink id="RL_13-379-_-y08-1-O-1-20">
        <From>
          <StopPointRef>390040905</StopPointRef>
        </From>
        <To>
          <StopPointRef>390010530</StopPointRef>
        </To>
        <Direction>outbound</Direction>
      </RouteLink>
      <RouteLink id="RL_13-379-_-y08-1-O-1-21">
        <From>
          <StopPointRef>390010530</StopPointRef>
        </From>
        <To>
          <StopPointRef>390010529</StopPointRef>
        </To>
        <Direction>outbound</Direction>
      </RouteLink>
      <RouteLink id="RL_13-379-_-y08-1-O-1-22">
        <From>
          <StopPointRef>390010529</StopPointRef>
        </From>
        <To>
          <StopPointRef>390010527</StopPointRef>
        </To>
        <Direction>outbound</Direction>
      </RouteLink>
      <RouteLink id="RL_13-379-_-y08-1-O-1-23">
        <From>
          <StopPointRef>390010527</StopPointRef>
        </From>
        <To>
          <StopPointRef>390040920</StopPointRef>
        </To>
        <Direction>outbound</Direction>
      </RouteLink>
      <RouteLink id="RL_13-379-_-y08-1-O-1-24">
        <From>
          <StopPointRef>390040920</StopPointRef>
        </From>
        <To>
          <StopPointRef>390010493</StopPointRef>
        </To>
        <Direction>outbound</Direction>
      </RouteLink>
      <RouteLink id="RL_13-379-_-y08-1-O-1-25">
        <From>
          <StopPointRef>390010493</StopPointRef>
        </From>
        <To>
          <StopPointRef>390010495</StopPointRef>
        </To>
        <Direction>outbound</Direction>
      </RouteLink>
      <RouteLink id="RL_13-379-_-y08-1-O-1-26">
        <From>
          <StopPointRef>390010495</StopPointRef>
        </From>
        <To>
          <StopPointRef>390010488</StopPointRef>
        </To>
        <Direction>outbound</Direction>
      </RouteLink>
      <RouteLink id="RL_13-379-_-y08-1-O-1-27">
        <From>
          <StopPointRef>390010488</StopPointRef>
        </From>
        <To>
          <StopPointRef>390010652</StopPointRef>
        </To>
        <Direction>outbound</Direction>
      </RouteLink>
      <RouteLink id="RL_13-379-_-y08-1-O-1-28">
        <From>
          <StopPointRef>390010652</StopPointRef>
        </From>
        <To>
          <StopPointRef>390010464</StopPointRef>
        </To>
        <Direction>outbound</Direction>
      </RouteLink>
      <RouteLink id="RL_13-379-_-y08-1-O-1-29">
        <From>
          <StopPointRef>390010464</StopPointRef>
        </From>
        <To>
          <StopPointRef>390010717</StopPointRef>
        </To>
        <Direction>outbound</Direction>
      </RouteLink>
      <RouteLink id="RL_13-379-_-y08-1-O-1-30">
        <From>
          <StopPointRef>390010717</StopPointRef>
        </From>
        <To>
          <StopPointRef>390010402</StopPointRef>
        </To>
        <Direction>outbound</Direction>
      </RouteLink>
      <RouteLink id="RL_13-379-_-y08-1-O-1-31">
        <From>
          <StopPointRef>390010402</StopPointRef>
        </From>
        <To>
          <StopPointRef>390010401</StopPointRef>
        </To>
        <Direction>outbound</Direction>
      </RouteLink>
      <RouteLink id="RL_13-379-_-y08-1-O-1-32">
        <From>
          <StopPointRef>390010401</StopPointRef>
        </From>
        <To>
          <StopPointRef>390010398</StopPointRef>
        </To>
        <Direction>outbound</Direction>
      </RouteLink>
      <RouteLink id="RL_13-379-_-y08-1-O-1-33">
        <From>
          <StopPointRef>390010398</StopPointRef>
        </From>
        <To>
          <StopPointRef>390010417</StopPointRef>
        </To>
        <Direction>outbound</Direction>
      </RouteLink>
      <RouteLink id="RL_13-379-_-y08-1-O-1-34">
        <From>
          <StopPointRef>390010417</StopPointRef>
        </From>
        <To>
          <StopPointRef>390010387</StopPointRef>
        </To>
        <Direction>outbound</Direction>
      </RouteLink>
      <RouteLink id="RL_13-379-_-y08-1-O-1-35">
        <From>
          <StopPointRef>390010387</StopPointRef>
        </From>
        <To>
          <StopPointRef>390010411</StopPointRef>
        </To>
        <Direction>outbound</Direction>
      </RouteLink>
      <RouteLink id="RL_13-379-_-y08-1-O-1-36">
        <From>
          <StopPointRef>390010411</StopPointRef>
        </From>
        <To>
          <StopPointRef>390010834</StopPointRef>
        </To>
        <Direction>outbound</Direction>
      </RouteLink>
      <RouteLink id="RL_13-379-_-y08-1-O-1-37">
        <From>
          <StopPointRef>390010834</StopPointRef>
        </From>
        <To>
          <StopPointRef>390010426</StopPointRef>
        </To>
        <Direction>outbound</Direction>
      </RouteLink>
      <RouteLink id="RL_13-379-_-y08-1-O-1-38">
        <From>
          <StopPointRef>390010426</StopPointRef>
        </From>
        <To>
          <StopPointRef>390010421</StopPointRef>
        </To>
        <Direction>outbound</Direction>
      </RouteLink>
      <RouteLink id="RL_13-379-_-y08-1-O-1-39">
        <From>
          <StopPointRef>390010421</StopPointRef>
        </From>
        <To>
          <StopPointRef>390010423</StopPointRef>
        </To>
        <Direction>outbound</Direction>
      </RouteLink>
      <RouteLink id="RL_13-379-_-y08-1-O-1-40">
        <From>
          <StopPointRef>390010423</StopPointRef>
        </From>
        <To>
          <StopPointRef>390010424</StopPointRef>
        </To>
        <Direction>outbound</Direction>
      </RouteLink>
      <RouteLink id="RL_13-379-_-y08-1-O-1-41">
        <From>
          <StopPointRef>390010424</StopPointRef>
        </From>
        <To>
          <StopPointRef>390010429</StopPointRef>
        </To>
        <Direction>outbound</Direction>
      </RouteLink>
      <RouteLink id="RL_13-379-_-y08-1-O-1-42">
        <From>
          <StopPointRef>390010429</StopPointRef>
        </From>
        <To>
          <StopPointRef>390010410</StopPointRef>
        </To>
        <Direction>outbound</Direction>
      </RouteLink>
      <RouteLink id="RL_13-379-_-y08-1-O-1-43">
        <From>
          <StopPointRef>390010410</StopPointRef>
        </From>
        <To>
          <StopPointRef>390010891</StopPointRef>
        </To>
        <Direction>outbound</Direction>
      </RouteLink>
    </RouteSection>
    <RouteSection id="RS_13-379-_-y08-1-I-2">
      <RouteLink id="RL_13-379-_-y08-1-I-2-1">
        <From>
          <StopPointRef>390010891</StopPointRef>
        </From>
        <To>
          <StopPointRef>390010416</StopPointRef>
        </To>
        <Direction>inbound</Direction>
      </RouteLink>
      <RouteLink id="RL_13-379-_-y08-1-I-2-2">
        <From>
          <StopPointRef>390010416</StopPointRef>
        </From>
        <To>
          <StopPointRef>390010399</StopPointRef>
        </To>
        <Direction>inbound</Direction>
      </RouteLink>
      <RouteLink id="RL_13-379-_-y08-1-I-2-3">
        <From>
          <StopPointRef>390010399</StopPointRef>
        </From>
        <To>
          <StopPointRef>390010400</StopPointRef>
        </To>
        <Direction>inbound</Direction>
      </RouteLink>
      <RouteLink id="RL_13-379-_-y08-1-I-2-4">
        <From>
          <StopPointRef>390010400</StopPointRef>
        </From>
        <To>
          <StopPointRef>390010403</StopPointRef>
        </To>
        <Direction>inbound</Direction>
      </RouteLink>
      <RouteLink id="RL_13-379-_-y08-1-I-2-5">
        <From>
          <StopPointRef>390010403</StopPointRef>
        </From>
        <To>
          <StopPointRef>390010718</StopPointRef>
        </To>
        <Direction>inbound</Direction>
      </RouteLink>
      <RouteLink id="RL_13-379-_-y08-1-I-2-6">
        <From>
          <StopPointRef>390010718</StopPointRef>
        </From>
        <To>
          <StopPointRef>390010463</StopPointRef>
        </To>
        <Direction>inbound</Direction>
      </RouteLink>
      <RouteLink id="RL_13-379-_-y08-1-I-2-7">
        <From>
          <StopPointRef>390010463</StopPointRef>
        </From>
        <To>
          <StopPointRef>390010652</StopPointRef>
        </To>
        <Direction>inbound</Direction>
      </RouteLink>
      <RouteLink id="RL_13-379-_-y08-1-I-2-8">
        <From>
          <StopPointRef>390010652</StopPointRef>
        </From>
        <To>
          <StopPointRef>390010487</StopPointRef>
        </To>
        <Direction>inbound</Direction>
      </RouteLink>
      <RouteLink id="RL_13-379-_-y08-1-I-2-9">
        <From>
          <StopPointRef>390010487</StopPointRef>
        </From>
        <To>
          <StopPointRef>390010496</StopPointRef>
        </To>
        <Direction>inbound</Direction>
      </RouteLink>
      <RouteLink id="RL_13-379-_-y08-1-I-2-10">
        <From>
          <StopPointRef>390010496</StopPointRef>
        </From>
        <To>
          <StopPointRef>390010494</StopPointRef>
        </To>
        <Direction>inbound</Direction>
      </RouteLink>
      <RouteLink id="RL_13-379-_-y08-1-I-2-11">
        <From>
          <StopPointRef>390010494</StopPointRef>
        </From>
        <To>
          <StopPointRef>390040921</StopPointRef>
        </To>
        <Direction>inbound</Direction>
      </RouteLink>
      <RouteLink id="RL_13-379-_-y08-1-I-2-12">
        <From>
          <StopPointRef>390040921</StopPointRef>
        </From>
        <To>
          <StopPointRef>390010526</StopPointRef>
        </To>
        <Direction>inbound</Direction>
      </RouteLink>
      <RouteLink id="RL_13-379-_-y08-1-I-2-13">
        <From>
          <StopPointRef>390010526</StopPointRef>
        </From>
        <To>
          <StopPointRef>390010528</StopPointRef>
        </To>
        <Direction>inbound</Direction>
      </RouteLink>
      <RouteLink id="RL_13-379-_-y08-1-I-2-14">
        <From>
          <StopPointRef>390010528</StopPointRef>
        </From>
        <To>
          <StopPointRef>390010531</StopPointRef>
        </To>
        <Direction>inbound</Direction>
      </RouteLink>
      <RouteLink id="RL_13-379-_-y08-1-I-2-15">
        <From>
          <StopPointRef>390010531</StopPointRef>
        </From>
        <To>
          <StopPointRef>390040904</StopPointRef>
        </To>
        <Direction>inbound</Direction>
      </RouteLink>
      <RouteLink id="RL_13-379-_-y08-1-I-2-16">
        <From>
          <StopPointRef>390040904</StopPointRef>
        </From>
        <To>
          <StopPointRef>390040903</StopPointRef>
        </To>
        <Direction>inbound</Direction>
      </RouteLink>
      <RouteLink id="RL_13-379-_-y08-1-I-2-17">
        <From>
          <StopPointRef>390040903</StopPointRef>
        </From>
        <To>
          <StopPointRef>390010449</StopPointRef>
        </To>
        <Direction>inbound</Direction>
      </RouteLink>
      <RouteLink id="RL_13-379-_-y08-1-I-2-18">
        <From>
          <StopPointRef>390010449</StopPointRef>
        </From>
        <To>
          <StopPointRef>390010452</StopPointRef>
        </To>
        <Direction>inbound</Direction>
      </RouteLink>
      <RouteLink id="RL_13-379-_-y08-1-I-2-19">
        <From>
          <StopPointRef>390010452</StopPointRef>
        </From>
        <To>
          <StopPointRef>390041007</StopPointRef>
        </To>
        <Direction>inbound</Direction>
      </RouteLink>
      <RouteLink id="RL_13-379-_-y08-1-I-2-20">
        <From>
          <StopPointRef>390041007</StopPointRef>
        </From>
        <To>
          <StopPointRef>390040910</StopPointRef>
        </To>
        <Direction>inbound</Direction>
      </RouteLink>
      <RouteLink id="RL_13-379-_-y08-1-I-2-21">
        <From>
          <StopPointRef>390040910</StopPointRef>
        </From>
        <To>
          <StopPointRef>390040667</StopPointRef>
        </To>
        <Direction>inbound</Direction>
      </RouteLink>
      <RouteLink id="RL_13-379-_-y08-1-I-2-22">
        <From>
          <StopPointRef>390040667</StopPointRef>
        </From>
        <To>
          <StopPointRef>390040908</StopPointRef>
        </To>
        <Direction>inbound</Direction>
      </RouteLink>
      <RouteLink id="RL_13-379-_-y08-1-I-2-23">
        <From>
          <StopPointRef>390040908</StopPointRef>
        </From>
        <To>
          <StopPointRef>390040712</StopPointRef>
        </To>
        <Direction>inbound</Direction>
      </RouteLink>
      <RouteLink id="RL_13-379-_-y08-1-I-2-24">
        <From>
          <StopPointRef>390040712</StopPointRef>
        </From>
        <To>
          <StopPointRef>390050776</StopPointRef>
        </To>
        <Direction>inbound</Direction>
      </RouteLink>
      <RouteLink id="RL_13-379-_-y08-1-I-2-25">
        <From>
          <StopPointRef>390050776</StopPointRef>
        </From>
        <To>
          <StopPointRef>390050778</StopPointRef>
        </To>
        <Direction>inbound</Direction>
      </RouteLink>
      <RouteLink id="RL_13-379-_-y08-1-I-2-26">
        <From>
          <StopPointRef>390050778</StopPointRef>
        </From>
        <To>
          <StopPointRef>390050780</StopPointRef>
        </To>
        <Direction>inbound</Direction>
      </RouteLink>
      <RouteLink id="RL_13-379-_-y08-1-I-2-27">
        <From>
          <StopPointRef>390050780</StopPointRef>
        </From>
        <To>
          <StopPointRef>390050763</StopPointRef>
        </To>
        <Direction>inbound</Direction>
      </RouteLink>
      <RouteLink id="RL_13-379-_-y08-1-I-2-28">
        <From>
          <StopPointRef>390050763</StopPointRef>
        </From>
        <To>
          <StopPointRef>390018664</StopPointRef>
        </To>
        <Direction>inbound</Direction>
      </RouteLink>
      <RouteLink id="RL_13-379-_-y08-1-I-2-29">
        <From>
          <StopPointRef>390018664</StopPointRef>
        </From>
        <To>
          <StopPointRef>390050986</StopPointRef>
        </To>
        <Direction>inbound</Direction>
      </RouteLink>
      <RouteLink id="RL_13-379-_-y08-1-I-2-30">
        <From>
          <StopPointRef>390050986</StopPointRef>
        </From>
        <To>
          <StopPointRef>390050901</StopPointRef>
        </To>
        <Direction>inbound</Direction>
      </RouteLink>
      <RouteLink id="RL_13-379-_-y08-1-I-2-31">
        <From>
          <StopPointRef>390050901</StopPointRef>
        </From>
        <To>
          <StopPointRef>390050902</StopPointRef>
        </To>
        <Direction>inbound</Direction>
      </RouteLink>
      <RouteLink id="RL_13-379-_-y08-1-I-2-32">
        <From>
          <StopPointRef>390050902</StopPointRef>
        </From>
        <To>
          <StopPointRef>390050790</StopPointRef>
        </To>
        <Direction>inbound</Direction>
      </RouteLink>
    </RouteSection>
  </RouteSections>
  <Routes>
    <Route id="R_13-379-_-y08-1-O-1">
      <PrivateCode>R_13-379-_-y08-1-O-1</PrivateCode>
      <Description>Bus Station - Bus Station</Description>
      <RouteSectionRef>RS_13-379-_-y08-1-O-1</RouteSectionRef>
    </Route>
    <Route id="R_13-379-_-y08-1-I-2">
      <PrivateCode>R_13-379-_-y08-1-I-2</PrivateCode>
      <Description>Bus Station - Bus Station</Description>
      <RouteSectionRef>RS_13-379-_-y08-1-I-2</RouteSectionRef>
    </Route>
  </Routes>
  <JourneyPatternSections>
    <JourneyPatternSection id="JPS_13-379-_-y08-1-1-1-O">
      <JourneyPatternTimingLink id="JPL_13-379-_-y08-1-1-O-1-2">
        <From SequenceNumber="1">
          <Activity>pickUp</Activity>
          <StopPointRef>390050790</StopPointRef>
          <TimingStatus>PTP</TimingStatus>
        </From>
        <To SequenceNumber="2">
          <Activity>pickUpAndSetDown</Activity>
          <StopPointRef>390050877</StopPointRef>
          <TimingStatus>OTH</TimingStatus>
        </To>
        <RouteLinkRef>RL_13-379-_-y08-1-O-1-1</RouteLinkRef>
        <RunTime>PT46S</RunTime>
      </JourneyPatternTimingLink>
      <JourneyPatternTimingLink id="JPL_13-379-_-y08-1-1-O-1-3">
        <From SequenceNumber="2">
          <Activity>pickUpAndSetDown</Activity>
          <StopPointRef>390050877</StopPointRef>
          <TimingStatus>OTH</TimingStatus>
        </From>
        <To SequenceNumber="3">
          <Activity>pickUpAndSetDown</Activity>
          <StopPointRef>390051021</StopPointRef>
          <TimingStatus>OTH</TimingStatus>
        </To>
        <RouteLinkRef>RL_13-379-_-y08-1-O-1-2</RouteLinkRef>
        <RunTime>PT47S</RunTime>
      </JourneyPatternTimingLink>
      <JourneyPatternTimingLink id="JPL_13-379-_-y08-1-1-O-1-4">
        <From SequenceNumber="3">
          <Activity>pickUpAndSetDown</Activity>
          <StopPointRef>390051021</StopPointRef>
          <TimingStatus>OTH</TimingStatus>
        </From>
        <To SequenceNumber="4">
          <Activity>pickUpAndSetDown</Activity>
          <StopPointRef>390050903</StopPointRef>
          <TimingStatus>OTH</TimingStatus>
        </To>
        <RouteLinkRef>RL_13-379-_-y08-1-O-1-3</RouteLinkRef>
        <RunTime>PT1M4S</RunTime>
      </JourneyPatternTimingLink>
      <JourneyPatternTimingLink id="JPL_13-379-_-y08-1-1-O-1-5">
        <From SequenceNumber="4">
          <Activity>pickUpAndSetDown</Activity>
          <StopPointRef>390050903</StopPointRef>
          <TimingStatus>OTH</TimingStatus>
        </From>
        <To SequenceNumber="5">
          <Activity>pickUpAndSetDown</Activity>
          <StopPointRef>390050900</StopPointRef>
          <TimingStatus>OTH</TimingStatus>
        </To>
        <RouteLinkRef>RL_13-379-_-y08-1-O-1-4</RouteLinkRef>
        <RunTime>PT2M26S</RunTime>
      </JourneyPatternTimingLink>
      <JourneyPatternTimingLink id="JPL_13-379-_-y08-1-1-O-1-6">
        <From SequenceNumber="5">
          <Activity>pickUpAndSetDown</Activity>
          <StopPointRef>390050900</StopPointRef>
          <TimingStatus>OTH</TimingStatus>
        </From>
        <To SequenceNumber="6">
          <Activity>pickUpAndSetDown</Activity>
          <StopPointRef>390050985</StopPointRef>
          <TimingStatus>OTH</TimingStatus>
        </To>
        <RouteLinkRef>RL_13-379-_-y08-1-O-1-5</RouteLinkRef>
        <RunTime>PT1M24S</RunTime>
      </JourneyPatternTimingLink>
      <JourneyPatternTimingLink id="JPL_13-379-_-y08-1-1-O-1-7">
        <From SequenceNumber="6">
          <Activity>pickUpAndSetDown</Activity>
          <StopPointRef>390050985</StopPointRef>
          <TimingStatus>OTH</TimingStatus>
        </From>
        <To SequenceNumber="7">
          <Activity>pickUpAndSetDown</Activity>
          <StopPointRef>390018663</StopPointRef>
          <TimingStatus>PPT</TimingStatus>
        </To>
        <RouteLinkRef>RL_13-379-_-y08-1-O-1-6</RouteLinkRef>
        <RunTime>PT1M52S</RunTime>
      </JourneyPatternTimingLink>
      <JourneyPatternTimingLink id="JPL_13-379-_-y08-1-1-O-1-8">
        <From SequenceNumber="7">
          <Activity>pickUpAndSetDown</Activity>
          <StopPointRef>390018663</StopPointRef>
          <TimingStatus>PPT</TimingStatus>
        </From>
        <To SequenceNumber="8">
          <Activity>pickUpAndSetDown</Activity>
          <StopPointRef>390050762</StopPointRef>
          <TimingStatus>PTP</TimingStatus>
        </To>
        <RouteLinkRef>RL_13-379-_-y08-1-O-1-7</RouteLinkRef>
        <RunTime>PT6M41S</RunTime>
      </JourneyPatternTimingLink>
      <JourneyPatternTimingLink id="JPL_13-379-_-y08-1-1-O-1-9">
        <From SequenceNumber="8">
          <Activity>pickUpAndSetDown</Activity>
          <StopPointRef>390050762</StopPointRef>
          <TimingStatus>PTP</TimingStatus>
        </From>
        <To SequenceNumber="9">
          <Activity>pickUpAndSetDown</Activity>
          <StopPointRef>390050781</StopPointRef>
          <TimingStatus>OTH</TimingStatus>
        </To>
        <RouteLinkRef>RL_13-379-_-y08-1-O-1-8</RouteLinkRef>
        <RunTime>PT43S</RunTime>
      </JourneyPatternTimingLink>
      <JourneyPatternTimingLink id="JPL_13-379-_-y08-1-1-O-1-10">
        <From SequenceNumber="9">
          <Activity>pickUpAndSetDown</Activity>
          <StopPointRef>390050781</StopPointRef>
          <TimingStatus>OTH</TimingStatus>
        </From>
        <To SequenceNumber="10">
          <Activity>pickUpAndSetDown</Activity>
          <StopPointRef>390050779</StopPointRef>
          <TimingStatus>PTP</TimingStatus>
        </To>
        <RouteLinkRef>RL_13-379-_-y08-1-O-1-9</RouteLinkRef>
        <RunTime>PT1M17S</RunTime>
      </JourneyPatternTimingLink>
      <JourneyPatternTimingLink id="JPL_13-379-_-y08-1-1-O-1-11">
        <From SequenceNumber="10">
          <Activity>pickUpAndSetDown</Activity>
          <StopPointRef>390050779</StopPointRef>
          <TimingStatus>PTP</TimingStatus>
        </From>
        <To SequenceNumber="11">
          <Activity>pickUpAndSetDown</Activity>
          <StopPointRef>390050777</StopPointRef>
          <TimingStatus>PTP</TimingStatus>
        </To>
        <RouteLinkRef>RL_13-379-_-y08-1-O-1-10</RouteLinkRef>
        <RunTime>PT3M</RunTime>
      </JourneyPatternTimingLink>
      <JourneyPatternTimingLink id="JPL_13-379-_-y08-1-1-O-1-12">
        <From SequenceNumber="11">
          <Activity>pickUpAndSetDown</Activity>
          <StopPointRef>390050777</StopPointRef>
          <TimingStatus>PTP</TimingStatus>
        </From>
        <To SequenceNumber="12">
          <Activity>pickUpAndSetDown</Activity>
          <StopPointRef>390040711</StopPointRef>
          <TimingStatus>PTP</TimingStatus>
        </To>
        <RouteLinkRef>RL_13-379-_-y08-1-O-1-11</RouteLinkRef>
        <RunTime>PT3M</RunTime>
      </JourneyPatternTimingLink>
      <JourneyPatternTimingLink id="JPL_13-379-_-y08-1-1-O-1-13">
        <From SequenceNumber="12">
          <Activity>pickUpAndSetDown</Activity>
          <StopPointRef>390040711</StopPointRef>
          <TimingStatus>PTP</TimingStatus>
        </From>
        <To SequenceNumber="13">
          <Activity>pickUpAndSetDown</Activity>
          <StopPointRef>390040909</StopPointRef>
          <TimingStatus>OTH</TimingStatus>
        </To>
        <RouteLinkRef>RL_13-379-_-y08-1-O-1-12</RouteLinkRef>
        <RunTime>PT2M13S</RunTime>
      </JourneyPatternTimingLink>
      <JourneyPatternTimingLink id="JPL_13-379-_-y08-1-1-O-1-14">
        <From SequenceNumber="13">
          <Activity>pickUpAndSetDown</Activity>
          <StopPointRef>390040909</StopPointRef>
          <TimingStatus>OTH</TimingStatus>
        </From>
        <To SequenceNumber="14">
          <Activity>pickUpAndSetDown</Activity>
          <StopPointRef>390040668</StopPointRef>
          <TimingStatus>PTP</TimingStatus>
        </To>
        <RouteLinkRef>RL_13-379-_-y08-1-O-1-13</RouteLinkRef>
        <RunTime>PT47S</RunTime>
      </JourneyPatternTimingLink>
      <JourneyPatternTimingLink id="JPL_13-379-_-y08-1-1-O-1-15">
        <From SequenceNumber="14">
          <Activity>pickUpAndSetDown</Activity>
          <StopPointRef>390040668</StopPointRef>
          <TimingStatus>PTP</TimingStatus>
        </From>
        <To SequenceNumber="15">
          <Activity>pickUpAndSetDown</Activity>
          <StopPointRef>390040911</StopPointRef>
          <TimingStatus>OTH</TimingStatus>
        </To>
        <RouteLinkRef>RL_13-379-_-y08-1-O-1-14</RouteLinkRef>
        <RunTime>PT10S</RunTime>
      </JourneyPatternTimingLink>
      <JourneyPatternTimingLink id="JPL_13-379-_-y08-1-1-O-1-16">
        <From SequenceNumber="15">
          <Activity>pickUpAndSetDown</Activity>
          <StopPointRef>390040911</StopPointRef>
          <TimingStatus>OTH</TimingStatus>
        </From>
        <To SequenceNumber="16">
          <Activity>pickUpAndSetDown</Activity>
          <StopPointRef>390041141</StopPointRef>
          <TimingStatus>OTH</TimingStatus>
        </To>
        <RouteLinkRef>RL_13-379-_-y08-1-O-1-15</RouteLinkRef>
        <RunTime>PT7S</RunTime>
      </JourneyPatternTimingLink>
      <JourneyPatternTimingLink id="JPL_13-379-_-y08-1-1-O-1-17">
        <From SequenceNumber="16">
          <Activity>pickUpAndSetDown</Activity>
          <StopPointRef>390041141</StopPointRef>
          <TimingStatus>OTH</TimingStatus>
        </From>
        <To SequenceNumber="17">
          <Activity>pickUpAndSetDown</Activity>
          <StopPointRef>390010451</StopPointRef>
          <TimingStatus>PTP</TimingStatus>
        </To>
        <RouteLinkRef>RL_13-379-_-y08-1-O-1-16</RouteLinkRef>
        <RunTime>PT2M43S</RunTime>
      </JourneyPatternTimingLink>
      <JourneyPatternTimingLink id="JPL_13-379-_-y08-1-1-O-1-18">
        <From SequenceNumber="17">
          <Activity>pickUpAndSetDown</Activity>
          <StopPointRef>390010451</StopPointRef>
          <TimingStatus>PTP</TimingStatus>
        </From>
        <To SequenceNumber="18">
          <Activity>pickUpAndSetDown</Activity>
          <StopPointRef>390010450</StopPointRef>
          <TimingStatus>OTH</TimingStatus>
        </To>
        <RouteLinkRef>RL_13-379-_-y08-1-O-1-17</RouteLinkRef>
        <RunTime>PT47S</RunTime>
      </JourneyPatternTimingLink>
      <JourneyPatternTimingLink id="JPL_13-379-_-y08-1-1-O-1-19">
        <From SequenceNumber="18">
          <Activity>pickUpAndSetDown</Activity>
          <StopPointRef>390010450</StopPointRef>
          <TimingStatus>OTH</TimingStatus>
        </From>
        <To SequenceNumber="19">
          <Activity>pickUpAndSetDown</Activity>
          <StopPointRef>390040902</StopPointRef>
          <TimingStatus>OTH</TimingStatus>
        </To>
        <RouteLinkRef>RL_13-379-_-y08-1-O-1-18</RouteLinkRef>
        <RunTime>PT6M49S</RunTime>
      </JourneyPatternTimingLink>
      <JourneyPatternTimingLink id="JPL_13-379-_-y08-1-1-O-1-20">
        <From SequenceNumber="19">
          <Activity>pickUpAndSetDown</Activity>
          <StopPointRef>390040902</StopPointRef>
          <TimingStatus>OTH</TimingStatus>
        </From>
        <To SequenceNumber="20">
          <Activity>pickUpAndSetDown</Activity>
          <StopPointRef>390040905</StopPointRef>
          <TimingStatus>OTH</TimingStatus>
        </To>
        <RouteLinkRef>RL_13-379-_-y08-1-O-1-19</RouteLinkRef>
        <RunTime>PT2M43S</RunTime>
      </JourneyPatternTimingLink>
      <JourneyPatternTimingLink id="JPL_13-379-_-y08-1-1-O-1-21">
        <From SequenceNumber="20">
          <Activity>pickUpAndSetDown</Activity>
          <StopPointRef>390040905</StopPointRef>
          <TimingStatus>OTH</TimingStatus>
        </From>
        <To SequenceNumber="21">
          <Activity>pickUpAndSetDown</Activity>
          <StopPointRef>390010530</StopPointRef>
          <TimingStatus>PTP</TimingStatus>
        </To>
        <RouteLinkRef>RL_13-379-_-y08-1-O-1-20</RouteLinkRef>
        <RunTime>PT41S</RunTime>
      </JourneyPatternTimingLink>
      <JourneyPatternTimingLink id="JPL_13-379-_-y08-1-1-O-1-22">
        <From SequenceNumber="21">
          <Activity>pickUpAndSetDown</Activity>
          <StopPointRef>390010530</StopPointRef>
          <TimingStatus>PTP</TimingStatus>
        </From>
        <To SequenceNumber="22">
          <Activity>pickUpAndSetDown</Activity>
          <StopPointRef>390010529</StopPointRef>
          <TimingStatus>OTH</TimingStatus>
        </To>
        <RouteLinkRef>RL_13-379-_-y08-1-O-1-21</RouteLinkRef>
        <RunTime>PT2M6S</RunTime>
      </JourneyPatternTimingLink>
      <JourneyPatternTimingLink id="JPL_13-379-_-y08-1-1-O-1-23">
        <From SequenceNumber="22">
          <Activity>pickUpAndSetDown</Activity>
          <StopPointRef>390010529</StopPointRef>
          <TimingStatus>OTH</TimingStatus>
        </From>
        <To SequenceNumber="23">
          <Activity>pickUpAndSetDown</Activity>
          <StopPointRef>390010527</StopPointRef>
          <TimingStatus>PTP</TimingStatus>
        </To>
        <RouteLinkRef>RL_13-379-_-y08-1-O-1-22</RouteLinkRef>
        <RunTime>PT2M54S</RunTime>
      </JourneyPatternTimingLink>
      <JourneyPatternTimingLink id="JPL_13-379-_-y08-1-1-O-1-24">
        <From SequenceNumber="23">
          <Activity>pickUpAndSetDown</Activity>
          <StopPointRef>390010527</StopPointRef>
          <TimingStatus>PTP</TimingStatus>
        </From>
        <To SequenceNumber="24">
          <Activity>pickUpAndSetDown</Activity>
          <StopPointRef>390040920</StopPointRef>
          <TimingStatus>PTP</TimingStatus>
        </To>
        <RouteLinkRef>RL_13-379-_-y08-1-O-1-23</RouteLinkRef>
        <RunTime>PT4M</RunTime>
      </JourneyPatternTimingLink>
      <JourneyPatternTimingLink id="JPL_13-379-_-y08-1-1-O-1-25">
        <From SequenceNumber="24">
          <Activity>pickUpAndSetDown</Activity>
          <StopPointRef>390040920</StopPointRef>
          <TimingStatus>PTP</TimingStatus>
        </From>
        <To SequenceNumber="25">
          <Activity>pickUpAndSetDown</Activity>
          <StopPointRef>390010493</StopPointRef>
          <TimingStatus>PTP</TimingStatus>
        </To>
        <RouteLinkRef>RL_13-379-_-y08-1-O-1-24</RouteLinkRef>
        <RunTime>PT3M</RunTime>
      </JourneyPatternTimingLink>
      <JourneyPatternTimingLink id="JPL_13-379-_-y08-1-1-O-1-26">
        <From SequenceNumber="25">
          <Activity>pickUpAndSetDown</Activity>
          <StopPointRef>390010493</StopPointRef>
          <TimingStatus>PTP</TimingStatus>
        </From>
        <To SequenceNumber="26">
          <Activity>pickUpAndSetDown</Activity>
          <StopPointRef>390010495</StopPointRef>
          <TimingStatus>OTH</TimingStatus>
        </To>
        <RouteLinkRef>RL_13-379-_-y08-1-O-1-25</RouteLinkRef>
        <RunTime>PT57S</RunTime>
      </JourneyPatternTimingLink>
      <JourneyPatternTimingLink id="JPL_13-379-_-y08-1-1-O-1-27">
        <From SequenceNumber="26">
          <Activity>pickUpAndSetDown</Activity>
          <StopPointRef>390010495</StopPointRef>
          <TimingStatus>OTH</TimingStatus>
        </From>
        <To SequenceNumber="27">
          <Activity>pickUpAndSetDown</Activity>
          <StopPointRef>390010488</StopPointRef>
          <TimingStatus>OTH</TimingStatus>
        </To>
        <RouteLinkRef>RL_13-379-_-y08-1-O-1-26</RouteLinkRef>
        <RunTime>PT38S</RunTime>
      </JourneyPatternTimingLink>
      <JourneyPatternTimingLink id="JPL_13-379-_-y08-1-1-O-1-28">
        <From SequenceNumber="27">
          <Activity>pickUpAndSetDown</Activity>
          <StopPointRef>390010488</StopPointRef>
          <TimingStatus>OTH</TimingStatus>
        </From>
        <To SequenceNumber="28">
          <Activity>pickUpAndSetDown</Activity>
          <StopPointRef>390010652</StopPointRef>
          <TimingStatus>PTP</TimingStatus>
        </To>
        <RouteLinkRef>RL_13-379-_-y08-1-O-1-27</RouteLinkRef>
        <RunTime>PT3M25S</RunTime>
      </JourneyPatternTimingLink>
      <JourneyPatternTimingLink id="JPL_13-379-_-y08-1-1-O-1-29">
        <From SequenceNumber="28">
          <Activity>pickUpAndSetDown</Activity>
          <StopPointRef>390010652</StopPointRef>
          <TimingStatus>PTP</TimingStatus>
        </From>
        <To SequenceNumber="29">
          <Activity>pickUpAndSetDown</Activity>
          <StopPointRef>390010464</StopPointRef>
          <TimingStatus>PTP</TimingStatus>
        </To>
        <RouteLinkRef>RL_13-379-_-y08-1-O-1-28</RouteLinkRef>
        <RunTime>PT5M</RunTime>
      </JourneyPatternTimingLink>
      <JourneyPatternTimingLink id="JPL_13-379-_-y08-1-1-O-1-30">
        <From SequenceNumber="29">
          <Activity>pickUpAndSetDown</Activity>
          <StopPointRef>390010464</StopPointRef>
          <TimingStatus>PTP</TimingStatus>
        </From>
        <To SequenceNumber="30">
          <Activity>pickUpAndSetDown</Activity>
          <StopPointRef>390010717</StopPointRef>
          <TimingStatus>OTH</TimingStatus>
        </To>
        <RouteLinkRef>RL_13-379-_-y08-1-O-1-29</RouteLinkRef>
        <RunTime>PT1M52S</RunTime>
      </JourneyPatternTimingLink>
      <JourneyPatternTimingLink id="JPL_13-379-_-y08-1-1-O-1-31">
        <From SequenceNumber="30">
          <Activity>pickUpAndSetDown</Activity>
          <StopPointRef>390010717</StopPointRef>
          <TimingStatus>OTH</TimingStatus>
        </From>
        <To SequenceNumber="31">
          <Activity>pickUpAndSetDown</Activity>
          <StopPointRef>390010402</StopPointRef>
          <TimingStatus>OTH</TimingStatus>
        </To>
        <RouteLinkRef>RL_13-379-_-y08-1-O-1-30</RouteLinkRef>
        <RunTime>PT3M38S</RunTime>
      </JourneyPatternTimingLink>
      <JourneyPatternTimingLink id="JPL_13-379-_-y08-1-1-O-1-32">
        <From SequenceNumber="31">
          <Activity>pickUpAndSetDown</Activity>
          <StopPointRef>390010402</StopPointRef>
          <TimingStatus>OTH</TimingStatus>
        </From>
        <To SequenceNumber="32">
          <Activity>pickUpAndSetDown</Activity>
          <StopPointRef>390010401</StopPointRef>
          <TimingStatus>PTP</TimingStatus>
        </To>
        <RouteLinkRef>RL_13-379-_-y08-1-O-1-31</RouteLinkRef>
        <RunTime>PT30S</RunTime>
      </JourneyPatternTimingLink>
      <JourneyPatternTimingLink id="JPL_13-379-_-y08-1-1-O-1-33">
        <From SequenceNumber="32">
          <Activity>pickUpAndSetDown</Activity>
          <StopPointRef>390010401</StopPointRef>
          <TimingStatus>PTP</TimingStatus>
        </From>
        <To SequenceNumber="33">
          <Activity>pickUpAndSetDown</Activity>
          <StopPointRef>390010398</StopPointRef>
          <TimingStatus>OTH</TimingStatus>
        </To>
        <RouteLinkRef>RL_13-379-_-y08-1-O-1-32</RouteLinkRef>
        <RunTime>PT35S</RunTime>
      </JourneyPatternTimingLink>
      <JourneyPatternTimingLink id="JPL_13-379-_-y08-1-1-O-1-34">
        <From SequenceNumber="33">
          <Activity>pickUpAndSetDown</Activity>
          <StopPointRef>390010398</StopPointRef>
          <TimingStatus>OTH</TimingStatus>
        </From>
        <To SequenceNumber="34">
          <Activity>pickUpAndSetDown</Activity>
          <StopPointRef>390010417</StopPointRef>
          <TimingStatus>OTH</TimingStatus>
        </To>
        <RouteLinkRef>RL_13-379-_-y08-1-O-1-33</RouteLinkRef>
        <RunTime>PT28S</RunTime>
      </JourneyPatternTimingLink>
      <JourneyPatternTimingLink id="JPL_13-379-_-y08-1-1-O-1-35">
        <From SequenceNumber="34">
          <Activity>pickUpAndSetDown</Activity>
          <StopPointRef>390010417</StopPointRef>
          <TimingStatus>OTH</TimingStatus>
        </From>
        <To SequenceNumber="35">
          <Activity>pickUpAndSetDown</Activity>
          <StopPointRef>390010387</StopPointRef>
          <TimingStatus>PTP</TimingStatus>
        </To>
        <RouteLinkRef>RL_13-379-_-y08-1-O-1-34</RouteLinkRef>
        <RunTime>PT57S</RunTime>
      </JourneyPatternTimingLink>
      <JourneyPatternTimingLink id="JPL_13-379-_-y08-1-1-O-1-36">
        <From SequenceNumber="35">
          <Activity>pickUpAndSetDown</Activity>
          <StopPointRef>390010387</StopPointRef>
          <TimingStatus>PTP</TimingStatus>
        </From>
        <To SequenceNumber="36">
          <Activity>pickUpAndSetDown</Activity>
          <StopPointRef>390010411</StopPointRef>
          <TimingStatus>OTH</TimingStatus>
        </To>
        <RouteLinkRef>RL_13-379-_-y08-1-O-1-35</RouteLinkRef>
        <RunTime>PT45S</RunTime>
      </JourneyPatternTimingLink>
      <JourneyPatternTimingLink id="JPL_13-379-_-y08-1-1-O-1-37">
        <From SequenceNumber="36">
          <Activity>pickUpAndSetDown</Activity>
          <StopPointRef>390010411</StopPointRef>
          <TimingStatus>OTH</TimingStatus>
        </From>
        <To SequenceNumber="37">
          <Activity>pickUpAndSetDown</Activity>
          <StopPointRef>390010834</StopPointRef>
          <TimingStatus>PTP</TimingStatus>
        </To>
        <RouteLinkRef>RL_13-379-_-y08-1-O-1-36</RouteLinkRef>
        <RunTime>PT1M15S</RunTime>
      </JourneyPatternTimingLink>
      <JourneyPatternTimingLink id="JPL_13-379-_-y08-1-1-O-1-38">
        <From SequenceNumber="37">
          <Activity>pickUpAndSetDown</Activity>
          <StopPointRef>390010834</StopPointRef>
          <TimingStatus>PTP</TimingStatus>
        </From>
        <To SequenceNumber="38">
          <Activity>pickUpAndSetDown</Activity>
          <StopPointRef>390010426</StopPointRef>
          <TimingStatus>OTH</TimingStatus>
        </To>
        <RouteLinkRef>RL_13-379-_-y08-1-O-1-37</RouteLinkRef>
        <RunTime>PT3M7S</RunTime>
      </JourneyPatternTimingLink>
      <JourneyPatternTimingLink id="JPL_13-379-_-y08-1-1-O-1-39">
        <From SequenceNumber="38">
          <Activity>pickUpAndSetDown</Activity>
          <StopPointRef>390010426</StopPointRef>
          <TimingStatus>OTH</TimingStatus>
        </From>
        <To SequenceNumber="39">
          <Activity>pickUpAndSetDown</Activity>
          <StopPointRef>390010421</StopPointRef>
          <TimingStatus>PTP</TimingStatus>
        </To>
        <RouteLinkRef>RL_13-379-_-y08-1-O-1-38</RouteLinkRef>
        <RunTime>PT3M53S</RunTime>
      </JourneyPatternTimingLink>
      <JourneyPatternTimingLink id="JPL_13-379-_-y08-1-1-O-1-40">
        <From SequenceNumber="39">
          <Activity>pickUpAndSetDown</Activity>
          <StopPointRef>390010421</StopPointRef>
          <TimingStatus>PTP</TimingStatus>
        </From>
        <To SequenceNumber="40">
          <Activity>pickUpAndSetDown</Activity>
          <StopPointRef>390010423</StopPointRef>
          <TimingStatus>OTH</TimingStatus>
        </To>
        <RouteLinkRef>RL_13-379-_-y08-1-O-1-39</RouteLinkRef>
        <RunTime>PT29S</RunTime>
      </JourneyPatternTimingLink>
      <JourneyPatternTimingLink id="JPL_13-379-_-y08-1-1-O-1-41">
        <From SequenceNumber="40">
          <Activity>pickUpAndSetDown</Activity>
          <StopPointRef>390010423</StopPointRef>
          <TimingStatus>OTH</TimingStatus>
        </From>
        <To SequenceNumber="41">
          <Activity>pickUpAndSetDown</Activity>
          <StopPointRef>390010424</StopPointRef>
          <TimingStatus>OTH</TimingStatus>
        </To>
        <RouteLinkRef>RL_13-379-_-y08-1-O-1-40</RouteLinkRef>
        <RunTime>PT33S</RunTime>
      </JourneyPatternTimingLink>
      <JourneyPatternTimingLink id="JPL_13-379-_-y08-1-1-O-1-42">
        <From SequenceNumber="41">
          <Activity>pickUpAndSetDown</Activity>
          <StopPointRef>390010424</StopPointRef>
          <TimingStatus>OTH</TimingStatus>
        </From>
        <To SequenceNumber="42">
          <Activity>pickUpAndSetDown</Activity>
          <StopPointRef>390010429</StopPointRef>
          <TimingStatus>OTH</TimingStatus>
        </To>
        <RouteLinkRef>RL_13-379-_-y08-1-O-1-41</RouteLinkRef>
        <RunTime>PT40S</RunTime>
      </JourneyPatternTimingLink>
      <JourneyPatternTimingLink id="JPL_13-379-_-y08-1-1-O-1-43">
        <From SequenceNumber="42">
          <Activity>pickUpAndSetDown</Activity>
          <StopPointRef>390010429</StopPointRef>
          <TimingStatus>OTH</TimingStatus>
        </From>
        <To SequenceNumber="43">
          <Activity>pickUpAndSetDown</Activity>
          <StopPointRef>390010410</StopPointRef>
          <TimingStatus>OTH</TimingStatus>
        </To>
        <RouteLinkRef>RL_13-379-_-y08-1-O-1-42</RouteLinkRef>
        <RunTime>PT33S</RunTime>
      </JourneyPatternTimingLink>
      <JourneyPatternTimingLink id="JPL_13-379-_-y08-1-1-O-1-44">
        <From SequenceNumber="43">
          <Activity>pickUpAndSetDown</Activity>
          <StopPointRef>390010410</StopPointRef>
          <TimingStatus>OTH</TimingStatus>
        </From>
        <To SequenceNumber="44">
          <Activity>setDown</Activity>
          <StopPointRef>390010891</StopPointRef>
          <TimingStatus>PTP</TimingStatus>
        </To>
        <RouteLinkRef>RL_13-379-_-y08-1-O-1-43</RouteLinkRef>
        <RunTime>PT45S</RunTime>
      </JourneyPatternTimingLink>
    </JourneyPatternSection>
    <JourneyPatternSection id="JPS_13-379-_-y08-1-1-2-I">
      <JourneyPatternTimingLink id="JPL_13-379-_-y08-1-1-I-2-2">
        <From SequenceNumber="1">
          <Activity>pickUp</Activity>
          <StopPointRef>390010891</StopPointRef>
          <TimingStatus>PTP</TimingStatus>
        </From>
        <To SequenceNumber="2">
          <Activity>pickUpAndSetDown</Activity>
          <StopPointRef>390010416</StopPointRef>
          <TimingStatus>OTH</TimingStatus>
        </To>
        <RouteLinkRef>RL_13-379-_-y08-1-I-2-1</RouteLinkRef>
        <RunTime>PT56S</RunTime>
      </JourneyPatternTimingLink>
      <JourneyPatternTimingLink id="JPL_13-379-_-y08-1-1-I-2-3">
        <From SequenceNumber="2">
          <Activity>pickUpAndSetDown</Activity>
          <StopPointRef>390010416</StopPointRef>
          <TimingStatus>OTH</TimingStatus>
        </From>
        <To SequenceNumber="3">
          <Activity>pickUpAndSetDown</Activity>
          <StopPointRef>390010399</StopPointRef>
          <TimingStatus>OTH</TimingStatus>
        </To>
        <RouteLinkRef>RL_13-379-_-y08-1-I-2-2</RouteLinkRef>
        <RunTime>PT32S</RunTime>
      </JourneyPatternTimingLink>
      <JourneyPatternTimingLink id="JPL_13-379-_-y08-1-1-I-2-4">
        <From SequenceNumber="3">
          <Activity>pickUpAndSetDown</Activity>
          <StopPointRef>390010399</StopPointRef>
          <TimingStatus>OTH</TimingStatus>
        </From>
        <To SequenceNumber="4">
          <Activity>pickUpAndSetDown</Activity>
          <StopPointRef>390010400</StopPointRef>
          <TimingStatus>PTP</TimingStatus>
        </To>
        <RouteLinkRef>RL_13-379-_-y08-1-I-2-3</RouteLinkRef>
        <RunTime>PT32S</RunTime>
      </JourneyPatternTimingLink>
      <JourneyPatternTimingLink id="JPL_13-379-_-y08-1-1-I-2-5">
        <From SequenceNumber="4">
          <Activity>pickUpAndSetDown</Activity>
          <StopPointRef>390010400</StopPointRef>
          <TimingStatus>PTP</TimingStatus>
        </From>
        <To SequenceNumber="5">
          <Activity>pickUpAndSetDown</Activity>
          <StopPointRef>390010403</StopPointRef>
          <TimingStatus>OTH</TimingStatus>
        </To>
        <RouteLinkRef>RL_13-379-_-y08-1-I-2-4</RouteLinkRef>
        <RunTime>PT30S</RunTime>
      </JourneyPatternTimingLink>
      <JourneyPatternTimingLink id="JPL_13-379-_-y08-1-1-I-2-6">
        <From SequenceNumber="5">
          <Activity>pickUpAndSetDown</Activity>
          <StopPointRef>390010403</StopPointRef>
          <TimingStatus>OTH</TimingStatus>
        </From>
        <To SequenceNumber="6">
          <Activity>pickUpAndSetDown</Activity>
          <StopPointRef>390010718</StopPointRef>
          <TimingStatus>OTH</TimingStatus>
        </To>
        <RouteLinkRef>RL_13-379-_-y08-1-I-2-5</RouteLinkRef>
        <RunTime>PT3M36S</RunTime>
      </JourneyPatternTimingLink>
      <JourneyPatternTimingLink id="JPL_13-379-_-y08-1-1-I-2-7">
        <From SequenceNumber="6">
          <Activity>pickUpAndSetDown</Activity>
          <StopPointRef>390010718</StopPointRef>
          <TimingStatus>OTH</TimingStatus>
        </From>
        <To SequenceNumber="7">
          <Activity>pickUpAndSetDown</Activity>
          <StopPointRef>390010463</StopPointRef>
          <TimingStatus>PTP</TimingStatus>
        </To>
        <RouteLinkRef>RL_13-379-_-y08-1-I-2-6</RouteLinkRef>
        <RunTime>PT1M54S</RunTime>
      </JourneyPatternTimingLink>
      <JourneyPatternTimingLink id="JPL_13-379-_-y08-1-1-I-2-8">
        <From SequenceNumber="7">
          <Activity>pickUpAndSetDown</Activity>
          <StopPointRef>390010463</StopPointRef>
          <TimingStatus>PTP</TimingStatus>
        </From>
        <To SequenceNumber="8">
          <Activity>pickUpAndSetDown</Activity>
          <StopPointRef>390010652</StopPointRef>
          <TimingStatus>PTP</TimingStatus>
        </To>
        <RouteLinkRef>RL_13-379-_-y08-1-I-2-7</RouteLinkRef>
        <RunTime>PT5M</RunTime>
      </JourneyPatternTimingLink>
      <JourneyPatternTimingLink id="JPL_13-379-_-y08-1-1-I-2-9">
        <From SequenceNumber="8">
          <Activity>pickUpAndSetDown</Activity>
          <StopPointRef>390010652</StopPointRef>
          <TimingStatus>PTP</TimingStatus>
        </From>
        <To SequenceNumber="9">
          <Activity>pickUpAndSetDown</Activity>
          <StopPointRef>390010487</StopPointRef>
          <TimingStatus>OTH</TimingStatus>
        </To>
        <RouteLinkRef>RL_13-379-_-y08-1-I-2-8</RouteLinkRef>
        <RunTime>PT3M23S</RunTime>
      </JourneyPatternTimingLink>
      <JourneyPatternTimingLink id="JPL_13-379-_-y08-1-1-I-2-10">
        <From SequenceNumber="9">
          <Activity>pickUpAndSetDown</Activity>
          <StopPointRef>390010487</StopPointRef>
          <TimingStatus>OTH</TimingStatus>
        </From>
        <To SequenceNumber="10">
          <Activity>pickUpAndSetDown</Activity>
          <StopPointRef>390010496</StopPointRef>
          <TimingStatus>OTH</TimingStatus>
        </To>
        <RouteLinkRef>RL_13-379-_-y08-1-I-2-9</RouteLinkRef>
        <RunTime>PT36S</RunTime>
      </JourneyPatternTimingLink>
      <JourneyPatternTimingLink id="JPL_13-379-_-y08-1-1-I-2-11">
        <From SequenceNumber="10">
          <Activity>pickUpAndSetDown</Activity>
          <StopPointRef>390010496</StopPointRef>
          <TimingStatus>OTH</TimingStatus>
        </From>
        <To SequenceNumber="11">
          <Activity>pickUpAndSetDown</Activity>
          <StopPointRef>390010494</StopPointRef>
          <TimingStatus>PTP</TimingStatus>
        </To>
        <RouteLinkRef>RL_13-379-_-y08-1-I-2-10</RouteLinkRef>
        <RunTime>PT1M1S</RunTime>
      </JourneyPatternTimingLink>
      <JourneyPatternTimingLink id="JPL_13-379-_-y08-1-1-I-2-12">
        <From SequenceNumber="11">
          <Activity>pickUpAndSetDown</Activity>
          <StopPointRef>390010494</StopPointRef>
          <TimingStatus>PTP</TimingStatus>
        </From>
        <To SequenceNumber="12">
          <Activity>pickUpAndSetDown</Activity>
          <StopPointRef>390040921</StopPointRef>
          <TimingStatus>PTP</TimingStatus>
        </To>
        <RouteLinkRef>RL_13-379-_-y08-1-I-2-11</RouteLinkRef>
        <RunTime>PT3M</RunTime>
      </JourneyPatternTimingLink>
      <JourneyPatternTimingLink id="JPL_13-379-_-y08-1-1-I-2-13">
        <From SequenceNumber="12">
          <Activity>pickUpAndSetDown</Activity>
          <StopPointRef>390040921</StopPointRef>
          <TimingStatus>PTP</TimingStatus>
        </From>
        <To SequenceNumber="13">
          <Activity>pickUpAndSetDown</Activity>
          <StopPointRef>390010526</StopPointRef>
          <TimingStatus>PTP</TimingStatus>
        </To>
        <RouteLinkRef>RL_13-379-_-y08-1-I-2-12</RouteLinkRef>
        <RunTime>PT3M</RunTime>
      </JourneyPatternTimingLink>
      <JourneyPatternTimingLink id="JPL_13-379-_-y08-1-1-I-2-14">
        <From SequenceNumber="13">
          <Activity>pickUpAndSetDown</Activity>
          <StopPointRef>390010526</StopPointRef>
          <TimingStatus>PTP</TimingStatus>
        </From>
        <To SequenceNumber="14">
          <Activity>pickUpAndSetDown</Activity>
          <StopPointRef>390010528</StopPointRef>
          <TimingStatus>OTH</TimingStatus>
        </To>
        <RouteLinkRef>RL_13-379-_-y08-1-I-2-13</RouteLinkRef>
        <RunTime>PT2M52S</RunTime>
      </JourneyPatternTimingLink>
      <JourneyPatternTimingLink id="JPL_13-379-_-y08-1-1-I-2-15">
        <From SequenceNumber="14">
          <Activity>pickUpAndSetDown</Activity>
          <StopPointRef>390010528</StopPointRef>
          <TimingStatus>OTH</TimingStatus>
        </From>
        <To SequenceNumber="15">
          <Activity>pickUpAndSetDown</Activity>
          <StopPointRef>390010531</StopPointRef>
          <TimingStatus>PTP</TimingStatus>
        </To>
        <RouteLinkRef>RL_13-379-_-y08-1-I-2-14</RouteLinkRef>
        <RunTime>PT2M8S</RunTime>
      </JourneyPatternTimingLink>
      <JourneyPatternTimingLink id="JPL_13-379-_-y08-1-1-I-2-16">
        <From SequenceNumber="15">
          <Activity>pickUpAndSetDown</Activity>
          <StopPointRef>390010531</StopPointRef>
          <TimingStatus>PTP</TimingStatus>
        </From>
        <To SequenceNumber="16">
          <Activity>pickUpAndSetDown</Activity>
          <StopPointRef>390040904</StopPointRef>
          <TimingStatus>OTH</TimingStatus>
        </To>
        <RouteLinkRef>RL_13-379-_-y08-1-I-2-15</RouteLinkRef>
        <RunTime>PT47S</RunTime>
      </JourneyPatternTimingLink>
      <JourneyPatternTimingLink id="JPL_13-379-_-y08-1-1-I-2-17">
        <From SequenceNumber="16">
          <Activity>pickUpAndSetDown</Activity>
          <StopPointRef>390040904</StopPointRef>
          <TimingStatus>OTH</TimingStatus>
        </From>
        <To SequenceNumber="17">
          <Activity>pickUpAndSetDown</Activity>
          <StopPointRef>390040903</StopPointRef>
          <TimingStatus>OTH</TimingStatus>
        </To>
        <RouteLinkRef>RL_13-379-_-y08-1-I-2-16</RouteLinkRef>
        <RunTime>PT2M54S</RunTime>
      </JourneyPatternTimingLink>
      <JourneyPatternTimingLink id="JPL_13-379-_-y08-1-1-I-2-18">
        <From SequenceNumber="17">
          <Activity>pickUpAndSetDown</Activity>
          <StopPointRef>390040903</StopPointRef>
          <TimingStatus>OTH</TimingStatus>
        </From>
        <To SequenceNumber="18">
          <Activity>pickUpAndSetDown</Activity>
          <StopPointRef>390010449</StopPointRef>
          <TimingStatus>OTH</TimingStatus>
        </To>
        <RouteLinkRef>RL_13-379-_-y08-1-I-2-17</RouteLinkRef>
        <RunTime>PT7M27S</RunTime>
      </JourneyPatternTimingLink>
      <JourneyPatternTimingLink id="JPL_13-379-_-y08-1-1-I-2-19">
        <From SequenceNumber="18">
          <Activity>pickUpAndSetDown</Activity>
          <StopPointRef>390010449</StopPointRef>
          <TimingStatus>OTH</TimingStatus>
        </From>
        <To SequenceNumber="19">
          <Activity>pickUpAndSetDown</Activity>
          <StopPointRef>390010452</StopPointRef>
          <TimingStatus>PTP</TimingStatus>
        </To>
        <RouteLinkRef>RL_13-379-_-y08-1-I-2-18</RouteLinkRef>
        <RunTime>PT52S</RunTime>
      </JourneyPatternTimingLink>
      <JourneyPatternTimingLink id="JPL_13-379-_-y08-1-1-I-2-20">
        <From SequenceNumber="19">
          <Activity>pickUpAndSetDown</Activity>
          <StopPointRef>390010452</StopPointRef>
          <TimingStatus>PTP</TimingStatus>
        </From>
        <To SequenceNumber="20">
          <Activity>pickUpAndSetDown</Activity>
          <StopPointRef>390041007</StopPointRef>
          <TimingStatus>OTH</TimingStatus>
        </To>
        <RouteLinkRef>RL_13-379-_-y08-1-I-2-19</RouteLinkRef>
        <RunTime>PT2M39S</RunTime>
      </JourneyPatternTimingLink>
      <JourneyPatternTimingLink id="JPL_13-379-_-y08-1-1-I-2-21">
        <From SequenceNumber="20">
          <Activity>pickUpAndSetDown</Activity>
          <StopPointRef>390041007</StopPointRef>
          <TimingStatus>OTH</TimingStatus>
        </From>
        <To SequenceNumber="21">
          <Activity>pickUpAndSetDown</Activity>
          <StopPointRef>390040910</StopPointRef>
          <TimingStatus>OTH</TimingStatus>
        </To>
        <RouteLinkRef>RL_13-379-_-y08-1-I-2-20</RouteLinkRef>
        <RunTime>PT10S</RunTime>
      </JourneyPatternTimingLink>
      <JourneyPatternTimingLink id="JPL_13-379-_-y08-1-1-I-2-22">
        <From SequenceNumber="21">
          <Activity>pickUpAndSetDown</Activity>
          <StopPointRef>390040910</StopPointRef>
          <TimingStatus>OTH</TimingStatus>
        </From>
        <To SequenceNumber="22">
          <Activity>pickUpAndSetDown</Activity>
          <StopPointRef>390040667</StopPointRef>
          <TimingStatus>PTP</TimingStatus>
        </To>
        <RouteLinkRef>RL_13-379-_-y08-1-I-2-21</RouteLinkRef>
        <RunTime>PT11S</RunTime>
      </JourneyPatternTimingLink>
      <JourneyPatternTimingLink id="JPL_13-379-_-y08-1-1-I-2-23">
        <From SequenceNumber="22">
          <Activity>pickUpAndSetDown</Activity>
          <StopPointRef>390040667</StopPointRef>
          <TimingStatus>PTP</TimingStatus>
        </From>
        <To SequenceNumber="23">
          <Activity>pickUpAndSetDown</Activity>
          <StopPointRef>390040908</StopPointRef>
          <TimingStatus>OTH</TimingStatus>
        </To>
        <RouteLinkRef>RL_13-379-_-y08-1-I-2-22</RouteLinkRef>
        <RunTime>PT30S</RunTime>
      </JourneyPatternTimingLink>
      <JourneyPatternTimingLink id="JPL_13-379-_-y08-1-1-I-2-24">
        <From SequenceNumber="23">
          <Activity>pickUpAndSetDown</Activity>
          <StopPointRef>390040908</StopPointRef>
          <TimingStatus>OTH</TimingStatus>
        </From>
        <To SequenceNumber="24">
          <Activity>pickUpAndSetDown</Activity>
          <StopPointRef>390040712</StopPointRef>
          <TimingStatus>PTP</TimingStatus>
        </To>
        <RouteLinkRef>RL_13-379-_-y08-1-I-2-23</RouteLinkRef>
        <RunTime>PT1M30S</RunTime>
      </JourneyPatternTimingLink>
      <JourneyPatternTimingLink id="JPL_13-379-_-y08-1-1-I-2-25">
        <From SequenceNumber="24">
          <Activity>pickUpAndSetDown</Activity>
          <StopPointRef>390040712</StopPointRef>
          <TimingStatus>PTP</TimingStatus>
        </From>
        <To SequenceNumber="25">
          <Activity>pickUpAndSetDown</Activity>
          <StopPointRef>390050776</StopPointRef>
          <TimingStatus>PTP</TimingStatus>
        </To>
        <RouteLinkRef>RL_13-379-_-y08-1-I-2-24</RouteLinkRef>
        <RunTime>PT3M</RunTime>
      </JourneyPatternTimingLink>
      <JourneyPatternTimingLink id="JPL_13-379-_-y08-1-1-I-2-26">
        <From SequenceNumber="25">
          <Activity>pickUpAndSetDown</Activity>
          <StopPointRef>390050776</StopPointRef>
          <TimingStatus>PTP</TimingStatus>
        </From>
        <To SequenceNumber="26">
          <Activity>pickUpAndSetDown</Activity>
          <StopPointRef>390050778</StopPointRef>
          <TimingStatus>PTP</TimingStatus>
        </To>
        <RouteLinkRef>RL_13-379-_-y08-1-I-2-25</RouteLinkRef>
        <RunTime>PT3M</RunTime>
      </JourneyPatternTimingLink>
      <JourneyPatternTimingLink id="JPL_13-379-_-y08-1-1-I-2-27">
        <From SequenceNumber="26">
          <Activity>pickUpAndSetDown</Activity>
          <StopPointRef>390050778</StopPointRef>
          <TimingStatus>PTP</TimingStatus>
        </From>
        <To SequenceNumber="27">
          <Activity>pickUpAndSetDown</Activity>
          <StopPointRef>390050780</StopPointRef>
          <TimingStatus>OTH</TimingStatus>
        </To>
        <RouteLinkRef>RL_13-379-_-y08-1-I-2-26</RouteLinkRef>
        <RunTime>PT1M16S</RunTime>
      </JourneyPatternTimingLink>
      <JourneyPatternTimingLink id="JPL_13-379-_-y08-1-1-I-2-28">
        <From SequenceNumber="27">
          <Activity>pickUpAndSetDown</Activity>
          <StopPointRef>390050780</StopPointRef>
          <TimingStatus>OTH</TimingStatus>
        </From>
        <To SequenceNumber="28">
          <Activity>pickUpAndSetDown</Activity>
          <StopPointRef>390050763</StopPointRef>
          <TimingStatus>PTP</TimingStatus>
        </To>
        <RouteLinkRef>RL_13-379-_-y08-1-I-2-27</RouteLinkRef>
        <RunTime>PT44S</RunTime>
      </JourneyPatternTimingLink>
      <JourneyPatternTimingLink id="JPL_13-379-_-y08-1-1-I-2-29">
        <From SequenceNumber="28">
          <Activity>pickUpAndSetDown</Activity>
          <StopPointRef>390050763</StopPointRef>
          <TimingStatus>PTP</TimingStatus>
        </From>
        <To SequenceNumber="29">
          <Activity>pickUpAndSetDown</Activity>
          <StopPointRef>390018664</StopPointRef>
          <TimingStatus>PPT</TimingStatus>
        </To>
        <RouteLinkRef>RL_13-379-_-y08-1-I-2-28</RouteLinkRef>
        <RunTime>PT7M10S</RunTime>
      </JourneyPatternTimingLink>
      <JourneyPatternTimingLink id="JPL_13-379-_-y08-1-1-I-2-30">
        <From SequenceNumber="29">
          <Activity>pickUpAndSetDown</Activity>
          <StopPointRef>390018664</StopPointRef>
          <TimingStatus>PPT</TimingStatus>
        </From>
        <To SequenceNumber="30">
          <Activity>pickUpAndSetDown</Activity>
          <StopPointRef>390050986</StopPointRef>
          <TimingStatus>OTH</TimingStatus>
        </To>
        <RouteLinkRef>RL_13-379-_-y08-1-I-2-29</RouteLinkRef>
        <RunTime>PT2M16S</RunTime>
      </JourneyPatternTimingLink>
      <JourneyPatternTimingLink id="JPL_13-379-_-y08-1-1-I-2-31">
        <From SequenceNumber="30">
          <Activity>pickUpAndSetDown</Activity>
          <StopPointRef>390050986</StopPointRef>
          <TimingStatus>OTH</TimingStatus>
        </From>
        <To SequenceNumber="31">
          <Activity>pickUpAndSetDown</Activity>
          <StopPointRef>390050901</StopPointRef>
          <TimingStatus>OTH</TimingStatus>
        </To>
        <RouteLinkRef>RL_13-379-_-y08-1-I-2-30</RouteLinkRef>
        <RunTime>PT1M8S</RunTime>
      </JourneyPatternTimingLink>
      <JourneyPatternTimingLink id="JPL_13-379-_-y08-1-1-I-2-32">
        <From SequenceNumber="31">
          <Activity>pickUpAndSetDown</Activity>
          <StopPointRef>390050901</StopPointRef>
          <TimingStatus>OTH</TimingStatus>
        </From>
        <To SequenceNumber="32">
          <Activity>pickUpAndSetDown</Activity>
          <StopPointRef>390050902</StopPointRef>
          <TimingStatus>OTH</TimingStatus>
        </To>
        <RouteLinkRef>RL_13-379-_-y08-1-I-2-31</RouteLinkRef>
        <RunTime>PT2M32S</RunTime>
      </JourneyPatternTimingLink>
      <JourneyPatternTimingLink id="JPL_13-379-_-y08-1-1-I-2-33">
        <From SequenceNumber="32">
          <Activity>pickUpAndSetDown</Activity>
          <StopPointRef>390050902</StopPointRef>
          <TimingStatus>OTH</TimingStatus>
        </From>
        <To SequenceNumber="33">
          <Activity>setDown</Activity>
          <StopPointRef>390050790</StopPointRef>
          <TimingStatus>PTP</TimingStatus>
        </To>
        <RouteLinkRef>RL_13-379-_-y08-1-I-2-32</RouteLinkRef>
        <RunTime>PT2M54S</RunTime>
      </JourneyPatternTimingLink>
    </JourneyPatternSection>
  </JourneyPatternSections>
  <Operators>
    <Operator id="OId_CHAM">
      <NationalOperatorCode>CHAM</NationalOperatorCode>
      <OperatorCode>CHAM</OperatorCode>
      <OperatorShortName>Chambers</OperatorShortName>
      <OperatorNameOnLicence>Chambers</OperatorNameOnLicence>
      <TradingName>Chambers</TradingName>
    </Operator>
  </Operators>
  <Services>
    <Service>
      <ServiceCode>13-379-_-y08-1</ServiceCode>
      <PrivateCode>13-379-_-y08-1</PrivateCode>
      <Lines>
        <Line id="13-379-_-y08-1">
          <LineName>379</LineName>
        </Line>
      </Lines>
      <OperatingPeriod>
        <StartDate>2019-11-05</StartDate>
        <EndDate>2020-05-08</EndDate>
      </OperatingPeriod>
      <OperatingProfile>
        <RegularDayType>
          <DaysOfWeek>
            <MondayToFriday />
          </DaysOfWeek>
        </RegularDayType>
        <SpecialDaysOperation>
          <DaysOfNonOperation>
            <DateRange>
              <StartDate>2019-12-24</StartDate>
              <EndDate>2019-12-24</EndDate>
            </DateRange>
            <DateRange>
              <StartDate>2019-12-27</StartDate>
              <EndDate>2019-12-27</EndDate>
            </DateRange>
            <DateRange>
              <StartDate>2019-12-30</StartDate>
              <EndDate>2019-12-31</EndDate>
            </DateRange>
          </DaysOfNonOperation>
        </SpecialDaysOperation>
        <BankHolidayOperation>
          <DaysOfNonOperation>
            <ChristmasDay />
            <BoxingDay />
            <GoodFriday />
            <NewYearsDay />
            <MayDay />
            <EasterMonday />
          </DaysOfNonOperation>
        </BankHolidayOperation>
      </OperatingProfile>
      <VehicleType>
        <VehicleEquipment>
          <AccessVehicleEquipment>
            <LowFloor>true</LowFloor>
            <Ramp>true</Ramp>
          </AccessVehicleEquipment>
          <WheelchairVehicleEquipment>
            <SuitableFor>wheelchair</SuitableFor>
          </WheelchairVehicleEquipment>
        </VehicleEquipment>
        <WheelchairAccessible>true</WheelchairAccessible>
      </VehicleType>
      <RegisteredOperatorRef>OId_CHAM</RegisteredOperatorRef>
      <StopRequirements>
        <NoNewStopsRequired />
      </StopRequirements>
      <Mode>bus</Mode>
      <Description>Bury St. Edmunds - Bildeston - Hadleigh</Description>
      <StandardService>
        <Origin>Bus Station</Origin>
        <Destination>Bus Station</Destination>
        <JourneyPattern id="JP_13-379-_-y08-1-1-O-1">
          <Direction>outbound</Direction>
          <Operational>
            <VehicleType>
              <VehicleTypeCode>WhCh</VehicleTypeCode>
              <Description>Wheelchair Accessible</Description>
            </VehicleType>
          </Operational>
          <RouteRef>R_13-379-_-y08-1-O-1</RouteRef>
          <JourneyPatternSectionRefs>JPS_13-379-_-y08-1-1-1-O</JourneyPatternSectionRefs>
        </JourneyPattern>
        <JourneyPattern id="JP_13-379-_-y08-1-1-I-2">
          <Direction>inbound</Direction>
          <Operational>
            <VehicleType>
              <VehicleTypeCode>WhCh</VehicleTypeCode>
              <Description>Wheelchair Accessible</Description>
            </VehicleType>
          </Operational>
          <RouteRef>R_13-379-_-y08-1-I-2</RouteRef>
          <JourneyPatternSectionRefs>JPS_13-379-_-y08-1-1-2-I</JourneyPatternSectionRefs>
        </JourneyPattern>
      </StandardService>
    </Service>
  </Services>
  <VehicleJourneys>
    <VehicleJourney>
      <PrivateCode>suf-13-379-_-y08-1-1-T0</PrivateCode>
      <Operational>
        <VehicleType>
          <VehicleTypeCode>WhCh</VehicleTypeCode>
          <Description>Wheelchair Accessible</Description>
        </VehicleType>
      </Operational>
      <OperatingProfile>
        <RegularDayType>
          <DaysOfWeek>
            <Wednesday />
          </DaysOfWeek>
        </RegularDayType>
        <BankHolidayOperation>
          <DaysOfNonOperation>
            <AllBankHolidays />
          </DaysOfNonOperation>
        </BankHolidayOperation>
      </OperatingProfile>
      <VehicleJourneyCode>VJ_13-379-_-y08-1-1-T0</VehicleJourneyCode>
      <ServiceRef>13-379-_-y08-1</ServiceRef>
      <LineRef>13-379-_-y08-1</LineRef>
      <JourneyPatternRef>JP_13-379-_-y08-1-1-O-1</JourneyPatternRef>
      <Note>
        <NoteCode>1</NoteCode>
        <NoteText>Sponsored by Suffolk County Council</NoteText>
      </Note>
      <Note>
        <NoteCode>W</NoteCode>
        <NoteText>Operates on Wednesdays</NoteText>
      </Note>
      <DepartureTime>13:00:00</DepartureTime>
    </VehicleJourney>
    <VehicleJourney>
      <PrivateCode>suf-13-379-_-y08-1-2-T0</PrivateCode>
      <Operational>
        <VehicleType>
          <VehicleTypeCode>WhCh</VehicleTypeCode>
          <Description>Wheelchair Accessible</Description>
        </VehicleType>
      </Operational>
      <OperatingProfile>
        <RegularDayType>
          <DaysOfWeek>
            <Wednesday />
          </DaysOfWeek>
        </RegularDayType>
        <BankHolidayOperation>
          <DaysOfNonOperation>
            <AllBankHolidays />
          </DaysOfNonOperation>
        </BankHolidayOperation>
      </OperatingProfile>
      <VehicleJourneyCode>VJ_13-379-_-y08-1-2-T0</VehicleJourneyCode>
      <ServiceRef>13-379-_-y08-1</ServiceRef>
      <LineRef>13-379-_-y08-1</LineRef>
      <JourneyPatternRef>JP_13-379-_-y08-1-1-I-2</JourneyPatternRef>
      <Note>
        <NoteCode>1</NoteCode>
        <NoteText>Sponsored by Suffolk County Council</NoteText>
      </Note>
      <Note>
        <NoteCode>W</NoteCode>
        <NoteText>Operates on Wednesdays</NoteText>
      </Note>
      <DepartureTime>09:50:00</DepartureTime>
    </VehicleJourney>
  </VehicleJourneys>
</TransXChange>