<?xml version="1.0" encoding="utf-8"?>
<TransXChange xmlns:xsi="http://www.w3.org/2001/XMLSchema-instance" xmlns:xsd="http://www.w3.org/2001/XMLSchema" xsi:schemaLocation="http://www.transxchange.org.uk/ http://www.transxchange.org.uk/schema/2.5/TransXChange_general.xsd" CreationDateTime="2019-11-07T16:03:43.781Z" ModificationDateTime="2019-11-07T16:03:43.781Z" Modification="new" RevisionNumber="3" FileName="suf_1-72-_-y08-2.xml" SchemaVersion="2.5" RegistrationDocument="true" xmlns="http://www.transxchange.org.uk/">
  <StopPoints>
    <AnnotatedStopPointRef>
      <StopPointRef>390030249</StopPointRef>
      <CommonName>Old Cattle Market Bus Station</CommonName>
      <Indicator>Stand N</Indicator>
      <LocalityName>Ipswich</LocalityName>
      <LocalityQualifier>Suffolk</LocalityQualifier>
    </AnnotatedStopPointRef>
    <AnnotatedStopPointRef>
      <StopPointRef>390030678</StopPointRef>
      <CommonName>Northgate Street</CommonName>
      <Indicator>adj</Indicator>
      <LocalityName>Ipswich</LocalityName>
      <LocalityQualifier>Suffolk</LocalityQualifier>
    </AnnotatedStopPointRef>
    <AnnotatedStopPointRef>
      <StopPointRef>390030125</StopPointRef>
      <CommonName>Cobden Place</CommonName>
      <Indicator>Stop 3</Indicator>
      <LocalityName>Ipswich</LocalityName>
      <LocalityQualifier>Suffolk</LocalityQualifier>
    </AnnotatedStopPointRef>
    <AnnotatedStopPointRef>
      <StopPointRef>390030382</StopPointRef>
      <CommonName>Lacey Street</CommonName>
      <LocalityName>Ipswich</LocalityName>
      <LocalityQualifier>Suffolk</LocalityQualifier>
    </AnnotatedStopPointRef>
    <AnnotatedStopPointRef>
      <StopPointRef>390030384</StopPointRef>
      <CommonName>Medical Centre</CommonName>
      <LocalityName>Ipswich</LocalityName>
      <LocalityQualifier>Suffolk</LocalityQualifier>
    </AnnotatedStopPointRef>
    <AnnotatedStopPointRef>
      <StopPointRef>390030579</StopPointRef>
      <CommonName>Rivers Street</CommonName>
      <LocalityName>Rushmere (Ipswich)</LocalityName>
      <LocalityQualifier>Suffolk</LocalityQualifier>
    </AnnotatedStopPointRef>
    <AnnotatedStopPointRef>
      <StopPointRef>390030607</StopPointRef>
      <CommonName>Khartoum Road</CommonName>
      <LocalityName>Rushmere (Ipswich)</LocalityName>
      <LocalityQualifier>Suffolk</LocalityQualifier>
    </AnnotatedStopPointRef>
    <AnnotatedStopPointRef>
      <StopPointRef>390030605</StopPointRef>
      <CommonName>Nelson Road</CommonName>
      <LocalityName>Rushmere (Ipswich)</LocalityName>
      <LocalityQualifier>Suffolk</LocalityQualifier>
    </AnnotatedStopPointRef>
    <AnnotatedStopPointRef>
      <StopPointRef>390031007</StopPointRef>
      <CommonName>Gordon Road</CommonName>
      <LocalityName>Rushmere (Ipswich)</LocalityName>
      <LocalityQualifier>Suffolk</LocalityQualifier>
    </AnnotatedStopPointRef>
    <AnnotatedStopPointRef>
      <StopPointRef>390030611</StopPointRef>
      <CommonName>Schreiber Road</CommonName>
      <Indicator>opp</Indicator>
      <LocalityName>Rushmere (Ipswich)</LocalityName>
      <LocalityQualifier>Suffolk</LocalityQualifier>
    </AnnotatedStopPointRef>
    <AnnotatedStopPointRef>
      <StopPointRef>390030621</StopPointRef>
      <CommonName>Bramley Chase</CommonName>
      <Indicator>adj</Indicator>
      <LocalityName>Rushmere (Ipswich)</LocalityName>
      <LocalityQualifier>Suffolk</LocalityQualifier>
    </AnnotatedStopPointRef>
    <AnnotatedStopPointRef>
      <StopPointRef>390030543</StopPointRef>
      <CommonName>The Lawns</CommonName>
      <Indicator>adj</Indicator>
      <LocalityName>Rushmere (Ipswich)</LocalityName>
      <LocalityQualifier>Suffolk</LocalityQualifier>
    </AnnotatedStopPointRef>
    <AnnotatedStopPointRef>
      <StopPointRef>390030546</StopPointRef>
      <CommonName>Thornley Drive</CommonName>
      <LocalityName>Rushmere (Ipswich)</LocalityName>
      <LocalityQualifier>Suffolk</LocalityQualifier>
    </AnnotatedStopPointRef>
    <AnnotatedStopPointRef>
      <StopPointRef>390030547</StopPointRef>
      <CommonName>Rushmere Road</CommonName>
      <LocalityName>Rushmere (Ipswich)</LocalityName>
      <LocalityQualifier>Suffolk</LocalityQualifier>
    </AnnotatedStopPointRef>
    <AnnotatedStopPointRef>
      <StopPointRef>390061162</StopPointRef>
      <CommonName>Church</CommonName>
      <Indicator>adj</Indicator>
      <LocalityName>Rushmere St Andrew</LocalityName>
      <LocalityQualifier>Suffolk</LocalityQualifier>
    </AnnotatedStopPointRef>
    <AnnotatedStopPointRef>
      <StopPointRef>390061160</StopPointRef>
      <CommonName>YMCA Rugby Club</CommonName>
      <Indicator>opp</Indicator>
      <LocalityName>Rushmere St Andrew</LocalityName>
      <LocalityQualifier>Suffolk</LocalityQualifier>
    </AnnotatedStopPointRef>
    <AnnotatedStopPointRef>
      <StopPointRef>390061157</StopPointRef>
      <CommonName>The Limes</CommonName>
      <Indicator>adj</Indicator>
      <LocalityName>Rushmere St Andrew</LocalityName>
      <LocalityQualifier>Suffolk</LocalityQualifier>
    </AnnotatedStopPointRef>
    <AnnotatedStopPointRef>
      <StopPointRef>390060514</StopPointRef>
      <CommonName>The Chapel</CommonName>
      <Indicator>adj</Indicator>
      <LocalityName>Rushmere St Andrew</LocalityName>
      <LocalityQualifier>Suffolk</LocalityQualifier>
    </AnnotatedStopPointRef>
    <AnnotatedStopPointRef>
      <StopPointRef>390060516</StopPointRef>
      <CommonName>The Chestnuts</CommonName>
      <Indicator>opp</Indicator>
      <LocalityName>Rushmere St Andrew</LocalityName>
      <LocalityQualifier>Suffolk</LocalityQualifier>
    </AnnotatedStopPointRef>
    <AnnotatedStopPointRef>
      <StopPointRef>390060513</StopPointRef>
      <CommonName>Sports Club</CommonName>
      <Indicator>opp</Indicator>
      <LocalityName>Rushmere St Andrew</LocalityName>
      <LocalityQualifier>Suffolk</LocalityQualifier>
    </AnnotatedStopPointRef>
    <AnnotatedStopPointRef>
      <StopPointRef>390060518</StopPointRef>
      <CommonName>The Falcon</CommonName>
      <Indicator>adj</Indicator>
      <LocalityName>Rushmere St Andrew</LocalityName>
      <LocalityQualifier>Suffolk</LocalityQualifier>
    </AnnotatedStopPointRef>
    <AnnotatedStopPointRef>
      <StopPointRef>390060528</StopPointRef>
      <CommonName>Brook Lane</CommonName>
      <LocalityName>Playford</LocalityName>
      <LocalityQualifier>Suffolk</LocalityQualifier>
    </AnnotatedStopPointRef>
    <AnnotatedStopPointRef>
      <StopPointRef>390060526</StopPointRef>
      <CommonName>Grundisburgh Road</CommonName>
      <Indicator>adj</Indicator>
      <LocalityName>Boot Street</LocalityName>
      <LocalityQualifier>Suffolk</LocalityQualifier>
    </AnnotatedStopPointRef>
    <AnnotatedStopPointRef>
      <StopPointRef>390060524</StopPointRef>
      <CommonName>Post Office</CommonName>
      <Indicator>adj</Indicator>
      <LocalityName>Great Bealings</LocalityName>
      <LocalityQualifier>Suffolk</LocalityQualifier>
    </AnnotatedStopPointRef>
    <AnnotatedStopPointRef>
      <StopPointRef>390060522</StopPointRef>
      <CommonName>Sandy Lane</CommonName>
      <LocalityName>Little Bealings</LocalityName>
      <LocalityQualifier>Suffolk</LocalityQualifier>
    </AnnotatedStopPointRef>
    <AnnotatedStopPointRef>
      <StopPointRef>390060521</StopPointRef>
      <CommonName>Beacon Hill Crossroads</CommonName>
      <Indicator>adj</Indicator>
      <LocalityName>Little Bealings</LocalityName>
      <LocalityQualifier>Suffolk</LocalityQualifier>
    </AnnotatedStopPointRef>
    <AnnotatedStopPointRef>
      <StopPointRef>390060672</StopPointRef>
      <CommonName>Police Headquarters</CommonName>
      <Indicator>opp</Indicator>
      <LocalityName>Martlesham</LocalityName>
      <LocalityQualifier>Suffolk</LocalityQualifier>
    </AnnotatedStopPointRef>
    <AnnotatedStopPointRef>
      <StopPointRef>390060550</StopPointRef>
      <CommonName>Tesco</CommonName>
      <LocalityName>Martlesham Heath</LocalityName>
      <LocalityQualifier>Suffolk</LocalityQualifier>
    </AnnotatedStopPointRef>
    <AnnotatedStopPointRef>
      <StopPointRef>390060399</StopPointRef>
      <CommonName>Primary School</CommonName>
      <Indicator>opp</Indicator>
      <LocalityName>Waldringfield</LocalityName>
      <LocalityQualifier>Suffolk</LocalityQualifier>
    </AnnotatedStopPointRef>
    <AnnotatedStopPointRef>
      <StopPointRef>390060400</StopPointRef>
      <CommonName>Mill Road</CommonName>
      <Indicator>opp</Indicator>
      <LocalityName>Waldringfield</LocalityName>
      <LocalityQualifier>Suffolk</LocalityQualifier>
    </AnnotatedStopPointRef>
    <AnnotatedStopPointRef>
      <StopPointRef>390060403</StopPointRef>
      <CommonName>Fox</CommonName>
      <LocalityName>Newbourne</LocalityName>
      <LocalityQualifier>Suffolk</LocalityQualifier>
    </AnnotatedStopPointRef>
    <AnnotatedStopPointRef>
      <StopPointRef>390061033</StopPointRef>
      <CommonName>Hall</CommonName>
      <Indicator>adj</Indicator>
      <LocalityName>Newbourne</LocalityName>
      <LocalityQualifier>Suffolk</LocalityQualifier>
    </AnnotatedStopPointRef>
    <AnnotatedStopPointRef>
      <StopPointRef>390060406</StopPointRef>
      <CommonName>Jacksons Road</CommonName>
      <Indicator>opp</Indicator>
      <LocalityName>Newbourne</LocalityName>
      <LocalityQualifier>Suffolk</LocalityQualifier>
    </AnnotatedStopPointRef>
    <AnnotatedStopPointRef>
      <StopPointRef>390060407</StopPointRef>
      <CommonName>Chapel Road</CommonName>
      <Indicator>opp</Indicator>
      <LocalityName>Newbourne</LocalityName>
      <LocalityQualifier>Suffolk</LocalityQualifier>
    </AnnotatedStopPointRef>
    <AnnotatedStopPointRef>
      <StopPointRef>390060884</StopPointRef>
      <CommonName>Park Lane</CommonName>
      <LocalityName>Kirton (Suffk)</LocalityName>
      <LocalityQualifier>Suffolk</LocalityQualifier>
    </AnnotatedStopPointRef>
    <AnnotatedStopPointRef>
      <StopPointRef>390061068</StopPointRef>
      <CommonName>Rectory Lane</CommonName>
      <LocalityName>Kirton (Suffk)</LocalityName>
      <LocalityQualifier>Suffolk</LocalityQualifier>
    </AnnotatedStopPointRef>
    <AnnotatedStopPointRef>
      <StopPointRef>390060418</StopPointRef>
      <CommonName>Croxton Close</CommonName>
      <LocalityName>Kirton (Suffk)</LocalityName>
      <LocalityQualifier>Suffolk</LocalityQualifier>
    </AnnotatedStopPointRef>
    <AnnotatedStopPointRef>
      <StopPointRef>390061069</StopPointRef>
      <CommonName>Back Road</CommonName>
      <LocalityName>Falkenham</LocalityName>
      <LocalityQualifier>Suffolk</LocalityQualifier>
    </AnnotatedStopPointRef>
    <AnnotatedStopPointRef>
      <StopPointRef>390060416</StopPointRef>
      <CommonName>White Horse</CommonName>
      <LocalityName>Kirton (Suffk)</LocalityName>
      <LocalityQualifier>Suffolk</LocalityQualifier>
    </AnnotatedStopPointRef>
    <AnnotatedStopPointRef>
      <StopPointRef>390060885</StopPointRef>
      <CommonName>Park Lane</CommonName>
      <LocalityName>Kirton (Suffk)</LocalityName>
      <LocalityQualifier>Suffolk</LocalityQualifier>
    </AnnotatedStopPointRef>
    <AnnotatedStopPointRef>
      <StopPointRef>390060408</StopPointRef>
      <CommonName>Chapel Road</CommonName>
      <Indicator>adj</Indicator>
      <LocalityName>Newbourne</LocalityName>
      <LocalityQualifier>Suffolk</LocalityQualifier>
    </AnnotatedStopPointRef>
    <AnnotatedStopPointRef>
      <StopPointRef>390060411</StopPointRef>
      <CommonName>School</CommonName>
      <Indicator>W-bound</Indicator>
      <LocalityName>Bucklesham</LocalityName>
      <LocalityQualifier>Suffolk</LocalityQualifier>
    </AnnotatedStopPointRef>
    <AnnotatedStopPointRef>
      <StopPointRef>390060409</StopPointRef>
      <CommonName>Shannon</CommonName>
      <LocalityName>Bucklesham</LocalityName>
      <LocalityQualifier>Suffolk</LocalityQualifier>
    </AnnotatedStopPointRef>
    <AnnotatedStopPointRef>
      <StopPointRef>390061066</StopPointRef>
      <CommonName>Woodhouse Lane</CommonName>
      <Indicator>opp</Indicator>
      <LocalityName>Foxhall</LocalityName>
      <LocalityQualifier>Suffolk</LocalityQualifier>
    </AnnotatedStopPointRef>
    <AnnotatedStopPointRef>
      <StopPointRef>390030443</StopPointRef>
      <CommonName>Purdis Golf Club</CommonName>
      <LocalityName>Warren Heath</LocalityName>
      <LocalityQualifier>Suffolk</LocalityQualifier>
    </AnnotatedStopPointRef>
    <AnnotatedStopPointRef>
      <StopPointRef>390030992</StopPointRef>
      <CommonName>Adjacent Warren Heath Road</CommonName>
      <Indicator>adj</Indicator>
      <LocalityName>St Augustines</LocalityName>
      <LocalityQualifier>Suffolk</LocalityQualifier>
    </AnnotatedStopPointRef>
    <AnnotatedStopPointRef>
      <StopPointRef>390030994</StopPointRef>
      <CommonName>Community Centre</CommonName>
      <Indicator>opp</Indicator>
      <LocalityName>St Augustines</LocalityName>
      <LocalityQualifier>Suffolk</LocalityQualifier>
    </AnnotatedStopPointRef>
    <AnnotatedStopPointRef>
      <StopPointRef>390030840</StopPointRef>
      <CommonName>Railway Bridge</CommonName>
      <LocalityName>St Augustines</LocalityName>
      <LocalityQualifier>Suffolk</LocalityQualifier>
    </AnnotatedStopPointRef>
    <AnnotatedStopPointRef>
      <StopPointRef>390030839</StopPointRef>
      <CommonName>Howe Avenue</CommonName>
      <LocalityName>Racecourse (Ipswich)</LocalityName>
      <LocalityQualifier>Suffolk</LocalityQualifier>
    </AnnotatedStopPointRef>
    <AnnotatedStopPointRef>
      <StopPointRef>390030836</StopPointRef>
      <CommonName>Ransome Road</CommonName>
      <Indicator>adj</Indicator>
      <LocalityName>Racecourse (Ipswich)</LocalityName>
      <LocalityQualifier>Suffolk</LocalityQualifier>
    </AnnotatedStopPointRef>
    <AnnotatedStopPointRef>
      <StopPointRef>390030835</StopPointRef>
      <CommonName>King Edward Road</CommonName>
      <Indicator>adj</Indicator>
      <LocalityName>Racecourse (Ipswich)</LocalityName>
      <LocalityQualifier>Suffolk</LocalityQualifier>
    </AnnotatedStopPointRef>
    <AnnotatedStopPointRef>
      <StopPointRef>390030833</StopPointRef>
      <CommonName>Aldi</CommonName>
      <Indicator>opp</Indicator>
      <LocalityName>Rose Hill (Ipswich)</LocalityName>
      <LocalityQualifier>Suffolk</LocalityQualifier>
    </AnnotatedStopPointRef>
    <AnnotatedStopPointRef>
      <StopPointRef>390030069</StopPointRef>
      <CommonName>Newton Road</CommonName>
      <Indicator>opp</Indicator>
      <LocalityName>Rose Hill (Ipswich)</LocalityName>
      <LocalityQualifier>Suffolk</LocalityQualifier>
    </AnnotatedStopPointRef>
    <AnnotatedStopPointRef>
      <StopPointRef>390030071</StopPointRef>
      <CommonName>Sandhurst Avenue</CommonName>
      <LocalityName>Rose Hill (Ipswich)</LocalityName>
      <LocalityQualifier>Suffolk</LocalityQualifier>
    </AnnotatedStopPointRef>
    <AnnotatedStopPointRef>
      <StopPointRef>390030039</StopPointRef>
      <CommonName>Cavendish Street</CommonName>
      <Indicator>opp</Indicator>
      <LocalityName>Rose Hill (Ipswich)</LocalityName>
      <LocalityQualifier>Suffolk</LocalityQualifier>
    </AnnotatedStopPointRef>
    <AnnotatedStopPointRef>
      <StopPointRef>390030014</StopPointRef>
      <CommonName>Holy Trinity Church</CommonName>
      <Indicator>opp</Indicator>
      <LocalityName>Rose Hill (Ipswich)</LocalityName>
      <LocalityQualifier>Suffolk</LocalityQualifier>
    </AnnotatedStopPointRef>
    <AnnotatedStopPointRef>
      <StopPointRef>390030009</StopPointRef>
      <CommonName>Angel Lane</CommonName>
      <Indicator>opp</Indicator>
      <LocalityName>Ipswich</LocalityName>
      <LocalityQualifier>Suffolk</LocalityQualifier>
    </AnnotatedStopPointRef>
    <AnnotatedStopPointRef>
      <StopPointRef>390030006</StopPointRef>
      <CommonName>The Dhaka</CommonName>
      <Indicator>o/s</Indicator>
      <LocalityName>Ipswich</LocalityName>
      <LocalityQualifier>Suffolk</LocalityQualifier>
    </AnnotatedStopPointRef>
    <AnnotatedStopPointRef>
      <StopPointRef>390030679</StopPointRef>
      <CommonName>Library</CommonName>
      <LocalityName>Ipswich</LocalityName>
      <LocalityQualifier>Suffolk</LocalityQualifier>
    </AnnotatedStopPointRef>
    <AnnotatedStopPointRef>
      <StopPointRef>390030268</StopPointRef>
      <CommonName>Tower Ramparts Bus Station</CommonName>
      <Indicator>Stand FF</Indicator>
      <LocalityName>Ipswich</LocalityName>
      <LocalityQualifier>Suffolk</LocalityQualifier>
    </AnnotatedStopPointRef>
    <AnnotatedStopPointRef>
      <StopPointRef>390030680</StopPointRef>
      <CommonName>Museum Street</CommonName>
      <Indicator>Stand 1</Indicator>
      <LocalityName>Ipswich</LocalityName>
      <LocalityQualifier>Suffolk</LocalityQualifier>
    </AnnotatedStopPointRef>
    <AnnotatedStopPointRef>
      <StopPointRef>390030686</StopPointRef>
      <CommonName>Willis Building</CommonName>
      <Indicator>opp</Indicator>
      <LocalityName>Ipswich</LocalityName>
      <LocalityQualifier>Suffolk</LocalityQualifier>
    </AnnotatedStopPointRef>
  </StopPoints>
  <RouteSections>
    <RouteSection id="RS_1-72-_-y08-2-I-1">
      <RouteLink id="RL_1-72-_-y08-2-I-1-1">
        <From>
          <StopPointRef>390030249</StopPointRef>
        </From>
        <To>
          <StopPointRef>390030678</StopPointRef>
        </To>
        <Direction>inbound</Direction>
      </RouteLink>
      <RouteLink id="RL_1-72-_-y08-2-I-1-2">
        <From>
          <StopPointRef>390030678</StopPointRef>
        </From>
        <To>
          <StopPointRef>390030125</StopPointRef>
        </To>
        <Direction>inbound</Direction>
      </RouteLink>
      <RouteLink id="RL_1-72-_-y08-2-I-1-3">
        <From>
          <StopPointRef>390030125</StopPointRef>
        </From>
        <To>
          <StopPointRef>390030382</StopPointRef>
        </To>
        <Direction>inbound</Direction>
      </RouteLink>
      <RouteLink id="RL_1-72-_-y08-2-I-1-4">
        <From>
          <StopPointRef>390030382</StopPointRef>
        </From>
        <To>
          <StopPointRef>390030384</StopPointRef>
        </To>
        <Direction>inbound</Direction>
      </RouteLink>
      <RouteLink id="RL_1-72-_-y08-2-I-1-5">
        <From>
          <StopPointRef>390030384</StopPointRef>
        </From>
        <To>
          <StopPointRef>390030579</StopPointRef>
        </To>
        <Direction>inbound</Direction>
      </RouteLink>
      <RouteLink id="RL_1-72-_-y08-2-I-1-6">
        <From>
          <StopPointRef>390030579</StopPointRef>
        </From>
        <To>
          <StopPointRef>390030607</StopPointRef>
        </To>
        <Direction>inbound</Direction>
      </RouteLink>
      <RouteLink id="RL_1-72-_-y08-2-I-1-7">
        <From>
          <StopPointRef>390030607</StopPointRef>
        </From>
        <To>
          <StopPointRef>390030605</StopPointRef>
        </To>
        <Direction>inbound</Direction>
      </RouteLink>
      <RouteLink id="RL_1-72-_-y08-2-I-1-8">
        <From>
          <StopPointRef>390030605</StopPointRef>
        </From>
        <To>
          <StopPointRef>390031007</StopPointRef>
        </To>
        <Direction>inbound</Direction>
      </RouteLink>
      <RouteLink id="RL_1-72-_-y08-2-I-1-9">
        <From>
          <StopPointRef>390031007</StopPointRef>
        </From>
        <To>
          <StopPointRef>390030611</StopPointRef>
        </To>
        <Direction>inbound</Direction>
      </RouteLink>
      <RouteLink id="RL_1-72-_-y08-2-I-1-10">
        <From>
          <StopPointRef>390030611</StopPointRef>
        </From>
        <To>
          <StopPointRef>390030621</StopPointRef>
        </To>
        <Direction>inbound</Direction>
      </RouteLink>
      <RouteLink id="RL_1-72-_-y08-2-I-1-11">
        <From>
          <StopPointRef>390030621</StopPointRef>
        </From>
        <To>
          <StopPointRef>390030543</StopPointRef>
        </To>
        <Direction>inbound</Direction>
      </RouteLink>
      <RouteLink id="RL_1-72-_-y08-2-I-1-12">
        <From>
          <StopPointRef>390030543</StopPointRef>
        </From>
        <To>
          <StopPointRef>390030546</StopPointRef>
        </To>
        <Direction>inbound</Direction>
      </RouteLink>
      <RouteLink id="RL_1-72-_-y08-2-I-1-13">
        <From>
          <StopPointRef>390030546</StopPointRef>
        </From>
        <To>
          <StopPointRef>390030547</StopPointRef>
        </To>
        <Direction>inbound</Direction>
      </RouteLink>
      <RouteLink id="RL_1-72-_-y08-2-I-1-14">
        <From>
          <StopPointRef>390030547</StopPointRef>
        </From>
        <To>
          <StopPointRef>390061162</StopPointRef>
        </To>
        <Direction>inbound</Direction>
      </RouteLink>
      <RouteLink id="RL_1-72-_-y08-2-I-1-15">
        <From>
          <StopPointRef>390061162</StopPointRef>
        </From>
        <To>
          <StopPointRef>390061160</StopPointRef>
        </To>
        <Direction>inbound</Direction>
      </RouteLink>
      <RouteLink id="RL_1-72-_-y08-2-I-1-16">
        <From>
          <StopPointRef>390061160</StopPointRef>
        </From>
        <To>
          <StopPointRef>390061157</StopPointRef>
        </To>
        <Direction>inbound</Direction>
      </RouteLink>
      <RouteLink id="RL_1-72-_-y08-2-I-1-17">
        <From>
          <StopPointRef>390061157</StopPointRef>
        </From>
        <To>
          <StopPointRef>390060514</StopPointRef>
        </To>
        <Direction>inbound</Direction>
      </RouteLink>
      <RouteLink id="RL_1-72-_-y08-2-I-1-18">
        <From>
          <StopPointRef>390060514</StopPointRef>
        </From>
        <To>
          <StopPointRef>390060516</StopPointRef>
        </To>
        <Direction>inbound</Direction>
      </RouteLink>
      <RouteLink id="RL_1-72-_-y08-2-I-1-19">
        <From>
          <StopPointRef>390060516</StopPointRef>
        </From>
        <To>
          <StopPointRef>390060513</StopPointRef>
        </To>
        <Direction>inbound</Direction>
      </RouteLink>
      <RouteLink id="RL_1-72-_-y08-2-I-1-20">
        <From>
          <StopPointRef>390060513</StopPointRef>
        </From>
        <To>
          <StopPointRef>390060518</StopPointRef>
        </To>
        <Direction>inbound</Direction>
      </RouteLink>
      <RouteLink id="RL_1-72-_-y08-2-I-1-21">
        <From>
          <StopPointRef>390060518</StopPointRef>
        </From>
        <To>
          <StopPointRef>390060528</StopPointRef>
        </To>
        <Direction>inbound</Direction>
      </RouteLink>
      <RouteLink id="RL_1-72-_-y08-2-I-1-22">
        <From>
          <StopPointRef>390060528</StopPointRef>
        </From>
        <To>
          <StopPointRef>390060526</StopPointRef>
        </To>
        <Direction>inbound</Direction>
      </RouteLink>
      <RouteLink id="RL_1-72-_-y08-2-I-1-23">
        <From>
          <StopPointRef>390060526</StopPointRef>
        </From>
        <To>
          <StopPointRef>390060524</StopPointRef>
        </To>
        <Direction>inbound</Direction>
      </RouteLink>
      <RouteLink id="RL_1-72-_-y08-2-I-1-24">
        <From>
          <StopPointRef>390060524</StopPointRef>
        </From>
        <To>
          <StopPointRef>390060522</StopPointRef>
        </To>
        <Direction>inbound</Direction>
      </RouteLink>
      <RouteLink id="RL_1-72-_-y08-2-I-1-25">
        <From>
          <StopPointRef>390060522</StopPointRef>
        </From>
        <To>
          <StopPointRef>390060521</StopPointRef>
        </To>
        <Direction>inbound</Direction>
      </RouteLink>
      <RouteLink id="RL_1-72-_-y08-2-I-1-26">
        <From>
          <StopPointRef>390060521</StopPointRef>
        </From>
        <To>
          <StopPointRef>390060672</StopPointRef>
        </To>
        <Direction>inbound</Direction>
      </RouteLink>
      <RouteLink id="RL_1-72-_-y08-2-I-1-27">
        <From>
          <StopPointRef>390060672</StopPointRef>
        </From>
        <To>
          <StopPointRef>390060550</StopPointRef>
        </To>
        <Direction>inbound</Direction>
      </RouteLink>
    </RouteSection>
    <RouteSection id="RS_1-72-_-y08-2-O-2">
      <RouteLink id="RL_1-72-_-y08-2-O-2-1">
        <From>
          <StopPointRef>390060550</StopPointRef>
        </From>
        <To>
          <StopPointRef>390060399</StopPointRef>
        </To>
        <Direction>outbound</Direction>
      </RouteLink>
      <RouteLink id="RL_1-72-_-y08-2-O-2-2">
        <From>
          <StopPointRef>390060399</StopPointRef>
        </From>
        <To>
          <StopPointRef>390060400</StopPointRef>
        </To>
        <Direction>outbound</Direction>
      </RouteLink>
      <RouteLink id="RL_1-72-_-y08-2-O-2-3">
        <From>
          <StopPointRef>390060400</StopPointRef>
        </From>
        <To>
          <StopPointRef>390060403</StopPointRef>
        </To>
        <Direction>outbound</Direction>
      </RouteLink>
      <RouteLink id="RL_1-72-_-y08-2-O-2-4">
        <From>
          <StopPointRef>390060403</StopPointRef>
        </From>
        <To>
          <StopPointRef>390061033</StopPointRef>
        </To>
        <Direction>outbound</Direction>
      </RouteLink>
      <RouteLink id="RL_1-72-_-y08-2-O-2-5">
        <From>
          <StopPointRef>390061033</StopPointRef>
        </From>
        <To>
          <StopPointRef>390060406</StopPointRef>
        </To>
        <Direction>outbound</Direction>
      </RouteLink>
      <RouteLink id="RL_1-72-_-y08-2-O-2-6">
        <From>
          <StopPointRef>390060406</StopPointRef>
        </From>
        <To>
          <StopPointRef>390060407</StopPointRef>
        </To>
        <Direction>outbound</Direction>
      </RouteLink>
      <RouteLink id="RL_1-72-_-y08-2-O-2-7">
        <From>
          <StopPointRef>390060407</StopPointRef>
        </From>
        <To>
          <StopPointRef>390060884</StopPointRef>
        </To>
        <Direction>outbound</Direction>
      </RouteLink>
      <RouteLink id="RL_1-72-_-y08-2-O-2-8">
        <From>
          <StopPointRef>390060884</StopPointRef>
        </From>
        <To>
          <StopPointRef>390061068</StopPointRef>
        </To>
        <Direction>outbound</Direction>
      </RouteLink>
      <RouteLink id="RL_1-72-_-y08-2-O-2-9">
        <From>
          <StopPointRef>390061068</StopPointRef>
        </From>
        <To>
          <StopPointRef>390060418</StopPointRef>
        </To>
        <Direction>outbound</Direction>
      </RouteLink>
      <RouteLink id="RL_1-72-_-y08-2-O-2-10">
        <From>
          <StopPointRef>390060418</StopPointRef>
        </From>
        <To>
          <StopPointRef>390061069</StopPointRef>
        </To>
        <Direction>outbound</Direction>
      </RouteLink>
      <RouteLink id="RL_1-72-_-y08-2-O-2-11">
        <From>
          <StopPointRef>390061069</StopPointRef>
        </From>
        <To>
          <StopPointRef>390060416</StopPointRef>
        </To>
        <Direction>outbound</Direction>
      </RouteLink>
      <RouteLink id="RL_1-72-_-y08-2-O-2-12">
        <From>
          <StopPointRef>390060416</StopPointRef>
        </From>
        <To>
          <StopPointRef>390060885</StopPointRef>
        </To>
        <Direction>outbound</Direction>
      </RouteLink>
      <RouteLink id="RL_1-72-_-y08-2-O-2-13">
        <From>
          <StopPointRef>390060885</StopPointRef>
        </From>
        <To>
          <StopPointRef>390060408</StopPointRef>
        </To>
        <Direction>outbound</Direction>
      </RouteLink>
      <RouteLink id="RL_1-72-_-y08-2-O-2-14">
        <From>
          <StopPointRef>390060408</StopPointRef>
        </From>
        <To>
          <StopPointRef>390060411</StopPointRef>
        </To>
        <Direction>outbound</Direction>
      </RouteLink>
      <RouteLink id="RL_1-72-_-y08-2-O-2-15">
        <From>
          <StopPointRef>390060411</StopPointRef>
        </From>
        <To>
          <StopPointRef>390060409</StopPointRef>
        </To>
        <Direction>outbound</Direction>
      </RouteLink>
      <RouteLink id="RL_1-72-_-y08-2-O-2-16">
        <From>
          <StopPointRef>390060409</StopPointRef>
        </From>
        <To>
          <StopPointRef>390061066</StopPointRef>
        </To>
        <Direction>outbound</Direction>
      </RouteLink>
      <RouteLink id="RL_1-72-_-y08-2-O-2-17">
        <From>
          <StopPointRef>390061066</StopPointRef>
        </From>
        <To>
          <StopPointRef>390030443</StopPointRef>
        </To>
        <Direction>outbound</Direction>
      </RouteLink>
      <RouteLink id="RL_1-72-_-y08-2-O-2-18">
        <From>
          <StopPointRef>390030443</StopPointRef>
        </From>
        <To>
          <StopPointRef>390030992</StopPointRef>
        </To>
        <Direction>outbound</Direction>
      </RouteLink>
      <RouteLink id="RL_1-72-_-y08-2-O-2-19">
        <From>
          <StopPointRef>390030992</StopPointRef>
        </From>
        <To>
          <StopPointRef>390030994</StopPointRef>
        </To>
        <Direction>outbound</Direction>
      </RouteLink>
      <RouteLink id="RL_1-72-_-y08-2-O-2-20">
        <From>
          <StopPointRef>390030994</StopPointRef>
        </From>
        <To>
          <StopPointRef>390030840</StopPointRef>
        </To>
        <Direction>outbound</Direction>
      </RouteLink>
      <RouteLink id="RL_1-72-_-y08-2-O-2-21">
        <From>
          <StopPointRef>390030840</StopPointRef>
        </From>
        <To>
          <StopPointRef>390030839</StopPointRef>
        </To>
        <Direction>outbound</Direction>
      </RouteLink>
      <RouteLink id="RL_1-72-_-y08-2-O-2-22">
        <From>
          <StopPointRef>390030839</StopPointRef>
        </From>
        <To>
          <StopPointRef>390030836</StopPointRef>
        </To>
        <Direction>outbound</Direction>
      </RouteLink>
      <RouteLink id="RL_1-72-_-y08-2-O-2-23">
        <From>
          <StopPointRef>390030836</StopPointRef>
        </From>
        <To>
          <StopPointRef>390030835</StopPointRef>
        </To>
        <Direction>outbound</Direction>
      </RouteLink>
      <RouteLink id="RL_1-72-_-y08-2-O-2-24">
        <From>
          <StopPointRef>390030835</StopPointRef>
        </From>
        <To>
          <StopPointRef>390030833</StopPointRef>
        </To>
        <Direction>outbound</Direction>
      </RouteLink>
      <RouteLink id="RL_1-72-_-y08-2-O-2-25">
        <From>
          <StopPointRef>390030833</StopPointRef>
        </From>
        <To>
          <StopPointRef>390030069</StopPointRef>
        </To>
        <Direction>outbound</Direction>
      </RouteLink>
      <RouteLink id="RL_1-72-_-y08-2-O-2-26">
        <From>
          <StopPointRef>390030069</StopPointRef>
        </From>
        <To>
          <StopPointRef>390030071</StopPointRef>
        </To>
        <Direction>outbound</Direction>
      </RouteLink>
      <RouteLink id="RL_1-72-_-y08-2-O-2-27">
        <From>
          <StopPointRef>390030071</StopPointRef>
        </From>
        <To>
          <StopPointRef>390030039</StopPointRef>
        </To>
        <Direction>outbound</Direction>
      </RouteLink>
      <RouteLink id="RL_1-72-_-y08-2-O-2-28">
        <From>
          <StopPointRef>390030039</StopPointRef>
        </From>
        <To>
          <StopPointRef>390030014</StopPointRef>
        </To>
        <Direction>outbound</Direction>
      </RouteLink>
      <RouteLink id="RL_1-72-_-y08-2-O-2-29">
        <From>
          <StopPointRef>390030014</StopPointRef>
        </From>
        <To>
          <StopPointRef>390030009</StopPointRef>
        </To>
        <Direction>outbound</Direction>
      </RouteLink>
      <RouteLink id="RL_1-72-_-y08-2-O-2-30">
        <From>
          <StopPointRef>390030009</StopPointRef>
        </From>
        <To>
          <StopPointRef>390030006</StopPointRef>
        </To>
        <Direction>outbound</Direction>
      </RouteLink>
      <RouteLink id="RL_1-72-_-y08-2-O-2-31">
        <From>
          <StopPointRef>390030006</StopPointRef>
        </From>
        <To>
          <StopPointRef>390030679</StopPointRef>
        </To>
        <Direction>outbound</Direction>
      </RouteLink>
      <RouteLink id="RL_1-72-_-y08-2-O-2-32">
        <From>
          <StopPointRef>390030679</StopPointRef>
        </From>
        <To>
          <StopPointRef>390030268</StopPointRef>
        </To>
        <Direction>outbound</Direction>
      </RouteLink>
      <RouteLink id="RL_1-72-_-y08-2-O-2-33">
        <From>
          <StopPointRef>390030268</StopPointRef>
        </From>
        <To>
          <StopPointRef>390030680</StopPointRef>
        </To>
        <Direction>outbound</Direction>
      </RouteLink>
      <RouteLink id="RL_1-72-_-y08-2-O-2-34">
        <From>
          <StopPointRef>390030680</StopPointRef>
        </From>
        <To>
          <StopPointRef>390030686</StopPointRef>
        </To>
        <Direction>outbound</Direction>
      </RouteLink>
      <RouteLink id="RL_1-72-_-y08-2-O-2-35">
        <From>
          <StopPointRef>390030686</StopPointRef>
        </From>
        <To>
          <StopPointRef>390030249</StopPointRef>
        </To>
        <Direction>outbound</Direction>
      </RouteLink>
    </RouteSection>
  </RouteSections>
  <Routes>
    <Route id="R_1-72-_-y08-2-I-1">
      <PrivateCode>R_1-72-_-y08-2-I-1</PrivateCode>
      <Description>Old Cattle Market Bus Station - Tesco</Description>
      <RouteSectionRef>RS_1-72-_-y08-2-I-1</RouteSectionRef>
    </Route>
    <Route id="R_1-72-_-y08-2-O-2">
      <PrivateCode>R_1-72-_-y08-2-O-2</PrivateCode>
      <Description>Tesco - Old Cattle Market Bus Station</Description>
      <RouteSectionRef>RS_1-72-_-y08-2-O-2</RouteSectionRef>
    </Route>
  </Routes>
  <JourneyPatternSections>
    <JourneyPatternSection id="JPS_1-72-_-y08-2-2-2-O">
      <JourneyPatternTimingLink id="JPL_1-72-_-y08-2-2-O-2-2">
        <From SequenceNumber="1">
          <Activity>pickUp</Activity>
          <StopPointRef>390060550</StopPointRef>
          <TimingStatus>PTP</TimingStatus>
        </From>
        <To SequenceNumber="2">
          <Activity>pickUpAndSetDown</Activity>
          <StopPointRef>390060399</StopPointRef>
          <TimingStatus>PTP</TimingStatus>
        </To>
        <RouteLinkRef>RL_1-72-_-y08-2-O-2-1</RouteLinkRef>
        <RunTime>PT9M</RunTime>
      </JourneyPatternTimingLink>
      <JourneyPatternTimingLink id="JPL_1-72-_-y08-2-2-O-2-3">
        <From SequenceNumber="2">
          <Activity>pickUpAndSetDown</Activity>
          <StopPointRef>390060399</StopPointRef>
          <TimingStatus>PTP</TimingStatus>
        </From>
        <To SequenceNumber="3">
          <Activity>pickUpAndSetDown</Activity>
          <StopPointRef>390060400</StopPointRef>
          <TimingStatus>PPT</TimingStatus>
        </To>
        <RouteLinkRef>RL_1-72-_-y08-2-O-2-2</RouteLinkRef>
        <RunTime>PT13S</RunTime>
      </JourneyPatternTimingLink>
      <JourneyPatternTimingLink id="JPL_1-72-_-y08-2-2-O-2-4">
        <From SequenceNumber="3">
          <Activity>pickUpAndSetDown</Activity>
          <StopPointRef>390060400</StopPointRef>
          <TimingStatus>PPT</TimingStatus>
        </From>
        <To SequenceNumber="4">
          <Activity>pickUpAndSetDown</Activity>
          <StopPointRef>390060403</StopPointRef>
          <TimingStatus>PTP</TimingStatus>
        </To>
        <RouteLinkRef>RL_1-72-_-y08-2-O-2-3</RouteLinkRef>
        <RunTime>PT4M47S</RunTime>
      </JourneyPatternTimingLink>
      <JourneyPatternTimingLink id="JPL_1-72-_-y08-2-2-O-2-5">
        <From SequenceNumber="4">
          <Activity>pickUpAndSetDown</Activity>
          <StopPointRef>390060403</StopPointRef>
          <TimingStatus>PTP</TimingStatus>
        </From>
        <To SequenceNumber="5">
          <Activity>pickUpAndSetDown</Activity>
          <StopPointRef>390061033</StopPointRef>
          <TimingStatus>OTH</TimingStatus>
        </To>
        <RouteLinkRef>RL_1-72-_-y08-2-O-2-4</RouteLinkRef>
        <RunTime>PT38S</RunTime>
      </JourneyPatternTimingLink>
      <JourneyPatternTimingLink id="JPL_1-72-_-y08-2-2-O-2-6">
        <From SequenceNumber="5">
          <Activity>pickUpAndSetDown</Activity>
          <StopPointRef>390061033</StopPointRef>
          <TimingStatus>OTH</TimingStatus>
        </From>
        <To SequenceNumber="6">
          <Activity>pickUpAndSetDown</Activity>
          <StopPointRef>390060406</StopPointRef>
          <TimingStatus>PTP</TimingStatus>
        </To>
        <RouteLinkRef>RL_1-72-_-y08-2-O-2-5</RouteLinkRef>
        <RunTime>PT1M22S</RunTime>
      </JourneyPatternTimingLink>
      <JourneyPatternTimingLink id="JPL_1-72-_-y08-2-2-O-2-7">
        <From SequenceNumber="6">
          <Activity>pickUpAndSetDown</Activity>
          <StopPointRef>390060406</StopPointRef>
          <TimingStatus>PTP</TimingStatus>
        </From>
        <To SequenceNumber="7">
          <Activity>pickUpAndSetDown</Activity>
          <StopPointRef>390060407</StopPointRef>
          <TimingStatus>OTH</TimingStatus>
        </To>
        <RouteLinkRef>RL_1-72-_-y08-2-O-2-6</RouteLinkRef>
        <RunTime>PT2M18S</RunTime>
      </JourneyPatternTimingLink>
      <JourneyPatternTimingLink id="JPL_1-72-_-y08-2-2-O-2-8">
        <From SequenceNumber="7">
          <Activity>pickUpAndSetDown</Activity>
          <StopPointRef>390060407</StopPointRef>
          <TimingStatus>OTH</TimingStatus>
        </From>
        <To SequenceNumber="8">
          <Activity>pickUpAndSetDown</Activity>
          <StopPointRef>390060884</StopPointRef>
          <TimingStatus>OTH</TimingStatus>
        </To>
        <RouteLinkRef>RL_1-72-_-y08-2-O-2-7</RouteLinkRef>
        <RunTime>PT3M6S</RunTime>
      </JourneyPatternTimingLink>
      <JourneyPatternTimingLink id="JPL_1-72-_-y08-2-2-O-2-9">
        <From SequenceNumber="8">
          <Activity>pickUpAndSetDown</Activity>
          <StopPointRef>390060884</StopPointRef>
          <TimingStatus>OTH</TimingStatus>
        </From>
        <To SequenceNumber="9">
          <Activity>pickUpAndSetDown</Activity>
          <StopPointRef>390061068</StopPointRef>
          <TimingStatus>PTP</TimingStatus>
        </To>
        <RouteLinkRef>RL_1-72-_-y08-2-O-2-8</RouteLinkRef>
        <RunTime>PT36S</RunTime>
      </JourneyPatternTimingLink>
      <JourneyPatternTimingLink id="JPL_1-72-_-y08-2-2-O-2-10">
        <From SequenceNumber="9">
          <Activity>pickUpAndSetDown</Activity>
          <StopPointRef>390061068</StopPointRef>
          <TimingStatus>PTP</TimingStatus>
        </From>
        <To SequenceNumber="10">
          <Activity>pickUpAndSetDown</Activity>
          <StopPointRef>390060418</StopPointRef>
          <TimingStatus>OTH</TimingStatus>
        </To>
        <RouteLinkRef>RL_1-72-_-y08-2-O-2-9</RouteLinkRef>
        <RunTime>PT36S</RunTime>
      </JourneyPatternTimingLink>
      <JourneyPatternTimingLink id="JPL_1-72-_-y08-2-2-O-2-11">
        <From SequenceNumber="10">
          <Activity>pickUpAndSetDown</Activity>
          <StopPointRef>390060418</StopPointRef>
          <TimingStatus>OTH</TimingStatus>
        </From>
        <To SequenceNumber="11">
          <Activity>pickUpAndSetDown</Activity>
          <StopPointRef>390061069</StopPointRef>
          <TimingStatus>OTH</TimingStatus>
        </To>
        <RouteLinkRef>RL_1-72-_-y08-2-O-2-10</RouteLinkRef>
        <RunTime>PT27S</RunTime>
      </JourneyPatternTimingLink>
      <JourneyPatternTimingLink id="JPL_1-72-_-y08-2-2-O-2-12">
        <From SequenceNumber="11">
          <Activity>pickUpAndSetDown</Activity>
          <StopPointRef>390061069</StopPointRef>
          <TimingStatus>OTH</TimingStatus>
        </From>
        <To SequenceNumber="12">
          <Activity>pickUpAndSetDown</Activity>
          <StopPointRef>390060416</StopPointRef>
          <TimingStatus>OTH</TimingStatus>
        </To>
        <RouteLinkRef>RL_1-72-_-y08-2-O-2-11</RouteLinkRef>
        <RunTime>PT1M11S</RunTime>
      </JourneyPatternTimingLink>
      <JourneyPatternTimingLink id="JPL_1-72-_-y08-2-2-O-2-13">
        <From SequenceNumber="12">
          <Activity>pickUpAndSetDown</Activity>
          <StopPointRef>390060416</StopPointRef>
          <TimingStatus>OTH</TimingStatus>
        </From>
        <To SequenceNumber="13">
          <Activity>pickUpAndSetDown</Activity>
          <StopPointRef>390060885</StopPointRef>
          <TimingStatus>OTH</TimingStatus>
        </To>
        <RouteLinkRef>RL_1-72-_-y08-2-O-2-12</RouteLinkRef>
        <RunTime>PT18S</RunTime>
      </JourneyPatternTimingLink>
      <JourneyPatternTimingLink id="JPL_1-72-_-y08-2-2-O-2-14">
        <From SequenceNumber="13">
          <Activity>pickUpAndSetDown</Activity>
          <StopPointRef>390060885</StopPointRef>
          <TimingStatus>OTH</TimingStatus>
        </From>
        <To SequenceNumber="14">
          <Activity>pickUpAndSetDown</Activity>
          <StopPointRef>390060408</StopPointRef>
          <TimingStatus>OTH</TimingStatus>
        </To>
        <RouteLinkRef>RL_1-72-_-y08-2-O-2-13</RouteLinkRef>
        <RunTime>PT2M24S</RunTime>
      </JourneyPatternTimingLink>
      <JourneyPatternTimingLink id="JPL_1-72-_-y08-2-2-O-2-15">
        <From SequenceNumber="14">
          <Activity>pickUpAndSetDown</Activity>
          <StopPointRef>390060408</StopPointRef>
          <TimingStatus>OTH</TimingStatus>
        </From>
        <To SequenceNumber="15">
          <Activity>pickUpAndSetDown</Activity>
          <StopPointRef>390060411</StopPointRef>
          <TimingStatus>PTP</TimingStatus>
        </To>
        <RouteLinkRef>RL_1-72-_-y08-2-O-2-14</RouteLinkRef>
        <RunTime>PT2M4S</RunTime>
      </JourneyPatternTimingLink>
      <JourneyPatternTimingLink id="JPL_1-72-_-y08-2-2-O-2-16">
        <From SequenceNumber="15">
          <Activity>pickUpAndSetDown</Activity>
          <StopPointRef>390060411</StopPointRef>
          <TimingStatus>PTP</TimingStatus>
        </From>
        <To SequenceNumber="16">
          <Activity>pickUpAndSetDown</Activity>
          <StopPointRef>390060409</StopPointRef>
          <TimingStatus>PTP</TimingStatus>
        </To>
        <RouteLinkRef>RL_1-72-_-y08-2-O-2-15</RouteLinkRef>
        <RunTime>PT2M</RunTime>
      </JourneyPatternTimingLink>
      <JourneyPatternTimingLink id="JPL_1-72-_-y08-2-2-O-2-17">
        <From SequenceNumber="16">
          <Activity>pickUpAndSetDown</Activity>
          <StopPointRef>390060409</StopPointRef>
          <TimingStatus>PTP</TimingStatus>
        </From>
        <To SequenceNumber="17">
          <Activity>pickUpAndSetDown</Activity>
          <StopPointRef>390061066</StopPointRef>
          <TimingStatus>OTH</TimingStatus>
        </To>
        <RouteLinkRef>RL_1-72-_-y08-2-O-2-16</RouteLinkRef>
        <RunTime>PT2M13S</RunTime>
      </JourneyPatternTimingLink>
      <JourneyPatternTimingLink id="JPL_1-72-_-y08-2-2-O-2-18">
        <From SequenceNumber="17">
          <Activity>pickUpAndSetDown</Activity>
          <StopPointRef>390061066</StopPointRef>
          <TimingStatus>OTH</TimingStatus>
        </From>
        <To SequenceNumber="18">
          <Activity>pickUpAndSetDown</Activity>
          <StopPointRef>390030443</StopPointRef>
          <TimingStatus>PTP</TimingStatus>
        </To>
        <RouteLinkRef>RL_1-72-_-y08-2-O-2-17</RouteLinkRef>
        <RunTime>PT1M47S</RunTime>
      </JourneyPatternTimingLink>
      <JourneyPatternTimingLink id="JPL_1-72-_-y08-2-2-O-2-19">
        <From SequenceNumber="18">
          <Activity>pickUpAndSetDown</Activity>
          <StopPointRef>390030443</StopPointRef>
          <TimingStatus>PTP</TimingStatus>
        </From>
        <To SequenceNumber="19">
          <Activity>pickUpAndSetDown</Activity>
          <StopPointRef>390030992</StopPointRef>
          <TimingStatus>OTH</TimingStatus>
        </To>
        <RouteLinkRef>RL_1-72-_-y08-2-O-2-18</RouteLinkRef>
        <RunTime>PT2M</RunTime>
      </JourneyPatternTimingLink>
      <JourneyPatternTimingLink id="JPL_1-72-_-y08-2-2-O-2-20">
        <From SequenceNumber="19">
          <Activity>pickUpAndSetDown</Activity>
          <StopPointRef>390030992</StopPointRef>
          <TimingStatus>OTH</TimingStatus>
        </From>
        <To SequenceNumber="20">
          <Activity>pickUpAndSetDown</Activity>
          <StopPointRef>390030994</StopPointRef>
          <TimingStatus>OTH</TimingStatus>
        </To>
        <RouteLinkRef>RL_1-72-_-y08-2-O-2-19</RouteLinkRef>
        <RunTime>PT52S</RunTime>
      </JourneyPatternTimingLink>
      <JourneyPatternTimingLink id="JPL_1-72-_-y08-2-2-O-2-21">
        <From SequenceNumber="20">
          <Activity>pickUpAndSetDown</Activity>
          <StopPointRef>390030994</StopPointRef>
          <TimingStatus>OTH</TimingStatus>
        </From>
        <To SequenceNumber="21">
          <Activity>pickUpAndSetDown</Activity>
          <StopPointRef>390030840</StopPointRef>
          <TimingStatus>OTH</TimingStatus>
        </To>
        <RouteLinkRef>RL_1-72-_-y08-2-O-2-20</RouteLinkRef>
        <RunTime>PT27S</RunTime>
      </JourneyPatternTimingLink>
      <JourneyPatternTimingLink id="JPL_1-72-_-y08-2-2-O-2-22">
        <From SequenceNumber="21">
          <Activity>pickUpAndSetDown</Activity>
          <StopPointRef>390030840</StopPointRef>
          <TimingStatus>OTH</TimingStatus>
        </From>
        <To SequenceNumber="22">
          <Activity>pickUpAndSetDown</Activity>
          <StopPointRef>390030839</StopPointRef>
          <TimingStatus>OTH</TimingStatus>
        </To>
        <RouteLinkRef>RL_1-72-_-y08-2-O-2-21</RouteLinkRef>
        <RunTime>PT37S</RunTime>
      </JourneyPatternTimingLink>
      <JourneyPatternTimingLink id="JPL_1-72-_-y08-2-2-O-2-23">
        <From SequenceNumber="22">
          <Activity>pickUpAndSetDown</Activity>
          <StopPointRef>390030839</StopPointRef>
          <TimingStatus>OTH</TimingStatus>
        </From>
        <To SequenceNumber="23">
          <Activity>pickUpAndSetDown</Activity>
          <StopPointRef>390030836</StopPointRef>
          <TimingStatus>OTH</TimingStatus>
        </To>
        <RouteLinkRef>RL_1-72-_-y08-2-O-2-22</RouteLinkRef>
        <RunTime>PT1M2S</RunTime>
      </JourneyPatternTimingLink>
      <JourneyPatternTimingLink id="JPL_1-72-_-y08-2-2-O-2-24">
        <From SequenceNumber="23">
          <Activity>pickUpAndSetDown</Activity>
          <StopPointRef>390030836</StopPointRef>
          <TimingStatus>OTH</TimingStatus>
        </From>
        <To SequenceNumber="24">
          <Activity>pickUpAndSetDown</Activity>
          <StopPointRef>390030835</StopPointRef>
          <TimingStatus>PTP</TimingStatus>
        </To>
        <RouteLinkRef>RL_1-72-_-y08-2-O-2-23</RouteLinkRef>
        <RunTime>PT1M2S</RunTime>
      </JourneyPatternTimingLink>
      <JourneyPatternTimingLink id="JPL_1-72-_-y08-2-2-O-2-25">
        <From SequenceNumber="24">
          <Activity>pickUpAndSetDown</Activity>
          <StopPointRef>390030835</StopPointRef>
          <TimingStatus>PTP</TimingStatus>
        </From>
        <To SequenceNumber="25">
          <Activity>pickUpAndSetDown</Activity>
          <StopPointRef>390030833</StopPointRef>
          <TimingStatus>OTH</TimingStatus>
        </To>
        <RouteLinkRef>RL_1-72-_-y08-2-O-2-24</RouteLinkRef>
        <RunTime>PT44S</RunTime>
      </JourneyPatternTimingLink>
      <JourneyPatternTimingLink id="JPL_1-72-_-y08-2-2-O-2-26">
        <From SequenceNumber="25">
          <Activity>pickUpAndSetDown</Activity>
          <StopPointRef>390030833</StopPointRef>
          <TimingStatus>OTH</TimingStatus>
        </From>
        <To SequenceNumber="26">
          <Activity>pickUpAndSetDown</Activity>
          <StopPointRef>390030069</StopPointRef>
          <TimingStatus>OTH</TimingStatus>
        </To>
        <RouteLinkRef>RL_1-72-_-y08-2-O-2-25</RouteLinkRef>
        <RunTime>PT1M23S</RunTime>
      </JourneyPatternTimingLink>
      <JourneyPatternTimingLink id="JPL_1-72-_-y08-2-2-O-2-27">
        <From SequenceNumber="26">
          <Activity>pickUpAndSetDown</Activity>
          <StopPointRef>390030069</StopPointRef>
          <TimingStatus>OTH</TimingStatus>
        </From>
        <To SequenceNumber="27">
          <Activity>pickUpAndSetDown</Activity>
          <StopPointRef>390030071</StopPointRef>
          <TimingStatus>OTH</TimingStatus>
        </To>
        <RouteLinkRef>RL_1-72-_-y08-2-O-2-26</RouteLinkRef>
        <RunTime>PT56S</RunTime>
      </JourneyPatternTimingLink>
      <JourneyPatternTimingLink id="JPL_1-72-_-y08-2-2-O-2-28">
        <From SequenceNumber="27">
          <Activity>pickUpAndSetDown</Activity>
          <StopPointRef>390030071</StopPointRef>
          <TimingStatus>OTH</TimingStatus>
        </From>
        <To SequenceNumber="28">
          <Activity>pickUpAndSetDown</Activity>
          <StopPointRef>390030039</StopPointRef>
          <TimingStatus>OTH</TimingStatus>
        </To>
        <RouteLinkRef>RL_1-72-_-y08-2-O-2-27</RouteLinkRef>
        <RunTime>PT1M39S</RunTime>
      </JourneyPatternTimingLink>
      <JourneyPatternTimingLink id="JPL_1-72-_-y08-2-2-O-2-29">
        <From SequenceNumber="28">
          <Activity>pickUpAndSetDown</Activity>
          <StopPointRef>390030039</StopPointRef>
          <TimingStatus>OTH</TimingStatus>
        </From>
        <To SequenceNumber="29">
          <Activity>pickUpAndSetDown</Activity>
          <StopPointRef>390030014</StopPointRef>
          <TimingStatus>OTH</TimingStatus>
        </To>
        <RouteLinkRef>RL_1-72-_-y08-2-O-2-28</RouteLinkRef>
        <RunTime>PT1M2S</RunTime>
      </JourneyPatternTimingLink>
      <JourneyPatternTimingLink id="JPL_1-72-_-y08-2-2-O-2-30">
        <From SequenceNumber="29">
          <Activity>pickUpAndSetDown</Activity>
          <StopPointRef>390030014</StopPointRef>
          <TimingStatus>OTH</TimingStatus>
        </From>
        <To SequenceNumber="30">
          <Activity>pickUpAndSetDown</Activity>
          <StopPointRef>390030009</StopPointRef>
          <TimingStatus>OTH</TimingStatus>
        </To>
        <RouteLinkRef>RL_1-72-_-y08-2-O-2-29</RouteLinkRef>
        <RunTime>PT1M28S</RunTime>
      </JourneyPatternTimingLink>
      <JourneyPatternTimingLink id="JPL_1-72-_-y08-2-2-O-2-31">
        <From SequenceNumber="30">
          <Activity>pickUpAndSetDown</Activity>
          <StopPointRef>390030009</StopPointRef>
          <TimingStatus>OTH</TimingStatus>
        </From>
        <To SequenceNumber="31">
          <Activity>pickUpAndSetDown</Activity>
          <StopPointRef>390030006</StopPointRef>
          <TimingStatus>OTH</TimingStatus>
        </To>
        <RouteLinkRef>RL_1-72-_-y08-2-O-2-30</RouteLinkRef>
        <RunTime>PT50S</RunTime>
      </JourneyPatternTimingLink>
      <JourneyPatternTimingLink id="JPL_1-72-_-y08-2-2-O-2-32">
        <From SequenceNumber="31">
          <Activity>pickUpAndSetDown</Activity>
          <StopPointRef>390030006</StopPointRef>
          <TimingStatus>OTH</TimingStatus>
        </From>
        <To SequenceNumber="32">
          <Activity>pickUpAndSetDown</Activity>
          <StopPointRef>390030679</StopPointRef>
          <TimingStatus>OTH</TimingStatus>
        </To>
        <RouteLinkRef>RL_1-72-_-y08-2-O-2-31</RouteLinkRef>
        <RunTime>PT1M35S</RunTime>
      </JourneyPatternTimingLink>
      <JourneyPatternTimingLink id="JPL_1-72-_-y08-2-2-O-2-33">
        <From SequenceNumber="32">
          <Activity>pickUpAndSetDown</Activity>
          <StopPointRef>390030679</StopPointRef>
          <TimingStatus>OTH</TimingStatus>
        </From>
        <To SequenceNumber="33">
          <Activity>pickUpAndSetDown</Activity>
          <StopPointRef>390030268</StopPointRef>
          <TimingStatus>PTP</TimingStatus>
        </To>
        <RouteLinkRef>RL_1-72-_-y08-2-O-2-32</RouteLinkRef>
        <RunTime>PT23S</RunTime>
      </JourneyPatternTimingLink>
      <JourneyPatternTimingLink id="JPL_1-72-_-y08-2-2-O-2-34">
        <From SequenceNumber="33">
          <Activity>pickUpAndSetDown</Activity>
          <StopPointRef>390030268</StopPointRef>
          <TimingStatus>PTP</TimingStatus>
        </From>
        <To SequenceNumber="34">
          <Activity>pickUpAndSetDown</Activity>
          <StopPointRef>390030680</StopPointRef>
          <TimingStatus>OTH</TimingStatus>
        </To>
        <RouteLinkRef>RL_1-72-_-y08-2-O-2-33</RouteLinkRef>
        <RunTime>PT1M51S</RunTime>
      </JourneyPatternTimingLink>
      <JourneyPatternTimingLink id="JPL_1-72-_-y08-2-2-O-2-35">
        <From SequenceNumber="34">
          <Activity>pickUpAndSetDown</Activity>
          <StopPointRef>390030680</StopPointRef>
          <TimingStatus>OTH</TimingStatus>
        </From>
        <To SequenceNumber="35">
          <Activity>pickUpAndSetDown</Activity>
          <StopPointRef>390030686</StopPointRef>
          <TimingStatus>OTH</TimingStatus>
        </To>
        <RouteLinkRef>RL_1-72-_-y08-2-O-2-34</RouteLinkRef>
        <RunTime>PT1M53S</RunTime>
      </JourneyPatternTimingLink>
      <JourneyPatternTimingLink id="JPL_1-72-_-y08-2-2-O-2-36">
        <From SequenceNumber="35">
          <Activity>pickUpAndSetDown</Activity>
          <StopPointRef>390030686</StopPointRef>
          <TimingStatus>OTH</TimingStatus>
        </From>
        <To SequenceNumber="36">
          <Activity>setDown</Activity>
          <StopPointRef>390030249</StopPointRef>
          <TimingStatus>PTP</TimingStatus>
        </To>
        <RouteLinkRef>RL_1-72-_-y08-2-O-2-35</RouteLinkRef>
        <RunTime>PT1M16S</RunTime>
      </JourneyPatternTimingLink>
    </JourneyPatternSection>
    <JourneyPatternSection id="JPS_1-72-_-y08-2-1-1-I">
      <JourneyPatternTimingLink id="JPL_1-72-_-y08-2-1-I-1-2">
        <From SequenceNumber="1">
          <Activity>pickUp</Activity>
          <StopPointRef>390030249</StopPointRef>
          <TimingStatus>PTP</TimingStatus>
        </From>
        <To SequenceNumber="2">
          <Activity>pickUpAndSetDown</Activity>
          <StopPointRef>390030678</StopPointRef>
          <TimingStatus>OTH</TimingStatus>
        </To>
        <RouteLinkRef>RL_1-72-_-y08-2-I-1-1</RouteLinkRef>
        <RunTime>PT1M19S</RunTime>
      </JourneyPatternTimingLink>
      <JourneyPatternTimingLink id="JPL_1-72-_-y08-2-1-I-1-3">
        <From SequenceNumber="2">
          <Activity>pickUpAndSetDown</Activity>
          <StopPointRef>390030678</StopPointRef>
          <TimingStatus>OTH</TimingStatus>
        </From>
        <To SequenceNumber="3">
          <Activity>pickUpAndSetDown</Activity>
          <StopPointRef>390030125</StopPointRef>
          <TimingStatus>OTH</TimingStatus>
        </To>
        <RouteLinkRef>RL_1-72-_-y08-2-I-1-2</RouteLinkRef>
        <RunTime>PT53S</RunTime>
      </JourneyPatternTimingLink>
      <JourneyPatternTimingLink id="JPL_1-72-_-y08-2-1-I-1-4">
        <From SequenceNumber="3">
          <Activity>pickUpAndSetDown</Activity>
          <StopPointRef>390030125</StopPointRef>
          <TimingStatus>OTH</TimingStatus>
        </From>
        <To SequenceNumber="4">
          <Activity>pickUpAndSetDown</Activity>
          <StopPointRef>390030382</StopPointRef>
          <TimingStatus>OTH</TimingStatus>
        </To>
        <RouteLinkRef>RL_1-72-_-y08-2-I-1-3</RouteLinkRef>
        <RunTime>PT1M17S</RunTime>
      </JourneyPatternTimingLink>
      <JourneyPatternTimingLink id="JPL_1-72-_-y08-2-1-I-1-5">
        <From SequenceNumber="4">
          <Activity>pickUpAndSetDown</Activity>
          <StopPointRef>390030382</StopPointRef>
          <TimingStatus>OTH</TimingStatus>
        </From>
        <To SequenceNumber="5">
          <Activity>pickUpAndSetDown</Activity>
          <StopPointRef>390030384</StopPointRef>
          <TimingStatus>OTH</TimingStatus>
        </To>
        <RouteLinkRef>RL_1-72-_-y08-2-I-1-4</RouteLinkRef>
        <RunTime>PT38S</RunTime>
      </JourneyPatternTimingLink>
      <JourneyPatternTimingLink id="JPL_1-72-_-y08-2-1-I-1-6">
        <From SequenceNumber="5">
          <Activity>pickUpAndSetDown</Activity>
          <StopPointRef>390030384</StopPointRef>
          <TimingStatus>OTH</TimingStatus>
        </From>
        <To SequenceNumber="6">
          <Activity>pickUpAndSetDown</Activity>
          <StopPointRef>390030579</StopPointRef>
          <TimingStatus>OTH</TimingStatus>
        </To>
        <RouteLinkRef>RL_1-72-_-y08-2-I-1-5</RouteLinkRef>
        <RunTime>PT1M43S</RunTime>
      </JourneyPatternTimingLink>
      <JourneyPatternTimingLink id="JPL_1-72-_-y08-2-1-I-1-7">
        <From SequenceNumber="6">
          <Activity>pickUpAndSetDown</Activity>
          <StopPointRef>390030579</StopPointRef>
          <TimingStatus>OTH</TimingStatus>
        </From>
        <To SequenceNumber="7">
          <Activity>pickUpAndSetDown</Activity>
          <StopPointRef>390030607</StopPointRef>
          <TimingStatus>OTH</TimingStatus>
        </To>
        <RouteLinkRef>RL_1-72-_-y08-2-I-1-6</RouteLinkRef>
        <RunTime>PT41S</RunTime>
      </JourneyPatternTimingLink>
      <JourneyPatternTimingLink id="JPL_1-72-_-y08-2-1-I-1-8">
        <From SequenceNumber="7">
          <Activity>pickUpAndSetDown</Activity>
          <StopPointRef>390030607</StopPointRef>
          <TimingStatus>OTH</TimingStatus>
        </From>
        <To SequenceNumber="8">
          <Activity>pickUpAndSetDown</Activity>
          <StopPointRef>390030605</StopPointRef>
          <TimingStatus>OTH</TimingStatus>
        </To>
        <RouteLinkRef>RL_1-72-_-y08-2-I-1-7</RouteLinkRef>
        <RunTime>PT40S</RunTime>
      </JourneyPatternTimingLink>
      <JourneyPatternTimingLink id="JPL_1-72-_-y08-2-1-I-1-9">
        <From SequenceNumber="8">
          <Activity>pickUpAndSetDown</Activity>
          <StopPointRef>390030605</StopPointRef>
          <TimingStatus>OTH</TimingStatus>
        </From>
        <To SequenceNumber="9">
          <Activity>pickUpAndSetDown</Activity>
          <StopPointRef>390031007</StopPointRef>
          <TimingStatus>PTP</TimingStatus>
        </To>
        <RouteLinkRef>RL_1-72-_-y08-2-I-1-8</RouteLinkRef>
        <RunTime>PT49S</RunTime>
      </JourneyPatternTimingLink>
      <JourneyPatternTimingLink id="JPL_1-72-_-y08-2-1-I-1-10">
        <From SequenceNumber="9">
          <Activity>pickUpAndSetDown</Activity>
          <StopPointRef>390031007</StopPointRef>
          <TimingStatus>PTP</TimingStatus>
        </From>
        <To SequenceNumber="10">
          <Activity>pickUpAndSetDown</Activity>
          <StopPointRef>390030611</StopPointRef>
          <TimingStatus>OTH</TimingStatus>
        </To>
        <RouteLinkRef>RL_1-72-_-y08-2-I-1-9</RouteLinkRef>
        <RunTime>PT1M15S</RunTime>
      </JourneyPatternTimingLink>
      <JourneyPatternTimingLink id="JPL_1-72-_-y08-2-1-I-1-11">
        <From SequenceNumber="10">
          <Activity>pickUpAndSetDown</Activity>
          <StopPointRef>390030611</StopPointRef>
          <TimingStatus>OTH</TimingStatus>
        </From>
        <To SequenceNumber="11">
          <Activity>pickUpAndSetDown</Activity>
          <StopPointRef>390030621</StopPointRef>
          <TimingStatus>OTH</TimingStatus>
        </To>
        <RouteLinkRef>RL_1-72-_-y08-2-I-1-10</RouteLinkRef>
        <RunTime>PT53S</RunTime>
      </JourneyPatternTimingLink>
      <JourneyPatternTimingLink id="JPL_1-72-_-y08-2-1-I-1-12">
        <From SequenceNumber="11">
          <Activity>pickUpAndSetDown</Activity>
          <StopPointRef>390030621</StopPointRef>
          <TimingStatus>OTH</TimingStatus>
        </From>
        <To SequenceNumber="12">
          <Activity>pickUpAndSetDown</Activity>
          <StopPointRef>390030543</StopPointRef>
          <TimingStatus>PTP</TimingStatus>
        </To>
        <RouteLinkRef>RL_1-72-_-y08-2-I-1-11</RouteLinkRef>
        <RunTime>PT52S</RunTime>
      </JourneyPatternTimingLink>
      <JourneyPatternTimingLink id="JPL_1-72-_-y08-2-1-I-1-13">
        <From SequenceNumber="12">
          <Activity>pickUpAndSetDown</Activity>
          <StopPointRef>390030543</StopPointRef>
          <TimingStatus>PTP</TimingStatus>
        </From>
        <To SequenceNumber="13">
          <Activity>pickUpAndSetDown</Activity>
          <StopPointRef>390030546</StopPointRef>
          <TimingStatus>OTH</TimingStatus>
        </To>
        <RouteLinkRef>RL_1-72-_-y08-2-I-1-12</RouteLinkRef>
        <RunTime>PT25S</RunTime>
      </JourneyPatternTimingLink>
      <JourneyPatternTimingLink id="JPL_1-72-_-y08-2-1-I-1-14">
        <From SequenceNumber="13">
          <Activity>pickUpAndSetDown</Activity>
          <StopPointRef>390030546</StopPointRef>
          <TimingStatus>OTH</TimingStatus>
        </From>
        <To SequenceNumber="14">
          <Activity>pickUpAndSetDown</Activity>
          <StopPointRef>390030547</StopPointRef>
          <TimingStatus>OTH</TimingStatus>
        </To>
        <RouteLinkRef>RL_1-72-_-y08-2-I-1-13</RouteLinkRef>
        <RunTime>PT10S</RunTime>
      </JourneyPatternTimingLink>
      <JourneyPatternTimingLink id="JPL_1-72-_-y08-2-1-I-1-15">
        <From SequenceNumber="14">
          <Activity>pickUpAndSetDown</Activity>
          <StopPointRef>390030547</StopPointRef>
          <TimingStatus>OTH</TimingStatus>
        </From>
        <To SequenceNumber="15">
          <Activity>pickUpAndSetDown</Activity>
          <StopPointRef>390061162</StopPointRef>
          <TimingStatus>OTH</TimingStatus>
        </To>
        <RouteLinkRef>RL_1-72-_-y08-2-I-1-14</RouteLinkRef>
        <RunTime>PT27S</RunTime>
      </JourneyPatternTimingLink>
      <JourneyPatternTimingLink id="JPL_1-72-_-y08-2-1-I-1-16">
        <From SequenceNumber="15">
          <Activity>pickUpAndSetDown</Activity>
          <StopPointRef>390061162</StopPointRef>
          <TimingStatus>OTH</TimingStatus>
        </From>
        <To SequenceNumber="16">
          <Activity>pickUpAndSetDown</Activity>
          <StopPointRef>390061160</StopPointRef>
          <TimingStatus>OTH</TimingStatus>
        </To>
        <RouteLinkRef>RL_1-72-_-y08-2-I-1-15</RouteLinkRef>
        <RunTime>PT13S</RunTime>
      </JourneyPatternTimingLink>
      <JourneyPatternTimingLink id="JPL_1-72-_-y08-2-1-I-1-17">
        <From SequenceNumber="16">
          <Activity>pickUpAndSetDown</Activity>
          <StopPointRef>390061160</StopPointRef>
          <TimingStatus>OTH</TimingStatus>
        </From>
        <To SequenceNumber="17">
          <Activity>pickUpAndSetDown</Activity>
          <StopPointRef>390061157</StopPointRef>
          <TimingStatus>OTH</TimingStatus>
        </To>
        <RouteLinkRef>RL_1-72-_-y08-2-I-1-16</RouteLinkRef>
        <RunTime>PT22S</RunTime>
      </JourneyPatternTimingLink>
      <JourneyPatternTimingLink id="JPL_1-72-_-y08-2-1-I-1-18">
        <From SequenceNumber="17">
          <Activity>pickUpAndSetDown</Activity>
          <StopPointRef>390061157</StopPointRef>
          <TimingStatus>OTH</TimingStatus>
        </From>
        <To SequenceNumber="18">
          <Activity>pickUpAndSetDown</Activity>
          <StopPointRef>390060514</StopPointRef>
          <TimingStatus>PTP</TimingStatus>
        </To>
        <RouteLinkRef>RL_1-72-_-y08-2-I-1-17</RouteLinkRef>
        <RunTime>PT23S</RunTime>
      </JourneyPatternTimingLink>
      <JourneyPatternTimingLink id="JPL_1-72-_-y08-2-1-I-1-19">
        <From SequenceNumber="18">
          <Activity>pickUpAndSetDown</Activity>
          <StopPointRef>390060514</StopPointRef>
          <TimingStatus>PTP</TimingStatus>
        </From>
        <To SequenceNumber="19">
          <Activity>pickUpAndSetDown</Activity>
          <StopPointRef>390060516</StopPointRef>
          <TimingStatus>OTH</TimingStatus>
        </To>
        <RouteLinkRef>RL_1-72-_-y08-2-I-1-18</RouteLinkRef>
        <RunTime>PT34S</RunTime>
      </JourneyPatternTimingLink>
      <JourneyPatternTimingLink id="JPL_1-72-_-y08-2-1-I-1-20">
        <From SequenceNumber="19">
          <Activity>pickUpAndSetDown</Activity>
          <StopPointRef>390060516</StopPointRef>
          <TimingStatus>OTH</TimingStatus>
        </From>
        <To SequenceNumber="20">
          <Activity>pickUpAndSetDown</Activity>
          <StopPointRef>390060513</StopPointRef>
          <TimingStatus>OTH</TimingStatus>
        </To>
        <RouteLinkRef>RL_1-72-_-y08-2-I-1-19</RouteLinkRef>
        <RunTime>PT40S</RunTime>
      </JourneyPatternTimingLink>
      <JourneyPatternTimingLink id="JPL_1-72-_-y08-2-1-I-1-21">
        <From SequenceNumber="20">
          <Activity>pickUpAndSetDown</Activity>
          <StopPointRef>390060513</StopPointRef>
          <TimingStatus>OTH</TimingStatus>
        </From>
        <To SequenceNumber="21">
          <Activity>pickUpAndSetDown</Activity>
          <StopPointRef>390060518</StopPointRef>
          <TimingStatus>OTH</TimingStatus>
        </To>
        <RouteLinkRef>RL_1-72-_-y08-2-I-1-20</RouteLinkRef>
        <RunTime>PT38S</RunTime>
      </JourneyPatternTimingLink>
      <JourneyPatternTimingLink id="JPL_1-72-_-y08-2-1-I-1-22">
        <From SequenceNumber="21">
          <Activity>pickUpAndSetDown</Activity>
          <StopPointRef>390060518</StopPointRef>
          <TimingStatus>OTH</TimingStatus>
        </From>
        <To SequenceNumber="22">
          <Activity>pickUpAndSetDown</Activity>
          <StopPointRef>390060528</StopPointRef>
          <TimingStatus>PTP</TimingStatus>
        </To>
        <RouteLinkRef>RL_1-72-_-y08-2-I-1-21</RouteLinkRef>
        <RunTime>PT5M8S</RunTime>
      </JourneyPatternTimingLink>
      <JourneyPatternTimingLink id="JPL_1-72-_-y08-2-1-I-1-23">
        <From SequenceNumber="22">
          <Activity>pickUpAndSetDown</Activity>
          <StopPointRef>390060528</StopPointRef>
          <TimingStatus>PTP</TimingStatus>
        </From>
        <To SequenceNumber="23">
          <Activity>pickUpAndSetDown</Activity>
          <StopPointRef>390060526</StopPointRef>
          <TimingStatus>PTP</TimingStatus>
        </To>
        <RouteLinkRef>RL_1-72-_-y08-2-I-1-22</RouteLinkRef>
        <RunTime>PT4M</RunTime>
      </JourneyPatternTimingLink>
      <JourneyPatternTimingLink id="JPL_1-72-_-y08-2-1-I-1-24">
        <From SequenceNumber="23">
          <Activity>pickUpAndSetDown</Activity>
          <StopPointRef>390060526</StopPointRef>
          <TimingStatus>PTP</TimingStatus>
        </From>
        <To SequenceNumber="24">
          <Activity>pickUpAndSetDown</Activity>
          <StopPointRef>390060524</StopPointRef>
          <TimingStatus>OTH</TimingStatus>
        </To>
        <RouteLinkRef>RL_1-72-_-y08-2-I-1-23</RouteLinkRef>
        <RunTime>PT2M6S</RunTime>
      </JourneyPatternTimingLink>
      <JourneyPatternTimingLink id="JPL_1-72-_-y08-2-1-I-1-25">
        <From SequenceNumber="24">
          <Activity>pickUpAndSetDown</Activity>
          <StopPointRef>390060524</StopPointRef>
          <TimingStatus>OTH</TimingStatus>
        </From>
        <To SequenceNumber="25">
          <Activity>pickUpAndSetDown</Activity>
          <StopPointRef>390060522</StopPointRef>
          <TimingStatus>PTP</TimingStatus>
        </To>
        <RouteLinkRef>RL_1-72-_-y08-2-I-1-24</RouteLinkRef>
        <RunTime>PT1M54S</RunTime>
      </JourneyPatternTimingLink>
      <JourneyPatternTimingLink id="JPL_1-72-_-y08-2-1-I-1-26">
        <From SequenceNumber="25">
          <Activity>pickUpAndSetDown</Activity>
          <StopPointRef>390060522</StopPointRef>
          <TimingStatus>PTP</TimingStatus>
        </From>
        <To SequenceNumber="26">
          <Activity>pickUpAndSetDown</Activity>
          <StopPointRef>390060521</StopPointRef>
          <TimingStatus>PTP</TimingStatus>
        </To>
        <RouteLinkRef>RL_1-72-_-y08-2-I-1-25</RouteLinkRef>
        <RunTime>PT2M</RunTime>
      </JourneyPatternTimingLink>
      <JourneyPatternTimingLink id="JPL_1-72-_-y08-2-1-I-1-27">
        <From SequenceNumber="26">
          <Activity>pickUpAndSetDown</Activity>
          <StopPointRef>390060521</StopPointRef>
          <TimingStatus>PTP</TimingStatus>
        </From>
        <To SequenceNumber="27">
          <Activity>pickUpAndSetDown</Activity>
          <StopPointRef>390060672</StopPointRef>
          <TimingStatus>PTP</TimingStatus>
        </To>
        <RouteLinkRef>RL_1-72-_-y08-2-I-1-26</RouteLinkRef>
        <RunTime>PT3M</RunTime>
      </JourneyPatternTimingLink>
      <JourneyPatternTimingLink id="JPL_1-72-_-y08-2-1-I-1-28">
        <From SequenceNumber="27">
          <Activity>pickUpAndSetDown</Activity>
          <StopPointRef>390060672</StopPointRef>
          <TimingStatus>PTP</TimingStatus>
        </From>
        <To SequenceNumber="28">
          <Activity>setDown</Activity>
          <StopPointRef>390060550</StopPointRef>
          <TimingStatus>PTP</TimingStatus>
        </To>
        <RouteLinkRef>RL_1-72-_-y08-2-I-1-27</RouteLinkRef>
        <RunTime>PT3M</RunTime>
      </JourneyPatternTimingLink>
    </JourneyPatternSection>
  </JourneyPatternSections>
  <Operators>
    <Operator id="OId_FECS">
      <NationalOperatorCode>FECS</NationalOperatorCode>
      <OperatorCode>FECS</OperatorCode>
      <OperatorShortName>First in Norfolk &amp; Suff</OperatorShortName>
      <OperatorNameOnLicence>First in Norfolk &amp; Suffolk</OperatorNameOnLicence>
      <TradingName>First in Norfolk &amp; Suffolk</TradingName>
      <LicenceNumber>PF0000323</LicenceNumber>
      <LicenceClassification>standardNational</LicenceClassification>
    </Operator>
  </Operators>
  <Services>
    <Service>
      <ServiceCode>1-72-_-y08-2</ServiceCode>
      <PrivateCode>1-72-_-y08-2</PrivateCode>
      <Lines>
        <Line id="1-72-_-y08-2">
          <LineName>72</LineName>
        </Line>
      </Lines>
      <OperatingPeriod>
        <StartDate>2019-11-05</StartDate>
        <EndDate>2020-05-08</EndDate>
      </OperatingPeriod>
      <OperatingProfile>
        <RegularDayType>
          <DaysOfWeek>
            <MondayToFriday />
          </DaysOfWeek>
        </RegularDayType>
        <SpecialDaysOperation>
          <DaysOfNonOperation>
            <DateRange>
              <StartDate>2019-12-24</StartDate>
              <EndDate>2019-12-24</EndDate>
            </DateRange>
            <DateRange>
              <StartDate>2019-12-27</StartDate>
              <EndDate>2019-12-27</EndDate>
            </DateRange>
            <DateRange>
              <StartDate>2019-12-30</StartDate>
              <EndDate>2019-12-31</EndDate>
            </DateRange>
          </DaysOfNonOperation>
        </SpecialDaysOperation>
        <BankHolidayOperation>
          <DaysOfNonOperation>
            <ChristmasDay />
            <BoxingDay />
            <GoodFriday />
            <NewYearsDay />
            <MayDay />
            <EasterMonday />
          </DaysOfNonOperation>
        </BankHolidayOperation>
      </OperatingProfile>
      <VehicleType>
        <VehicleEquipment>
          <AccessVehicleEquipment>
            <LowFloor>true</LowFloor>
            <Ramp>true</Ramp>
          </AccessVehicleEquipment>
          <WheelchairVehicleEquipment>
            <SuitableFor>wheelchair</SuitableFor>
          </WheelchairVehicleEquipment>
        </VehicleEquipment>
        <WheelchairAccessible>true</WheelchairAccessible>
      </VehicleType>
      <RegisteredOperatorRef>OId_FECS</RegisteredOperatorRef>
      <StopRequirements>
        <NoNewStopsRequired />
      </StopRequirements>
      <Mode>bus</Mode>
      <Description>Martlesham - Kirton - Bucklesham - Ipswich</Description>
      <StandardService>
        <Origin>Tesco</Origin>
        <Destination>Old Cattle Market Bus Station</Destination>
        <JourneyPattern id="JP_1-72-_-y08-2-2-O-2">
          <Direction>outbound</Direction>
          <Operational>
            <VehicleType>
              <VehicleTypeCode>WhCh</VehicleTypeCode>
              <Description>Wheelchair Accessible</Description>
            </VehicleType>
          </Operational>
          <RouteRef>R_1-72-_-y08-2-O-2</RouteRef>
          <JourneyPatternSectionRefs>JPS_1-72-_-y08-2-2-2-O</JourneyPatternSectionRefs>
        </JourneyPattern>
        <JourneyPattern id="JP_1-72-_-y08-2-1-I-1">
          <Direction>inbound</Direction>
          <Operational>
            <VehicleType>
              <VehicleTypeCode>WhCh</VehicleTypeCode>
              <Description>Wheelchair Accessible</Description>
            </VehicleType>
          </Operational>
          <RouteRef>R_1-72-_-y08-2-I-1</RouteRef>
          <JourneyPatternSectionRefs>JPS_1-72-_-y08-2-1-1-I</JourneyPatternSectionRefs>
        </JourneyPattern>
      </StandardService>
    </Service>
  </Services>
  <VehicleJourneys>
    <VehicleJourney>
      <PrivateCode>suf-1-72-_-y08-2-1-T0</PrivateCode>
      <Operational>
        <VehicleType>
          <VehicleTypeCode>WhCh</VehicleTypeCode>
          <Description>Wheelchair Accessible</Description>
        </VehicleType>
      </Operational>
      <VehicleJourneyCode>VJ_1-72-_-y08-2-1-T0</VehicleJourneyCode>
      <ServiceRef>1-72-_-y08-2</ServiceRef>
      <LineRef>1-72-_-y08-2</LineRef>
      <JourneyPatternRef>JP_1-72-_-y08-2-2-O-2</JourneyPatternRef>
      <Note>
        <NoteCode>1</NoteCode>
        <NoteText>Sponsored by Suffolk County Council</NoteText>
      </Note>
      <DepartureTime>17:51:00</DepartureTime>
    </VehicleJourney>
    <VehicleJourney>
      <PrivateCode>suf-1-72-_-y08-2-5-T0</PrivateCode>
      <Operational>
        <VehicleType>
          <VehicleTypeCode>WhCh</VehicleTypeCode>
          <Description>Wheelchair Accessible</Description>
        </VehicleType>
      </Operational>
      <VehicleJourneyCode>VJ_1-72-_-y08-2-5-T0</VehicleJourneyCode>
      <ServiceRef>1-72-_-y08-2</ServiceRef>
      <LineRef>1-72-_-y08-2</LineRef>
      <JourneyPatternRef>JP_1-72-_-y08-2-1-I-1</JourneyPatternRef>
      <Note>
        <NoteCode>1</NoteCode>
        <NoteText>Sponsored by Suffolk County Council</NoteText>
      </Note>
      <DepartureTime>17:15:00</DepartureTime>
    </VehicleJourney>
  </VehicleJourneys>
</TransXChange>