<?xml version="1.0" encoding="utf-8"?>
<TransXChange xmlns:xsi="http://www.w3.org/2001/XMLSchema-instance" xmlns:xsd="http://www.w3.org/2001/XMLSchema" xsi:schemaLocation="http://www.transxchange.org.uk/ http://www.transxchange.org.uk/schema/2.5/TransXChange_general.xsd" CreationDateTime="2019-11-07T16:04:52.2182Z" ModificationDateTime="2019-11-07T16:04:52.2182Z" Modification="new" RevisionNumber="3" FileName="suf_1-70A-_-y08-4.xml" SchemaVersion="2.5" RegistrationDocument="true" xmlns="http://www.transxchange.org.uk/">
  <StopPoints>
    <AnnotatedStopPointRef>
      <StopPointRef>390060607</StopPointRef>
      <CommonName>Turban Centre</CommonName>
      <Indicator>S-bound</Indicator>
      <LocalityName>Woodbridge (Suffolk)</LocalityName>
      <LocalityQualifier>Suffolk</LocalityQualifier>
    </AnnotatedStopPointRef>
    <AnnotatedStopPointRef>
      <StopPointRef>390060899</StopPointRef>
      <CommonName>The Crown</CommonName>
      <Indicator>opp</Indicator>
      <LocalityName>Woodbridge (Suffolk)</LocalityName>
      <LocalityQualifier>Suffolk</LocalityQualifier>
    </AnnotatedStopPointRef>
    <AnnotatedStopPointRef>
      <StopPointRef>390060653</StopPointRef>
      <CommonName>Museum</CommonName>
      <Indicator>adj</Indicator>
      <LocalityName>Woodbridge (Suffolk)</LocalityName>
      <LocalityQualifier>Suffolk</LocalityQualifier>
    </AnnotatedStopPointRef>
    <AnnotatedStopPointRef>
      <StopPointRef>390060650</StopPointRef>
      <CommonName>St Marys</CommonName>
      <Indicator>o/s</Indicator>
      <LocalityName>Woodbridge (Suffolk)</LocalityName>
      <LocalityQualifier>Suffolk</LocalityQualifier>
    </AnnotatedStopPointRef>
    <AnnotatedStopPointRef>
      <StopPointRef>390060648</StopPointRef>
      <CommonName>Conach Road</CommonName>
      <LocalityName>Woodbridge (Suffolk)</LocalityName>
      <LocalityQualifier>Suffolk</LocalityQualifier>
    </AnnotatedStopPointRef>
    <AnnotatedStopPointRef>
      <StopPointRef>390060646</StopPointRef>
      <CommonName>Naunton Road</CommonName>
      <LocalityName>Woodbridge (Suffolk)</LocalityName>
      <LocalityQualifier>Suffolk</LocalityQualifier>
    </AnnotatedStopPointRef>
    <AnnotatedStopPointRef>
      <StopPointRef>390060536</StopPointRef>
      <CommonName>Workshop Cottage</CommonName>
      <Indicator>opp</Indicator>
      <LocalityName>Grundisburgh</LocalityName>
      <LocalityQualifier>Suffolk</LocalityQualifier>
    </AnnotatedStopPointRef>
    <AnnotatedStopPointRef>
      <StopPointRef>390060535</StopPointRef>
      <CommonName>The Dog</CommonName>
      <Indicator>adj</Indicator>
      <LocalityName>Grundisburgh</LocalityName>
      <LocalityQualifier>Suffolk</LocalityQualifier>
    </AnnotatedStopPointRef>
    <AnnotatedStopPointRef>
      <StopPointRef>390061106</StopPointRef>
      <CommonName>Village Hall</CommonName>
      <Indicator>adj</Indicator>
      <LocalityName>Grundisburgh</LocalityName>
      <LocalityQualifier>Suffolk</LocalityQualifier>
    </AnnotatedStopPointRef>
    <AnnotatedStopPointRef>
      <StopPointRef>390060532</StopPointRef>
      <CommonName>Park Road</CommonName>
      <Indicator>adj</Indicator>
      <LocalityName>Grundisburgh</LocalityName>
      <LocalityQualifier>Suffolk</LocalityQualifier>
    </AnnotatedStopPointRef>
    <AnnotatedStopPointRef>
      <StopPointRef>390060531</StopPointRef>
      <CommonName>Church</CommonName>
      <Indicator>opp</Indicator>
      <LocalityName>Culpho</LocalityName>
      <LocalityQualifier>Suffolk</LocalityQualifier>
    </AnnotatedStopPointRef>
    <AnnotatedStopPointRef>
      <StopPointRef>390060748</StopPointRef>
      <CommonName>Fountain</CommonName>
      <LocalityName>Tuddenham St Martin</LocalityName>
      <LocalityQualifier>Suffolk</LocalityQualifier>
    </AnnotatedStopPointRef>
    <AnnotatedStopPointRef>
      <StopPointRef>390060952</StopPointRef>
      <CommonName>The Church</CommonName>
      <Indicator>opp</Indicator>
      <LocalityName>Tuddenham St Martin</LocalityName>
      <LocalityQualifier>Suffolk</LocalityQualifier>
    </AnnotatedStopPointRef>
    <AnnotatedStopPointRef>
      <StopPointRef>390030982</StopPointRef>
      <CommonName>Millennium Cemetery</CommonName>
      <Indicator>opp</Indicator>
      <LocalityName>Red House Farm/Suffk</LocalityName>
      <LocalityQualifier>Suffolk</LocalityQualifier>
    </AnnotatedStopPointRef>
    <AnnotatedStopPointRef>
      <StopPointRef>390031010</StopPointRef>
      <CommonName>Dorset Close</CommonName>
      <Indicator>adj</Indicator>
      <LocalityName>Red House Farm/Suffk</LocalityName>
      <LocalityQualifier>Suffolk</LocalityQualifier>
    </AnnotatedStopPointRef>
    <AnnotatedStopPointRef>
      <StopPointRef>390030407</StopPointRef>
      <CommonName>Bromeswell Road</CommonName>
      <Indicator>opp</Indicator>
      <LocalityName>Ipswich</LocalityName>
      <LocalityQualifier>Suffolk</LocalityQualifier>
    </AnnotatedStopPointRef>
    <AnnotatedStopPointRef>
      <StopPointRef>390030402</StopPointRef>
      <CommonName>Tuddenham Road</CommonName>
      <LocalityName>Ipswich</LocalityName>
      <LocalityQualifier>Suffolk</LocalityQualifier>
    </AnnotatedStopPointRef>
    <AnnotatedStopPointRef>
      <StopPointRef>390030400</StopPointRef>
      <CommonName>The Albany</CommonName>
      <Indicator>adj</Indicator>
      <LocalityName>Ipswich</LocalityName>
      <LocalityQualifier>Suffolk</LocalityQualifier>
    </AnnotatedStopPointRef>
    <AnnotatedStopPointRef>
      <StopPointRef>390030399</StopPointRef>
      <CommonName>Belvedere Road</CommonName>
      <Indicator>adj</Indicator>
      <LocalityName>Ipswich</LocalityName>
      <LocalityQualifier>Suffolk</LocalityQualifier>
    </AnnotatedStopPointRef>
    <AnnotatedStopPointRef>
      <StopPointRef>390030396</StopPointRef>
      <CommonName>Gainsborough Road</CommonName>
      <Indicator>opp</Indicator>
      <LocalityName>Ipswich</LocalityName>
      <LocalityQualifier>Suffolk</LocalityQualifier>
    </AnnotatedStopPointRef>
    <AnnotatedStopPointRef>
      <StopPointRef>390030427</StopPointRef>
      <CommonName>Hervey Street</CommonName>
      <Indicator>adj</Indicator>
      <LocalityName>Ipswich</LocalityName>
      <LocalityQualifier>Suffolk</LocalityQualifier>
    </AnnotatedStopPointRef>
    <AnnotatedStopPointRef>
      <StopPointRef>390031020</StopPointRef>
      <CommonName>Christchurch Street</CommonName>
      <Indicator>adj</Indicator>
      <LocalityName>Ipswich</LocalityName>
      <LocalityQualifier>Suffolk</LocalityQualifier>
    </AnnotatedStopPointRef>
    <AnnotatedStopPointRef>
      <StopPointRef>390030129</StopPointRef>
      <CommonName>Soane Street</CommonName>
      <Indicator>opp</Indicator>
      <LocalityName>St Margarets (Ipsw.)</LocalityName>
      <LocalityQualifier>Suffolk</LocalityQualifier>
    </AnnotatedStopPointRef>
    <AnnotatedStopPointRef>
      <StopPointRef>390030268</StopPointRef>
      <CommonName>Tower Ramparts Bus Station</CommonName>
      <Indicator>Stand FF</Indicator>
      <LocalityName>Ipswich</LocalityName>
      <LocalityQualifier>Suffolk</LocalityQualifier>
    </AnnotatedStopPointRef>
    <AnnotatedStopPointRef>
      <StopPointRef>390030680</StopPointRef>
      <CommonName>Museum Street</CommonName>
      <Indicator>Stand 1</Indicator>
      <LocalityName>Ipswich</LocalityName>
      <LocalityQualifier>Suffolk</LocalityQualifier>
    </AnnotatedStopPointRef>
    <AnnotatedStopPointRef>
      <StopPointRef>390030686</StopPointRef>
      <CommonName>Willis Building</CommonName>
      <Indicator>opp</Indicator>
      <LocalityName>Ipswich</LocalityName>
      <LocalityQualifier>Suffolk</LocalityQualifier>
    </AnnotatedStopPointRef>
    <AnnotatedStopPointRef>
      <StopPointRef>390030242</StopPointRef>
      <CommonName>Old Cattle Market Bus Station</CommonName>
      <Indicator>Stand F</Indicator>
      <LocalityName>Ipswich</LocalityName>
      <LocalityQualifier>Suffolk</LocalityQualifier>
    </AnnotatedStopPointRef>
    <AnnotatedStopPointRef>
      <StopPointRef>390030678</StopPointRef>
      <CommonName>Northgate Street</CommonName>
      <Indicator>adj</Indicator>
      <LocalityName>Ipswich</LocalityName>
      <LocalityQualifier>Suffolk</LocalityQualifier>
    </AnnotatedStopPointRef>
    <AnnotatedStopPointRef>
      <StopPointRef>390030130</StopPointRef>
      <CommonName>Soane Street</CommonName>
      <LocalityName>St Margarets (Ipsw.)</LocalityName>
      <LocalityQualifier>Suffolk</LocalityQualifier>
    </AnnotatedStopPointRef>
    <AnnotatedStopPointRef>
      <StopPointRef>390031021</StopPointRef>
      <CommonName>Christchurch Street</CommonName>
      <Indicator>opp</Indicator>
      <LocalityName>Ipswich</LocalityName>
      <LocalityQualifier>Suffolk</LocalityQualifier>
    </AnnotatedStopPointRef>
    <AnnotatedStopPointRef>
      <StopPointRef>390030426</StopPointRef>
      <CommonName>Hervey Street</CommonName>
      <Indicator>opp</Indicator>
      <LocalityName>Ipswich</LocalityName>
      <LocalityQualifier>Suffolk</LocalityQualifier>
    </AnnotatedStopPointRef>
    <AnnotatedStopPointRef>
      <StopPointRef>390030397</StopPointRef>
      <CommonName>Gainsborough Road</CommonName>
      <Indicator>adj</Indicator>
      <LocalityName>Ipswich</LocalityName>
      <LocalityQualifier>Suffolk</LocalityQualifier>
    </AnnotatedStopPointRef>
    <AnnotatedStopPointRef>
      <StopPointRef>390030398</StopPointRef>
      <CommonName>Belvedere Road</CommonName>
      <Indicator>opp</Indicator>
      <LocalityName>Ipswich</LocalityName>
      <LocalityQualifier>Suffolk</LocalityQualifier>
    </AnnotatedStopPointRef>
    <AnnotatedStopPointRef>
      <StopPointRef>390030401</StopPointRef>
      <CommonName>The Albany</CommonName>
      <Indicator>opp</Indicator>
      <LocalityName>Ipswich</LocalityName>
      <LocalityQualifier>Suffolk</LocalityQualifier>
    </AnnotatedStopPointRef>
    <AnnotatedStopPointRef>
      <StopPointRef>390030403</StopPointRef>
      <CommonName>Tuddenham Road</CommonName>
      <LocalityName>Ipswich</LocalityName>
      <LocalityQualifier>Suffolk</LocalityQualifier>
    </AnnotatedStopPointRef>
    <AnnotatedStopPointRef>
      <StopPointRef>390030406</StopPointRef>
      <CommonName>Bromeswell Road</CommonName>
      <Indicator>adj</Indicator>
      <LocalityName>Ipswich</LocalityName>
      <LocalityQualifier>Suffolk</LocalityQualifier>
    </AnnotatedStopPointRef>
    <AnnotatedStopPointRef>
      <StopPointRef>390031009</StopPointRef>
      <CommonName>Dorset Close</CommonName>
      <Indicator>opp</Indicator>
      <LocalityName>Red House Farm/Suffk</LocalityName>
      <LocalityQualifier>Suffolk</LocalityQualifier>
    </AnnotatedStopPointRef>
    <AnnotatedStopPointRef>
      <StopPointRef>390030983</StopPointRef>
      <CommonName>Millennium Cemetery</CommonName>
      <Indicator>adj</Indicator>
      <LocalityName>Red House Farm/Suffk</LocalityName>
      <LocalityQualifier>Suffolk</LocalityQualifier>
    </AnnotatedStopPointRef>
    <AnnotatedStopPointRef>
      <StopPointRef>390060951</StopPointRef>
      <CommonName>The Church</CommonName>
      <Indicator>adj</Indicator>
      <LocalityName>Tuddenham St Martin</LocalityName>
      <LocalityQualifier>Suffolk</LocalityQualifier>
    </AnnotatedStopPointRef>
    <AnnotatedStopPointRef>
      <StopPointRef>390060749</StopPointRef>
      <CommonName>Fountain</CommonName>
      <Indicator>opp</Indicator>
      <LocalityName>Tuddenham St Martin</LocalityName>
      <LocalityQualifier>Suffolk</LocalityQualifier>
    </AnnotatedStopPointRef>
    <AnnotatedStopPointRef>
      <StopPointRef>390060530</StopPointRef>
      <CommonName>Church</CommonName>
      <Indicator>adj</Indicator>
      <LocalityName>Culpho</LocalityName>
      <LocalityQualifier>Suffolk</LocalityQualifier>
    </AnnotatedStopPointRef>
    <AnnotatedStopPointRef>
      <StopPointRef>390060533</StopPointRef>
      <CommonName>Park Road</CommonName>
      <Indicator>opp</Indicator>
      <LocalityName>Grundisburgh</LocalityName>
      <LocalityQualifier>Suffolk</LocalityQualifier>
    </AnnotatedStopPointRef>
    <AnnotatedStopPointRef>
      <StopPointRef>390061107</StopPointRef>
      <CommonName>Village Hall</CommonName>
      <Indicator>opp</Indicator>
      <LocalityName>Grundisburgh</LocalityName>
      <LocalityQualifier>Suffolk</LocalityQualifier>
    </AnnotatedStopPointRef>
    <AnnotatedStopPointRef>
      <StopPointRef>390060534</StopPointRef>
      <CommonName>The Dog</CommonName>
      <Indicator>opp</Indicator>
      <LocalityName>Grundisburgh</LocalityName>
      <LocalityQualifier>Suffolk</LocalityQualifier>
    </AnnotatedStopPointRef>
    <AnnotatedStopPointRef>
      <StopPointRef>390060537</StopPointRef>
      <CommonName>Basketmakers Cottage</CommonName>
      <Indicator>opp</Indicator>
      <LocalityName>Grundisburgh</LocalityName>
      <LocalityQualifier>Suffolk</LocalityQualifier>
    </AnnotatedStopPointRef>
    <AnnotatedStopPointRef>
      <StopPointRef>390060647</StopPointRef>
      <CommonName>Naunton Road</CommonName>
      <LocalityName>Woodbridge (Suffolk)</LocalityName>
      <LocalityQualifier>Suffolk</LocalityQualifier>
    </AnnotatedStopPointRef>
    <AnnotatedStopPointRef>
      <StopPointRef>390060649</StopPointRef>
      <CommonName>Conach Road</CommonName>
      <LocalityName>Woodbridge (Suffolk)</LocalityName>
      <LocalityQualifier>Suffolk</LocalityQualifier>
    </AnnotatedStopPointRef>
    <AnnotatedStopPointRef>
      <StopPointRef>390060651</StopPointRef>
      <CommonName>St Marys</CommonName>
      <Indicator>opp</Indicator>
      <LocalityName>Woodbridge (Suffolk)</LocalityName>
      <LocalityQualifier>Suffolk</LocalityQualifier>
    </AnnotatedStopPointRef>
    <AnnotatedStopPointRef>
      <StopPointRef>390060652</StopPointRef>
      <CommonName>Museum</CommonName>
      <Indicator>opp</Indicator>
      <LocalityName>Woodbridge (Suffolk)</LocalityName>
      <LocalityQualifier>Suffolk</LocalityQualifier>
    </AnnotatedStopPointRef>
    <AnnotatedStopPointRef>
      <StopPointRef>390060654</StopPointRef>
      <CommonName>Church</CommonName>
      <Indicator>adj</Indicator>
      <LocalityName>Woodbridge (Suffolk)</LocalityName>
      <LocalityQualifier>Suffolk</LocalityQualifier>
    </AnnotatedStopPointRef>
    <AnnotatedStopPointRef>
      <StopPointRef>390060606</StopPointRef>
      <CommonName>Turban Centre</CommonName>
      <Indicator>N-bound</Indicator>
      <LocalityName>Woodbridge (Suffolk)</LocalityName>
      <LocalityQualifier>Suffolk</LocalityQualifier>
    </AnnotatedStopPointRef>
  </StopPoints>
  <RouteSections>
    <RouteSection id="RS_1-70A-_-y08-4-I-1">
      <RouteLink id="RL_1-70A-_-y08-4-I-1-1">
        <From>
          <StopPointRef>390060607</StopPointRef>
        </From>
        <To>
          <StopPointRef>390060899</StopPointRef>
        </To>
        <Direction>inbound</Direction>
      </RouteLink>
      <RouteLink id="RL_1-70A-_-y08-4-I-1-2">
        <From>
          <StopPointRef>390060899</StopPointRef>
        </From>
        <To>
          <StopPointRef>390060653</StopPointRef>
        </To>
        <Direction>inbound</Direction>
      </RouteLink>
      <RouteLink id="RL_1-70A-_-y08-4-I-1-3">
        <From>
          <StopPointRef>390060653</StopPointRef>
        </From>
        <To>
          <StopPointRef>390060650</StopPointRef>
        </To>
        <Direction>inbound</Direction>
      </RouteLink>
      <RouteLink id="RL_1-70A-_-y08-4-I-1-4">
        <From>
          <StopPointRef>390060650</StopPointRef>
        </From>
        <To>
          <StopPointRef>390060648</StopPointRef>
        </To>
        <Direction>inbound</Direction>
      </RouteLink>
      <RouteLink id="RL_1-70A-_-y08-4-I-1-5">
        <From>
          <StopPointRef>390060648</StopPointRef>
        </From>
        <To>
          <StopPointRef>390060646</StopPointRef>
        </To>
        <Direction>inbound</Direction>
      </RouteLink>
      <RouteLink id="RL_1-70A-_-y08-4-I-1-6">
        <From>
          <StopPointRef>390060646</StopPointRef>
        </From>
        <To>
          <StopPointRef>390060536</StopPointRef>
        </To>
        <Direction>inbound</Direction>
      </RouteLink>
      <RouteLink id="RL_1-70A-_-y08-4-I-1-7">
        <From>
          <StopPointRef>390060536</StopPointRef>
        </From>
        <To>
          <StopPointRef>390060535</StopPointRef>
        </To>
        <Direction>inbound</Direction>
      </RouteLink>
      <RouteLink id="RL_1-70A-_-y08-4-I-1-8">
        <From>
          <StopPointRef>390060535</StopPointRef>
        </From>
        <To>
          <StopPointRef>390061106</StopPointRef>
        </To>
        <Direction>inbound</Direction>
      </RouteLink>
      <RouteLink id="RL_1-70A-_-y08-4-I-1-9">
        <From>
          <StopPointRef>390061106</StopPointRef>
        </From>
        <To>
          <StopPointRef>390060532</StopPointRef>
        </To>
        <Direction>inbound</Direction>
      </RouteLink>
      <RouteLink id="RL_1-70A-_-y08-4-I-1-10">
        <From>
          <StopPointRef>390060532</StopPointRef>
        </From>
        <To>
          <StopPointRef>390060531</StopPointRef>
        </To>
        <Direction>inbound</Direction>
      </RouteLink>
      <RouteLink id="RL_1-70A-_-y08-4-I-1-11">
        <From>
          <StopPointRef>390060531</StopPointRef>
        </From>
        <To>
          <StopPointRef>390060748</StopPointRef>
        </To>
        <Direction>inbound</Direction>
      </RouteLink>
      <RouteLink id="RL_1-70A-_-y08-4-I-1-12">
        <From>
          <StopPointRef>390060748</StopPointRef>
        </From>
        <To>
          <StopPointRef>390060952</StopPointRef>
        </To>
        <Direction>inbound</Direction>
      </RouteLink>
      <RouteLink id="RL_1-70A-_-y08-4-I-1-13">
        <From>
          <StopPointRef>390060952</StopPointRef>
        </From>
        <To>
          <StopPointRef>390030982</StopPointRef>
        </To>
        <Direction>inbound</Direction>
      </RouteLink>
      <RouteLink id="RL_1-70A-_-y08-4-I-1-14">
        <From>
          <StopPointRef>390030982</StopPointRef>
        </From>
        <To>
          <StopPointRef>390031010</StopPointRef>
        </To>
        <Direction>inbound</Direction>
      </RouteLink>
      <RouteLink id="RL_1-70A-_-y08-4-I-1-15">
        <From>
          <StopPointRef>390031010</StopPointRef>
        </From>
        <To>
          <StopPointRef>390030407</StopPointRef>
        </To>
        <Direction>inbound</Direction>
      </RouteLink>
      <RouteLink id="RL_1-70A-_-y08-4-I-1-16">
        <From>
          <StopPointRef>390030407</StopPointRef>
        </From>
        <To>
          <StopPointRef>390030402</StopPointRef>
        </To>
        <Direction>inbound</Direction>
      </RouteLink>
      <RouteLink id="RL_1-70A-_-y08-4-I-1-17">
        <From>
          <StopPointRef>390030402</StopPointRef>
        </From>
        <To>
          <StopPointRef>390030400</StopPointRef>
        </To>
        <Direction>inbound</Direction>
      </RouteLink>
      <RouteLink id="RL_1-70A-_-y08-4-I-1-18">
        <From>
          <StopPointRef>390030400</StopPointRef>
        </From>
        <To>
          <StopPointRef>390030399</StopPointRef>
        </To>
        <Direction>inbound</Direction>
      </RouteLink>
      <RouteLink id="RL_1-70A-_-y08-4-I-1-19">
        <From>
          <StopPointRef>390030399</StopPointRef>
        </From>
        <To>
          <StopPointRef>390030396</StopPointRef>
        </To>
        <Direction>inbound</Direction>
      </RouteLink>
      <RouteLink id="RL_1-70A-_-y08-4-I-1-20">
        <From>
          <StopPointRef>390030396</StopPointRef>
        </From>
        <To>
          <StopPointRef>390030427</StopPointRef>
        </To>
        <Direction>inbound</Direction>
      </RouteLink>
      <RouteLink id="RL_1-70A-_-y08-4-I-1-21">
        <From>
          <StopPointRef>390030427</StopPointRef>
        </From>
        <To>
          <StopPointRef>390031020</StopPointRef>
        </To>
        <Direction>inbound</Direction>
      </RouteLink>
      <RouteLink id="RL_1-70A-_-y08-4-I-1-22">
        <From>
          <StopPointRef>390031020</StopPointRef>
        </From>
        <To>
          <StopPointRef>390030129</StopPointRef>
        </To>
        <Direction>inbound</Direction>
      </RouteLink>
      <RouteLink id="RL_1-70A-_-y08-4-I-1-23">
        <From>
          <StopPointRef>390030129</StopPointRef>
        </From>
        <To>
          <StopPointRef>390030268</StopPointRef>
        </To>
        <Direction>inbound</Direction>
      </RouteLink>
      <RouteLink id="RL_1-70A-_-y08-4-I-1-24">
        <From>
          <StopPointRef>390030268</StopPointRef>
        </From>
        <To>
          <StopPointRef>390030680</StopPointRef>
        </To>
        <Direction>inbound</Direction>
      </RouteLink>
      <RouteLink id="RL_1-70A-_-y08-4-I-1-25">
        <From>
          <StopPointRef>390030680</StopPointRef>
        </From>
        <To>
          <StopPointRef>390030686</StopPointRef>
        </To>
        <Direction>inbound</Direction>
      </RouteLink>
      <RouteLink id="RL_1-70A-_-y08-4-I-1-26">
        <From>
          <StopPointRef>390030686</StopPointRef>
        </From>
        <To>
          <StopPointRef>390030242</StopPointRef>
        </To>
        <Direction>inbound</Direction>
      </RouteLink>
    </RouteSection>
    <RouteSection id="RS_1-70A-_-y08-4-O-2">
      <RouteLink id="RL_1-70A-_-y08-4-O-2-1">
        <From>
          <StopPointRef>390030242</StopPointRef>
        </From>
        <To>
          <StopPointRef>390030678</StopPointRef>
        </To>
        <Direction>outbound</Direction>
      </RouteLink>
      <RouteLink id="RL_1-70A-_-y08-4-O-2-2">
        <From>
          <StopPointRef>390030678</StopPointRef>
        </From>
        <To>
          <StopPointRef>390030130</StopPointRef>
        </To>
        <Direction>outbound</Direction>
      </RouteLink>
      <RouteLink id="RL_1-70A-_-y08-4-O-2-3">
        <From>
          <StopPointRef>390030130</StopPointRef>
        </From>
        <To>
          <StopPointRef>390031021</StopPointRef>
        </To>
        <Direction>outbound</Direction>
      </RouteLink>
      <RouteLink id="RL_1-70A-_-y08-4-O-2-4">
        <From>
          <StopPointRef>390031021</StopPointRef>
        </From>
        <To>
          <StopPointRef>390030426</StopPointRef>
        </To>
        <Direction>outbound</Direction>
      </RouteLink>
      <RouteLink id="RL_1-70A-_-y08-4-O-2-5">
        <From>
          <StopPointRef>390030426</StopPointRef>
        </From>
        <To>
          <StopPointRef>390030397</StopPointRef>
        </To>
        <Direction>outbound</Direction>
      </RouteLink>
      <RouteLink id="RL_1-70A-_-y08-4-O-2-6">
        <From>
          <StopPointRef>390030397</StopPointRef>
        </From>
        <To>
          <StopPointRef>390030398</StopPointRef>
        </To>
        <Direction>outbound</Direction>
      </RouteLink>
      <RouteLink id="RL_1-70A-_-y08-4-O-2-7">
        <From>
          <StopPointRef>390030398</StopPointRef>
        </From>
        <To>
          <StopPointRef>390030401</StopPointRef>
        </To>
        <Direction>outbound</Direction>
      </RouteLink>
      <RouteLink id="RL_1-70A-_-y08-4-O-2-8">
        <From>
          <StopPointRef>390030401</StopPointRef>
        </From>
        <To>
          <StopPointRef>390030403</StopPointRef>
        </To>
        <Direction>outbound</Direction>
      </RouteLink>
      <RouteLink id="RL_1-70A-_-y08-4-O-2-9">
        <From>
          <StopPointRef>390030403</StopPointRef>
        </From>
        <To>
          <StopPointRef>390030406</StopPointRef>
        </To>
        <Direction>outbound</Direction>
      </RouteLink>
      <RouteLink id="RL_1-70A-_-y08-4-O-2-10">
        <From>
          <StopPointRef>390030406</StopPointRef>
        </From>
        <To>
          <StopPointRef>390031009</StopPointRef>
        </To>
        <Direction>outbound</Direction>
      </RouteLink>
      <RouteLink id="RL_1-70A-_-y08-4-O-2-11">
        <From>
          <StopPointRef>390031009</StopPointRef>
        </From>
        <To>
          <StopPointRef>390030983</StopPointRef>
        </To>
        <Direction>outbound</Direction>
      </RouteLink>
      <RouteLink id="RL_1-70A-_-y08-4-O-2-12">
        <From>
          <StopPointRef>390030983</StopPointRef>
        </From>
        <To>
          <StopPointRef>390060951</StopPointRef>
        </To>
        <Direction>outbound</Direction>
      </RouteLink>
      <RouteLink id="RL_1-70A-_-y08-4-O-2-13">
        <From>
          <StopPointRef>390060951</StopPointRef>
        </From>
        <To>
          <StopPointRef>390060749</StopPointRef>
        </To>
        <Direction>outbound</Direction>
      </RouteLink>
      <RouteLink id="RL_1-70A-_-y08-4-O-2-14">
        <From>
          <StopPointRef>390060749</StopPointRef>
        </From>
        <To>
          <StopPointRef>390060530</StopPointRef>
        </To>
        <Direction>outbound</Direction>
      </RouteLink>
      <RouteLink id="RL_1-70A-_-y08-4-O-2-15">
        <From>
          <StopPointRef>390060530</StopPointRef>
        </From>
        <To>
          <StopPointRef>390060533</StopPointRef>
        </To>
        <Direction>outbound</Direction>
      </RouteLink>
      <RouteLink id="RL_1-70A-_-y08-4-O-2-16">
        <From>
          <StopPointRef>390060533</StopPointRef>
        </From>
        <To>
          <StopPointRef>390061107</StopPointRef>
        </To>
        <Direction>outbound</Direction>
      </RouteLink>
      <RouteLink id="RL_1-70A-_-y08-4-O-2-17">
        <From>
          <StopPointRef>390061107</StopPointRef>
        </From>
        <To>
          <StopPointRef>390060534</StopPointRef>
        </To>
        <Direction>outbound</Direction>
      </RouteLink>
      <RouteLink id="RL_1-70A-_-y08-4-O-2-18">
        <From>
          <StopPointRef>390060534</StopPointRef>
        </From>
        <To>
          <StopPointRef>390060537</StopPointRef>
        </To>
        <Direction>outbound</Direction>
      </RouteLink>
      <RouteLink id="RL_1-70A-_-y08-4-O-2-19">
        <From>
          <StopPointRef>390060537</StopPointRef>
        </From>
        <To>
          <StopPointRef>390060647</StopPointRef>
        </To>
        <Direction>outbound</Direction>
      </RouteLink>
      <RouteLink id="RL_1-70A-_-y08-4-O-2-20">
        <From>
          <StopPointRef>390060647</StopPointRef>
        </From>
        <To>
          <StopPointRef>390060649</StopPointRef>
        </To>
        <Direction>outbound</Direction>
      </RouteLink>
      <RouteLink id="RL_1-70A-_-y08-4-O-2-21">
        <From>
          <StopPointRef>390060649</StopPointRef>
        </From>
        <To>
          <StopPointRef>390060651</StopPointRef>
        </To>
        <Direction>outbound</Direction>
      </RouteLink>
      <RouteLink id="RL_1-70A-_-y08-4-O-2-22">
        <From>
          <StopPointRef>390060651</StopPointRef>
        </From>
        <To>
          <StopPointRef>390060652</StopPointRef>
        </To>
        <Direction>outbound</Direction>
      </RouteLink>
      <RouteLink id="RL_1-70A-_-y08-4-O-2-23">
        <From>
          <StopPointRef>390060652</StopPointRef>
        </From>
        <To>
          <StopPointRef>390060654</StopPointRef>
        </To>
        <Direction>outbound</Direction>
      </RouteLink>
      <RouteLink id="RL_1-70A-_-y08-4-O-2-24">
        <From>
          <StopPointRef>390060654</StopPointRef>
        </From>
        <To>
          <StopPointRef>390060606</StopPointRef>
        </To>
        <Direction>outbound</Direction>
      </RouteLink>
    </RouteSection>
  </RouteSections>
  <Routes>
    <Route id="R_1-70A-_-y08-4-I-1">
      <PrivateCode>R_1-70A-_-y08-4-I-1</PrivateCode>
      <Description>Turban Centre - Old Cattle Market Bus Station</Description>
      <RouteSectionRef>RS_1-70A-_-y08-4-I-1</RouteSectionRef>
    </Route>
    <Route id="R_1-70A-_-y08-4-O-2">
      <PrivateCode>R_1-70A-_-y08-4-O-2</PrivateCode>
      <Description>Old Cattle Market Bus Station - Turban Centre</Description>
      <RouteSectionRef>RS_1-70A-_-y08-4-O-2</RouteSectionRef>
    </Route>
  </Routes>
  <JourneyPatternSections>
    <JourneyPatternSection id="JPS_1-70A-_-y08-4-1-1-I">
      <JourneyPatternTimingLink id="JPL_1-70A-_-y08-4-1-I-1-2">
        <From SequenceNumber="1">
          <Activity>pickUp</Activity>
          <StopPointRef>390060607</StopPointRef>
          <TimingStatus>PTP</TimingStatus>
        </From>
        <To SequenceNumber="2">
          <Activity>pickUpAndSetDown</Activity>
          <StopPointRef>390060899</StopPointRef>
          <TimingStatus>OTH</TimingStatus>
        </To>
        <RouteLinkRef>RL_1-70A-_-y08-4-I-1-1</RouteLinkRef>
        <RunTime>PT58S</RunTime>
      </JourneyPatternTimingLink>
      <JourneyPatternTimingLink id="JPL_1-70A-_-y08-4-1-I-1-3">
        <From SequenceNumber="2">
          <Activity>pickUpAndSetDown</Activity>
          <StopPointRef>390060899</StopPointRef>
          <TimingStatus>OTH</TimingStatus>
        </From>
        <To SequenceNumber="3">
          <Activity>pickUpAndSetDown</Activity>
          <StopPointRef>390060653</StopPointRef>
          <TimingStatus>OTH</TimingStatus>
        </To>
        <RouteLinkRef>RL_1-70A-_-y08-4-I-1-2</RouteLinkRef>
        <RunTime>PT55S</RunTime>
      </JourneyPatternTimingLink>
      <JourneyPatternTimingLink id="JPL_1-70A-_-y08-4-1-I-1-4">
        <From SequenceNumber="3">
          <Activity>pickUpAndSetDown</Activity>
          <StopPointRef>390060653</StopPointRef>
          <TimingStatus>OTH</TimingStatus>
        </From>
        <To SequenceNumber="4">
          <Activity>pickUpAndSetDown</Activity>
          <StopPointRef>390060650</StopPointRef>
          <TimingStatus>OTH</TimingStatus>
        </To>
        <RouteLinkRef>RL_1-70A-_-y08-4-I-1-3</RouteLinkRef>
        <RunTime>PT2M4S</RunTime>
      </JourneyPatternTimingLink>
      <JourneyPatternTimingLink id="JPL_1-70A-_-y08-4-1-I-1-5">
        <From SequenceNumber="4">
          <Activity>pickUpAndSetDown</Activity>
          <StopPointRef>390060650</StopPointRef>
          <TimingStatus>OTH</TimingStatus>
        </From>
        <To SequenceNumber="5">
          <Activity>pickUpAndSetDown</Activity>
          <StopPointRef>390060648</StopPointRef>
          <TimingStatus>OTH</TimingStatus>
        </To>
        <RouteLinkRef>RL_1-70A-_-y08-4-I-1-4</RouteLinkRef>
        <RunTime>PT21S</RunTime>
      </JourneyPatternTimingLink>
      <JourneyPatternTimingLink id="JPL_1-70A-_-y08-4-1-I-1-6">
        <From SequenceNumber="5">
          <Activity>pickUpAndSetDown</Activity>
          <StopPointRef>390060648</StopPointRef>
          <TimingStatus>OTH</TimingStatus>
        </From>
        <To SequenceNumber="6">
          <Activity>pickUpAndSetDown</Activity>
          <StopPointRef>390060646</StopPointRef>
          <TimingStatus>PTP</TimingStatus>
        </To>
        <RouteLinkRef>RL_1-70A-_-y08-4-I-1-5</RouteLinkRef>
        <RunTime>PT42S</RunTime>
      </JourneyPatternTimingLink>
      <JourneyPatternTimingLink id="JPL_1-70A-_-y08-4-1-I-1-7">
        <From SequenceNumber="6">
          <Activity>pickUpAndSetDown</Activity>
          <StopPointRef>390060646</StopPointRef>
          <TimingStatus>PTP</TimingStatus>
        </From>
        <To SequenceNumber="7">
          <Activity>pickUpAndSetDown</Activity>
          <StopPointRef>390060536</StopPointRef>
          <TimingStatus>OTH</TimingStatus>
        </To>
        <RouteLinkRef>RL_1-70A-_-y08-4-I-1-6</RouteLinkRef>
        <RunTime>PT5M28S</RunTime>
      </JourneyPatternTimingLink>
      <JourneyPatternTimingLink id="JPL_1-70A-_-y08-4-1-I-1-8">
        <From SequenceNumber="7">
          <Activity>pickUpAndSetDown</Activity>
          <StopPointRef>390060536</StopPointRef>
          <TimingStatus>OTH</TimingStatus>
        </From>
        <To SequenceNumber="8">
          <Activity>pickUpAndSetDown</Activity>
          <StopPointRef>390060535</StopPointRef>
          <TimingStatus>PTP</TimingStatus>
        </To>
        <RouteLinkRef>RL_1-70A-_-y08-4-I-1-7</RouteLinkRef>
        <RunTime>PT32S</RunTime>
      </JourneyPatternTimingLink>
      <JourneyPatternTimingLink id="JPL_1-70A-_-y08-4-1-I-1-9">
        <From SequenceNumber="8">
          <Activity>pickUpAndSetDown</Activity>
          <StopPointRef>390060535</StopPointRef>
          <TimingStatus>PTP</TimingStatus>
        </From>
        <To SequenceNumber="9">
          <Activity>pickUpAndSetDown</Activity>
          <StopPointRef>390061106</StopPointRef>
          <TimingStatus>OTH</TimingStatus>
        </To>
        <RouteLinkRef>RL_1-70A-_-y08-4-I-1-8</RouteLinkRef>
        <RunTime>PT1M9S</RunTime>
      </JourneyPatternTimingLink>
      <JourneyPatternTimingLink id="JPL_1-70A-_-y08-4-1-I-1-10">
        <From SequenceNumber="9">
          <Activity>pickUpAndSetDown</Activity>
          <StopPointRef>390061106</StopPointRef>
          <TimingStatus>OTH</TimingStatus>
        </From>
        <To SequenceNumber="10">
          <Activity>pickUpAndSetDown</Activity>
          <StopPointRef>390060532</StopPointRef>
          <TimingStatus>OTH</TimingStatus>
        </To>
        <RouteLinkRef>RL_1-70A-_-y08-4-I-1-9</RouteLinkRef>
        <RunTime>PT24S</RunTime>
      </JourneyPatternTimingLink>
      <JourneyPatternTimingLink id="JPL_1-70A-_-y08-4-1-I-1-11">
        <From SequenceNumber="10">
          <Activity>pickUpAndSetDown</Activity>
          <StopPointRef>390060532</StopPointRef>
          <TimingStatus>OTH</TimingStatus>
        </From>
        <To SequenceNumber="11">
          <Activity>pickUpAndSetDown</Activity>
          <StopPointRef>390060531</StopPointRef>
          <TimingStatus>PTP</TimingStatus>
        </To>
        <RouteLinkRef>RL_1-70A-_-y08-4-I-1-10</RouteLinkRef>
        <RunTime>PT3M27S</RunTime>
      </JourneyPatternTimingLink>
      <JourneyPatternTimingLink id="JPL_1-70A-_-y08-4-1-I-1-12">
        <From SequenceNumber="11">
          <Activity>pickUpAndSetDown</Activity>
          <StopPointRef>390060531</StopPointRef>
          <TimingStatus>PTP</TimingStatus>
        </From>
        <To SequenceNumber="12">
          <Activity>pickUpAndSetDown</Activity>
          <StopPointRef>390060748</StopPointRef>
          <TimingStatus>PTP</TimingStatus>
        </To>
        <RouteLinkRef>RL_1-70A-_-y08-4-I-1-11</RouteLinkRef>
        <RunTime>PT2M</RunTime>
      </JourneyPatternTimingLink>
      <JourneyPatternTimingLink id="JPL_1-70A-_-y08-4-1-I-1-13">
        <From SequenceNumber="12">
          <Activity>pickUpAndSetDown</Activity>
          <StopPointRef>390060748</StopPointRef>
          <TimingStatus>PTP</TimingStatus>
        </From>
        <To SequenceNumber="13">
          <Activity>pickUpAndSetDown</Activity>
          <StopPointRef>390060952</StopPointRef>
          <TimingStatus>OTH</TimingStatus>
        </To>
        <RouteLinkRef>RL_1-70A-_-y08-4-I-1-12</RouteLinkRef>
        <RunTime>PT15S</RunTime>
      </JourneyPatternTimingLink>
      <JourneyPatternTimingLink id="JPL_1-70A-_-y08-4-1-I-1-14">
        <From SequenceNumber="13">
          <Activity>pickUpAndSetDown</Activity>
          <StopPointRef>390060952</StopPointRef>
          <TimingStatus>OTH</TimingStatus>
        </From>
        <To SequenceNumber="14">
          <Activity>pickUpAndSetDown</Activity>
          <StopPointRef>390030982</StopPointRef>
          <TimingStatus>PTP</TimingStatus>
        </To>
        <RouteLinkRef>RL_1-70A-_-y08-4-I-1-13</RouteLinkRef>
        <RunTime>PT2M45S</RunTime>
      </JourneyPatternTimingLink>
      <JourneyPatternTimingLink id="JPL_1-70A-_-y08-4-1-I-1-15">
        <From SequenceNumber="14">
          <Activity>pickUpAndSetDown</Activity>
          <StopPointRef>390030982</StopPointRef>
          <TimingStatus>PTP</TimingStatus>
        </From>
        <To SequenceNumber="15">
          <Activity>pickUpAndSetDown</Activity>
          <StopPointRef>390031010</StopPointRef>
          <TimingStatus>PTP</TimingStatus>
        </To>
        <RouteLinkRef>RL_1-70A-_-y08-4-I-1-14</RouteLinkRef>
        <RunTime>PT1M</RunTime>
      </JourneyPatternTimingLink>
      <JourneyPatternTimingLink id="JPL_1-70A-_-y08-4-1-I-1-16">
        <From SequenceNumber="15">
          <Activity>pickUpAndSetDown</Activity>
          <StopPointRef>390031010</StopPointRef>
          <TimingStatus>PTP</TimingStatus>
        </From>
        <To SequenceNumber="16">
          <Activity>pickUpAndSetDown</Activity>
          <StopPointRef>390030407</StopPointRef>
          <TimingStatus>OTH</TimingStatus>
        </To>
        <RouteLinkRef>RL_1-70A-_-y08-4-I-1-15</RouteLinkRef>
        <RunTime>PT36S</RunTime>
      </JourneyPatternTimingLink>
      <JourneyPatternTimingLink id="JPL_1-70A-_-y08-4-1-I-1-17">
        <From SequenceNumber="16">
          <Activity>pickUpAndSetDown</Activity>
          <StopPointRef>390030407</StopPointRef>
          <TimingStatus>OTH</TimingStatus>
        </From>
        <To SequenceNumber="17">
          <Activity>pickUpAndSetDown</Activity>
          <StopPointRef>390030402</StopPointRef>
          <TimingStatus>PTP</TimingStatus>
        </To>
        <RouteLinkRef>RL_1-70A-_-y08-4-I-1-16</RouteLinkRef>
        <RunTime>PT24S</RunTime>
      </JourneyPatternTimingLink>
      <JourneyPatternTimingLink id="JPL_1-70A-_-y08-4-1-I-1-18">
        <From SequenceNumber="17">
          <Activity>pickUpAndSetDown</Activity>
          <StopPointRef>390030402</StopPointRef>
          <TimingStatus>PTP</TimingStatus>
        </From>
        <To SequenceNumber="18">
          <Activity>pickUpAndSetDown</Activity>
          <StopPointRef>390030400</StopPointRef>
          <TimingStatus>OTH</TimingStatus>
        </To>
        <RouteLinkRef>RL_1-70A-_-y08-4-I-1-17</RouteLinkRef>
        <RunTime>PT47S</RunTime>
      </JourneyPatternTimingLink>
      <JourneyPatternTimingLink id="JPL_1-70A-_-y08-4-1-I-1-19">
        <From SequenceNumber="18">
          <Activity>pickUpAndSetDown</Activity>
          <StopPointRef>390030400</StopPointRef>
          <TimingStatus>OTH</TimingStatus>
        </From>
        <To SequenceNumber="19">
          <Activity>pickUpAndSetDown</Activity>
          <StopPointRef>390030399</StopPointRef>
          <TimingStatus>OTH</TimingStatus>
        </To>
        <RouteLinkRef>RL_1-70A-_-y08-4-I-1-18</RouteLinkRef>
        <RunTime>PT1M4S</RunTime>
      </JourneyPatternTimingLink>
      <JourneyPatternTimingLink id="JPL_1-70A-_-y08-4-1-I-1-20">
        <From SequenceNumber="19">
          <Activity>pickUpAndSetDown</Activity>
          <StopPointRef>390030399</StopPointRef>
          <TimingStatus>OTH</TimingStatus>
        </From>
        <To SequenceNumber="20">
          <Activity>pickUpAndSetDown</Activity>
          <StopPointRef>390030396</StopPointRef>
          <TimingStatus>OTH</TimingStatus>
        </To>
        <RouteLinkRef>RL_1-70A-_-y08-4-I-1-19</RouteLinkRef>
        <RunTime>PT38S</RunTime>
      </JourneyPatternTimingLink>
      <JourneyPatternTimingLink id="JPL_1-70A-_-y08-4-1-I-1-21">
        <From SequenceNumber="20">
          <Activity>pickUpAndSetDown</Activity>
          <StopPointRef>390030396</StopPointRef>
          <TimingStatus>OTH</TimingStatus>
        </From>
        <To SequenceNumber="21">
          <Activity>pickUpAndSetDown</Activity>
          <StopPointRef>390030427</StopPointRef>
          <TimingStatus>OTH</TimingStatus>
        </To>
        <RouteLinkRef>RL_1-70A-_-y08-4-I-1-20</RouteLinkRef>
        <RunTime>PT56S</RunTime>
      </JourneyPatternTimingLink>
      <JourneyPatternTimingLink id="JPL_1-70A-_-y08-4-1-I-1-22">
        <From SequenceNumber="21">
          <Activity>pickUpAndSetDown</Activity>
          <StopPointRef>390030427</StopPointRef>
          <TimingStatus>OTH</TimingStatus>
        </From>
        <To SequenceNumber="22">
          <Activity>pickUpAndSetDown</Activity>
          <StopPointRef>390031020</StopPointRef>
          <TimingStatus>OTH</TimingStatus>
        </To>
        <RouteLinkRef>RL_1-70A-_-y08-4-I-1-21</RouteLinkRef>
        <RunTime>PT33S</RunTime>
      </JourneyPatternTimingLink>
      <JourneyPatternTimingLink id="JPL_1-70A-_-y08-4-1-I-1-23">
        <From SequenceNumber="22">
          <Activity>pickUpAndSetDown</Activity>
          <StopPointRef>390031020</StopPointRef>
          <TimingStatus>OTH</TimingStatus>
        </From>
        <To SequenceNumber="23">
          <Activity>pickUpAndSetDown</Activity>
          <StopPointRef>390030129</StopPointRef>
          <TimingStatus>OTH</TimingStatus>
        </To>
        <RouteLinkRef>RL_1-70A-_-y08-4-I-1-22</RouteLinkRef>
        <RunTime>PT1M9S</RunTime>
      </JourneyPatternTimingLink>
      <JourneyPatternTimingLink id="JPL_1-70A-_-y08-4-1-I-1-24">
        <From SequenceNumber="23">
          <Activity>pickUpAndSetDown</Activity>
          <StopPointRef>390030129</StopPointRef>
          <TimingStatus>OTH</TimingStatus>
        </From>
        <To SequenceNumber="24">
          <Activity>pickUpAndSetDown</Activity>
          <StopPointRef>390030268</StopPointRef>
          <TimingStatus>PTP</TimingStatus>
        </To>
        <RouteLinkRef>RL_1-70A-_-y08-4-I-1-23</RouteLinkRef>
        <RunTime>PT53S</RunTime>
      </JourneyPatternTimingLink>
      <JourneyPatternTimingLink id="JPL_1-70A-_-y08-4-1-I-1-25">
        <From SequenceNumber="24">
          <Activity>pickUpAndSetDown</Activity>
          <StopPointRef>390030268</StopPointRef>
          <TimingStatus>PTP</TimingStatus>
        </From>
        <To SequenceNumber="25">
          <Activity>pickUpAndSetDown</Activity>
          <StopPointRef>390030680</StopPointRef>
          <TimingStatus>OTH</TimingStatus>
        </To>
        <RouteLinkRef>RL_1-70A-_-y08-4-I-1-24</RouteLinkRef>
        <RunTime>PT1M47S</RunTime>
      </JourneyPatternTimingLink>
      <JourneyPatternTimingLink id="JPL_1-70A-_-y08-4-1-I-1-26">
        <From SequenceNumber="25">
          <Activity>pickUpAndSetDown</Activity>
          <StopPointRef>390030680</StopPointRef>
          <TimingStatus>OTH</TimingStatus>
        </From>
        <To SequenceNumber="26">
          <Activity>pickUpAndSetDown</Activity>
          <StopPointRef>390030686</StopPointRef>
          <TimingStatus>OTH</TimingStatus>
        </To>
        <RouteLinkRef>RL_1-70A-_-y08-4-I-1-25</RouteLinkRef>
        <RunTime>PT1M49S</RunTime>
      </JourneyPatternTimingLink>
      <JourneyPatternTimingLink id="JPL_1-70A-_-y08-4-1-I-1-27">
        <From SequenceNumber="26">
          <Activity>pickUpAndSetDown</Activity>
          <StopPointRef>390030686</StopPointRef>
          <TimingStatus>OTH</TimingStatus>
        </From>
        <To SequenceNumber="27">
          <Activity>setDown</Activity>
          <StopPointRef>390030242</StopPointRef>
          <TimingStatus>PTP</TimingStatus>
        </To>
        <RouteLinkRef>RL_1-70A-_-y08-4-I-1-26</RouteLinkRef>
        <RunTime>PT1M24S</RunTime>
      </JourneyPatternTimingLink>
    </JourneyPatternSection>
    <JourneyPatternSection id="JPS_1-70A-_-y08-4-2-2-O">
      <JourneyPatternTimingLink id="JPL_1-70A-_-y08-4-2-O-2-2">
        <From SequenceNumber="1">
          <Activity>pickUp</Activity>
          <StopPointRef>390030242</StopPointRef>
          <TimingStatus>PTP</TimingStatus>
        </From>
        <To SequenceNumber="2">
          <Activity>pickUpAndSetDown</Activity>
          <StopPointRef>390030678</StopPointRef>
          <TimingStatus>OTH</TimingStatus>
        </To>
        <RouteLinkRef>RL_1-70A-_-y08-4-O-2-1</RouteLinkRef>
        <RunTime>PT1M23S</RunTime>
      </JourneyPatternTimingLink>
      <JourneyPatternTimingLink id="JPL_1-70A-_-y08-4-2-O-2-3">
        <From SequenceNumber="2">
          <Activity>pickUpAndSetDown</Activity>
          <StopPointRef>390030678</StopPointRef>
          <TimingStatus>OTH</TimingStatus>
        </From>
        <To SequenceNumber="3">
          <Activity>pickUpAndSetDown</Activity>
          <StopPointRef>390030130</StopPointRef>
          <TimingStatus>OTH</TimingStatus>
        </To>
        <RouteLinkRef>RL_1-70A-_-y08-4-O-2-2</RouteLinkRef>
        <RunTime>PT39S</RunTime>
      </JourneyPatternTimingLink>
      <JourneyPatternTimingLink id="JPL_1-70A-_-y08-4-2-O-2-4">
        <From SequenceNumber="3">
          <Activity>pickUpAndSetDown</Activity>
          <StopPointRef>390030130</StopPointRef>
          <TimingStatus>OTH</TimingStatus>
        </From>
        <To SequenceNumber="4">
          <Activity>pickUpAndSetDown</Activity>
          <StopPointRef>390031021</StopPointRef>
          <TimingStatus>OTH</TimingStatus>
        </To>
        <RouteLinkRef>RL_1-70A-_-y08-4-O-2-3</RouteLinkRef>
        <RunTime>PT1M22S</RunTime>
      </JourneyPatternTimingLink>
      <JourneyPatternTimingLink id="JPL_1-70A-_-y08-4-2-O-2-5">
        <From SequenceNumber="4">
          <Activity>pickUpAndSetDown</Activity>
          <StopPointRef>390031021</StopPointRef>
          <TimingStatus>OTH</TimingStatus>
        </From>
        <To SequenceNumber="5">
          <Activity>pickUpAndSetDown</Activity>
          <StopPointRef>390030426</StopPointRef>
          <TimingStatus>OTH</TimingStatus>
        </To>
        <RouteLinkRef>RL_1-70A-_-y08-4-O-2-4</RouteLinkRef>
        <RunTime>PT32S</RunTime>
      </JourneyPatternTimingLink>
      <JourneyPatternTimingLink id="JPL_1-70A-_-y08-4-2-O-2-6">
        <From SequenceNumber="5">
          <Activity>pickUpAndSetDown</Activity>
          <StopPointRef>390030426</StopPointRef>
          <TimingStatus>OTH</TimingStatus>
        </From>
        <To SequenceNumber="6">
          <Activity>pickUpAndSetDown</Activity>
          <StopPointRef>390030397</StopPointRef>
          <TimingStatus>OTH</TimingStatus>
        </To>
        <RouteLinkRef>RL_1-70A-_-y08-4-O-2-5</RouteLinkRef>
        <RunTime>PT1M11S</RunTime>
      </JourneyPatternTimingLink>
      <JourneyPatternTimingLink id="JPL_1-70A-_-y08-4-2-O-2-7">
        <From SequenceNumber="6">
          <Activity>pickUpAndSetDown</Activity>
          <StopPointRef>390030397</StopPointRef>
          <TimingStatus>OTH</TimingStatus>
        </From>
        <To SequenceNumber="7">
          <Activity>pickUpAndSetDown</Activity>
          <StopPointRef>390030398</StopPointRef>
          <TimingStatus>OTH</TimingStatus>
        </To>
        <RouteLinkRef>RL_1-70A-_-y08-4-O-2-6</RouteLinkRef>
        <RunTime>PT42S</RunTime>
      </JourneyPatternTimingLink>
      <JourneyPatternTimingLink id="JPL_1-70A-_-y08-4-2-O-2-8">
        <From SequenceNumber="7">
          <Activity>pickUpAndSetDown</Activity>
          <StopPointRef>390030398</StopPointRef>
          <TimingStatus>OTH</TimingStatus>
        </From>
        <To SequenceNumber="8">
          <Activity>pickUpAndSetDown</Activity>
          <StopPointRef>390030401</StopPointRef>
          <TimingStatus>OTH</TimingStatus>
        </To>
        <RouteLinkRef>RL_1-70A-_-y08-4-O-2-7</RouteLinkRef>
        <RunTime>PT1M18S</RunTime>
      </JourneyPatternTimingLink>
      <JourneyPatternTimingLink id="JPL_1-70A-_-y08-4-2-O-2-9">
        <From SequenceNumber="8">
          <Activity>pickUpAndSetDown</Activity>
          <StopPointRef>390030401</StopPointRef>
          <TimingStatus>OTH</TimingStatus>
        </From>
        <To SequenceNumber="9">
          <Activity>pickUpAndSetDown</Activity>
          <StopPointRef>390030403</StopPointRef>
          <TimingStatus>PTP</TimingStatus>
        </To>
        <RouteLinkRef>RL_1-70A-_-y08-4-O-2-8</RouteLinkRef>
        <RunTime>PT53S</RunTime>
      </JourneyPatternTimingLink>
      <JourneyPatternTimingLink id="JPL_1-70A-_-y08-4-2-O-2-10">
        <From SequenceNumber="9">
          <Activity>pickUpAndSetDown</Activity>
          <StopPointRef>390030403</StopPointRef>
          <TimingStatus>PTP</TimingStatus>
        </From>
        <To SequenceNumber="10">
          <Activity>pickUpAndSetDown</Activity>
          <StopPointRef>390030406</StopPointRef>
          <TimingStatus>OTH</TimingStatus>
        </To>
        <RouteLinkRef>RL_1-70A-_-y08-4-O-2-9</RouteLinkRef>
        <RunTime>PT29S</RunTime>
      </JourneyPatternTimingLink>
      <JourneyPatternTimingLink id="JPL_1-70A-_-y08-4-2-O-2-11">
        <From SequenceNumber="10">
          <Activity>pickUpAndSetDown</Activity>
          <StopPointRef>390030406</StopPointRef>
          <TimingStatus>OTH</TimingStatus>
        </From>
        <To SequenceNumber="11">
          <Activity>pickUpAndSetDown</Activity>
          <StopPointRef>390031009</StopPointRef>
          <TimingStatus>PTP</TimingStatus>
        </To>
        <RouteLinkRef>RL_1-70A-_-y08-4-O-2-10</RouteLinkRef>
        <RunTime>PT31S</RunTime>
      </JourneyPatternTimingLink>
      <JourneyPatternTimingLink id="JPL_1-70A-_-y08-4-2-O-2-12">
        <From SequenceNumber="11">
          <Activity>pickUpAndSetDown</Activity>
          <StopPointRef>390031009</StopPointRef>
          <TimingStatus>PTP</TimingStatus>
        </From>
        <To SequenceNumber="12">
          <Activity>pickUpAndSetDown</Activity>
          <StopPointRef>390030983</StopPointRef>
          <TimingStatus>PTP</TimingStatus>
        </To>
        <RouteLinkRef>RL_1-70A-_-y08-4-O-2-11</RouteLinkRef>
        <RunTime>PT1M</RunTime>
      </JourneyPatternTimingLink>
      <JourneyPatternTimingLink id="JPL_1-70A-_-y08-4-2-O-2-13">
        <From SequenceNumber="12">
          <Activity>pickUpAndSetDown</Activity>
          <StopPointRef>390030983</StopPointRef>
          <TimingStatus>PTP</TimingStatus>
        </From>
        <To SequenceNumber="13">
          <Activity>pickUpAndSetDown</Activity>
          <StopPointRef>390060951</StopPointRef>
          <TimingStatus>OTH</TimingStatus>
        </To>
        <RouteLinkRef>RL_1-70A-_-y08-4-O-2-12</RouteLinkRef>
        <RunTime>PT3M36S</RunTime>
      </JourneyPatternTimingLink>
      <JourneyPatternTimingLink id="JPL_1-70A-_-y08-4-2-O-2-14">
        <From SequenceNumber="13">
          <Activity>pickUpAndSetDown</Activity>
          <StopPointRef>390060951</StopPointRef>
          <TimingStatus>OTH</TimingStatus>
        </From>
        <To SequenceNumber="14">
          <Activity>pickUpAndSetDown</Activity>
          <StopPointRef>390060749</StopPointRef>
          <TimingStatus>PTP</TimingStatus>
        </To>
        <RouteLinkRef>RL_1-70A-_-y08-4-O-2-13</RouteLinkRef>
        <RunTime>PT24S</RunTime>
      </JourneyPatternTimingLink>
      <JourneyPatternTimingLink id="JPL_1-70A-_-y08-4-2-O-2-15">
        <From SequenceNumber="14">
          <Activity>pickUpAndSetDown</Activity>
          <StopPointRef>390060749</StopPointRef>
          <TimingStatus>PTP</TimingStatus>
        </From>
        <To SequenceNumber="15">
          <Activity>pickUpAndSetDown</Activity>
          <StopPointRef>390060530</StopPointRef>
          <TimingStatus>PTP</TimingStatus>
        </To>
        <RouteLinkRef>RL_1-70A-_-y08-4-O-2-14</RouteLinkRef>
        <RunTime>PT2M</RunTime>
      </JourneyPatternTimingLink>
      <JourneyPatternTimingLink id="JPL_1-70A-_-y08-4-2-O-2-16">
        <From SequenceNumber="15">
          <Activity>pickUpAndSetDown</Activity>
          <StopPointRef>390060530</StopPointRef>
          <TimingStatus>PTP</TimingStatus>
        </From>
        <To SequenceNumber="16">
          <Activity>pickUpAndSetDown</Activity>
          <StopPointRef>390060533</StopPointRef>
          <TimingStatus>OTH</TimingStatus>
        </To>
        <RouteLinkRef>RL_1-70A-_-y08-4-O-2-15</RouteLinkRef>
        <RunTime>PT2M44S</RunTime>
      </JourneyPatternTimingLink>
      <JourneyPatternTimingLink id="JPL_1-70A-_-y08-4-2-O-2-17">
        <From SequenceNumber="16">
          <Activity>pickUpAndSetDown</Activity>
          <StopPointRef>390060533</StopPointRef>
          <TimingStatus>OTH</TimingStatus>
        </From>
        <To SequenceNumber="17">
          <Activity>pickUpAndSetDown</Activity>
          <StopPointRef>390061107</StopPointRef>
          <TimingStatus>OTH</TimingStatus>
        </To>
        <RouteLinkRef>RL_1-70A-_-y08-4-O-2-16</RouteLinkRef>
        <RunTime>PT19S</RunTime>
      </JourneyPatternTimingLink>
      <JourneyPatternTimingLink id="JPL_1-70A-_-y08-4-2-O-2-18">
        <From SequenceNumber="17">
          <Activity>pickUpAndSetDown</Activity>
          <StopPointRef>390061107</StopPointRef>
          <TimingStatus>OTH</TimingStatus>
        </From>
        <To SequenceNumber="18">
          <Activity>pickUpAndSetDown</Activity>
          <StopPointRef>390060534</StopPointRef>
          <TimingStatus>PTP</TimingStatus>
        </To>
        <RouteLinkRef>RL_1-70A-_-y08-4-O-2-17</RouteLinkRef>
        <RunTime>PT57S</RunTime>
      </JourneyPatternTimingLink>
      <JourneyPatternTimingLink id="JPL_1-70A-_-y08-4-2-O-2-19">
        <From SequenceNumber="18">
          <Activity>pickUpAndSetDown</Activity>
          <StopPointRef>390060534</StopPointRef>
          <TimingStatus>PTP</TimingStatus>
        </From>
        <To SequenceNumber="19">
          <Activity>pickUpAndSetDown</Activity>
          <StopPointRef>390060537</StopPointRef>
          <TimingStatus>OTH</TimingStatus>
        </To>
        <RouteLinkRef>RL_1-70A-_-y08-4-O-2-18</RouteLinkRef>
        <RunTime>PT41S</RunTime>
      </JourneyPatternTimingLink>
      <JourneyPatternTimingLink id="JPL_1-70A-_-y08-4-2-O-2-20">
        <From SequenceNumber="19">
          <Activity>pickUpAndSetDown</Activity>
          <StopPointRef>390060537</StopPointRef>
          <TimingStatus>OTH</TimingStatus>
        </From>
        <To SequenceNumber="20">
          <Activity>pickUpAndSetDown</Activity>
          <StopPointRef>390060647</StopPointRef>
          <TimingStatus>PTP</TimingStatus>
        </To>
        <RouteLinkRef>RL_1-70A-_-y08-4-O-2-19</RouteLinkRef>
        <RunTime>PT7M19S</RunTime>
      </JourneyPatternTimingLink>
      <JourneyPatternTimingLink id="JPL_1-70A-_-y08-4-2-O-2-21">
        <From SequenceNumber="20">
          <Activity>pickUpAndSetDown</Activity>
          <StopPointRef>390060647</StopPointRef>
          <TimingStatus>PTP</TimingStatus>
        </From>
        <To SequenceNumber="21">
          <Activity>pickUpAndSetDown</Activity>
          <StopPointRef>390060649</StopPointRef>
          <TimingStatus>OTH</TimingStatus>
        </To>
        <RouteLinkRef>RL_1-70A-_-y08-4-O-2-20</RouteLinkRef>
        <RunTime>PT30S</RunTime>
      </JourneyPatternTimingLink>
      <JourneyPatternTimingLink id="JPL_1-70A-_-y08-4-2-O-2-22">
        <From SequenceNumber="21">
          <Activity>pickUpAndSetDown</Activity>
          <StopPointRef>390060649</StopPointRef>
          <TimingStatus>OTH</TimingStatus>
        </From>
        <To SequenceNumber="22">
          <Activity>pickUpAndSetDown</Activity>
          <StopPointRef>390060651</StopPointRef>
          <TimingStatus>OTH</TimingStatus>
        </To>
        <RouteLinkRef>RL_1-70A-_-y08-4-O-2-21</RouteLinkRef>
        <RunTime>PT17S</RunTime>
      </JourneyPatternTimingLink>
      <JourneyPatternTimingLink id="JPL_1-70A-_-y08-4-2-O-2-23">
        <From SequenceNumber="22">
          <Activity>pickUpAndSetDown</Activity>
          <StopPointRef>390060651</StopPointRef>
          <TimingStatus>OTH</TimingStatus>
        </From>
        <To SequenceNumber="23">
          <Activity>pickUpAndSetDown</Activity>
          <StopPointRef>390060652</StopPointRef>
          <TimingStatus>OTH</TimingStatus>
        </To>
        <RouteLinkRef>RL_1-70A-_-y08-4-O-2-22</RouteLinkRef>
        <RunTime>PT1M21S</RunTime>
      </JourneyPatternTimingLink>
      <JourneyPatternTimingLink id="JPL_1-70A-_-y08-4-2-O-2-24">
        <From SequenceNumber="23">
          <Activity>pickUpAndSetDown</Activity>
          <StopPointRef>390060652</StopPointRef>
          <TimingStatus>OTH</TimingStatus>
        </From>
        <To SequenceNumber="24">
          <Activity>pickUpAndSetDown</Activity>
          <StopPointRef>390060654</StopPointRef>
          <TimingStatus>PTP</TimingStatus>
        </To>
        <RouteLinkRef>RL_1-70A-_-y08-4-O-2-23</RouteLinkRef>
        <RunTime>PT52S</RunTime>
      </JourneyPatternTimingLink>
      <JourneyPatternTimingLink id="JPL_1-70A-_-y08-4-2-O-2-25">
        <From SequenceNumber="24">
          <Activity>pickUpAndSetDown</Activity>
          <StopPointRef>390060654</StopPointRef>
          <TimingStatus>PTP</TimingStatus>
        </From>
        <To SequenceNumber="25">
          <Activity>setDown</Activity>
          <StopPointRef>390060606</StopPointRef>
          <TimingStatus>PTP</TimingStatus>
        </To>
        <RouteLinkRef>RL_1-70A-_-y08-4-O-2-24</RouteLinkRef>
        <RunTime>PT3M</RunTime>
      </JourneyPatternTimingLink>
    </JourneyPatternSection>
  </JourneyPatternSections>
  <Operators>
    <Operator id="OId_FECS">
      <NationalOperatorCode>FECS</NationalOperatorCode>
      <OperatorCode>FECS</OperatorCode>
      <OperatorShortName>First in Norfolk &amp; Suff</OperatorShortName>
      <OperatorNameOnLicence>First in Norfolk &amp; Suffolk</OperatorNameOnLicence>
      <TradingName>First in Norfolk &amp; Suffolk</TradingName>
      <LicenceNumber>PF0000323</LicenceNumber>
      <LicenceClassification>standardNational</LicenceClassification>
    </Operator>
  </Operators>
  <Services>
    <Service>
      <ServiceCode>1-70A-_-y08-4</ServiceCode>
      <PrivateCode>1-70A-_-y08-4</PrivateCode>
      <Lines>
        <Line id="1-70A-_-y08-4">
          <LineName>70A</LineName>
        </Line>
      </Lines>
      <OperatingPeriod>
        <StartDate>2019-11-05</StartDate>
        <EndDate>2020-05-08</EndDate>
      </OperatingPeriod>
      <OperatingProfile>
        <RegularDayType>
          <DaysOfWeek>
            <MondayToSunday />
          </DaysOfWeek>
        </RegularDayType>
      </OperatingProfile>
      <RegisteredOperatorRef>OId_FECS</RegisteredOperatorRef>
      <StopRequirements>
        <NoNewStopsRequired />
      </StopRequirements>
      <Mode>bus</Mode>
      <Description>Ipswich - Grundisburgh - Woodbridge</Description>
      <StandardService>
        <Origin>Old Cattle Market Bus Station</Origin>
        <Destination>Turban Centre</Destination>
        <JourneyPattern id="JP_1-70A-_-y08-4-1-I-1">
          <Direction>inbound</Direction>
          <Operational>
            <VehicleType>
              <VehicleTypeCode>WhCh</VehicleTypeCode>
              <Description>Wheelchair Accessible</Description>
            </VehicleType>
          </Operational>
          <RouteRef>R_1-70A-_-y08-4-I-1</RouteRef>
          <JourneyPatternSectionRefs>JPS_1-70A-_-y08-4-1-1-I</JourneyPatternSectionRefs>
        </JourneyPattern>
        <JourneyPattern id="JP_1-70A-_-y08-4-2-O-2">
          <Direction>outbound</Direction>
          <Operational>
            <VehicleType>
              <VehicleTypeCode>WhCh</VehicleTypeCode>
              <Description>Wheelchair Accessible</Description>
            </VehicleType>
          </Operational>
          <RouteRef>R_1-70A-_-y08-4-O-2</RouteRef>
          <JourneyPatternSectionRefs>JPS_1-70A-_-y08-4-2-2-O</JourneyPatternSectionRefs>
        </JourneyPattern>
      </StandardService>
    </Service>
  </Services>
  <VehicleJourneys>
    <VehicleJourney>
      <PrivateCode>suf-1-70A-_-y08-4-3-UR</PrivateCode>
      <Operational>
        <VehicleType>
          <VehicleTypeCode>WhCh</VehicleTypeCode>
          <Description>Wheelchair Accessible</Description>
        </VehicleType>
      </Operational>
      <OperatingProfile>
        <RegularDayType>
          <DaysOfWeek>
            <Sunday />
          </DaysOfWeek>
        </RegularDayType>
        <SpecialDaysOperation>
          <DaysOfNonOperation>
            <DateRange>
              <StartDate>2019-11-10</StartDate>
              <EndDate>2019-11-10</EndDate>
            </DateRange>
            <DateRange>
              <StartDate>2019-11-17</StartDate>
              <EndDate>2019-11-17</EndDate>
            </DateRange>
            <DateRange>
              <StartDate>2019-11-24</StartDate>
              <EndDate>2019-11-24</EndDate>
            </DateRange>
            <DateRange>
              <StartDate>2019-12-01</StartDate>
              <EndDate>2019-12-01</EndDate>
            </DateRange>
            <DateRange>
              <StartDate>2019-12-08</StartDate>
              <EndDate>2019-12-08</EndDate>
            </DateRange>
            <DateRange>
              <StartDate>2019-12-15</StartDate>
              <EndDate>2019-12-15</EndDate>
            </DateRange>
            <DateRange>
              <StartDate>2019-12-22</StartDate>
              <EndDate>2019-12-22</EndDate>
            </DateRange>
            <DateRange>
              <StartDate>2020-01-05</StartDate>
              <EndDate>2020-01-05</EndDate>
            </DateRange>
            <DateRange>
              <StartDate>2020-01-12</StartDate>
              <EndDate>2020-01-12</EndDate>
            </DateRange>
            <DateRange>
              <StartDate>2020-01-19</StartDate>
              <EndDate>2020-01-19</EndDate>
            </DateRange>
            <DateRange>
              <StartDate>2020-01-26</StartDate>
              <EndDate>2020-01-26</EndDate>
            </DateRange>
            <DateRange>
              <StartDate>2020-02-02</StartDate>
              <EndDate>2020-02-02</EndDate>
            </DateRange>
            <DateRange>
              <StartDate>2020-02-09</StartDate>
              <EndDate>2020-02-09</EndDate>
            </DateRange>
            <DateRange>
              <StartDate>2020-02-16</StartDate>
              <EndDate>2020-02-16</EndDate>
            </DateRange>
            <DateRange>
              <StartDate>2020-02-23</StartDate>
              <EndDate>2020-02-23</EndDate>
            </DateRange>
            <DateRange>
              <StartDate>2020-03-01</StartDate>
              <EndDate>2020-03-01</EndDate>
            </DateRange>
            <DateRange>
              <StartDate>2020-03-08</StartDate>
              <EndDate>2020-03-08</EndDate>
            </DateRange>
            <DateRange>
              <StartDate>2020-03-15</StartDate>
              <EndDate>2020-03-15</EndDate>
            </DateRange>
            <DateRange>
              <StartDate>2020-03-22</StartDate>
              <EndDate>2020-03-22</EndDate>
            </DateRange>
            <DateRange>
              <StartDate>2020-03-29</StartDate>
              <EndDate>2020-03-29</EndDate>
            </DateRange>
            <DateRange>
              <StartDate>2020-04-05</StartDate>
              <EndDate>2020-04-05</EndDate>
            </DateRange>
            <DateRange>
              <StartDate>2020-04-12</StartDate>
              <EndDate>2020-04-12</EndDate>
            </DateRange>
            <DateRange>
              <StartDate>2020-04-19</StartDate>
              <EndDate>2020-04-19</EndDate>
            </DateRange>
            <DateRange>
              <StartDate>2020-04-26</StartDate>
              <EndDate>2020-04-26</EndDate>
            </DateRange>
            <DateRange>
              <StartDate>2020-05-03</StartDate>
              <EndDate>2020-05-03</EndDate>
            </DateRange>
          </DaysOfNonOperation>
        </SpecialDaysOperation>
        <BankHolidayOperation>
          <DaysOfNonOperation>
            <ChristmasDay />
            <BoxingDay />
            <GoodFriday />
            <NewYearsDay />
            <MayDay />
            <EasterMonday />
          </DaysOfNonOperation>
        </BankHolidayOperation>
      </OperatingProfile>
      <VehicleJourneyCode>VJ_1-70A-_-y08-4-3-UR</VehicleJourneyCode>
      <ServiceRef>1-70A-_-y08-4</ServiceRef>
      <LineRef>1-70A-_-y08-4</LineRef>
      <JourneyPatternRef>JP_1-70A-_-y08-4-1-I-1</JourneyPatternRef>
      <Note>
        <NoteCode>1</NoteCode>
        <NoteText>Sponsored by Suffolk County Council</NoteText>
      </Note>
      <DepartureTime>17:05:00</DepartureTime>
    </VehicleJourney>
    <VehicleJourney>
      <PrivateCode>suf-1-70A-_-y08-4-3-T0</PrivateCode>
      <Operational>
        <VehicleType>
          <VehicleTypeCode>WhCh</VehicleTypeCode>
          <Description>Wheelchair Accessible</Description>
        </VehicleType>
      </Operational>
      <OperatingProfile>
        <RegularDayType>
          <DaysOfWeek>
            <MondayToFriday />
          </DaysOfWeek>
        </RegularDayType>
        <SpecialDaysOperation>
          <DaysOfNonOperation>
            <DateRange>
              <StartDate>2019-12-24</StartDate>
              <EndDate>2019-12-24</EndDate>
            </DateRange>
            <DateRange>
              <StartDate>2019-12-27</StartDate>
              <EndDate>2019-12-27</EndDate>
            </DateRange>
            <DateRange>
              <StartDate>2019-12-30</StartDate>
              <EndDate>2019-12-31</EndDate>
            </DateRange>
          </DaysOfNonOperation>
        </SpecialDaysOperation>
        <BankHolidayOperation>
          <DaysOfNonOperation>
            <ChristmasDay />
            <BoxingDay />
            <GoodFriday />
            <NewYearsDay />
            <MayDay />
            <EasterMonday />
          </DaysOfNonOperation>
        </BankHolidayOperation>
      </OperatingProfile>
      <VehicleJourneyCode>VJ_1-70A-_-y08-4-3-T0</VehicleJourneyCode>
      <ServiceRef>1-70A-_-y08-4</ServiceRef>
      <LineRef>1-70A-_-y08-4</LineRef>
      <JourneyPatternRef>JP_1-70A-_-y08-4-1-I-1</JourneyPatternRef>
      <Note>
        <NoteCode>1</NoteCode>
        <NoteText>Sponsored by Suffolk County Council</NoteText>
      </Note>
      <DepartureTime>17:05:00</DepartureTime>
    </VehicleJourney>
    <VehicleJourney>
      <PrivateCode>suf-1-70A-_-y08-4-4-T0</PrivateCode>
      <Operational>
        <VehicleType>
          <VehicleTypeCode>WhCh</VehicleTypeCode>
          <Description>Wheelchair Accessible</Description>
        </VehicleType>
      </Operational>
      <OperatingProfile>
        <RegularDayType>
          <DaysOfWeek>
            <MondayToFriday />
          </DaysOfWeek>
        </RegularDayType>
        <SpecialDaysOperation>
          <DaysOfNonOperation>
            <DateRange>
              <StartDate>2019-12-24</StartDate>
              <EndDate>2019-12-24</EndDate>
            </DateRange>
            <DateRange>
              <StartDate>2019-12-27</StartDate>
              <EndDate>2019-12-27</EndDate>
            </DateRange>
            <DateRange>
              <StartDate>2019-12-30</StartDate>
              <EndDate>2019-12-31</EndDate>
            </DateRange>
          </DaysOfNonOperation>
        </SpecialDaysOperation>
        <BankHolidayOperation>
          <DaysOfNonOperation>
            <ChristmasDay />
            <BoxingDay />
            <GoodFriday />
            <NewYearsDay />
            <MayDay />
            <EasterMonday />
          </DaysOfNonOperation>
        </BankHolidayOperation>
      </OperatingProfile>
      <VehicleJourneyCode>VJ_1-70A-_-y08-4-4-T0</VehicleJourneyCode>
      <ServiceRef>1-70A-_-y08-4</ServiceRef>
      <LineRef>1-70A-_-y08-4</LineRef>
      <JourneyPatternRef>JP_1-70A-_-y08-4-2-O-2</JourneyPatternRef>
      <Note>
        <NoteCode>1</NoteCode>
        <NoteText>Sponsored by Suffolk County Council</NoteText>
      </Note>
      <DepartureTime>07:20:00</DepartureTime>
    </VehicleJourney>
    <VehicleJourney>
      <PrivateCode>suf-1-70A-_-y08-4-3-T2</PrivateCode>
      <Operational>
        <VehicleType>
          <VehicleTypeCode>WhCh</VehicleTypeCode>
          <Description>Wheelchair Accessible</Description>
        </VehicleType>
      </Operational>
      <OperatingProfile>
        <RegularDayType>
          <DaysOfWeek>
            <Saturday />
          </DaysOfWeek>
        </RegularDayType>
        <SpecialDaysOperation>
          <DaysOfNonOperation>
            <DateRange>
              <StartDate>2019-12-28</StartDate>
              <EndDate>2019-12-28</EndDate>
            </DateRange>
          </DaysOfNonOperation>
        </SpecialDaysOperation>
        <BankHolidayOperation>
          <DaysOfNonOperation>
            <ChristmasDay />
            <BoxingDay />
            <GoodFriday />
            <NewYearsDay />
            <MayDay />
            <EasterMonday />
          </DaysOfNonOperation>
        </BankHolidayOperation>
      </OperatingProfile>
      <VehicleJourneyCode>VJ_1-70A-_-y08-4-3-T2</VehicleJourneyCode>
      <ServiceRef>1-70A-_-y08-4</ServiceRef>
      <LineRef>1-70A-_-y08-4</LineRef>
      <JourneyPatternRef>JP_1-70A-_-y08-4-1-I-1</JourneyPatternRef>
      <Note>
        <NoteCode>1</NoteCode>
        <NoteText>Sponsored by Suffolk County Council</NoteText>
      </Note>
      <DepartureTime>17:05:00</DepartureTime>
    </VehicleJourney>
    <VehicleJourney>
      <PrivateCode>suf-1-70A-_-y08-4-3-UP</PrivateCode>
      <Operational>
        <VehicleType>
          <VehicleTypeCode>WhCh</VehicleTypeCode>
          <Description>Wheelchair Accessible</Description>
        </VehicleType>
      </Operational>
      <OperatingProfile>
        <RegularDayType>
          <DaysOfWeek>
            <Friday />
          </DaysOfWeek>
        </RegularDayType>
        <SpecialDaysOperation>
          <DaysOfNonOperation>
            <DateRange>
              <StartDate>2019-11-08</StartDate>
              <EndDate>2019-11-08</EndDate>
            </DateRange>
            <DateRange>
              <StartDate>2019-11-15</StartDate>
              <EndDate>2019-11-15</EndDate>
            </DateRange>
            <DateRange>
              <StartDate>2019-11-22</StartDate>
              <EndDate>2019-11-22</EndDate>
            </DateRange>
            <DateRange>
              <StartDate>2019-11-29</StartDate>
              <EndDate>2019-11-29</EndDate>
            </DateRange>
            <DateRange>
              <StartDate>2019-12-06</StartDate>
              <EndDate>2019-12-06</EndDate>
            </DateRange>
            <DateRange>
              <StartDate>2019-12-13</StartDate>
              <EndDate>2019-12-13</EndDate>
            </DateRange>
            <DateRange>
              <StartDate>2019-12-20</StartDate>
              <EndDate>2019-12-20</EndDate>
            </DateRange>
            <DateRange>
              <StartDate>2020-01-03</StartDate>
              <EndDate>2020-01-03</EndDate>
            </DateRange>
            <DateRange>
              <StartDate>2020-01-10</StartDate>
              <EndDate>2020-01-10</EndDate>
            </DateRange>
            <DateRange>
              <StartDate>2020-01-17</StartDate>
              <EndDate>2020-01-17</EndDate>
            </DateRange>
            <DateRange>
              <StartDate>2020-01-24</StartDate>
              <EndDate>2020-01-24</EndDate>
            </DateRange>
            <DateRange>
              <StartDate>2020-01-31</StartDate>
              <EndDate>2020-01-31</EndDate>
            </DateRange>
            <DateRange>
              <StartDate>2020-02-07</StartDate>
              <EndDate>2020-02-07</EndDate>
            </DateRange>
            <DateRange>
              <StartDate>2020-02-14</StartDate>
              <EndDate>2020-02-14</EndDate>
            </DateRange>
            <DateRange>
              <StartDate>2020-02-21</StartDate>
              <EndDate>2020-02-21</EndDate>
            </DateRange>
            <DateRange>
              <StartDate>2020-02-28</StartDate>
              <EndDate>2020-02-28</EndDate>
            </DateRange>
            <DateRange>
              <StartDate>2020-03-06</StartDate>
              <EndDate>2020-03-06</EndDate>
            </DateRange>
            <DateRange>
              <StartDate>2020-03-13</StartDate>
              <EndDate>2020-03-13</EndDate>
            </DateRange>
            <DateRange>
              <StartDate>2020-03-20</StartDate>
              <EndDate>2020-03-20</EndDate>
            </DateRange>
            <DateRange>
              <StartDate>2020-03-27</StartDate>
              <EndDate>2020-03-27</EndDate>
            </DateRange>
            <DateRange>
              <StartDate>2020-04-03</StartDate>
              <EndDate>2020-04-03</EndDate>
            </DateRange>
            <DateRange>
              <StartDate>2020-04-17</StartDate>
              <EndDate>2020-04-17</EndDate>
            </DateRange>
            <DateRange>
              <StartDate>2020-04-24</StartDate>
              <EndDate>2020-04-24</EndDate>
            </DateRange>
            <DateRange>
              <StartDate>2020-05-01</StartDate>
              <EndDate>2020-05-01</EndDate>
            </DateRange>
            <DateRange>
              <StartDate>2020-05-08</StartDate>
              <EndDate>2020-05-08</EndDate>
            </DateRange>
          </DaysOfNonOperation>
        </SpecialDaysOperation>
        <BankHolidayOperation>
          <DaysOfNonOperation>
            <ChristmasDay />
            <BoxingDay />
            <GoodFriday />
            <NewYearsDay />
            <MayDay />
            <EasterMonday />
          </DaysOfNonOperation>
        </BankHolidayOperation>
      </OperatingProfile>
      <VehicleJourneyCode>VJ_1-70A-_-y08-4-3-UP</VehicleJourneyCode>
      <ServiceRef>1-70A-_-y08-4</ServiceRef>
      <LineRef>1-70A-_-y08-4</LineRef>
      <JourneyPatternRef>JP_1-70A-_-y08-4-1-I-1</JourneyPatternRef>
      <Note>
        <NoteCode>1</NoteCode>
        <NoteText>Sponsored by Suffolk County Council</NoteText>
      </Note>
      <DepartureTime>17:05:00</DepartureTime>
    </VehicleJourney>
    <VehicleJourney>
      <PrivateCode>suf-1-70A-_-y08-4-3-UQ</PrivateCode>
      <Operational>
        <VehicleType>
          <VehicleTypeCode>WhCh</VehicleTypeCode>
          <Description>Wheelchair Accessible</Description>
        </VehicleType>
      </Operational>
      <OperatingProfile>
        <RegularDayType>
          <DaysOfWeek>
            <Saturday />
          </DaysOfWeek>
        </RegularDayType>
        <SpecialDaysOperation>
          <DaysOfNonOperation>
            <DateRange>
              <StartDate>2019-11-09</StartDate>
              <EndDate>2019-11-09</EndDate>
            </DateRange>
            <DateRange>
              <StartDate>2019-11-16</StartDate>
              <EndDate>2019-11-16</EndDate>
            </DateRange>
            <DateRange>
              <StartDate>2019-11-23</StartDate>
              <EndDate>2019-11-23</EndDate>
            </DateRange>
            <DateRange>
              <StartDate>2019-11-30</StartDate>
              <EndDate>2019-11-30</EndDate>
            </DateRange>
            <DateRange>
              <StartDate>2019-12-07</StartDate>
              <EndDate>2019-12-07</EndDate>
            </DateRange>
            <DateRange>
              <StartDate>2019-12-14</StartDate>
              <EndDate>2019-12-14</EndDate>
            </DateRange>
            <DateRange>
              <StartDate>2019-12-21</StartDate>
              <EndDate>2019-12-21</EndDate>
            </DateRange>
            <DateRange>
              <StartDate>2020-01-04</StartDate>
              <EndDate>2020-01-04</EndDate>
            </DateRange>
            <DateRange>
              <StartDate>2020-01-11</StartDate>
              <EndDate>2020-01-11</EndDate>
            </DateRange>
            <DateRange>
              <StartDate>2020-01-18</StartDate>
              <EndDate>2020-01-18</EndDate>
            </DateRange>
            <DateRange>
              <StartDate>2020-01-25</StartDate>
              <EndDate>2020-01-25</EndDate>
            </DateRange>
            <DateRange>
              <StartDate>2020-02-01</StartDate>
              <EndDate>2020-02-01</EndDate>
            </DateRange>
            <DateRange>
              <StartDate>2020-02-08</StartDate>
              <EndDate>2020-02-08</EndDate>
            </DateRange>
            <DateRange>
              <StartDate>2020-02-15</StartDate>
              <EndDate>2020-02-15</EndDate>
            </DateRange>
            <DateRange>
              <StartDate>2020-02-22</StartDate>
              <EndDate>2020-02-22</EndDate>
            </DateRange>
            <DateRange>
              <StartDate>2020-02-29</StartDate>
              <EndDate>2020-02-29</EndDate>
            </DateRange>
            <DateRange>
              <StartDate>2020-03-07</StartDate>
              <EndDate>2020-03-07</EndDate>
            </DateRange>
            <DateRange>
              <StartDate>2020-03-14</StartDate>
              <EndDate>2020-03-14</EndDate>
            </DateRange>
            <DateRange>
              <StartDate>2020-03-21</StartDate>
              <EndDate>2020-03-21</EndDate>
            </DateRange>
            <DateRange>
              <StartDate>2020-03-28</StartDate>
              <EndDate>2020-03-28</EndDate>
            </DateRange>
            <DateRange>
              <StartDate>2020-04-04</StartDate>
              <EndDate>2020-04-04</EndDate>
            </DateRange>
            <DateRange>
              <StartDate>2020-04-11</StartDate>
              <EndDate>2020-04-11</EndDate>
            </DateRange>
            <DateRange>
              <StartDate>2020-04-18</StartDate>
              <EndDate>2020-04-18</EndDate>
            </DateRange>
            <DateRange>
              <StartDate>2020-04-25</StartDate>
              <EndDate>2020-04-25</EndDate>
            </DateRange>
            <DateRange>
              <StartDate>2020-05-02</StartDate>
              <EndDate>2020-05-02</EndDate>
            </DateRange>
          </DaysOfNonOperation>
        </SpecialDaysOperation>
        <BankHolidayOperation>
          <DaysOfNonOperation>
            <ChristmasDay />
            <BoxingDay />
            <GoodFriday />
            <NewYearsDay />
            <MayDay />
            <EasterMonday />
          </DaysOfNonOperation>
        </BankHolidayOperation>
      </OperatingProfile>
      <VehicleJourneyCode>VJ_1-70A-_-y08-4-3-UQ</VehicleJourneyCode>
      <ServiceRef>1-70A-_-y08-4</ServiceRef>
      <LineRef>1-70A-_-y08-4</LineRef>
      <JourneyPatternRef>JP_1-70A-_-y08-4-1-I-1</JourneyPatternRef>
      <Note>
        <NoteCode>1</NoteCode>
        <NoteText>Sponsored by Suffolk County Council</NoteText>
      </Note>
      <DepartureTime>17:05:00</DepartureTime>
    </VehicleJourney>
    <VehicleJourney>
      <PrivateCode>suf-1-70A-_-y08-4-3-UM</PrivateCode>
      <Operational>
        <VehicleType>
          <VehicleTypeCode>WhCh</VehicleTypeCode>
          <Description>Wheelchair Accessible</Description>
        </VehicleType>
      </Operational>
      <OperatingProfile>
        <RegularDayType>
          <DaysOfWeek>
            <Tuesday />
          </DaysOfWeek>
        </RegularDayType>
        <SpecialDaysOperation>
          <DaysOfNonOperation>
            <DateRange>
              <StartDate>2019-11-05</StartDate>
              <EndDate>2019-11-05</EndDate>
            </DateRange>
            <DateRange>
              <StartDate>2019-11-12</StartDate>
              <EndDate>2019-11-12</EndDate>
            </DateRange>
            <DateRange>
              <StartDate>2019-11-19</StartDate>
              <EndDate>2019-11-19</EndDate>
            </DateRange>
            <DateRange>
              <StartDate>2019-11-26</StartDate>
              <EndDate>2019-11-26</EndDate>
            </DateRange>
            <DateRange>
              <StartDate>2019-12-03</StartDate>
              <EndDate>2019-12-03</EndDate>
            </DateRange>
            <DateRange>
              <StartDate>2019-12-10</StartDate>
              <EndDate>2019-12-10</EndDate>
            </DateRange>
            <DateRange>
              <StartDate>2019-12-17</StartDate>
              <EndDate>2019-12-17</EndDate>
            </DateRange>
            <DateRange>
              <StartDate>2019-12-31</StartDate>
              <EndDate>2019-12-31</EndDate>
            </DateRange>
            <DateRange>
              <StartDate>2020-01-07</StartDate>
              <EndDate>2020-01-07</EndDate>
            </DateRange>
            <DateRange>
              <StartDate>2020-01-14</StartDate>
              <EndDate>2020-01-14</EndDate>
            </DateRange>
            <DateRange>
              <StartDate>2020-01-21</StartDate>
              <EndDate>2020-01-21</EndDate>
            </DateRange>
            <DateRange>
              <StartDate>2020-01-28</StartDate>
              <EndDate>2020-01-28</EndDate>
            </DateRange>
            <DateRange>
              <StartDate>2020-02-04</StartDate>
              <EndDate>2020-02-04</EndDate>
            </DateRange>
            <DateRange>
              <StartDate>2020-02-11</StartDate>
              <EndDate>2020-02-11</EndDate>
            </DateRange>
            <DateRange>
              <StartDate>2020-02-18</StartDate>
              <EndDate>2020-02-18</EndDate>
            </DateRange>
            <DateRange>
              <StartDate>2020-02-25</StartDate>
              <EndDate>2020-02-25</EndDate>
            </DateRange>
            <DateRange>
              <StartDate>2020-03-03</StartDate>
              <EndDate>2020-03-03</EndDate>
            </DateRange>
            <DateRange>
              <StartDate>2020-03-10</StartDate>
              <EndDate>2020-03-10</EndDate>
            </DateRange>
            <DateRange>
              <StartDate>2020-03-17</StartDate>
              <EndDate>2020-03-17</EndDate>
            </DateRange>
            <DateRange>
              <StartDate>2020-03-24</StartDate>
              <EndDate>2020-03-24</EndDate>
            </DateRange>
            <DateRange>
              <StartDate>2020-03-31</StartDate>
              <EndDate>2020-03-31</EndDate>
            </DateRange>
            <DateRange>
              <StartDate>2020-04-07</StartDate>
              <EndDate>2020-04-07</EndDate>
            </DateRange>
            <DateRange>
              <StartDate>2020-04-14</StartDate>
              <EndDate>2020-04-14</EndDate>
            </DateRange>
            <DateRange>
              <StartDate>2020-04-21</StartDate>
              <EndDate>2020-04-21</EndDate>
            </DateRange>
            <DateRange>
              <StartDate>2020-04-28</StartDate>
              <EndDate>2020-04-28</EndDate>
            </DateRange>
            <DateRange>
              <StartDate>2020-05-05</StartDate>
              <EndDate>2020-05-05</EndDate>
            </DateRange>
          </DaysOfNonOperation>
        </SpecialDaysOperation>
        <BankHolidayOperation>
          <DaysOfNonOperation>
            <ChristmasDay />
            <BoxingDay />
            <GoodFriday />
            <NewYearsDay />
            <MayDay />
            <EasterMonday />
          </DaysOfNonOperation>
        </BankHolidayOperation>
      </OperatingProfile>
      <VehicleJourneyCode>VJ_1-70A-_-y08-4-3-UM</VehicleJourneyCode>
      <ServiceRef>1-70A-_-y08-4</ServiceRef>
      <LineRef>1-70A-_-y08-4</LineRef>
      <JourneyPatternRef>JP_1-70A-_-y08-4-1-I-1</JourneyPatternRef>
      <Note>
        <NoteCode>1</NoteCode>
        <NoteText>Sponsored by Suffolk County Council</NoteText>
      </Note>
      <DepartureTime>17:05:00</DepartureTime>
    </VehicleJourney>
    <VehicleJourney>
      <PrivateCode>suf-1-70A-_-y08-4-3-UT</PrivateCode>
      <Operational>
        <VehicleType>
          <VehicleTypeCode>WhCh</VehicleTypeCode>
          <Description>Wheelchair Accessible</Description>
        </VehicleType>
      </Operational>
      <OperatingProfile>
        <RegularDayType>
          <DaysOfWeek>
            <Tuesday />
          </DaysOfWeek>
        </RegularDayType>
        <SpecialDaysOperation>
          <DaysOfNonOperation>
            <DateRange>
              <StartDate>2019-11-05</StartDate>
              <EndDate>2019-11-05</EndDate>
            </DateRange>
            <DateRange>
              <StartDate>2019-11-12</StartDate>
              <EndDate>2019-11-12</EndDate>
            </DateRange>
            <DateRange>
              <StartDate>2019-11-19</StartDate>
              <EndDate>2019-11-19</EndDate>
            </DateRange>
            <DateRange>
              <StartDate>2019-11-26</StartDate>
              <EndDate>2019-11-26</EndDate>
            </DateRange>
            <DateRange>
              <StartDate>2019-12-03</StartDate>
              <EndDate>2019-12-03</EndDate>
            </DateRange>
            <DateRange>
              <StartDate>2019-12-10</StartDate>
              <EndDate>2019-12-10</EndDate>
            </DateRange>
            <DateRange>
              <StartDate>2019-12-17</StartDate>
              <EndDate>2019-12-17</EndDate>
            </DateRange>
            <DateRange>
              <StartDate>2019-12-24</StartDate>
              <EndDate>2019-12-24</EndDate>
            </DateRange>
            <DateRange>
              <StartDate>2020-01-07</StartDate>
              <EndDate>2020-01-07</EndDate>
            </DateRange>
            <DateRange>
              <StartDate>2020-01-14</StartDate>
              <EndDate>2020-01-14</EndDate>
            </DateRange>
            <DateRange>
              <StartDate>2020-01-21</StartDate>
              <EndDate>2020-01-21</EndDate>
            </DateRange>
            <DateRange>
              <StartDate>2020-01-28</StartDate>
              <EndDate>2020-01-28</EndDate>
            </DateRange>
            <DateRange>
              <StartDate>2020-02-04</StartDate>
              <EndDate>2020-02-04</EndDate>
            </DateRange>
            <DateRange>
              <StartDate>2020-02-11</StartDate>
              <EndDate>2020-02-11</EndDate>
            </DateRange>
            <DateRange>
              <StartDate>2020-02-18</StartDate>
              <EndDate>2020-02-18</EndDate>
            </DateRange>
            <DateRange>
              <StartDate>2020-02-25</StartDate>
              <EndDate>2020-02-25</EndDate>
            </DateRange>
            <DateRange>
              <StartDate>2020-03-03</StartDate>
              <EndDate>2020-03-03</EndDate>
            </DateRange>
            <DateRange>
              <StartDate>2020-03-10</StartDate>
              <EndDate>2020-03-10</EndDate>
            </DateRange>
            <DateRange>
              <StartDate>2020-03-17</StartDate>
              <EndDate>2020-03-17</EndDate>
            </DateRange>
            <DateRange>
              <StartDate>2020-03-24</StartDate>
              <EndDate>2020-03-24</EndDate>
            </DateRange>
            <DateRange>
              <StartDate>2020-03-31</StartDate>
              <EndDate>2020-03-31</EndDate>
            </DateRange>
            <DateRange>
              <StartDate>2020-04-07</StartDate>
              <EndDate>2020-04-07</EndDate>
            </DateRange>
            <DateRange>
              <StartDate>2020-04-14</StartDate>
              <EndDate>2020-04-14</EndDate>
            </DateRange>
            <DateRange>
              <StartDate>2020-04-21</StartDate>
              <EndDate>2020-04-21</EndDate>
            </DateRange>
            <DateRange>
              <StartDate>2020-04-28</StartDate>
              <EndDate>2020-04-28</EndDate>
            </DateRange>
            <DateRange>
              <StartDate>2020-05-05</StartDate>
              <EndDate>2020-05-05</EndDate>
            </DateRange>
          </DaysOfNonOperation>
        </SpecialDaysOperation>
        <BankHolidayOperation>
          <DaysOfNonOperation>
            <ChristmasDay />
            <BoxingDay />
            <GoodFriday />
            <NewYearsDay />
            <MayDay />
            <EasterMonday />
          </DaysOfNonOperation>
        </BankHolidayOperation>
      </OperatingProfile>
      <VehicleJourneyCode>VJ_1-70A-_-y08-4-3-UT</VehicleJourneyCode>
      <ServiceRef>1-70A-_-y08-4</ServiceRef>
      <LineRef>1-70A-_-y08-4</LineRef>
      <JourneyPatternRef>JP_1-70A-_-y08-4-1-I-1</JourneyPatternRef>
      <Note>
        <NoteCode>1</NoteCode>
        <NoteText>Sponsored by Suffolk County Council</NoteText>
      </Note>
      <DepartureTime>17:05:00</DepartureTime>
    </VehicleJourney>
  </VehicleJourneys>
</TransXChange>