<?xml version="1.0" encoding="utf-8"?>
<TransXChange xmlns:xsi="http://www.w3.org/2001/XMLSchema-instance" xmlns:xsd="http://www.w3.org/2001/XMLSchema" xsi:schemaLocation="http://www.transxchange.org.uk/ http://www.transxchange.org.uk/schema/2.5/TransXChange_general.xsd" CreationDateTime="2019-11-07T16:06:02.8238Z" ModificationDateTime="2019-11-07T16:06:02.8238Z" Modification="new" RevisionNumber="3" FileName="suf_13-756-_-y08-5.xml" SchemaVersion="2.5" RegistrationDocument="true" xmlns="http://www.transxchange.org.uk/">
  <StopPoints>
    <AnnotatedStopPointRef>
      <StopPointRef>390050040</StopPointRef>
      <CommonName>Westfield</CommonName>
      <LocalityName>Clare (Suffk)</LocalityName>
      <LocalityQualifier>Suffolk</LocalityQualifier>
    </AnnotatedStopPointRef>
    <AnnotatedStopPointRef>
      <StopPointRef>390050196</StopPointRef>
      <CommonName>Memorial</CommonName>
      <LocalityName>Clare (Suffk)</LocalityName>
      <LocalityQualifier>Suffolk</LocalityQualifier>
    </AnnotatedStopPointRef>
    <AnnotatedStopPointRef>
      <StopPointRef>390050195</StopPointRef>
      <CommonName>Hill Terrace</CommonName>
      <LocalityName>Clare (Suffk)</LocalityName>
      <LocalityQualifier>Suffolk</LocalityQualifier>
    </AnnotatedStopPointRef>
    <AnnotatedStopPointRef>
      <StopPointRef>390050191</StopPointRef>
      <CommonName>The Bull</CommonName>
      <Indicator>o/s</Indicator>
      <LocalityName>Cavendish (Suffk)</LocalityName>
      <LocalityQualifier>Suffolk</LocalityQualifier>
    </AnnotatedStopPointRef>
    <AnnotatedStopPointRef>
      <StopPointRef>390051128</StopPointRef>
      <CommonName>Pentlow Drive</CommonName>
      <Indicator>opp</Indicator>
      <LocalityName>Cavendish (Suffk)</LocalityName>
      <LocalityQualifier>Suffolk</LocalityQualifier>
    </AnnotatedStopPointRef>
    <AnnotatedStopPointRef>
      <StopPointRef>390050656</StopPointRef>
      <CommonName>Columbines</CommonName>
      <Indicator>adj</Indicator>
      <LocalityName>Cavendish (Suffk)</LocalityName>
      <LocalityQualifier>Suffolk</LocalityQualifier>
    </AnnotatedStopPointRef>
    <AnnotatedStopPointRef>
      <StopPointRef>390010166</StopPointRef>
      <CommonName>Lower Road</CommonName>
      <Indicator>E-bound</Indicator>
      <LocalityName>Glemsford</LocalityName>
      <LocalityQualifier>Suffolk</LocalityQualifier>
    </AnnotatedStopPointRef>
    <AnnotatedStopPointRef>
      <StopPointRef>390010178</StopPointRef>
      <CommonName>Holdsworth Close</CommonName>
      <Indicator>adj</Indicator>
      <LocalityName>Glemsford</LocalityName>
      <LocalityQualifier>Suffolk</LocalityQualifier>
    </AnnotatedStopPointRef>
    <AnnotatedStopPointRef>
      <StopPointRef>390010176</StopPointRef>
      <CommonName>The Angel</CommonName>
      <Indicator>o/s</Indicator>
      <LocalityName>Glemsford</LocalityName>
      <LocalityQualifier>Suffolk</LocalityQualifier>
    </AnnotatedStopPointRef>
    <AnnotatedStopPointRef>
      <StopPointRef>390010174</StopPointRef>
      <CommonName>Social Club</CommonName>
      <Indicator>opp</Indicator>
      <LocalityName>Glemsford</LocalityName>
      <LocalityQualifier>Suffolk</LocalityQualifier>
    </AnnotatedStopPointRef>
    <AnnotatedStopPointRef>
      <StopPointRef>390010172</StopPointRef>
      <CommonName>Village Hall</CommonName>
      <Indicator>o/s</Indicator>
      <LocalityName>Glemsford</LocalityName>
      <LocalityQualifier>Suffolk</LocalityQualifier>
    </AnnotatedStopPointRef>
    <AnnotatedStopPointRef>
      <StopPointRef>390010171</StopPointRef>
      <CommonName>Black Lion</CommonName>
      <LocalityName>Glemsford</LocalityName>
      <LocalityQualifier>Suffolk</LocalityQualifier>
    </AnnotatedStopPointRef>
    <AnnotatedStopPointRef>
      <StopPointRef>390010168</StopPointRef>
      <CommonName>School Field</CommonName>
      <LocalityName>Glemsford</LocalityName>
      <LocalityQualifier>Suffolk</LocalityQualifier>
    </AnnotatedStopPointRef>
    <AnnotatedStopPointRef>
      <StopPointRef>390010736</StopPointRef>
      <CommonName>Stanway Close</CommonName>
      <Indicator>adj</Indicator>
      <LocalityName>Glemsford</LocalityName>
      <LocalityQualifier>Suffolk</LocalityQualifier>
    </AnnotatedStopPointRef>
    <AnnotatedStopPointRef>
      <StopPointRef>390010165</StopPointRef>
      <CommonName>Hobbs Lane</CommonName>
      <Indicator>adj</Indicator>
      <LocalityName>Glemsford</LocalityName>
      <LocalityQualifier>Suffolk</LocalityQualifier>
    </AnnotatedStopPointRef>
    <AnnotatedStopPointRef>
      <StopPointRef>390010163</StopPointRef>
      <CommonName>Martins Nest</CommonName>
      <Indicator>adj</Indicator>
      <LocalityName>Glemsford</LocalityName>
      <LocalityQualifier>Suffolk</LocalityQualifier>
    </AnnotatedStopPointRef>
    <AnnotatedStopPointRef>
      <StopPointRef>390010159</StopPointRef>
      <CommonName>Windmill Hill</CommonName>
      <Indicator>E-bound</Indicator>
      <LocalityName>Long Melford</LocalityName>
      <LocalityQualifier>Suffolk</LocalityQualifier>
    </AnnotatedStopPointRef>
    <AnnotatedStopPointRef>
      <StopPointRef>390010157</StopPointRef>
      <CommonName>Black Lion</CommonName>
      <Indicator>opp</Indicator>
      <LocalityName>Long Melford</LocalityName>
      <LocalityQualifier>Suffolk</LocalityQualifier>
    </AnnotatedStopPointRef>
    <AnnotatedStopPointRef>
      <StopPointRef>390010151</StopPointRef>
      <CommonName>Bull</CommonName>
      <LocalityName>Long Melford</LocalityName>
      <LocalityQualifier>Suffolk</LocalityQualifier>
    </AnnotatedStopPointRef>
    <AnnotatedStopPointRef>
      <StopPointRef>390010148</StopPointRef>
      <CommonName>Post Office</CommonName>
      <LocalityName>Long Melford</LocalityName>
      <LocalityQualifier>Suffolk</LocalityQualifier>
    </AnnotatedStopPointRef>
    <AnnotatedStopPointRef>
      <StopPointRef>390010150</StopPointRef>
      <CommonName>Library</CommonName>
      <LocalityName>Long Melford</LocalityName>
      <LocalityQualifier>Suffolk</LocalityQualifier>
    </AnnotatedStopPointRef>
    <AnnotatedStopPointRef>
      <StopPointRef>390010153</StopPointRef>
      <CommonName>Chapel Green</CommonName>
      <LocalityName>Long Melford</LocalityName>
      <LocalityQualifier>Suffolk</LocalityQualifier>
    </AnnotatedStopPointRef>
    <AnnotatedStopPointRef>
      <StopPointRef>390010281</StopPointRef>
      <CommonName>Long Melford Inn</CommonName>
      <LocalityName>Long Melford</LocalityName>
      <LocalityQualifier>Suffolk</LocalityQualifier>
    </AnnotatedStopPointRef>
    <AnnotatedStopPointRef>
      <StopPointRef>390010285</StopPointRef>
      <CommonName>Ropers Lane</CommonName>
      <Indicator>opp</Indicator>
      <LocalityName>Long Melford</LocalityName>
      <LocalityQualifier>Suffolk</LocalityQualifier>
    </AnnotatedStopPointRef>
    <AnnotatedStopPointRef>
      <StopPointRef>390010734</StopPointRef>
      <CommonName>Barleycombe</CommonName>
      <Indicator>adj</Indicator>
      <LocalityName>Long Melford</LocalityName>
      <LocalityQualifier>Suffolk</LocalityQualifier>
    </AnnotatedStopPointRef>
    <AnnotatedStopPointRef>
      <StopPointRef>390010290</StopPointRef>
      <CommonName>Chaucer Road</CommonName>
      <LocalityName>Sudbury (Suffk)</LocalityName>
      <LocalityQualifier>Suffolk</LocalityQualifier>
    </AnnotatedStopPointRef>
    <AnnotatedStopPointRef>
      <StopPointRef>390010298</StopPointRef>
      <CommonName>Priory Road</CommonName>
      <Indicator>adj</Indicator>
      <LocalityName>Sudbury (Suffk)</LocalityName>
      <LocalityQualifier>Suffolk</LocalityQualifier>
    </AnnotatedStopPointRef>
    <AnnotatedStopPointRef>
      <StopPointRef>390010296</StopPointRef>
      <CommonName>Woodhall Road</CommonName>
      <Indicator>adj</Indicator>
      <LocalityName>Sudbury (Suffk)</LocalityName>
      <LocalityQualifier>Suffolk</LocalityQualifier>
    </AnnotatedStopPointRef>
    <AnnotatedStopPointRef>
      <StopPointRef>390010236</StopPointRef>
      <CommonName>Suffolk Road</CommonName>
      <Indicator>adj</Indicator>
      <LocalityName>Sudbury (Suffk)</LocalityName>
      <LocalityQualifier>Suffolk</LocalityQualifier>
    </AnnotatedStopPointRef>
    <AnnotatedStopPointRef>
      <StopPointRef>390011863</StopPointRef>
      <CommonName>Bus Station</CommonName>
      <Indicator>Stand C</Indicator>
      <LocalityName>Sudbury (Suffk)</LocalityName>
      <LocalityQualifier>Suffolk</LocalityQualifier>
    </AnnotatedStopPointRef>
  </StopPoints>
  <RouteSections>
    <RouteSection id="RS_13-756-_-y08-5-I-1">
      <RouteLink id="RL_13-756-_-y08-5-I-1-1">
        <From>
          <StopPointRef>390050040</StopPointRef>
        </From>
        <To>
          <StopPointRef>390050196</StopPointRef>
        </To>
        <Direction>inbound</Direction>
      </RouteLink>
      <RouteLink id="RL_13-756-_-y08-5-I-1-2">
        <From>
          <StopPointRef>390050196</StopPointRef>
        </From>
        <To>
          <StopPointRef>390050195</StopPointRef>
        </To>
        <Direction>inbound</Direction>
      </RouteLink>
      <RouteLink id="RL_13-756-_-y08-5-I-1-3">
        <From>
          <StopPointRef>390050195</StopPointRef>
        </From>
        <To>
          <StopPointRef>390050191</StopPointRef>
        </To>
        <Direction>inbound</Direction>
      </RouteLink>
      <RouteLink id="RL_13-756-_-y08-5-I-1-4">
        <From>
          <StopPointRef>390050191</StopPointRef>
        </From>
        <To>
          <StopPointRef>390051128</StopPointRef>
        </To>
        <Direction>inbound</Direction>
      </RouteLink>
      <RouteLink id="RL_13-756-_-y08-5-I-1-5">
        <From>
          <StopPointRef>390051128</StopPointRef>
        </From>
        <To>
          <StopPointRef>390050656</StopPointRef>
        </To>
        <Direction>inbound</Direction>
      </RouteLink>
      <RouteLink id="RL_13-756-_-y08-5-I-1-6">
        <From>
          <StopPointRef>390050656</StopPointRef>
        </From>
        <To>
          <StopPointRef>390010166</StopPointRef>
        </To>
        <Direction>inbound</Direction>
      </RouteLink>
      <RouteLink id="RL_13-756-_-y08-5-I-1-7">
        <From>
          <StopPointRef>390010166</StopPointRef>
        </From>
        <To>
          <StopPointRef>390010178</StopPointRef>
        </To>
        <Direction>inbound</Direction>
      </RouteLink>
      <RouteLink id="RL_13-756-_-y08-5-I-1-8">
        <From>
          <StopPointRef>390010178</StopPointRef>
        </From>
        <To>
          <StopPointRef>390010176</StopPointRef>
        </To>
        <Direction>inbound</Direction>
      </RouteLink>
      <RouteLink id="RL_13-756-_-y08-5-I-1-9">
        <From>
          <StopPointRef>390010176</StopPointRef>
        </From>
        <To>
          <StopPointRef>390010174</StopPointRef>
        </To>
        <Direction>inbound</Direction>
      </RouteLink>
      <RouteLink id="RL_13-756-_-y08-5-I-1-10">
        <From>
          <StopPointRef>390010174</StopPointRef>
        </From>
        <To>
          <StopPointRef>390010172</StopPointRef>
        </To>
        <Direction>inbound</Direction>
      </RouteLink>
      <RouteLink id="RL_13-756-_-y08-5-I-1-11">
        <From>
          <StopPointRef>390010172</StopPointRef>
        </From>
        <To>
          <StopPointRef>390010171</StopPointRef>
        </To>
        <Direction>inbound</Direction>
      </RouteLink>
      <RouteLink id="RL_13-756-_-y08-5-I-1-12">
        <From>
          <StopPointRef>390010171</StopPointRef>
        </From>
        <To>
          <StopPointRef>390010168</StopPointRef>
        </To>
        <Direction>inbound</Direction>
      </RouteLink>
      <RouteLink id="RL_13-756-_-y08-5-I-1-13">
        <From>
          <StopPointRef>390010168</StopPointRef>
        </From>
        <To>
          <StopPointRef>390010736</StopPointRef>
        </To>
        <Direction>inbound</Direction>
      </RouteLink>
      <RouteLink id="RL_13-756-_-y08-5-I-1-14">
        <From>
          <StopPointRef>390010736</StopPointRef>
        </From>
        <To>
          <StopPointRef>390010165</StopPointRef>
        </To>
        <Direction>inbound</Direction>
      </RouteLink>
      <RouteLink id="RL_13-756-_-y08-5-I-1-15">
        <From>
          <StopPointRef>390010165</StopPointRef>
        </From>
        <To>
          <StopPointRef>390010163</StopPointRef>
        </To>
        <Direction>inbound</Direction>
      </RouteLink>
      <RouteLink id="RL_13-756-_-y08-5-I-1-16">
        <From>
          <StopPointRef>390010163</StopPointRef>
        </From>
        <To>
          <StopPointRef>390010159</StopPointRef>
        </To>
        <Direction>inbound</Direction>
      </RouteLink>
      <RouteLink id="RL_13-756-_-y08-5-I-1-17">
        <From>
          <StopPointRef>390010159</StopPointRef>
        </From>
        <To>
          <StopPointRef>390010157</StopPointRef>
        </To>
        <Direction>inbound</Direction>
      </RouteLink>
      <RouteLink id="RL_13-756-_-y08-5-I-1-18">
        <From>
          <StopPointRef>390010157</StopPointRef>
        </From>
        <To>
          <StopPointRef>390010151</StopPointRef>
        </To>
        <Direction>inbound</Direction>
      </RouteLink>
      <RouteLink id="RL_13-756-_-y08-5-I-1-19">
        <From>
          <StopPointRef>390010151</StopPointRef>
        </From>
        <To>
          <StopPointRef>390010148</StopPointRef>
        </To>
        <Direction>inbound</Direction>
      </RouteLink>
      <RouteLink id="RL_13-756-_-y08-5-I-1-20">
        <From>
          <StopPointRef>390010148</StopPointRef>
        </From>
        <To>
          <StopPointRef>390010150</StopPointRef>
        </To>
        <Direction>inbound</Direction>
      </RouteLink>
      <RouteLink id="RL_13-756-_-y08-5-I-1-21">
        <From>
          <StopPointRef>390010150</StopPointRef>
        </From>
        <To>
          <StopPointRef>390010153</StopPointRef>
        </To>
        <Direction>inbound</Direction>
      </RouteLink>
      <RouteLink id="RL_13-756-_-y08-5-I-1-22">
        <From>
          <StopPointRef>390010153</StopPointRef>
        </From>
        <To>
          <StopPointRef>390010281</StopPointRef>
        </To>
        <Direction>inbound</Direction>
      </RouteLink>
      <RouteLink id="RL_13-756-_-y08-5-I-1-23">
        <From>
          <StopPointRef>390010281</StopPointRef>
        </From>
        <To>
          <StopPointRef>390010285</StopPointRef>
        </To>
        <Direction>inbound</Direction>
      </RouteLink>
      <RouteLink id="RL_13-756-_-y08-5-I-1-24">
        <From>
          <StopPointRef>390010285</StopPointRef>
        </From>
        <To>
          <StopPointRef>390010734</StopPointRef>
        </To>
        <Direction>inbound</Direction>
      </RouteLink>
      <RouteLink id="RL_13-756-_-y08-5-I-1-25">
        <From>
          <StopPointRef>390010734</StopPointRef>
        </From>
        <To>
          <StopPointRef>390010290</StopPointRef>
        </To>
        <Direction>inbound</Direction>
      </RouteLink>
      <RouteLink id="RL_13-756-_-y08-5-I-1-26">
        <From>
          <StopPointRef>390010290</StopPointRef>
        </From>
        <To>
          <StopPointRef>390010298</StopPointRef>
        </To>
        <Direction>inbound</Direction>
      </RouteLink>
      <RouteLink id="RL_13-756-_-y08-5-I-1-27">
        <From>
          <StopPointRef>390010298</StopPointRef>
        </From>
        <To>
          <StopPointRef>390010296</StopPointRef>
        </To>
        <Direction>inbound</Direction>
      </RouteLink>
      <RouteLink id="RL_13-756-_-y08-5-I-1-28">
        <From>
          <StopPointRef>390010296</StopPointRef>
        </From>
        <To>
          <StopPointRef>390010236</StopPointRef>
        </To>
        <Direction>inbound</Direction>
      </RouteLink>
      <RouteLink id="RL_13-756-_-y08-5-I-1-29">
        <From>
          <StopPointRef>390010236</StopPointRef>
        </From>
        <To>
          <StopPointRef>390011863</StopPointRef>
        </To>
        <Direction>inbound</Direction>
      </RouteLink>
    </RouteSection>
  </RouteSections>
  <Routes>
    <Route id="R_13-756-_-y08-5-I-1">
      <PrivateCode>R_13-756-_-y08-5-I-1</PrivateCode>
      <Description>Westfield - Bus Station</Description>
      <RouteSectionRef>RS_13-756-_-y08-5-I-1</RouteSectionRef>
    </Route>
  </Routes>
  <JourneyPatternSections>
    <JourneyPatternSection id="JPS_13-756-_-y08-5-1-1-I">
      <JourneyPatternTimingLink id="JPL_13-756-_-y08-5-1-I-1-2">
        <From SequenceNumber="1">
          <Activity>pickUp</Activity>
          <StopPointRef>390050040</StopPointRef>
          <TimingStatus>PTP</TimingStatus>
        </From>
        <To SequenceNumber="2">
          <Activity>pickUpAndSetDown</Activity>
          <StopPointRef>390050196</StopPointRef>
          <TimingStatus>PTP</TimingStatus>
        </To>
        <RouteLinkRef>RL_13-756-_-y08-5-I-1-1</RouteLinkRef>
        <RunTime>PT1M</RunTime>
      </JourneyPatternTimingLink>
      <JourneyPatternTimingLink id="JPL_13-756-_-y08-5-1-I-1-3">
        <From SequenceNumber="2">
          <Activity>pickUpAndSetDown</Activity>
          <StopPointRef>390050196</StopPointRef>
          <TimingStatus>PTP</TimingStatus>
        </From>
        <To SequenceNumber="3">
          <Activity>pickUpAndSetDown</Activity>
          <StopPointRef>390050195</StopPointRef>
          <TimingStatus>OTH</TimingStatus>
        </To>
        <RouteLinkRef>RL_13-756-_-y08-5-I-1-2</RouteLinkRef>
        <RunTime>PT40S</RunTime>
      </JourneyPatternTimingLink>
      <JourneyPatternTimingLink id="JPL_13-756-_-y08-5-1-I-1-4">
        <From SequenceNumber="3">
          <Activity>pickUpAndSetDown</Activity>
          <StopPointRef>390050195</StopPointRef>
          <TimingStatus>OTH</TimingStatus>
        </From>
        <To SequenceNumber="5">
          <Activity>pickUpAndSetDown</Activity>
          <StopPointRef>390050191</StopPointRef>
          <TimingStatus>PTP</TimingStatus>
        </To>
        <RouteLinkRef>RL_13-756-_-y08-5-I-1-3</RouteLinkRef>
        <RunTime>PT4M20S</RunTime>
      </JourneyPatternTimingLink>
      <JourneyPatternTimingLink id="JPL_13-756-_-y08-5-1-I-1-5">
        <From SequenceNumber="5">
          <Activity>pickUpAndSetDown</Activity>
          <StopPointRef>390050191</StopPointRef>
          <TimingStatus>PTP</TimingStatus>
        </From>
        <To SequenceNumber="6">
          <Activity>pickUpAndSetDown</Activity>
          <StopPointRef>390051128</StopPointRef>
          <TimingStatus>OTH</TimingStatus>
        </To>
        <RouteLinkRef>RL_13-756-_-y08-5-I-1-4</RouteLinkRef>
        <RunTime>PT53S</RunTime>
      </JourneyPatternTimingLink>
      <JourneyPatternTimingLink id="JPL_13-756-_-y08-5-1-I-1-6">
        <From SequenceNumber="6">
          <Activity>pickUpAndSetDown</Activity>
          <StopPointRef>390051128</StopPointRef>
          <TimingStatus>OTH</TimingStatus>
        </From>
        <To SequenceNumber="7">
          <Activity>pickUpAndSetDown</Activity>
          <StopPointRef>390050656</StopPointRef>
          <TimingStatus>OTH</TimingStatus>
        </To>
        <RouteLinkRef>RL_13-756-_-y08-5-I-1-5</RouteLinkRef>
        <RunTime>PT44S</RunTime>
      </JourneyPatternTimingLink>
      <JourneyPatternTimingLink id="JPL_13-756-_-y08-5-1-I-1-7">
        <From SequenceNumber="7">
          <Activity>pickUpAndSetDown</Activity>
          <StopPointRef>390050656</StopPointRef>
          <TimingStatus>OTH</TimingStatus>
        </From>
        <To SequenceNumber="8">
          <Activity>pickUpAndSetDown</Activity>
          <StopPointRef>390010166</StopPointRef>
          <TimingStatus>OTH</TimingStatus>
        </To>
        <RouteLinkRef>RL_13-756-_-y08-5-I-1-6</RouteLinkRef>
        <RunTime>PT3M49S</RunTime>
      </JourneyPatternTimingLink>
      <JourneyPatternTimingLink id="JPL_13-756-_-y08-5-1-I-1-8">
        <From SequenceNumber="8">
          <Activity>pickUpAndSetDown</Activity>
          <StopPointRef>390010166</StopPointRef>
          <TimingStatus>OTH</TimingStatus>
        </From>
        <To SequenceNumber="9">
          <Activity>pickUpAndSetDown</Activity>
          <StopPointRef>390010178</StopPointRef>
          <TimingStatus>OTH</TimingStatus>
        </To>
        <RouteLinkRef>RL_13-756-_-y08-5-I-1-7</RouteLinkRef>
        <RunTime>PT1M35S</RunTime>
      </JourneyPatternTimingLink>
      <JourneyPatternTimingLink id="JPL_13-756-_-y08-5-1-I-1-9">
        <From SequenceNumber="9">
          <Activity>pickUpAndSetDown</Activity>
          <StopPointRef>390010178</StopPointRef>
          <TimingStatus>OTH</TimingStatus>
        </From>
        <To SequenceNumber="10">
          <Activity>pickUpAndSetDown</Activity>
          <StopPointRef>390010176</StopPointRef>
          <TimingStatus>OTH</TimingStatus>
        </To>
        <RouteLinkRef>RL_13-756-_-y08-5-I-1-8</RouteLinkRef>
        <RunTime>PT46S</RunTime>
      </JourneyPatternTimingLink>
      <JourneyPatternTimingLink id="JPL_13-756-_-y08-5-1-I-1-10">
        <From SequenceNumber="10">
          <Activity>pickUpAndSetDown</Activity>
          <StopPointRef>390010176</StopPointRef>
          <TimingStatus>OTH</TimingStatus>
        </From>
        <To SequenceNumber="11">
          <Activity>pickUpAndSetDown</Activity>
          <StopPointRef>390010174</StopPointRef>
          <TimingStatus>OTH</TimingStatus>
        </To>
        <RouteLinkRef>RL_13-756-_-y08-5-I-1-9</RouteLinkRef>
        <RunTime>PT34S</RunTime>
      </JourneyPatternTimingLink>
      <JourneyPatternTimingLink id="JPL_13-756-_-y08-5-1-I-1-11">
        <From SequenceNumber="11">
          <Activity>pickUpAndSetDown</Activity>
          <StopPointRef>390010174</StopPointRef>
          <TimingStatus>OTH</TimingStatus>
        </From>
        <To SequenceNumber="12">
          <Activity>pickUpAndSetDown</Activity>
          <StopPointRef>390010172</StopPointRef>
          <TimingStatus>OTH</TimingStatus>
        </To>
        <RouteLinkRef>RL_13-756-_-y08-5-I-1-10</RouteLinkRef>
        <RunTime>PT31S</RunTime>
      </JourneyPatternTimingLink>
      <JourneyPatternTimingLink id="JPL_13-756-_-y08-5-1-I-1-12">
        <From SequenceNumber="12">
          <Activity>pickUpAndSetDown</Activity>
          <StopPointRef>390010172</StopPointRef>
          <TimingStatus>OTH</TimingStatus>
        </From>
        <To SequenceNumber="13">
          <Activity>pickUpAndSetDown</Activity>
          <StopPointRef>390010171</StopPointRef>
          <TimingStatus>OTH</TimingStatus>
        </To>
        <RouteLinkRef>RL_13-756-_-y08-5-I-1-11</RouteLinkRef>
        <RunTime>PT36S</RunTime>
      </JourneyPatternTimingLink>
      <JourneyPatternTimingLink id="JPL_13-756-_-y08-5-1-I-1-13">
        <From SequenceNumber="13">
          <Activity>pickUpAndSetDown</Activity>
          <StopPointRef>390010171</StopPointRef>
          <TimingStatus>OTH</TimingStatus>
        </From>
        <To SequenceNumber="14">
          <Activity>pickUpAndSetDown</Activity>
          <StopPointRef>390010168</StopPointRef>
          <TimingStatus>PTP</TimingStatus>
        </To>
        <RouteLinkRef>RL_13-756-_-y08-5-I-1-12</RouteLinkRef>
        <RunTime>PT32S</RunTime>
      </JourneyPatternTimingLink>
      <JourneyPatternTimingLink id="JPL_13-756-_-y08-5-1-I-1-14">
        <From SequenceNumber="14">
          <Activity>pickUpAndSetDown</Activity>
          <StopPointRef>390010168</StopPointRef>
          <TimingStatus>PTP</TimingStatus>
        </From>
        <To SequenceNumber="15">
          <Activity>pickUpAndSetDown</Activity>
          <StopPointRef>390010736</StopPointRef>
          <TimingStatus>OTH</TimingStatus>
        </To>
        <RouteLinkRef>RL_13-756-_-y08-5-I-1-13</RouteLinkRef>
        <RunTime>PT38S</RunTime>
      </JourneyPatternTimingLink>
      <JourneyPatternTimingLink id="JPL_13-756-_-y08-5-1-I-1-15">
        <From SequenceNumber="15">
          <Activity>pickUpAndSetDown</Activity>
          <StopPointRef>390010736</StopPointRef>
          <TimingStatus>OTH</TimingStatus>
        </From>
        <To SequenceNumber="16">
          <Activity>pickUpAndSetDown</Activity>
          <StopPointRef>390010165</StopPointRef>
          <TimingStatus>OTH</TimingStatus>
        </To>
        <RouteLinkRef>RL_13-756-_-y08-5-I-1-14</RouteLinkRef>
        <RunTime>PT3M11S</RunTime>
      </JourneyPatternTimingLink>
      <JourneyPatternTimingLink id="JPL_13-756-_-y08-5-1-I-1-16">
        <From SequenceNumber="16">
          <Activity>pickUpAndSetDown</Activity>
          <StopPointRef>390010165</StopPointRef>
          <TimingStatus>OTH</TimingStatus>
        </From>
        <To SequenceNumber="17">
          <Activity>pickUpAndSetDown</Activity>
          <StopPointRef>390010163</StopPointRef>
          <TimingStatus>OTH</TimingStatus>
        </To>
        <RouteLinkRef>RL_13-756-_-y08-5-I-1-15</RouteLinkRef>
        <RunTime>PT49S</RunTime>
      </JourneyPatternTimingLink>
      <JourneyPatternTimingLink id="JPL_13-756-_-y08-5-1-I-1-17">
        <From SequenceNumber="17">
          <Activity>pickUpAndSetDown</Activity>
          <StopPointRef>390010163</StopPointRef>
          <TimingStatus>OTH</TimingStatus>
        </From>
        <To SequenceNumber="18">
          <Activity>pickUpAndSetDown</Activity>
          <StopPointRef>390010159</StopPointRef>
          <TimingStatus>OTH</TimingStatus>
        </To>
        <RouteLinkRef>RL_13-756-_-y08-5-I-1-16</RouteLinkRef>
        <RunTime>PT2M9S</RunTime>
      </JourneyPatternTimingLink>
      <JourneyPatternTimingLink id="JPL_13-756-_-y08-5-1-I-1-18">
        <From SequenceNumber="18">
          <Activity>pickUpAndSetDown</Activity>
          <StopPointRef>390010159</StopPointRef>
          <TimingStatus>OTH</TimingStatus>
        </From>
        <To SequenceNumber="19">
          <Activity>pickUpAndSetDown</Activity>
          <StopPointRef>390010157</StopPointRef>
          <TimingStatus>OTH</TimingStatus>
        </To>
        <RouteLinkRef>RL_13-756-_-y08-5-I-1-17</RouteLinkRef>
        <RunTime>PT1M33S</RunTime>
      </JourneyPatternTimingLink>
      <JourneyPatternTimingLink id="JPL_13-756-_-y08-5-1-I-1-19">
        <From SequenceNumber="19">
          <Activity>pickUpAndSetDown</Activity>
          <StopPointRef>390010157</StopPointRef>
          <TimingStatus>OTH</TimingStatus>
        </From>
        <To SequenceNumber="20">
          <Activity>pickUpAndSetDown</Activity>
          <StopPointRef>390010151</StopPointRef>
          <TimingStatus>OTH</TimingStatus>
        </To>
        <RouteLinkRef>RL_13-756-_-y08-5-I-1-18</RouteLinkRef>
        <RunTime>PT1M14S</RunTime>
      </JourneyPatternTimingLink>
      <JourneyPatternTimingLink id="JPL_13-756-_-y08-5-1-I-1-20">
        <From SequenceNumber="20">
          <Activity>pickUpAndSetDown</Activity>
          <StopPointRef>390010151</StopPointRef>
          <TimingStatus>OTH</TimingStatus>
        </From>
        <To SequenceNumber="21">
          <Activity>pickUpAndSetDown</Activity>
          <StopPointRef>390010148</StopPointRef>
          <TimingStatus>PTP</TimingStatus>
        </To>
        <RouteLinkRef>RL_13-756-_-y08-5-I-1-19</RouteLinkRef>
        <RunTime>PT26S</RunTime>
      </JourneyPatternTimingLink>
      <JourneyPatternTimingLink id="JPL_13-756-_-y08-5-1-I-1-21">
        <From SequenceNumber="21">
          <Activity>pickUpAndSetDown</Activity>
          <StopPointRef>390010148</StopPointRef>
          <TimingStatus>PTP</TimingStatus>
        </From>
        <To SequenceNumber="22">
          <Activity>pickUpAndSetDown</Activity>
          <StopPointRef>390010150</StopPointRef>
          <TimingStatus>OTH</TimingStatus>
        </To>
        <RouteLinkRef>RL_13-756-_-y08-5-I-1-20</RouteLinkRef>
        <RunTime>PT33S</RunTime>
      </JourneyPatternTimingLink>
      <JourneyPatternTimingLink id="JPL_13-756-_-y08-5-1-I-1-22">
        <From SequenceNumber="22">
          <Activity>pickUpAndSetDown</Activity>
          <StopPointRef>390010150</StopPointRef>
          <TimingStatus>OTH</TimingStatus>
        </From>
        <To SequenceNumber="23">
          <Activity>pickUpAndSetDown</Activity>
          <StopPointRef>390010153</StopPointRef>
          <TimingStatus>OTH</TimingStatus>
        </To>
        <RouteLinkRef>RL_13-756-_-y08-5-I-1-21</RouteLinkRef>
        <RunTime>PT38S</RunTime>
      </JourneyPatternTimingLink>
      <JourneyPatternTimingLink id="JPL_13-756-_-y08-5-1-I-1-23">
        <From SequenceNumber="23">
          <Activity>pickUpAndSetDown</Activity>
          <StopPointRef>390010153</StopPointRef>
          <TimingStatus>OTH</TimingStatus>
        </From>
        <To SequenceNumber="24">
          <Activity>pickUpAndSetDown</Activity>
          <StopPointRef>390010281</StopPointRef>
          <TimingStatus>OTH</TimingStatus>
        </To>
        <RouteLinkRef>RL_13-756-_-y08-5-I-1-22</RouteLinkRef>
        <RunTime>PT1M9S</RunTime>
      </JourneyPatternTimingLink>
      <JourneyPatternTimingLink id="JPL_13-756-_-y08-5-1-I-1-24">
        <From SequenceNumber="24">
          <Activity>pickUpAndSetDown</Activity>
          <StopPointRef>390010281</StopPointRef>
          <TimingStatus>OTH</TimingStatus>
        </From>
        <To SequenceNumber="25">
          <Activity>pickUpAndSetDown</Activity>
          <StopPointRef>390010285</StopPointRef>
          <TimingStatus>OTH</TimingStatus>
        </To>
        <RouteLinkRef>RL_13-756-_-y08-5-I-1-23</RouteLinkRef>
        <RunTime>PT47S</RunTime>
      </JourneyPatternTimingLink>
      <JourneyPatternTimingLink id="JPL_13-756-_-y08-5-1-I-1-25">
        <From SequenceNumber="25">
          <Activity>pickUpAndSetDown</Activity>
          <StopPointRef>390010285</StopPointRef>
          <TimingStatus>OTH</TimingStatus>
        </From>
        <To SequenceNumber="26">
          <Activity>pickUpAndSetDown</Activity>
          <StopPointRef>390010734</StopPointRef>
          <TimingStatus>OTH</TimingStatus>
        </To>
        <RouteLinkRef>RL_13-756-_-y08-5-I-1-24</RouteLinkRef>
        <RunTime>PT53S</RunTime>
      </JourneyPatternTimingLink>
      <JourneyPatternTimingLink id="JPL_13-756-_-y08-5-1-I-1-26">
        <From SequenceNumber="26">
          <Activity>pickUpAndSetDown</Activity>
          <StopPointRef>390010734</StopPointRef>
          <TimingStatus>OTH</TimingStatus>
        </From>
        <To SequenceNumber="27">
          <Activity>pickUpAndSetDown</Activity>
          <StopPointRef>390010290</StopPointRef>
          <TimingStatus>OTH</TimingStatus>
        </To>
        <RouteLinkRef>RL_13-756-_-y08-5-I-1-25</RouteLinkRef>
        <RunTime>PT1M56S</RunTime>
      </JourneyPatternTimingLink>
      <JourneyPatternTimingLink id="JPL_13-756-_-y08-5-1-I-1-27">
        <From SequenceNumber="27">
          <Activity>pickUpAndSetDown</Activity>
          <StopPointRef>390010290</StopPointRef>
          <TimingStatus>OTH</TimingStatus>
        </From>
        <To SequenceNumber="28">
          <Activity>pickUpAndSetDown</Activity>
          <StopPointRef>390010298</StopPointRef>
          <TimingStatus>OTH</TimingStatus>
        </To>
        <RouteLinkRef>RL_13-756-_-y08-5-I-1-26</RouteLinkRef>
        <RunTime>PT46S</RunTime>
      </JourneyPatternTimingLink>
      <JourneyPatternTimingLink id="JPL_13-756-_-y08-5-1-I-1-28">
        <From SequenceNumber="28">
          <Activity>pickUpAndSetDown</Activity>
          <StopPointRef>390010298</StopPointRef>
          <TimingStatus>OTH</TimingStatus>
        </From>
        <To SequenceNumber="29">
          <Activity>pickUpAndSetDown</Activity>
          <StopPointRef>390010296</StopPointRef>
          <TimingStatus>OTH</TimingStatus>
        </To>
        <RouteLinkRef>RL_13-756-_-y08-5-I-1-27</RouteLinkRef>
        <RunTime>PT35S</RunTime>
      </JourneyPatternTimingLink>
      <JourneyPatternTimingLink id="JPL_13-756-_-y08-5-1-I-1-29">
        <From SequenceNumber="29">
          <Activity>pickUpAndSetDown</Activity>
          <StopPointRef>390010296</StopPointRef>
          <TimingStatus>OTH</TimingStatus>
        </From>
        <To SequenceNumber="30">
          <Activity>pickUpAndSetDown</Activity>
          <StopPointRef>390010236</StopPointRef>
          <TimingStatus>OTH</TimingStatus>
        </To>
        <RouteLinkRef>RL_13-756-_-y08-5-I-1-28</RouteLinkRef>
        <RunTime>PT56S</RunTime>
      </JourneyPatternTimingLink>
      <JourneyPatternTimingLink id="JPL_13-756-_-y08-5-1-I-1-30">
        <From SequenceNumber="30">
          <Activity>pickUpAndSetDown</Activity>
          <StopPointRef>390010236</StopPointRef>
          <TimingStatus>OTH</TimingStatus>
        </From>
        <To SequenceNumber="31">
          <Activity>setDown</Activity>
          <StopPointRef>390011863</StopPointRef>
          <TimingStatus>PTP</TimingStatus>
        </To>
        <RouteLinkRef>RL_13-756-_-y08-5-I-1-29</RouteLinkRef>
        <RunTime>PT47S</RunTime>
      </JourneyPatternTimingLink>
    </JourneyPatternSection>
  </JourneyPatternSections>
  <Operators>
    <Operator id="OId_CHAM">
      <NationalOperatorCode>CHAM</NationalOperatorCode>
      <OperatorCode>CHAM</OperatorCode>
      <OperatorShortName>Chambers</OperatorShortName>
      <OperatorNameOnLicence>Chambers</OperatorNameOnLicence>
      <TradingName>Chambers</TradingName>
    </Operator>
  </Operators>
  <Services>
    <Service>
      <ServiceCode>13-756-_-y08-5</ServiceCode>
      <PrivateCode>13-756-_-y08-5</PrivateCode>
      <Lines>
        <Line id="13-756-_-y08-5">
          <LineName>756</LineName>
        </Line>
      </Lines>
      <OperatingPeriod>
        <StartDate>2019-11-05</StartDate>
        <EndDate>2020-05-08</EndDate>
      </OperatingPeriod>
      <OperatingProfile>
        <RegularDayType>
          <DaysOfWeek>
            <MondayToFriday />
          </DaysOfWeek>
        </RegularDayType>
        <SpecialDaysOperation>
          <DaysOfNonOperation>
            <DateRange>
              <StartDate>2019-12-24</StartDate>
              <EndDate>2019-12-24</EndDate>
            </DateRange>
            <DateRange>
              <StartDate>2019-12-27</StartDate>
              <EndDate>2019-12-27</EndDate>
            </DateRange>
            <DateRange>
              <StartDate>2019-12-30</StartDate>
              <EndDate>2019-12-31</EndDate>
            </DateRange>
          </DaysOfNonOperation>
        </SpecialDaysOperation>
        <BankHolidayOperation>
          <DaysOfNonOperation>
            <ChristmasDay />
            <BoxingDay />
            <GoodFriday />
            <NewYearsDay />
            <MayDay />
            <EasterMonday />
          </DaysOfNonOperation>
        </BankHolidayOperation>
      </OperatingProfile>
      <RegisteredOperatorRef>OId_CHAM</RegisteredOperatorRef>
      <StopRequirements>
        <NoNewStopsRequired />
      </StopRequirements>
      <Mode>bus</Mode>
      <Description>Clare - Long Melford - Sudbury</Description>
      <StandardService>
        <Origin>Westfield</Origin>
        <Destination>Bus Station</Destination>
        <JourneyPattern id="JP_13-756-_-y08-5-1-I-1">
          <Direction>inbound</Direction>
          <RouteRef>R_13-756-_-y08-5-I-1</RouteRef>
          <JourneyPatternSectionRefs>JPS_13-756-_-y08-5-1-1-I</JourneyPatternSectionRefs>
        </JourneyPattern>
      </StandardService>
    </Service>
  </Services>
  <VehicleJourneys>
    <VehicleJourney>
      <PrivateCode>suf-13-756-_-y08-5-1-T0</PrivateCode>
      <OperatingProfile>
        <RegularDayType>
          <DaysOfWeek>
            <MondayToFriday />
          </DaysOfWeek>
        </RegularDayType>
        <SpecialDaysOperation>
          <DaysOfNonOperation>
            <DateRange>
              <StartDate>2019-12-20</StartDate>
              <EndDate>2019-12-20</EndDate>
            </DateRange>
            <DateRange>
              <StartDate>2019-12-23</StartDate>
              <EndDate>2019-12-24</EndDate>
            </DateRange>
            <DateRange>
              <StartDate>2019-12-27</StartDate>
              <EndDate>2019-12-27</EndDate>
            </DateRange>
            <DateRange>
              <StartDate>2019-12-30</StartDate>
              <EndDate>2019-12-31</EndDate>
            </DateRange>
            <DateRange>
              <StartDate>2020-01-02</StartDate>
              <EndDate>2020-01-03</EndDate>
            </DateRange>
            <DateRange>
              <StartDate>2020-01-06</StartDate>
              <EndDate>2020-01-06</EndDate>
            </DateRange>
            <DateRange>
              <StartDate>2020-02-17</StartDate>
              <EndDate>2020-02-21</EndDate>
            </DateRange>
            <DateRange>
              <StartDate>2020-04-03</StartDate>
              <EndDate>2020-04-03</EndDate>
            </DateRange>
            <DateRange>
              <StartDate>2020-04-06</StartDate>
              <EndDate>2020-04-09</EndDate>
            </DateRange>
            <DateRange>
              <StartDate>2020-04-14</StartDate>
              <EndDate>2020-04-17</EndDate>
            </DateRange>
          </DaysOfNonOperation>
        </SpecialDaysOperation>
        <BankHolidayOperation>
          <DaysOfNonOperation>
            <ChristmasDay />
            <BoxingDay />
            <GoodFriday />
            <NewYearsDay />
            <MayDay />
            <EasterMonday />
          </DaysOfNonOperation>
        </BankHolidayOperation>
      </OperatingProfile>
      <VehicleJourneyCode>VJ_13-756-_-y08-5-1-T0</VehicleJourneyCode>
      <ServiceRef>13-756-_-y08-5</ServiceRef>
      <LineRef>13-756-_-y08-5</LineRef>
      <JourneyPatternRef>JP_13-756-_-y08-5-1-I-1</JourneyPatternRef>
      <Note>
        <NoteCode>Sch</NoteCode>
        <NoteText>Schooldays only</NoteText>
      </Note>
      <DepartureTime>06:35:00</DepartureTime>
    </VehicleJourney>
  </VehicleJourneys>
</TransXChange>