<?xml version="1.0" encoding="utf-8"?>
<TransXChange xmlns:xsi="http://www.w3.org/2001/XMLSchema-instance" xmlns:xsd="http://www.w3.org/2001/XMLSchema" xsi:schemaLocation="http://www.transxchange.org.uk/ http://www.transxchange.org.uk/schema/2.5/TransXChange_general.xsd" CreationDateTime="2019-11-07T16:02:51.5054Z" ModificationDateTime="2019-11-07T16:02:51.5054Z" Modification="new" RevisionNumber="3" FileName="suf_2-11A-_-y08-3.xml" SchemaVersion="2.5" RegistrationDocument="true" xmlns="http://www.transxchange.org.uk/">
  <StopPoints>
    <AnnotatedStopPointRef>
      <StopPointRef>390030542</StopPointRef>
      <CommonName>St Albans School</CommonName>
      <Indicator>o/s</Indicator>
      <LocalityName>Rushmere (Ipswich)</LocalityName>
      <LocalityQualifier>Suffolk</LocalityQualifier>
    </AnnotatedStopPointRef>
    <AnnotatedStopPointRef>
      <StopPointRef>390030622</StopPointRef>
      <CommonName>Bramley Chase</CommonName>
      <Indicator>opp</Indicator>
      <LocalityName>Rushmere (Ipswich)</LocalityName>
      <LocalityQualifier>Suffolk</LocalityQualifier>
    </AnnotatedStopPointRef>
    <AnnotatedStopPointRef>
      <StopPointRef>390030612</StopPointRef>
      <CommonName>Schreiber Road</CommonName>
      <Indicator>adj</Indicator>
      <LocalityName>Rushmere (Ipswich)</LocalityName>
      <LocalityQualifier>Suffolk</LocalityQualifier>
    </AnnotatedStopPointRef>
    <AnnotatedStopPointRef>
      <StopPointRef>390031008</StopPointRef>
      <CommonName>Gordon Road</CommonName>
      <LocalityName>Rushmere (Ipswich)</LocalityName>
      <LocalityQualifier>Suffolk</LocalityQualifier>
    </AnnotatedStopPointRef>
    <AnnotatedStopPointRef>
      <StopPointRef>390030606</StopPointRef>
      <CommonName>Nelson Road</CommonName>
      <LocalityName>Rushmere (Ipswich)</LocalityName>
      <LocalityQualifier>Suffolk</LocalityQualifier>
    </AnnotatedStopPointRef>
    <AnnotatedStopPointRef>
      <StopPointRef>390030608</StopPointRef>
      <CommonName>Khartoum Road</CommonName>
      <LocalityName>Rushmere (Ipswich)</LocalityName>
      <LocalityQualifier>Suffolk</LocalityQualifier>
    </AnnotatedStopPointRef>
    <AnnotatedStopPointRef>
      <StopPointRef>390030580</StopPointRef>
      <CommonName>Rivers Street</CommonName>
      <LocalityName>Rushmere (Ipswich)</LocalityName>
      <LocalityQualifier>Suffolk</LocalityQualifier>
    </AnnotatedStopPointRef>
    <AnnotatedStopPointRef>
      <StopPointRef>390030385</StopPointRef>
      <CommonName>Duke of York</CommonName>
      <LocalityName>Ipswich</LocalityName>
      <LocalityQualifier>Suffolk</LocalityQualifier>
    </AnnotatedStopPointRef>
    <AnnotatedStopPointRef>
      <StopPointRef>390030003</StopPointRef>
      <CommonName>Majors Corner</CommonName>
      <Indicator>o/s</Indicator>
      <LocalityName>Ipswich</LocalityName>
      <LocalityQualifier>Suffolk</LocalityQualifier>
    </AnnotatedStopPointRef>
    <AnnotatedStopPointRef>
      <StopPointRef>390030263</StopPointRef>
      <CommonName>Tower Ramparts Bus Station</CommonName>
      <Indicator>Stand KK</Indicator>
      <LocalityName>Ipswich</LocalityName>
      <LocalityQualifier>Suffolk</LocalityQualifier>
    </AnnotatedStopPointRef>
    <AnnotatedStopPointRef>
      <StopPointRef>390030940</StopPointRef>
      <CommonName>Meredith Road</CommonName>
      <LocalityName>Castle Hill(Ipswich)</LocalityName>
      <LocalityQualifier>Suffolk</LocalityQualifier>
    </AnnotatedStopPointRef>
    <AnnotatedStopPointRef>
      <StopPointRef>390030898</StopPointRef>
      <CommonName>Spenser Road</CommonName>
      <LocalityName>Whitton (Ipswich)</LocalityName>
      <LocalityQualifier>Suffolk</LocalityQualifier>
    </AnnotatedStopPointRef>
    <AnnotatedStopPointRef>
      <StopPointRef>390030896</StopPointRef>
      <CommonName>Shakespeare Road</CommonName>
      <LocalityName>Whitton (Ipswich)</LocalityName>
      <LocalityQualifier>Suffolk</LocalityQualifier>
    </AnnotatedStopPointRef>
    <AnnotatedStopPointRef>
      <StopPointRef>390030894</StopPointRef>
      <CommonName>Byron Road</CommonName>
      <Indicator>o/s 57</Indicator>
      <LocalityName>Whitton (Ipswich)</LocalityName>
      <LocalityQualifier>Suffolk</LocalityQualifier>
    </AnnotatedStopPointRef>
    <AnnotatedStopPointRef>
      <StopPointRef>390030885</StopPointRef>
      <CommonName>Parnell Road</CommonName>
      <LocalityName>Whitton (Ipswich)</LocalityName>
      <LocalityQualifier>Suffolk</LocalityQualifier>
    </AnnotatedStopPointRef>
    <AnnotatedStopPointRef>
      <StopPointRef>390030883</StopPointRef>
      <CommonName>Heathercroft Road</CommonName>
      <LocalityName>Whitton (Ipswich)</LocalityName>
      <LocalityQualifier>Suffolk</LocalityQualifier>
    </AnnotatedStopPointRef>
    <AnnotatedStopPointRef>
      <StopPointRef>390030881</StopPointRef>
      <CommonName>Mitford Close</CommonName>
      <LocalityName>Whitton (Ipswich)</LocalityName>
      <LocalityQualifier>Suffolk</LocalityQualifier>
    </AnnotatedStopPointRef>
    <AnnotatedStopPointRef>
      <StopPointRef>390030879</StopPointRef>
      <CommonName>Chepstow Road</CommonName>
      <LocalityName>Whitton (Ipswich)</LocalityName>
      <LocalityQualifier>Suffolk</LocalityQualifier>
    </AnnotatedStopPointRef>
    <AnnotatedStopPointRef>
      <StopPointRef>390030758</StopPointRef>
      <CommonName>Lincoln Close</CommonName>
      <LocalityName>Castle Hill(Ipswich)</LocalityName>
      <LocalityQualifier>Suffolk</LocalityQualifier>
    </AnnotatedStopPointRef>
    <AnnotatedStopPointRef>
      <StopPointRef>390030761</StopPointRef>
      <CommonName>Pearcroft Road</CommonName>
      <LocalityName>Castle Hill(Ipswich)</LocalityName>
      <LocalityQualifier>Suffolk</LocalityQualifier>
    </AnnotatedStopPointRef>
    <AnnotatedStopPointRef>
      <StopPointRef>390030765</StopPointRef>
      <CommonName>Recreation Ground</CommonName>
      <LocalityName>Castle Hill(Ipswich)</LocalityName>
      <LocalityQualifier>Suffolk</LocalityQualifier>
    </AnnotatedStopPointRef>
    <AnnotatedStopPointRef>
      <StopPointRef>390030766</StopPointRef>
      <CommonName>Elmcroft Road</CommonName>
      <LocalityName>Castle Hill(Ipswich)</LocalityName>
      <LocalityQualifier>Suffolk</LocalityQualifier>
    </AnnotatedStopPointRef>
    <AnnotatedStopPointRef>
      <StopPointRef>390030780</StopPointRef>
      <CommonName>Cedarcroft Road</CommonName>
      <Indicator>opp</Indicator>
      <LocalityName>Castle Hill(Ipswich)</LocalityName>
      <LocalityQualifier>Suffolk</LocalityQualifier>
    </AnnotatedStopPointRef>
    <AnnotatedStopPointRef>
      <StopPointRef>390030778</StopPointRef>
      <CommonName>Willowcroft Road</CommonName>
      <Indicator>opp</Indicator>
      <LocalityName>Castle Hill(Ipswich)</LocalityName>
      <LocalityQualifier>Suffolk</LocalityQualifier>
    </AnnotatedStopPointRef>
    <AnnotatedStopPointRef>
      <StopPointRef>390030777</StopPointRef>
      <CommonName>Pinecroft Road</CommonName>
      <Indicator>opp</Indicator>
      <LocalityName>Castle Hill(Ipswich)</LocalityName>
      <LocalityQualifier>Suffolk</LocalityQualifier>
    </AnnotatedStopPointRef>
    <AnnotatedStopPointRef>
      <StopPointRef>390030775</StopPointRef>
      <CommonName>Ashcroft Road</CommonName>
      <LocalityName>Castle Hill(Ipswich)</LocalityName>
      <LocalityQualifier>Suffolk</LocalityQualifier>
    </AnnotatedStopPointRef>
    <AnnotatedStopPointRef>
      <StopPointRef>390030946</StopPointRef>
      <CommonName>Norbridge Social Club</CommonName>
      <Indicator>opp</Indicator>
      <LocalityName>Westbourne (Ipswich)</LocalityName>
      <LocalityQualifier>Suffolk</LocalityQualifier>
    </AnnotatedStopPointRef>
    <AnnotatedStopPointRef>
      <StopPointRef>390030948</StopPointRef>
      <CommonName>Springfield Lane</CommonName>
      <LocalityName>Westbourne (Ipswich)</LocalityName>
      <LocalityQualifier>Suffolk</LocalityQualifier>
    </AnnotatedStopPointRef>
    <AnnotatedStopPointRef>
      <StopPointRef>390030950</StopPointRef>
      <CommonName>Richmond Road</CommonName>
      <LocalityName>Westbourne (Ipswich)</LocalityName>
      <LocalityQualifier>Suffolk</LocalityQualifier>
    </AnnotatedStopPointRef>
    <AnnotatedStopPointRef>
      <StopPointRef>390030952</StopPointRef>
      <CommonName>Westwood Avenue</CommonName>
      <LocalityName>Westbourne (Ipswich)</LocalityName>
      <LocalityQualifier>Suffolk</LocalityQualifier>
    </AnnotatedStopPointRef>
    <AnnotatedStopPointRef>
      <StopPointRef>390030955</StopPointRef>
      <CommonName>YMCA</CommonName>
      <LocalityName>Westbourne (Ipswich)</LocalityName>
      <LocalityQualifier>Suffolk</LocalityQualifier>
    </AnnotatedStopPointRef>
    <AnnotatedStopPointRef>
      <StopPointRef>390031013</StopPointRef>
      <CommonName>Granville Street</CommonName>
      <LocalityName>Ipswich</LocalityName>
      <LocalityQualifier>Suffolk</LocalityQualifier>
    </AnnotatedStopPointRef>
    <AnnotatedStopPointRef>
      <StopPointRef>390030133</StopPointRef>
      <CommonName>Ipswich Furniture Project</CommonName>
      <LocalityName>Ipswich</LocalityName>
      <LocalityQualifier>Suffolk</LocalityQualifier>
    </AnnotatedStopPointRef>
    <AnnotatedStopPointRef>
      <StopPointRef>390030125</StopPointRef>
      <CommonName>Cobden Place</CommonName>
      <Indicator>Stop 3</Indicator>
      <LocalityName>Ipswich</LocalityName>
      <LocalityQualifier>Suffolk</LocalityQualifier>
    </AnnotatedStopPointRef>
    <AnnotatedStopPointRef>
      <StopPointRef>390030382</StopPointRef>
      <CommonName>Lacey Street</CommonName>
      <LocalityName>Ipswich</LocalityName>
      <LocalityQualifier>Suffolk</LocalityQualifier>
    </AnnotatedStopPointRef>
    <AnnotatedStopPointRef>
      <StopPointRef>390030384</StopPointRef>
      <CommonName>Medical Centre</CommonName>
      <LocalityName>Ipswich</LocalityName>
      <LocalityQualifier>Suffolk</LocalityQualifier>
    </AnnotatedStopPointRef>
    <AnnotatedStopPointRef>
      <StopPointRef>390030579</StopPointRef>
      <CommonName>Rivers Street</CommonName>
      <LocalityName>Rushmere (Ipswich)</LocalityName>
      <LocalityQualifier>Suffolk</LocalityQualifier>
    </AnnotatedStopPointRef>
    <AnnotatedStopPointRef>
      <StopPointRef>390030607</StopPointRef>
      <CommonName>Khartoum Road</CommonName>
      <LocalityName>Rushmere (Ipswich)</LocalityName>
      <LocalityQualifier>Suffolk</LocalityQualifier>
    </AnnotatedStopPointRef>
    <AnnotatedStopPointRef>
      <StopPointRef>390030605</StopPointRef>
      <CommonName>Nelson Road</CommonName>
      <LocalityName>Rushmere (Ipswich)</LocalityName>
      <LocalityQualifier>Suffolk</LocalityQualifier>
    </AnnotatedStopPointRef>
    <AnnotatedStopPointRef>
      <StopPointRef>390031007</StopPointRef>
      <CommonName>Gordon Road</CommonName>
      <LocalityName>Rushmere (Ipswich)</LocalityName>
      <LocalityQualifier>Suffolk</LocalityQualifier>
    </AnnotatedStopPointRef>
    <AnnotatedStopPointRef>
      <StopPointRef>390030611</StopPointRef>
      <CommonName>Schreiber Road</CommonName>
      <Indicator>opp</Indicator>
      <LocalityName>Rushmere (Ipswich)</LocalityName>
      <LocalityQualifier>Suffolk</LocalityQualifier>
    </AnnotatedStopPointRef>
    <AnnotatedStopPointRef>
      <StopPointRef>390030621</StopPointRef>
      <CommonName>Bramley Chase</CommonName>
      <Indicator>adj</Indicator>
      <LocalityName>Rushmere (Ipswich)</LocalityName>
      <LocalityQualifier>Suffolk</LocalityQualifier>
    </AnnotatedStopPointRef>
    <AnnotatedStopPointRef>
      <StopPointRef>390030653</StopPointRef>
      <CommonName>Phoenix Road</CommonName>
      <LocalityName>Rushmere (Ipswich)</LocalityName>
      <LocalityQualifier>Suffolk</LocalityQualifier>
    </AnnotatedStopPointRef>
    <AnnotatedStopPointRef>
      <StopPointRef>390030652</StopPointRef>
      <CommonName>Howard Street</CommonName>
      <LocalityName>Rushmere (Ipswich)</LocalityName>
      <LocalityQualifier>Suffolk</LocalityQualifier>
    </AnnotatedStopPointRef>
    <AnnotatedStopPointRef>
      <StopPointRef>390030677</StopPointRef>
      <CommonName>Lattice Barn PH</CommonName>
      <LocalityName>Rushmere (Ipswich)</LocalityName>
      <LocalityQualifier>Suffolk</LocalityQualifier>
    </AnnotatedStopPointRef>
    <AnnotatedStopPointRef>
      <StopPointRef>390030623</StopPointRef>
      <CommonName>Crofton Road</CommonName>
      <Indicator>adj</Indicator>
      <LocalityName>Rushmere (Ipswich)</LocalityName>
      <LocalityQualifier>Suffolk</LocalityQualifier>
    </AnnotatedStopPointRef>
    <AnnotatedStopPointRef>
      <StopPointRef>390030619</StopPointRef>
      <CommonName>Norbury Road</CommonName>
      <Indicator>adj</Indicator>
      <LocalityName>Rushmere (Ipswich)</LocalityName>
      <LocalityQualifier>Suffolk</LocalityQualifier>
    </AnnotatedStopPointRef>
    <AnnotatedStopPointRef>
      <StopPointRef>390030572</StopPointRef>
      <CommonName>Caithness Close</CommonName>
      <Indicator>adj</Indicator>
      <LocalityName>Rushmere (Ipswich)</LocalityName>
      <LocalityQualifier>Suffolk</LocalityQualifier>
    </AnnotatedStopPointRef>
    <AnnotatedStopPointRef>
      <StopPointRef>390030574</StopPointRef>
      <CommonName>Cromarty Road</CommonName>
      <Indicator>adj</Indicator>
      <LocalityName>Rushmere (Ipswich)</LocalityName>
      <LocalityQualifier>Suffolk</LocalityQualifier>
    </AnnotatedStopPointRef>
    <AnnotatedStopPointRef>
      <StopPointRef>390030576</StopPointRef>
      <CommonName>Aberdeen Way</CommonName>
      <Indicator>adj</Indicator>
      <LocalityName>Rushmere (Ipswich)</LocalityName>
      <LocalityQualifier>Suffolk</LocalityQualifier>
    </AnnotatedStopPointRef>
    <AnnotatedStopPointRef>
      <StopPointRef>390030577</StopPointRef>
      <CommonName>Lanark Road</CommonName>
      <Indicator>adj</Indicator>
      <LocalityName>Rushmere (Ipswich)</LocalityName>
      <LocalityQualifier>Suffolk</LocalityQualifier>
    </AnnotatedStopPointRef>
    <AnnotatedStopPointRef>
      <StopPointRef>390030565</StopPointRef>
      <CommonName>Rugby Club</CommonName>
      <Indicator>opp</Indicator>
      <LocalityName>Rushmere (Ipswich)</LocalityName>
      <LocalityQualifier>Suffolk</LocalityQualifier>
    </AnnotatedStopPointRef>
    <AnnotatedStopPointRef>
      <StopPointRef>390030558</StopPointRef>
      <CommonName>Turning Circle</CommonName>
      <Indicator>adj</Indicator>
      <LocalityName>Rushmere (Ipswich)</LocalityName>
      <LocalityQualifier>Suffolk</LocalityQualifier>
    </AnnotatedStopPointRef>
    <AnnotatedStopPointRef>
      <StopPointRef>390030555</StopPointRef>
      <CommonName>Fairlight Close</CommonName>
      <Indicator>adj</Indicator>
      <LocalityName>Rushmere (Ipswich)</LocalityName>
      <LocalityQualifier>Suffolk</LocalityQualifier>
    </AnnotatedStopPointRef>
    <AnnotatedStopPointRef>
      <StopPointRef>390030553</StopPointRef>
      <CommonName>Northgate School</CommonName>
      <LocalityName>Rushmere (Ipswich)</LocalityName>
      <LocalityQualifier>Suffolk</LocalityQualifier>
    </AnnotatedStopPointRef>
  </StopPoints>
  <RouteSections>
    <RouteSection id="RS_2-11A-_-y08-3-O-1">
      <RouteLink id="RL_2-11A-_-y08-3-O-1-1">
        <From>
          <StopPointRef>390030940</StopPointRef>
        </From>
        <To>
          <StopPointRef>390030898</StopPointRef>
        </To>
        <Direction>outbound</Direction>
      </RouteLink>
      <RouteLink id="RL_2-11A-_-y08-3-O-1-2">
        <From>
          <StopPointRef>390030898</StopPointRef>
        </From>
        <To>
          <StopPointRef>390030896</StopPointRef>
        </To>
        <Direction>outbound</Direction>
      </RouteLink>
      <RouteLink id="RL_2-11A-_-y08-3-O-1-3">
        <From>
          <StopPointRef>390030896</StopPointRef>
        </From>
        <To>
          <StopPointRef>390030894</StopPointRef>
        </To>
        <Direction>outbound</Direction>
      </RouteLink>
      <RouteLink id="RL_2-11A-_-y08-3-O-1-4">
        <From>
          <StopPointRef>390030894</StopPointRef>
        </From>
        <To>
          <StopPointRef>390030885</StopPointRef>
        </To>
        <Direction>outbound</Direction>
      </RouteLink>
      <RouteLink id="RL_2-11A-_-y08-3-O-1-5">
        <From>
          <StopPointRef>390030885</StopPointRef>
        </From>
        <To>
          <StopPointRef>390030883</StopPointRef>
        </To>
        <Direction>outbound</Direction>
      </RouteLink>
      <RouteLink id="RL_2-11A-_-y08-3-O-1-6">
        <From>
          <StopPointRef>390030883</StopPointRef>
        </From>
        <To>
          <StopPointRef>390030881</StopPointRef>
        </To>
        <Direction>outbound</Direction>
      </RouteLink>
      <RouteLink id="RL_2-11A-_-y08-3-O-1-7">
        <From>
          <StopPointRef>390030881</StopPointRef>
        </From>
        <To>
          <StopPointRef>390030879</StopPointRef>
        </To>
        <Direction>outbound</Direction>
      </RouteLink>
      <RouteLink id="RL_2-11A-_-y08-3-O-1-8">
        <From>
          <StopPointRef>390030879</StopPointRef>
        </From>
        <To>
          <StopPointRef>390030758</StopPointRef>
        </To>
        <Direction>outbound</Direction>
      </RouteLink>
      <RouteLink id="RL_2-11A-_-y08-3-O-1-9">
        <From>
          <StopPointRef>390030758</StopPointRef>
        </From>
        <To>
          <StopPointRef>390030761</StopPointRef>
        </To>
        <Direction>outbound</Direction>
      </RouteLink>
      <RouteLink id="RL_2-11A-_-y08-3-O-1-10">
        <From>
          <StopPointRef>390030761</StopPointRef>
        </From>
        <To>
          <StopPointRef>390030765</StopPointRef>
        </To>
        <Direction>outbound</Direction>
      </RouteLink>
      <RouteLink id="RL_2-11A-_-y08-3-O-1-11">
        <From>
          <StopPointRef>390030765</StopPointRef>
        </From>
        <To>
          <StopPointRef>390030766</StopPointRef>
        </To>
        <Direction>outbound</Direction>
      </RouteLink>
      <RouteLink id="RL_2-11A-_-y08-3-O-1-12">
        <From>
          <StopPointRef>390030766</StopPointRef>
        </From>
        <To>
          <StopPointRef>390030780</StopPointRef>
        </To>
        <Direction>outbound</Direction>
      </RouteLink>
      <RouteLink id="RL_2-11A-_-y08-3-O-1-13">
        <From>
          <StopPointRef>390030780</StopPointRef>
        </From>
        <To>
          <StopPointRef>390030778</StopPointRef>
        </To>
        <Direction>outbound</Direction>
      </RouteLink>
      <RouteLink id="RL_2-11A-_-y08-3-O-1-14">
        <From>
          <StopPointRef>390030778</StopPointRef>
        </From>
        <To>
          <StopPointRef>390030777</StopPointRef>
        </To>
        <Direction>outbound</Direction>
      </RouteLink>
      <RouteLink id="RL_2-11A-_-y08-3-O-1-15">
        <From>
          <StopPointRef>390030777</StopPointRef>
        </From>
        <To>
          <StopPointRef>390030775</StopPointRef>
        </To>
        <Direction>outbound</Direction>
      </RouteLink>
      <RouteLink id="RL_2-11A-_-y08-3-O-1-16">
        <From>
          <StopPointRef>390030775</StopPointRef>
        </From>
        <To>
          <StopPointRef>390030946</StopPointRef>
        </To>
        <Direction>outbound</Direction>
      </RouteLink>
      <RouteLink id="RL_2-11A-_-y08-3-O-1-17">
        <From>
          <StopPointRef>390030946</StopPointRef>
        </From>
        <To>
          <StopPointRef>390030948</StopPointRef>
        </To>
        <Direction>outbound</Direction>
      </RouteLink>
      <RouteLink id="RL_2-11A-_-y08-3-O-1-18">
        <From>
          <StopPointRef>390030948</StopPointRef>
        </From>
        <To>
          <StopPointRef>390030950</StopPointRef>
        </To>
        <Direction>outbound</Direction>
      </RouteLink>
      <RouteLink id="RL_2-11A-_-y08-3-O-1-19">
        <From>
          <StopPointRef>390030950</StopPointRef>
        </From>
        <To>
          <StopPointRef>390030952</StopPointRef>
        </To>
        <Direction>outbound</Direction>
      </RouteLink>
      <RouteLink id="RL_2-11A-_-y08-3-O-1-20">
        <From>
          <StopPointRef>390030952</StopPointRef>
        </From>
        <To>
          <StopPointRef>390030955</StopPointRef>
        </To>
        <Direction>outbound</Direction>
      </RouteLink>
      <RouteLink id="RL_2-11A-_-y08-3-O-1-21">
        <From>
          <StopPointRef>390030955</StopPointRef>
        </From>
        <To>
          <StopPointRef>390031013</StopPointRef>
        </To>
        <Direction>outbound</Direction>
      </RouteLink>
      <RouteLink id="RL_2-11A-_-y08-3-O-1-22">
        <From>
          <StopPointRef>390031013</StopPointRef>
        </From>
        <To>
          <StopPointRef>390030133</StopPointRef>
        </To>
        <Direction>outbound</Direction>
      </RouteLink>
      <RouteLink id="RL_2-11A-_-y08-3-O-1-23">
        <From>
          <StopPointRef>390030133</StopPointRef>
        </From>
        <To>
          <StopPointRef>390030263</StopPointRef>
        </To>
        <Direction>outbound</Direction>
      </RouteLink>
      <RouteLink id="RL_2-11A-_-y08-3-O-1-24">
        <From>
          <StopPointRef>390030263</StopPointRef>
        </From>
        <To>
          <StopPointRef>390030125</StopPointRef>
        </To>
        <Direction>outbound</Direction>
      </RouteLink>
      <RouteLink id="RL_2-11A-_-y08-3-O-1-25">
        <From>
          <StopPointRef>390030125</StopPointRef>
        </From>
        <To>
          <StopPointRef>390030382</StopPointRef>
        </To>
        <Direction>outbound</Direction>
      </RouteLink>
      <RouteLink id="RL_2-11A-_-y08-3-O-1-26">
        <From>
          <StopPointRef>390030382</StopPointRef>
        </From>
        <To>
          <StopPointRef>390030384</StopPointRef>
        </To>
        <Direction>outbound</Direction>
      </RouteLink>
      <RouteLink id="RL_2-11A-_-y08-3-O-1-27">
        <From>
          <StopPointRef>390030384</StopPointRef>
        </From>
        <To>
          <StopPointRef>390030579</StopPointRef>
        </To>
        <Direction>outbound</Direction>
      </RouteLink>
      <RouteLink id="RL_2-11A-_-y08-3-O-1-28">
        <From>
          <StopPointRef>390030579</StopPointRef>
        </From>
        <To>
          <StopPointRef>390030607</StopPointRef>
        </To>
        <Direction>outbound</Direction>
      </RouteLink>
      <RouteLink id="RL_2-11A-_-y08-3-O-1-29">
        <From>
          <StopPointRef>390030607</StopPointRef>
        </From>
        <To>
          <StopPointRef>390030605</StopPointRef>
        </To>
        <Direction>outbound</Direction>
      </RouteLink>
      <RouteLink id="RL_2-11A-_-y08-3-O-1-30">
        <From>
          <StopPointRef>390030605</StopPointRef>
        </From>
        <To>
          <StopPointRef>390031007</StopPointRef>
        </To>
        <Direction>outbound</Direction>
      </RouteLink>
      <RouteLink id="RL_2-11A-_-y08-3-O-1-31">
        <From>
          <StopPointRef>390031007</StopPointRef>
        </From>
        <To>
          <StopPointRef>390030611</StopPointRef>
        </To>
        <Direction>outbound</Direction>
      </RouteLink>
      <RouteLink id="RL_2-11A-_-y08-3-O-1-32">
        <From>
          <StopPointRef>390030611</StopPointRef>
        </From>
        <To>
          <StopPointRef>390030621</StopPointRef>
        </To>
        <Direction>outbound</Direction>
      </RouteLink>
      <RouteLink id="RL_2-11A-_-y08-3-O-1-33">
        <From>
          <StopPointRef>390030621</StopPointRef>
        </From>
        <To>
          <StopPointRef>390030653</StopPointRef>
        </To>
        <Direction>outbound</Direction>
      </RouteLink>
      <RouteLink id="RL_2-11A-_-y08-3-O-1-34">
        <From>
          <StopPointRef>390030653</StopPointRef>
        </From>
        <To>
          <StopPointRef>390030652</StopPointRef>
        </To>
        <Direction>outbound</Direction>
      </RouteLink>
      <RouteLink id="RL_2-11A-_-y08-3-O-1-35">
        <From>
          <StopPointRef>390030652</StopPointRef>
        </From>
        <To>
          <StopPointRef>390030677</StopPointRef>
        </To>
        <Direction>outbound</Direction>
      </RouteLink>
      <RouteLink id="RL_2-11A-_-y08-3-O-1-36">
        <From>
          <StopPointRef>390030677</StopPointRef>
        </From>
        <To>
          <StopPointRef>390030623</StopPointRef>
        </To>
        <Direction>outbound</Direction>
      </RouteLink>
      <RouteLink id="RL_2-11A-_-y08-3-O-1-37">
        <From>
          <StopPointRef>390030623</StopPointRef>
        </From>
        <To>
          <StopPointRef>390030619</StopPointRef>
        </To>
        <Direction>outbound</Direction>
      </RouteLink>
      <RouteLink id="RL_2-11A-_-y08-3-O-1-38">
        <From>
          <StopPointRef>390030619</StopPointRef>
        </From>
        <To>
          <StopPointRef>390030572</StopPointRef>
        </To>
        <Direction>outbound</Direction>
      </RouteLink>
      <RouteLink id="RL_2-11A-_-y08-3-O-1-39">
        <From>
          <StopPointRef>390030572</StopPointRef>
        </From>
        <To>
          <StopPointRef>390030574</StopPointRef>
        </To>
        <Direction>outbound</Direction>
      </RouteLink>
      <RouteLink id="RL_2-11A-_-y08-3-O-1-40">
        <From>
          <StopPointRef>390030574</StopPointRef>
        </From>
        <To>
          <StopPointRef>390030576</StopPointRef>
        </To>
        <Direction>outbound</Direction>
      </RouteLink>
      <RouteLink id="RL_2-11A-_-y08-3-O-1-41">
        <From>
          <StopPointRef>390030576</StopPointRef>
        </From>
        <To>
          <StopPointRef>390030577</StopPointRef>
        </To>
        <Direction>outbound</Direction>
      </RouteLink>
      <RouteLink id="RL_2-11A-_-y08-3-O-1-42">
        <From>
          <StopPointRef>390030577</StopPointRef>
        </From>
        <To>
          <StopPointRef>390030565</StopPointRef>
        </To>
        <Direction>outbound</Direction>
      </RouteLink>
      <RouteLink id="RL_2-11A-_-y08-3-O-1-43">
        <From>
          <StopPointRef>390030565</StopPointRef>
        </From>
        <To>
          <StopPointRef>390030558</StopPointRef>
        </To>
        <Direction>outbound</Direction>
      </RouteLink>
      <RouteLink id="RL_2-11A-_-y08-3-O-1-44">
        <From>
          <StopPointRef>390030558</StopPointRef>
        </From>
        <To>
          <StopPointRef>390030555</StopPointRef>
        </To>
        <Direction>outbound</Direction>
      </RouteLink>
      <RouteLink id="RL_2-11A-_-y08-3-O-1-45">
        <From>
          <StopPointRef>390030555</StopPointRef>
        </From>
        <To>
          <StopPointRef>390030553</StopPointRef>
        </To>
        <Direction>outbound</Direction>
      </RouteLink>
    </RouteSection>
    <RouteSection id="RS_2-11A-_-y08-3-I-2">
      <RouteLink id="RL_2-11A-_-y08-3-I-2-1">
        <From>
          <StopPointRef>390030542</StopPointRef>
        </From>
        <To>
          <StopPointRef>390030622</StopPointRef>
        </To>
        <Direction>inbound</Direction>
      </RouteLink>
      <RouteLink id="RL_2-11A-_-y08-3-I-2-2">
        <From>
          <StopPointRef>390030622</StopPointRef>
        </From>
        <To>
          <StopPointRef>390030612</StopPointRef>
        </To>
        <Direction>inbound</Direction>
      </RouteLink>
      <RouteLink id="RL_2-11A-_-y08-3-I-2-3">
        <From>
          <StopPointRef>390030612</StopPointRef>
        </From>
        <To>
          <StopPointRef>390031008</StopPointRef>
        </To>
        <Direction>inbound</Direction>
      </RouteLink>
      <RouteLink id="RL_2-11A-_-y08-3-I-2-4">
        <From>
          <StopPointRef>390031008</StopPointRef>
        </From>
        <To>
          <StopPointRef>390030606</StopPointRef>
        </To>
        <Direction>inbound</Direction>
      </RouteLink>
      <RouteLink id="RL_2-11A-_-y08-3-I-2-5">
        <From>
          <StopPointRef>390030606</StopPointRef>
        </From>
        <To>
          <StopPointRef>390030608</StopPointRef>
        </To>
        <Direction>inbound</Direction>
      </RouteLink>
      <RouteLink id="RL_2-11A-_-y08-3-I-2-6">
        <From>
          <StopPointRef>390030608</StopPointRef>
        </From>
        <To>
          <StopPointRef>390030580</StopPointRef>
        </To>
        <Direction>inbound</Direction>
      </RouteLink>
      <RouteLink id="RL_2-11A-_-y08-3-I-2-7">
        <From>
          <StopPointRef>390030580</StopPointRef>
        </From>
        <To>
          <StopPointRef>390030385</StopPointRef>
        </To>
        <Direction>inbound</Direction>
      </RouteLink>
      <RouteLink id="RL_2-11A-_-y08-3-I-2-8">
        <From>
          <StopPointRef>390030385</StopPointRef>
        </From>
        <To>
          <StopPointRef>390030003</StopPointRef>
        </To>
        <Direction>inbound</Direction>
      </RouteLink>
      <RouteLink id="RL_2-11A-_-y08-3-I-2-9">
        <From>
          <StopPointRef>390030003</StopPointRef>
        </From>
        <To>
          <StopPointRef>390030263</StopPointRef>
        </To>
        <Direction>inbound</Direction>
      </RouteLink>
    </RouteSection>
  </RouteSections>
  <Routes>
    <Route id="R_2-11A-_-y08-3-O-1">
      <PrivateCode>R_2-11A-_-y08-3-O-1</PrivateCode>
      <Description>Norwich Road - Northgate School</Description>
      <RouteSectionRef>RS_2-11A-_-y08-3-O-1</RouteSectionRef>
    </Route>
    <Route id="R_2-11A-_-y08-3-I-2">
      <PrivateCode>R_2-11A-_-y08-3-I-2</PrivateCode>
      <Description>St Albans School - Tower Ramparts Bus Station</Description>
      <RouteSectionRef>RS_2-11A-_-y08-3-I-2</RouteSectionRef>
    </Route>
  </Routes>
  <JourneyPatternSections>
    <JourneyPatternSection id="JPS_2-11A-_-y08-3-2-2-I">
      <JourneyPatternTimingLink id="JPL_2-11A-_-y08-3-2-I-2-2">
        <From SequenceNumber="1">
          <Activity>pickUp</Activity>
          <StopPointRef>390030542</StopPointRef>
          <TimingStatus>PTP</TimingStatus>
        </From>
        <To SequenceNumber="2">
          <Activity>pickUpAndSetDown</Activity>
          <StopPointRef>390030622</StopPointRef>
          <TimingStatus>OTH</TimingStatus>
        </To>
        <RouteLinkRef>RL_2-11A-_-y08-3-I-2-1</RouteLinkRef>
        <RunTime>PT1M46S</RunTime>
      </JourneyPatternTimingLink>
      <JourneyPatternTimingLink id="JPL_2-11A-_-y08-3-2-I-2-3">
        <From SequenceNumber="2">
          <Activity>pickUpAndSetDown</Activity>
          <StopPointRef>390030622</StopPointRef>
          <TimingStatus>OTH</TimingStatus>
        </From>
        <To SequenceNumber="3">
          <Activity>pickUpAndSetDown</Activity>
          <StopPointRef>390030612</StopPointRef>
          <TimingStatus>OTH</TimingStatus>
        </To>
        <RouteLinkRef>RL_2-11A-_-y08-3-I-2-2</RouteLinkRef>
        <RunTime>PT46S</RunTime>
      </JourneyPatternTimingLink>
      <JourneyPatternTimingLink id="JPL_2-11A-_-y08-3-2-I-2-4">
        <From SequenceNumber="3">
          <Activity>pickUpAndSetDown</Activity>
          <StopPointRef>390030612</StopPointRef>
          <TimingStatus>OTH</TimingStatus>
        </From>
        <To SequenceNumber="4">
          <Activity>pickUpAndSetDown</Activity>
          <StopPointRef>390031008</StopPointRef>
          <TimingStatus>PTP</TimingStatus>
        </To>
        <RouteLinkRef>RL_2-11A-_-y08-3-I-2-3</RouteLinkRef>
        <RunTime>PT1M28S</RunTime>
      </JourneyPatternTimingLink>
      <JourneyPatternTimingLink id="JPL_2-11A-_-y08-3-2-I-2-5">
        <From SequenceNumber="4">
          <Activity>pickUpAndSetDown</Activity>
          <StopPointRef>390031008</StopPointRef>
          <TimingStatus>PTP</TimingStatus>
        </From>
        <To SequenceNumber="5">
          <Activity>pickUpAndSetDown</Activity>
          <StopPointRef>390030606</StopPointRef>
          <TimingStatus>OTH</TimingStatus>
        </To>
        <RouteLinkRef>RL_2-11A-_-y08-3-I-2-4</RouteLinkRef>
        <RunTime>PT25S</RunTime>
      </JourneyPatternTimingLink>
      <JourneyPatternTimingLink id="JPL_2-11A-_-y08-3-2-I-2-6">
        <From SequenceNumber="5">
          <Activity>pickUpAndSetDown</Activity>
          <StopPointRef>390030606</StopPointRef>
          <TimingStatus>OTH</TimingStatus>
        </From>
        <To SequenceNumber="6">
          <Activity>pickUpAndSetDown</Activity>
          <StopPointRef>390030608</StopPointRef>
          <TimingStatus>OTH</TimingStatus>
        </To>
        <RouteLinkRef>RL_2-11A-_-y08-3-I-2-5</RouteLinkRef>
        <RunTime>PT50S</RunTime>
      </JourneyPatternTimingLink>
      <JourneyPatternTimingLink id="JPL_2-11A-_-y08-3-2-I-2-7">
        <From SequenceNumber="6">
          <Activity>pickUpAndSetDown</Activity>
          <StopPointRef>390030608</StopPointRef>
          <TimingStatus>OTH</TimingStatus>
        </From>
        <To SequenceNumber="7">
          <Activity>pickUpAndSetDown</Activity>
          <StopPointRef>390030580</StopPointRef>
          <TimingStatus>OTH</TimingStatus>
        </To>
        <RouteLinkRef>RL_2-11A-_-y08-3-I-2-6</RouteLinkRef>
        <RunTime>PT37S</RunTime>
      </JourneyPatternTimingLink>
      <JourneyPatternTimingLink id="JPL_2-11A-_-y08-3-2-I-2-8">
        <From SequenceNumber="7">
          <Activity>pickUpAndSetDown</Activity>
          <StopPointRef>390030580</StopPointRef>
          <TimingStatus>OTH</TimingStatus>
        </From>
        <To SequenceNumber="8">
          <Activity>pickUpAndSetDown</Activity>
          <StopPointRef>390030385</StopPointRef>
          <TimingStatus>PTP</TimingStatus>
        </To>
        <RouteLinkRef>RL_2-11A-_-y08-3-I-2-7</RouteLinkRef>
        <RunTime>PT1M8S</RunTime>
      </JourneyPatternTimingLink>
      <JourneyPatternTimingLink id="JPL_2-11A-_-y08-3-2-I-2-9">
        <From SequenceNumber="8">
          <Activity>pickUpAndSetDown</Activity>
          <StopPointRef>390030385</StopPointRef>
          <TimingStatus>PTP</TimingStatus>
        </From>
        <To SequenceNumber="9">
          <Activity>pickUpAndSetDown</Activity>
          <StopPointRef>390030003</StopPointRef>
          <TimingStatus>OTH</TimingStatus>
        </To>
        <RouteLinkRef>RL_2-11A-_-y08-3-I-2-8</RouteLinkRef>
        <RunTime>PT4M</RunTime>
      </JourneyPatternTimingLink>
      <JourneyPatternTimingLink id="JPL_2-11A-_-y08-3-2-I-2-10">
        <From SequenceNumber="9">
          <Activity>pickUpAndSetDown</Activity>
          <StopPointRef>390030003</StopPointRef>
          <TimingStatus>OTH</TimingStatus>
        </From>
        <To SequenceNumber="10">
          <Activity>setDown</Activity>
          <StopPointRef>390030263</StopPointRef>
          <TimingStatus>PTP</TimingStatus>
        </To>
        <RouteLinkRef>RL_2-11A-_-y08-3-I-2-9</RouteLinkRef>
        <RunTime>PT2M</RunTime>
      </JourneyPatternTimingLink>
    </JourneyPatternSection>
    <JourneyPatternSection id="JPS_2-11A-_-y08-3-1-1-O">
      <JourneyPatternTimingLink id="JPL_2-11A-_-y08-3-1-O-1-2">
        <From SequenceNumber="1">
          <Activity>pickUp</Activity>
          <StopPointRef>390030940</StopPointRef>
          <TimingStatus>PTP</TimingStatus>
        </From>
        <To SequenceNumber="2">
          <Activity>pickUpAndSetDown</Activity>
          <StopPointRef>390030898</StopPointRef>
          <TimingStatus>OTH</TimingStatus>
        </To>
        <RouteLinkRef>RL_2-11A-_-y08-3-O-1-1</RouteLinkRef>
        <RunTime>PT1M18S</RunTime>
      </JourneyPatternTimingLink>
      <JourneyPatternTimingLink id="JPL_2-11A-_-y08-3-1-O-1-3">
        <From SequenceNumber="2">
          <Activity>pickUpAndSetDown</Activity>
          <StopPointRef>390030898</StopPointRef>
          <TimingStatus>OTH</TimingStatus>
        </From>
        <To SequenceNumber="3">
          <Activity>pickUpAndSetDown</Activity>
          <StopPointRef>390030896</StopPointRef>
          <TimingStatus>OTH</TimingStatus>
        </To>
        <RouteLinkRef>RL_2-11A-_-y08-3-O-1-2</RouteLinkRef>
        <RunTime>PT1M13S</RunTime>
      </JourneyPatternTimingLink>
      <JourneyPatternTimingLink id="JPL_2-11A-_-y08-3-1-O-1-4">
        <From SequenceNumber="3">
          <Activity>pickUpAndSetDown</Activity>
          <StopPointRef>390030896</StopPointRef>
          <TimingStatus>OTH</TimingStatus>
        </From>
        <To SequenceNumber="4">
          <Activity>pickUpAndSetDown</Activity>
          <StopPointRef>390030894</StopPointRef>
          <TimingStatus>OTH</TimingStatus>
        </To>
        <RouteLinkRef>RL_2-11A-_-y08-3-O-1-3</RouteLinkRef>
        <RunTime>PT1M11S</RunTime>
      </JourneyPatternTimingLink>
      <JourneyPatternTimingLink id="JPL_2-11A-_-y08-3-1-O-1-5">
        <From SequenceNumber="4">
          <Activity>pickUpAndSetDown</Activity>
          <StopPointRef>390030894</StopPointRef>
          <TimingStatus>OTH</TimingStatus>
        </From>
        <To SequenceNumber="5">
          <Activity>pickUpAndSetDown</Activity>
          <StopPointRef>390030885</StopPointRef>
          <TimingStatus>PTP</TimingStatus>
        </To>
        <RouteLinkRef>RL_2-11A-_-y08-3-O-1-4</RouteLinkRef>
        <RunTime>PT1M18S</RunTime>
      </JourneyPatternTimingLink>
      <JourneyPatternTimingLink id="JPL_2-11A-_-y08-3-1-O-1-6">
        <From SequenceNumber="5">
          <Activity>pickUpAndSetDown</Activity>
          <StopPointRef>390030885</StopPointRef>
          <TimingStatus>PTP</TimingStatus>
        </From>
        <To SequenceNumber="6">
          <Activity>pickUpAndSetDown</Activity>
          <StopPointRef>390030883</StopPointRef>
          <TimingStatus>OTH</TimingStatus>
        </To>
        <RouteLinkRef>RL_2-11A-_-y08-3-O-1-5</RouteLinkRef>
        <RunTime>PT1M22S</RunTime>
      </JourneyPatternTimingLink>
      <JourneyPatternTimingLink id="JPL_2-11A-_-y08-3-1-O-1-7">
        <From SequenceNumber="6">
          <Activity>pickUpAndSetDown</Activity>
          <StopPointRef>390030883</StopPointRef>
          <TimingStatus>OTH</TimingStatus>
        </From>
        <To SequenceNumber="7">
          <Activity>pickUpAndSetDown</Activity>
          <StopPointRef>390030881</StopPointRef>
          <TimingStatus>OTH</TimingStatus>
        </To>
        <RouteLinkRef>RL_2-11A-_-y08-3-O-1-6</RouteLinkRef>
        <RunTime>PT1M</RunTime>
      </JourneyPatternTimingLink>
      <JourneyPatternTimingLink id="JPL_2-11A-_-y08-3-1-O-1-8">
        <From SequenceNumber="7">
          <Activity>pickUpAndSetDown</Activity>
          <StopPointRef>390030881</StopPointRef>
          <TimingStatus>OTH</TimingStatus>
        </From>
        <To SequenceNumber="8">
          <Activity>pickUpAndSetDown</Activity>
          <StopPointRef>390030879</StopPointRef>
          <TimingStatus>OTH</TimingStatus>
        </To>
        <RouteLinkRef>RL_2-11A-_-y08-3-O-1-7</RouteLinkRef>
        <RunTime>PT58S</RunTime>
      </JourneyPatternTimingLink>
      <JourneyPatternTimingLink id="JPL_2-11A-_-y08-3-1-O-1-9">
        <From SequenceNumber="8">
          <Activity>pickUpAndSetDown</Activity>
          <StopPointRef>390030879</StopPointRef>
          <TimingStatus>OTH</TimingStatus>
        </From>
        <To SequenceNumber="9">
          <Activity>pickUpAndSetDown</Activity>
          <StopPointRef>390030758</StopPointRef>
          <TimingStatus>PTP</TimingStatus>
        </To>
        <RouteLinkRef>RL_2-11A-_-y08-3-O-1-8</RouteLinkRef>
        <RunTime>PT40S</RunTime>
      </JourneyPatternTimingLink>
      <JourneyPatternTimingLink id="JPL_2-11A-_-y08-3-1-O-1-10">
        <From SequenceNumber="9">
          <Activity>pickUpAndSetDown</Activity>
          <StopPointRef>390030758</StopPointRef>
          <TimingStatus>PTP</TimingStatus>
        </From>
        <To SequenceNumber="10">
          <Activity>pickUpAndSetDown</Activity>
          <StopPointRef>390030761</StopPointRef>
          <TimingStatus>OTH</TimingStatus>
        </To>
        <RouteLinkRef>RL_2-11A-_-y08-3-O-1-9</RouteLinkRef>
        <RunTime>PT43S</RunTime>
      </JourneyPatternTimingLink>
      <JourneyPatternTimingLink id="JPL_2-11A-_-y08-3-1-O-1-11">
        <From SequenceNumber="10">
          <Activity>pickUpAndSetDown</Activity>
          <StopPointRef>390030761</StopPointRef>
          <TimingStatus>OTH</TimingStatus>
        </From>
        <To SequenceNumber="11">
          <Activity>pickUpAndSetDown</Activity>
          <StopPointRef>390030765</StopPointRef>
          <TimingStatus>OTH</TimingStatus>
        </To>
        <RouteLinkRef>RL_2-11A-_-y08-3-O-1-10</RouteLinkRef>
        <RunTime>PT1M3S</RunTime>
      </JourneyPatternTimingLink>
      <JourneyPatternTimingLink id="JPL_2-11A-_-y08-3-1-O-1-12">
        <From SequenceNumber="11">
          <Activity>pickUpAndSetDown</Activity>
          <StopPointRef>390030765</StopPointRef>
          <TimingStatus>OTH</TimingStatus>
        </From>
        <To SequenceNumber="12">
          <Activity>pickUpAndSetDown</Activity>
          <StopPointRef>390030766</StopPointRef>
          <TimingStatus>OTH</TimingStatus>
        </To>
        <RouteLinkRef>RL_2-11A-_-y08-3-O-1-11</RouteLinkRef>
        <RunTime>PT35S</RunTime>
      </JourneyPatternTimingLink>
      <JourneyPatternTimingLink id="JPL_2-11A-_-y08-3-1-O-1-13">
        <From SequenceNumber="12">
          <Activity>pickUpAndSetDown</Activity>
          <StopPointRef>390030766</StopPointRef>
          <TimingStatus>OTH</TimingStatus>
        </From>
        <To SequenceNumber="13">
          <Activity>pickUpAndSetDown</Activity>
          <StopPointRef>390030780</StopPointRef>
          <TimingStatus>OTH</TimingStatus>
        </To>
        <RouteLinkRef>RL_2-11A-_-y08-3-O-1-12</RouteLinkRef>
        <RunTime>PT36S</RunTime>
      </JourneyPatternTimingLink>
      <JourneyPatternTimingLink id="JPL_2-11A-_-y08-3-1-O-1-14">
        <From SequenceNumber="13">
          <Activity>pickUpAndSetDown</Activity>
          <StopPointRef>390030780</StopPointRef>
          <TimingStatus>OTH</TimingStatus>
        </From>
        <To SequenceNumber="14">
          <Activity>pickUpAndSetDown</Activity>
          <StopPointRef>390030778</StopPointRef>
          <TimingStatus>OTH</TimingStatus>
        </To>
        <RouteLinkRef>RL_2-11A-_-y08-3-O-1-13</RouteLinkRef>
        <RunTime>PT28S</RunTime>
      </JourneyPatternTimingLink>
      <JourneyPatternTimingLink id="JPL_2-11A-_-y08-3-1-O-1-15">
        <From SequenceNumber="14">
          <Activity>pickUpAndSetDown</Activity>
          <StopPointRef>390030778</StopPointRef>
          <TimingStatus>OTH</TimingStatus>
        </From>
        <To SequenceNumber="15">
          <Activity>pickUpAndSetDown</Activity>
          <StopPointRef>390030777</StopPointRef>
          <TimingStatus>OTH</TimingStatus>
        </To>
        <RouteLinkRef>RL_2-11A-_-y08-3-O-1-14</RouteLinkRef>
        <RunTime>PT47S</RunTime>
      </JourneyPatternTimingLink>
      <JourneyPatternTimingLink id="JPL_2-11A-_-y08-3-1-O-1-16">
        <From SequenceNumber="15">
          <Activity>pickUpAndSetDown</Activity>
          <StopPointRef>390030777</StopPointRef>
          <TimingStatus>OTH</TimingStatus>
        </From>
        <To SequenceNumber="16">
          <Activity>pickUpAndSetDown</Activity>
          <StopPointRef>390030775</StopPointRef>
          <TimingStatus>OTH</TimingStatus>
        </To>
        <RouteLinkRef>RL_2-11A-_-y08-3-O-1-15</RouteLinkRef>
        <RunTime>PT49S</RunTime>
      </JourneyPatternTimingLink>
      <JourneyPatternTimingLink id="JPL_2-11A-_-y08-3-1-O-1-17">
        <From SequenceNumber="16">
          <Activity>pickUpAndSetDown</Activity>
          <StopPointRef>390030775</StopPointRef>
          <TimingStatus>OTH</TimingStatus>
        </From>
        <To SequenceNumber="17">
          <Activity>pickUpAndSetDown</Activity>
          <StopPointRef>390030946</StopPointRef>
          <TimingStatus>PTP</TimingStatus>
        </To>
        <RouteLinkRef>RL_2-11A-_-y08-3-O-1-16</RouteLinkRef>
        <RunTime>PT59S</RunTime>
      </JourneyPatternTimingLink>
      <JourneyPatternTimingLink id="JPL_2-11A-_-y08-3-1-O-1-18">
        <From SequenceNumber="17">
          <Activity>pickUpAndSetDown</Activity>
          <StopPointRef>390030946</StopPointRef>
          <TimingStatus>PTP</TimingStatus>
        </From>
        <To SequenceNumber="18">
          <Activity>pickUpAndSetDown</Activity>
          <StopPointRef>390030948</StopPointRef>
          <TimingStatus>OTH</TimingStatus>
        </To>
        <RouteLinkRef>RL_2-11A-_-y08-3-O-1-17</RouteLinkRef>
        <RunTime>PT2M25S</RunTime>
      </JourneyPatternTimingLink>
      <JourneyPatternTimingLink id="JPL_2-11A-_-y08-3-1-O-1-19">
        <From SequenceNumber="18">
          <Activity>pickUpAndSetDown</Activity>
          <StopPointRef>390030948</StopPointRef>
          <TimingStatus>OTH</TimingStatus>
        </From>
        <To SequenceNumber="19">
          <Activity>pickUpAndSetDown</Activity>
          <StopPointRef>390030950</StopPointRef>
          <TimingStatus>OTH</TimingStatus>
        </To>
        <RouteLinkRef>RL_2-11A-_-y08-3-O-1-18</RouteLinkRef>
        <RunTime>PT2M21S</RunTime>
      </JourneyPatternTimingLink>
      <JourneyPatternTimingLink id="JPL_2-11A-_-y08-3-1-O-1-20">
        <From SequenceNumber="19">
          <Activity>pickUpAndSetDown</Activity>
          <StopPointRef>390030950</StopPointRef>
          <TimingStatus>OTH</TimingStatus>
        </From>
        <To SequenceNumber="20">
          <Activity>pickUpAndSetDown</Activity>
          <StopPointRef>390030952</StopPointRef>
          <TimingStatus>OTH</TimingStatus>
        </To>
        <RouteLinkRef>RL_2-11A-_-y08-3-O-1-19</RouteLinkRef>
        <RunTime>PT2M4S</RunTime>
      </JourneyPatternTimingLink>
      <JourneyPatternTimingLink id="JPL_2-11A-_-y08-3-1-O-1-21">
        <From SequenceNumber="20">
          <Activity>pickUpAndSetDown</Activity>
          <StopPointRef>390030952</StopPointRef>
          <TimingStatus>OTH</TimingStatus>
        </From>
        <To SequenceNumber="21">
          <Activity>pickUpAndSetDown</Activity>
          <StopPointRef>390030955</StopPointRef>
          <TimingStatus>OTH</TimingStatus>
        </To>
        <RouteLinkRef>RL_2-11A-_-y08-3-O-1-20</RouteLinkRef>
        <RunTime>PT2M22S</RunTime>
      </JourneyPatternTimingLink>
      <JourneyPatternTimingLink id="JPL_2-11A-_-y08-3-1-O-1-22">
        <From SequenceNumber="21">
          <Activity>pickUpAndSetDown</Activity>
          <StopPointRef>390030955</StopPointRef>
          <TimingStatus>OTH</TimingStatus>
        </From>
        <To SequenceNumber="22">
          <Activity>pickUpAndSetDown</Activity>
          <StopPointRef>390031013</StopPointRef>
          <TimingStatus>OTH</TimingStatus>
        </To>
        <RouteLinkRef>RL_2-11A-_-y08-3-O-1-21</RouteLinkRef>
        <RunTime>PT3M31S</RunTime>
      </JourneyPatternTimingLink>
      <JourneyPatternTimingLink id="JPL_2-11A-_-y08-3-1-O-1-23">
        <From SequenceNumber="22">
          <Activity>pickUpAndSetDown</Activity>
          <StopPointRef>390031013</StopPointRef>
          <TimingStatus>OTH</TimingStatus>
        </From>
        <To SequenceNumber="23">
          <Activity>pickUpAndSetDown</Activity>
          <StopPointRef>390030133</StopPointRef>
          <TimingStatus>OTH</TimingStatus>
        </To>
        <RouteLinkRef>RL_2-11A-_-y08-3-O-1-22</RouteLinkRef>
        <RunTime>PT3M30S</RunTime>
      </JourneyPatternTimingLink>
      <JourneyPatternTimingLink id="JPL_2-11A-_-y08-3-1-O-1-24">
        <From SequenceNumber="23">
          <Activity>pickUpAndSetDown</Activity>
          <StopPointRef>390030133</StopPointRef>
          <TimingStatus>OTH</TimingStatus>
        </From>
        <To SequenceNumber="24">
          <Activity>pickUpAndSetDown</Activity>
          <StopPointRef>390030263</StopPointRef>
          <TimingStatus>PTP</TimingStatus>
        </To>
        <RouteLinkRef>RL_2-11A-_-y08-3-O-1-23</RouteLinkRef>
        <RunTime>PT3M47S</RunTime>
      </JourneyPatternTimingLink>
      <JourneyPatternTimingLink id="JPL_2-11A-_-y08-3-1-O-1-25">
        <From SequenceNumber="24">
          <Activity>pickUpAndSetDown</Activity>
          <StopPointRef>390030263</StopPointRef>
          <TimingStatus>PTP</TimingStatus>
        </From>
        <To SequenceNumber="25">
          <Activity>pickUpAndSetDown</Activity>
          <StopPointRef>390030125</StopPointRef>
          <TimingStatus>OTH</TimingStatus>
        </To>
        <RouteLinkRef>RL_2-11A-_-y08-3-O-1-24</RouteLinkRef>
        <RunTime>PT1M37S</RunTime>
      </JourneyPatternTimingLink>
      <JourneyPatternTimingLink id="JPL_2-11A-_-y08-3-1-O-1-26">
        <From SequenceNumber="25">
          <Activity>pickUpAndSetDown</Activity>
          <StopPointRef>390030125</StopPointRef>
          <TimingStatus>OTH</TimingStatus>
        </From>
        <To SequenceNumber="26">
          <Activity>pickUpAndSetDown</Activity>
          <StopPointRef>390030382</StopPointRef>
          <TimingStatus>OTH</TimingStatus>
        </To>
        <RouteLinkRef>RL_2-11A-_-y08-3-O-1-25</RouteLinkRef>
        <RunTime>PT1M25S</RunTime>
      </JourneyPatternTimingLink>
      <JourneyPatternTimingLink id="JPL_2-11A-_-y08-3-1-O-1-27">
        <From SequenceNumber="26">
          <Activity>pickUpAndSetDown</Activity>
          <StopPointRef>390030382</StopPointRef>
          <TimingStatus>OTH</TimingStatus>
        </From>
        <To SequenceNumber="27">
          <Activity>pickUpAndSetDown</Activity>
          <StopPointRef>390030384</StopPointRef>
          <TimingStatus>OTH</TimingStatus>
        </To>
        <RouteLinkRef>RL_2-11A-_-y08-3-O-1-26</RouteLinkRef>
        <RunTime>PT41S</RunTime>
      </JourneyPatternTimingLink>
      <JourneyPatternTimingLink id="JPL_2-11A-_-y08-3-1-O-1-28">
        <From SequenceNumber="27">
          <Activity>pickUpAndSetDown</Activity>
          <StopPointRef>390030384</StopPointRef>
          <TimingStatus>OTH</TimingStatus>
        </From>
        <To SequenceNumber="28">
          <Activity>pickUpAndSetDown</Activity>
          <StopPointRef>390030579</StopPointRef>
          <TimingStatus>OTH</TimingStatus>
        </To>
        <RouteLinkRef>RL_2-11A-_-y08-3-O-1-27</RouteLinkRef>
        <RunTime>PT1M54S</RunTime>
      </JourneyPatternTimingLink>
      <JourneyPatternTimingLink id="JPL_2-11A-_-y08-3-1-O-1-29">
        <From SequenceNumber="28">
          <Activity>pickUpAndSetDown</Activity>
          <StopPointRef>390030579</StopPointRef>
          <TimingStatus>OTH</TimingStatus>
        </From>
        <To SequenceNumber="29">
          <Activity>pickUpAndSetDown</Activity>
          <StopPointRef>390030607</StopPointRef>
          <TimingStatus>OTH</TimingStatus>
        </To>
        <RouteLinkRef>RL_2-11A-_-y08-3-O-1-28</RouteLinkRef>
        <RunTime>PT45S</RunTime>
      </JourneyPatternTimingLink>
      <JourneyPatternTimingLink id="JPL_2-11A-_-y08-3-1-O-1-30">
        <From SequenceNumber="29">
          <Activity>pickUpAndSetDown</Activity>
          <StopPointRef>390030607</StopPointRef>
          <TimingStatus>OTH</TimingStatus>
        </From>
        <To SequenceNumber="30">
          <Activity>pickUpAndSetDown</Activity>
          <StopPointRef>390030605</StopPointRef>
          <TimingStatus>OTH</TimingStatus>
        </To>
        <RouteLinkRef>RL_2-11A-_-y08-3-O-1-29</RouteLinkRef>
        <RunTime>PT45S</RunTime>
      </JourneyPatternTimingLink>
      <JourneyPatternTimingLink id="JPL_2-11A-_-y08-3-1-O-1-31">
        <From SequenceNumber="30">
          <Activity>pickUpAndSetDown</Activity>
          <StopPointRef>390030605</StopPointRef>
          <TimingStatus>OTH</TimingStatus>
        </From>
        <To SequenceNumber="31">
          <Activity>pickUpAndSetDown</Activity>
          <StopPointRef>390031007</StopPointRef>
          <TimingStatus>PTP</TimingStatus>
        </To>
        <RouteLinkRef>RL_2-11A-_-y08-3-O-1-30</RouteLinkRef>
        <RunTime>PT53S</RunTime>
      </JourneyPatternTimingLink>
      <JourneyPatternTimingLink id="JPL_2-11A-_-y08-3-1-O-1-32">
        <From SequenceNumber="31">
          <Activity>pickUpAndSetDown</Activity>
          <StopPointRef>390031007</StopPointRef>
          <TimingStatus>PTP</TimingStatus>
        </From>
        <To SequenceNumber="32">
          <Activity>pickUpAndSetDown</Activity>
          <StopPointRef>390030611</StopPointRef>
          <TimingStatus>OTH</TimingStatus>
        </To>
        <RouteLinkRef>RL_2-11A-_-y08-3-O-1-31</RouteLinkRef>
        <RunTime>PT50S</RunTime>
      </JourneyPatternTimingLink>
      <JourneyPatternTimingLink id="JPL_2-11A-_-y08-3-1-O-1-33">
        <From SequenceNumber="32">
          <Activity>pickUpAndSetDown</Activity>
          <StopPointRef>390030611</StopPointRef>
          <TimingStatus>OTH</TimingStatus>
        </From>
        <To SequenceNumber="33">
          <Activity>pickUpAndSetDown</Activity>
          <StopPointRef>390030621</StopPointRef>
          <TimingStatus>OTH</TimingStatus>
        </To>
        <RouteLinkRef>RL_2-11A-_-y08-3-O-1-32</RouteLinkRef>
        <RunTime>PT36S</RunTime>
      </JourneyPatternTimingLink>
      <JourneyPatternTimingLink id="JPL_2-11A-_-y08-3-1-O-1-34">
        <From SequenceNumber="33">
          <Activity>pickUpAndSetDown</Activity>
          <StopPointRef>390030621</StopPointRef>
          <TimingStatus>OTH</TimingStatus>
        </From>
        <To SequenceNumber="34">
          <Activity>pickUpAndSetDown</Activity>
          <StopPointRef>390030653</StopPointRef>
          <TimingStatus>OTH</TimingStatus>
        </To>
        <RouteLinkRef>RL_2-11A-_-y08-3-O-1-33</RouteLinkRef>
        <RunTime>PT56S</RunTime>
      </JourneyPatternTimingLink>
      <JourneyPatternTimingLink id="JPL_2-11A-_-y08-3-1-O-1-35">
        <From SequenceNumber="34">
          <Activity>pickUpAndSetDown</Activity>
          <StopPointRef>390030653</StopPointRef>
          <TimingStatus>OTH</TimingStatus>
        </From>
        <To SequenceNumber="35">
          <Activity>pickUpAndSetDown</Activity>
          <StopPointRef>390030652</StopPointRef>
          <TimingStatus>OTH</TimingStatus>
        </To>
        <RouteLinkRef>RL_2-11A-_-y08-3-O-1-34</RouteLinkRef>
        <RunTime>PT22S</RunTime>
      </JourneyPatternTimingLink>
      <JourneyPatternTimingLink id="JPL_2-11A-_-y08-3-1-O-1-36">
        <From SequenceNumber="35">
          <Activity>pickUpAndSetDown</Activity>
          <StopPointRef>390030652</StopPointRef>
          <TimingStatus>OTH</TimingStatus>
        </From>
        <To SequenceNumber="36">
          <Activity>pickUpAndSetDown</Activity>
          <StopPointRef>390030677</StopPointRef>
          <TimingStatus>OTH</TimingStatus>
        </To>
        <RouteLinkRef>RL_2-11A-_-y08-3-O-1-35</RouteLinkRef>
        <RunTime>PT52S</RunTime>
      </JourneyPatternTimingLink>
      <JourneyPatternTimingLink id="JPL_2-11A-_-y08-3-1-O-1-37">
        <From SequenceNumber="36">
          <Activity>pickUpAndSetDown</Activity>
          <StopPointRef>390030677</StopPointRef>
          <TimingStatus>OTH</TimingStatus>
        </From>
        <To SequenceNumber="37">
          <Activity>pickUpAndSetDown</Activity>
          <StopPointRef>390030623</StopPointRef>
          <TimingStatus>PTP</TimingStatus>
        </To>
        <RouteLinkRef>RL_2-11A-_-y08-3-O-1-36</RouteLinkRef>
        <RunTime>PT24S</RunTime>
      </JourneyPatternTimingLink>
      <JourneyPatternTimingLink id="JPL_2-11A-_-y08-3-1-O-1-38">
        <From SequenceNumber="37">
          <Activity>pickUpAndSetDown</Activity>
          <StopPointRef>390030623</StopPointRef>
          <TimingStatus>PTP</TimingStatus>
        </From>
        <To SequenceNumber="38">
          <Activity>pickUpAndSetDown</Activity>
          <StopPointRef>390030619</StopPointRef>
          <TimingStatus>OTH</TimingStatus>
        </To>
        <RouteLinkRef>RL_2-11A-_-y08-3-O-1-37</RouteLinkRef>
        <RunTime>PT1M4S</RunTime>
      </JourneyPatternTimingLink>
      <JourneyPatternTimingLink id="JPL_2-11A-_-y08-3-1-O-1-39">
        <From SequenceNumber="38">
          <Activity>pickUpAndSetDown</Activity>
          <StopPointRef>390030619</StopPointRef>
          <TimingStatus>OTH</TimingStatus>
        </From>
        <To SequenceNumber="39">
          <Activity>pickUpAndSetDown</Activity>
          <StopPointRef>390030572</StopPointRef>
          <TimingStatus>OTH</TimingStatus>
        </To>
        <RouteLinkRef>RL_2-11A-_-y08-3-O-1-38</RouteLinkRef>
        <RunTime>PT30S</RunTime>
      </JourneyPatternTimingLink>
      <JourneyPatternTimingLink id="JPL_2-11A-_-y08-3-1-O-1-40">
        <From SequenceNumber="39">
          <Activity>pickUpAndSetDown</Activity>
          <StopPointRef>390030572</StopPointRef>
          <TimingStatus>OTH</TimingStatus>
        </From>
        <To SequenceNumber="40">
          <Activity>pickUpAndSetDown</Activity>
          <StopPointRef>390030574</StopPointRef>
          <TimingStatus>OTH</TimingStatus>
        </To>
        <RouteLinkRef>RL_2-11A-_-y08-3-O-1-39</RouteLinkRef>
        <RunTime>PT44S</RunTime>
      </JourneyPatternTimingLink>
      <JourneyPatternTimingLink id="JPL_2-11A-_-y08-3-1-O-1-41">
        <From SequenceNumber="40">
          <Activity>pickUpAndSetDown</Activity>
          <StopPointRef>390030574</StopPointRef>
          <TimingStatus>OTH</TimingStatus>
        </From>
        <To SequenceNumber="41">
          <Activity>pickUpAndSetDown</Activity>
          <StopPointRef>390030576</StopPointRef>
          <TimingStatus>OTH</TimingStatus>
        </To>
        <RouteLinkRef>RL_2-11A-_-y08-3-O-1-40</RouteLinkRef>
        <RunTime>PT25S</RunTime>
      </JourneyPatternTimingLink>
      <JourneyPatternTimingLink id="JPL_2-11A-_-y08-3-1-O-1-42">
        <From SequenceNumber="41">
          <Activity>pickUpAndSetDown</Activity>
          <StopPointRef>390030576</StopPointRef>
          <TimingStatus>OTH</TimingStatus>
        </From>
        <To SequenceNumber="42">
          <Activity>pickUpAndSetDown</Activity>
          <StopPointRef>390030577</StopPointRef>
          <TimingStatus>OTH</TimingStatus>
        </To>
        <RouteLinkRef>RL_2-11A-_-y08-3-O-1-41</RouteLinkRef>
        <RunTime>PT22S</RunTime>
      </JourneyPatternTimingLink>
      <JourneyPatternTimingLink id="JPL_2-11A-_-y08-3-1-O-1-43">
        <From SequenceNumber="42">
          <Activity>pickUpAndSetDown</Activity>
          <StopPointRef>390030577</StopPointRef>
          <TimingStatus>OTH</TimingStatus>
        </From>
        <To SequenceNumber="43">
          <Activity>pickUpAndSetDown</Activity>
          <StopPointRef>390030565</StopPointRef>
          <TimingStatus>OTH</TimingStatus>
        </To>
        <RouteLinkRef>RL_2-11A-_-y08-3-O-1-42</RouteLinkRef>
        <RunTime>PT18S</RunTime>
      </JourneyPatternTimingLink>
      <JourneyPatternTimingLink id="JPL_2-11A-_-y08-3-1-O-1-44">
        <From SequenceNumber="43">
          <Activity>pickUpAndSetDown</Activity>
          <StopPointRef>390030565</StopPointRef>
          <TimingStatus>OTH</TimingStatus>
        </From>
        <To SequenceNumber="44">
          <Activity>pickUpAndSetDown</Activity>
          <StopPointRef>390030558</StopPointRef>
          <TimingStatus>OTH</TimingStatus>
        </To>
        <RouteLinkRef>RL_2-11A-_-y08-3-O-1-43</RouteLinkRef>
        <RunTime>PT22S</RunTime>
      </JourneyPatternTimingLink>
      <JourneyPatternTimingLink id="JPL_2-11A-_-y08-3-1-O-1-45">
        <From SequenceNumber="44">
          <Activity>pickUpAndSetDown</Activity>
          <StopPointRef>390030558</StopPointRef>
          <TimingStatus>OTH</TimingStatus>
        </From>
        <To SequenceNumber="45">
          <Activity>pickUpAndSetDown</Activity>
          <StopPointRef>390030555</StopPointRef>
          <TimingStatus>OTH</TimingStatus>
        </To>
        <RouteLinkRef>RL_2-11A-_-y08-3-O-1-44</RouteLinkRef>
        <RunTime>PT36S</RunTime>
      </JourneyPatternTimingLink>
      <JourneyPatternTimingLink id="JPL_2-11A-_-y08-3-1-O-1-46">
        <From SequenceNumber="45">
          <Activity>pickUpAndSetDown</Activity>
          <StopPointRef>390030555</StopPointRef>
          <TimingStatus>OTH</TimingStatus>
        </From>
        <To SequenceNumber="46">
          <Activity>setDown</Activity>
          <StopPointRef>390030553</StopPointRef>
          <TimingStatus>PTP</TimingStatus>
        </To>
        <RouteLinkRef>RL_2-11A-_-y08-3-O-1-45</RouteLinkRef>
        <RunTime>PT39S</RunTime>
      </JourneyPatternTimingLink>
    </JourneyPatternSection>
  </JourneyPatternSections>
  <Operators>
    <Operator id="OId_IPSW">
      <NationalOperatorCode>IPSW</NationalOperatorCode>
      <OperatorCode>IPSW</OperatorCode>
      <OperatorShortName>Ipswich Buses</OperatorShortName>
      <OperatorNameOnLicence>Ipswich Buses</OperatorNameOnLicence>
      <TradingName>Ipswich Buses</TradingName>
    </Operator>
  </Operators>
  <Services>
    <Service>
      <ServiceCode>2-11A-_-y08-3</ServiceCode>
      <PrivateCode>2-11A-_-y08-3</PrivateCode>
      <Lines>
        <Line id="2-11A-_-y08-3">
          <LineName>11A</LineName>
        </Line>
      </Lines>
      <OperatingPeriod>
        <StartDate>2019-11-05</StartDate>
        <EndDate>2020-05-08</EndDate>
      </OperatingPeriod>
      <OperatingProfile>
        <RegularDayType>
          <DaysOfWeek>
            <MondayToFriday />
          </DaysOfWeek>
        </RegularDayType>
        <SpecialDaysOperation>
          <DaysOfNonOperation>
            <DateRange>
              <StartDate>2019-12-24</StartDate>
              <EndDate>2019-12-24</EndDate>
            </DateRange>
            <DateRange>
              <StartDate>2019-12-27</StartDate>
              <EndDate>2019-12-27</EndDate>
            </DateRange>
            <DateRange>
              <StartDate>2019-12-30</StartDate>
              <EndDate>2019-12-31</EndDate>
            </DateRange>
          </DaysOfNonOperation>
        </SpecialDaysOperation>
        <BankHolidayOperation>
          <DaysOfNonOperation>
            <ChristmasDay />
            <BoxingDay />
            <GoodFriday />
            <NewYearsDay />
            <MayDay />
            <EasterMonday />
          </DaysOfNonOperation>
        </BankHolidayOperation>
      </OperatingProfile>
      <RegisteredOperatorRef>OId_IPSW</RegisteredOperatorRef>
      <StopRequirements>
        <NoNewStopsRequired />
      </StopRequirements>
      <Mode>bus</Mode>
      <Description>Whitton - Ipswich Town Centre - Northgate High School</Description>
      <StandardService>
        <Origin>Norwich Road</Origin>
        <Destination>Northgate School</Destination>
        <JourneyPattern id="JP_2-11A-_-y08-3-2-I-2">
          <Direction>inbound</Direction>
          <Operational>
            <VehicleType>
              <VehicleTypeCode>WhCh</VehicleTypeCode>
              <Description>Wheelchair Accessible</Description>
            </VehicleType>
          </Operational>
          <RouteRef>R_2-11A-_-y08-3-I-2</RouteRef>
          <JourneyPatternSectionRefs>JPS_2-11A-_-y08-3-2-2-I</JourneyPatternSectionRefs>
        </JourneyPattern>
        <JourneyPattern id="JP_2-11A-_-y08-3-1-O-1">
          <Direction>outbound</Direction>
          <Operational>
            <VehicleType>
              <VehicleTypeCode>WhCh</VehicleTypeCode>
              <Description>Wheelchair Accessible</Description>
            </VehicleType>
          </Operational>
          <RouteRef>R_2-11A-_-y08-3-O-1</RouteRef>
          <JourneyPatternSectionRefs>JPS_2-11A-_-y08-3-1-1-O</JourneyPatternSectionRefs>
        </JourneyPattern>
      </StandardService>
    </Service>
  </Services>
  <VehicleJourneys>
    <VehicleJourney>
      <PrivateCode>suf-2-11A-_-y08-3-1-T0</PrivateCode>
      <Operational>
        <VehicleType>
          <VehicleTypeCode>WhCh</VehicleTypeCode>
          <Description>Wheelchair Accessible</Description>
        </VehicleType>
      </Operational>
      <OperatingProfile>
        <RegularDayType>
          <DaysOfWeek>
            <MondayToFriday />
          </DaysOfWeek>
        </RegularDayType>
        <SpecialDaysOperation>
          <DaysOfNonOperation>
            <DateRange>
              <StartDate>2019-12-20</StartDate>
              <EndDate>2019-12-20</EndDate>
            </DateRange>
            <DateRange>
              <StartDate>2019-12-23</StartDate>
              <EndDate>2019-12-24</EndDate>
            </DateRange>
            <DateRange>
              <StartDate>2019-12-27</StartDate>
              <EndDate>2019-12-27</EndDate>
            </DateRange>
            <DateRange>
              <StartDate>2019-12-30</StartDate>
              <EndDate>2019-12-31</EndDate>
            </DateRange>
            <DateRange>
              <StartDate>2020-01-02</StartDate>
              <EndDate>2020-01-03</EndDate>
            </DateRange>
            <DateRange>
              <StartDate>2020-01-06</StartDate>
              <EndDate>2020-01-06</EndDate>
            </DateRange>
            <DateRange>
              <StartDate>2020-02-17</StartDate>
              <EndDate>2020-02-21</EndDate>
            </DateRange>
            <DateRange>
              <StartDate>2020-04-03</StartDate>
              <EndDate>2020-04-03</EndDate>
            </DateRange>
            <DateRange>
              <StartDate>2020-04-06</StartDate>
              <EndDate>2020-04-09</EndDate>
            </DateRange>
            <DateRange>
              <StartDate>2020-04-14</StartDate>
              <EndDate>2020-04-17</EndDate>
            </DateRange>
          </DaysOfNonOperation>
        </SpecialDaysOperation>
        <BankHolidayOperation>
          <DaysOfNonOperation>
            <ChristmasDay />
            <BoxingDay />
            <GoodFriday />
            <NewYearsDay />
            <MayDay />
            <EasterMonday />
          </DaysOfNonOperation>
        </BankHolidayOperation>
      </OperatingProfile>
      <VehicleJourneyCode>VJ_2-11A-_-y08-3-1-T0</VehicleJourneyCode>
      <ServiceRef>2-11A-_-y08-3</ServiceRef>
      <LineRef>2-11A-_-y08-3</LineRef>
      <JourneyPatternRef>JP_2-11A-_-y08-3-2-I-2</JourneyPatternRef>
      <Note>
        <NoteCode>Sch</NoteCode>
        <NoteText>Schooldays only</NoteText>
      </Note>
      <DepartureTime>15:21:00</DepartureTime>
    </VehicleJourney>
    <VehicleJourney>
      <PrivateCode>suf-2-11A-_-y08-3-2-T0</PrivateCode>
      <Operational>
        <VehicleType>
          <VehicleTypeCode>WhCh</VehicleTypeCode>
          <Description>Wheelchair Accessible</Description>
        </VehicleType>
      </Operational>
      <OperatingProfile>
        <RegularDayType>
          <DaysOfWeek>
            <MondayToFriday />
          </DaysOfWeek>
        </RegularDayType>
        <SpecialDaysOperation>
          <DaysOfNonOperation>
            <DateRange>
              <StartDate>2019-12-20</StartDate>
              <EndDate>2019-12-20</EndDate>
            </DateRange>
            <DateRange>
              <StartDate>2019-12-23</StartDate>
              <EndDate>2019-12-24</EndDate>
            </DateRange>
            <DateRange>
              <StartDate>2019-12-27</StartDate>
              <EndDate>2019-12-27</EndDate>
            </DateRange>
            <DateRange>
              <StartDate>2019-12-30</StartDate>
              <EndDate>2019-12-31</EndDate>
            </DateRange>
            <DateRange>
              <StartDate>2020-01-02</StartDate>
              <EndDate>2020-01-03</EndDate>
            </DateRange>
            <DateRange>
              <StartDate>2020-01-06</StartDate>
              <EndDate>2020-01-06</EndDate>
            </DateRange>
            <DateRange>
              <StartDate>2020-02-17</StartDate>
              <EndDate>2020-02-21</EndDate>
            </DateRange>
            <DateRange>
              <StartDate>2020-04-03</StartDate>
              <EndDate>2020-04-03</EndDate>
            </DateRange>
            <DateRange>
              <StartDate>2020-04-06</StartDate>
              <EndDate>2020-04-09</EndDate>
            </DateRange>
            <DateRange>
              <StartDate>2020-04-14</StartDate>
              <EndDate>2020-04-17</EndDate>
            </DateRange>
          </DaysOfNonOperation>
        </SpecialDaysOperation>
        <BankHolidayOperation>
          <DaysOfNonOperation>
            <ChristmasDay />
            <BoxingDay />
            <GoodFriday />
            <NewYearsDay />
            <MayDay />
            <EasterMonday />
          </DaysOfNonOperation>
        </BankHolidayOperation>
      </OperatingProfile>
      <VehicleJourneyCode>VJ_2-11A-_-y08-3-2-T0</VehicleJourneyCode>
      <ServiceRef>2-11A-_-y08-3</ServiceRef>
      <LineRef>2-11A-_-y08-3</LineRef>
      <JourneyPatternRef>JP_2-11A-_-y08-3-1-O-1</JourneyPatternRef>
      <Note>
        <NoteCode>Sch</NoteCode>
        <NoteText>Schooldays only</NoteText>
      </Note>
      <DepartureTime>07:25:00</DepartureTime>
    </VehicleJourney>
  </VehicleJourneys>
</TransXChange>