<?xml version="1.0" encoding="utf-8"?>
<TransXChange xmlns:xsi="http://www.w3.org/2001/XMLSchema-instance" xmlns:xsd="http://www.w3.org/2001/XMLSchema" xsi:schemaLocation="http://www.transxchange.org.uk/ http://www.transxchange.org.uk/schema/2.5/TransXChange_general.xsd" CreationDateTime="2019-11-07T16:03:18.9926Z" ModificationDateTime="2019-11-07T16:03:18.9926Z" Modification="new" RevisionNumber="3" FileName="suf_2-11B-_-y08-2.xml" SchemaVersion="2.5" RegistrationDocument="true" xmlns="http://www.transxchange.org.uk/">
  <StopPoints>
    <AnnotatedStopPointRef>
      <StopPointRef>390030542</StopPointRef>
      <CommonName>St Albans School</CommonName>
      <Indicator>o/s</Indicator>
      <LocalityName>Rushmere (Ipswich)</LocalityName>
      <LocalityQualifier>Suffolk</LocalityQualifier>
    </AnnotatedStopPointRef>
    <AnnotatedStopPointRef>
      <StopPointRef>390030619</StopPointRef>
      <CommonName>Norbury Road</CommonName>
      <Indicator>adj</Indicator>
      <LocalityName>Rushmere (Ipswich)</LocalityName>
      <LocalityQualifier>Suffolk</LocalityQualifier>
    </AnnotatedStopPointRef>
    <AnnotatedStopPointRef>
      <StopPointRef>390030598</StopPointRef>
      <CommonName>Colchester Road</CommonName>
      <Indicator>o/s 140</Indicator>
      <LocalityName>Rushmere (Ipswich)</LocalityName>
      <LocalityQualifier>Suffolk</LocalityQualifier>
    </AnnotatedStopPointRef>
    <AnnotatedStopPointRef>
      <StopPointRef>390031004</StopPointRef>
      <CommonName>116</CommonName>
      <Indicator>o/s</Indicator>
      <LocalityName>Rushmere (Ipswich)</LocalityName>
      <LocalityQualifier>Suffolk</LocalityQualifier>
    </AnnotatedStopPointRef>
    <AnnotatedStopPointRef>
      <StopPointRef>390030593</StopPointRef>
      <CommonName>Baptist Church</CommonName>
      <Indicator>opp</Indicator>
      <LocalityName>Rushmere (Ipswich)</LocalityName>
      <LocalityQualifier>Suffolk</LocalityQualifier>
    </AnnotatedStopPointRef>
    <AnnotatedStopPointRef>
      <StopPointRef>390030404</StopPointRef>
      <CommonName>Cranfield Court</CommonName>
      <Indicator>opp</Indicator>
      <LocalityName>Ipswich</LocalityName>
      <LocalityQualifier>Suffolk</LocalityQualifier>
    </AnnotatedStopPointRef>
    <AnnotatedStopPointRef>
      <StopPointRef>390031074</StopPointRef>
      <CommonName>Valley Road</CommonName>
      <LocalityName>Ipswich</LocalityName>
      <LocalityQualifier>Suffolk</LocalityQualifier>
    </AnnotatedStopPointRef>
    <AnnotatedStopPointRef>
      <StopPointRef>390030953</StopPointRef>
      <CommonName>Westwood Avenue</CommonName>
      <LocalityName>Westbourne (Ipswich)</LocalityName>
      <LocalityQualifier>Suffolk</LocalityQualifier>
    </AnnotatedStopPointRef>
    <AnnotatedStopPointRef>
      <StopPointRef>390030951</StopPointRef>
      <CommonName>Richmond Road</CommonName>
      <LocalityName>Westbourne (Ipswich)</LocalityName>
      <LocalityQualifier>Suffolk</LocalityQualifier>
    </AnnotatedStopPointRef>
    <AnnotatedStopPointRef>
      <StopPointRef>390030949</StopPointRef>
      <CommonName>Springfield Lane</CommonName>
      <LocalityName>Westbourne (Ipswich)</LocalityName>
      <LocalityQualifier>Suffolk</LocalityQualifier>
    </AnnotatedStopPointRef>
    <AnnotatedStopPointRef>
      <StopPointRef>390030947</StopPointRef>
      <CommonName>Norbridge Social Club</CommonName>
      <Indicator>o/s</Indicator>
      <LocalityName>Westbourne (Ipswich)</LocalityName>
      <LocalityQualifier>Suffolk</LocalityQualifier>
    </AnnotatedStopPointRef>
    <AnnotatedStopPointRef>
      <StopPointRef>390030945</StopPointRef>
      <CommonName>Highfield Approach</CommonName>
      <LocalityName>Castle Hill(Ipswich)</LocalityName>
      <LocalityQualifier>Suffolk</LocalityQualifier>
    </AnnotatedStopPointRef>
    <AnnotatedStopPointRef>
      <StopPointRef>390030943</StopPointRef>
      <CommonName>Castle Road</CommonName>
      <LocalityName>Castle Hill(Ipswich)</LocalityName>
      <LocalityQualifier>Suffolk</LocalityQualifier>
    </AnnotatedStopPointRef>
    <AnnotatedStopPointRef>
      <StopPointRef>390030941</StopPointRef>
      <CommonName>BP Garage</CommonName>
      <LocalityName>Castle Hill(Ipswich)</LocalityName>
      <LocalityQualifier>Suffolk</LocalityQualifier>
    </AnnotatedStopPointRef>
  </StopPoints>
  <RouteSections>
    <RouteSection id="RS_2-11B-_-y08-2-I-1">
      <RouteLink id="RL_2-11B-_-y08-2-I-1-1">
        <From>
          <StopPointRef>390030542</StopPointRef>
        </From>
        <To>
          <StopPointRef>390030619</StopPointRef>
        </To>
        <Direction>inbound</Direction>
      </RouteLink>
      <RouteLink id="RL_2-11B-_-y08-2-I-1-2">
        <From>
          <StopPointRef>390030619</StopPointRef>
        </From>
        <To>
          <StopPointRef>390030598</StopPointRef>
        </To>
        <Direction>inbound</Direction>
      </RouteLink>
      <RouteLink id="RL_2-11B-_-y08-2-I-1-3">
        <From>
          <StopPointRef>390030598</StopPointRef>
        </From>
        <To>
          <StopPointRef>390031004</StopPointRef>
        </To>
        <Direction>inbound</Direction>
      </RouteLink>
      <RouteLink id="RL_2-11B-_-y08-2-I-1-4">
        <From>
          <StopPointRef>390031004</StopPointRef>
        </From>
        <To>
          <StopPointRef>390030593</StopPointRef>
        </To>
        <Direction>inbound</Direction>
      </RouteLink>
      <RouteLink id="RL_2-11B-_-y08-2-I-1-5">
        <From>
          <StopPointRef>390030593</StopPointRef>
        </From>
        <To>
          <StopPointRef>390030404</StopPointRef>
        </To>
        <Direction>inbound</Direction>
      </RouteLink>
      <RouteLink id="RL_2-11B-_-y08-2-I-1-6">
        <From>
          <StopPointRef>390030404</StopPointRef>
        </From>
        <To>
          <StopPointRef>390031074</StopPointRef>
        </To>
        <Direction>inbound</Direction>
      </RouteLink>
      <RouteLink id="RL_2-11B-_-y08-2-I-1-7">
        <From>
          <StopPointRef>390031074</StopPointRef>
        </From>
        <To>
          <StopPointRef>390030953</StopPointRef>
        </To>
        <Direction>inbound</Direction>
      </RouteLink>
      <RouteLink id="RL_2-11B-_-y08-2-I-1-8">
        <From>
          <StopPointRef>390030953</StopPointRef>
        </From>
        <To>
          <StopPointRef>390030951</StopPointRef>
        </To>
        <Direction>inbound</Direction>
      </RouteLink>
      <RouteLink id="RL_2-11B-_-y08-2-I-1-9">
        <From>
          <StopPointRef>390030951</StopPointRef>
        </From>
        <To>
          <StopPointRef>390030949</StopPointRef>
        </To>
        <Direction>inbound</Direction>
      </RouteLink>
      <RouteLink id="RL_2-11B-_-y08-2-I-1-10">
        <From>
          <StopPointRef>390030949</StopPointRef>
        </From>
        <To>
          <StopPointRef>390030947</StopPointRef>
        </To>
        <Direction>inbound</Direction>
      </RouteLink>
      <RouteLink id="RL_2-11B-_-y08-2-I-1-11">
        <From>
          <StopPointRef>390030947</StopPointRef>
        </From>
        <To>
          <StopPointRef>390030945</StopPointRef>
        </To>
        <Direction>inbound</Direction>
      </RouteLink>
      <RouteLink id="RL_2-11B-_-y08-2-I-1-12">
        <From>
          <StopPointRef>390030945</StopPointRef>
        </From>
        <To>
          <StopPointRef>390030943</StopPointRef>
        </To>
        <Direction>inbound</Direction>
      </RouteLink>
      <RouteLink id="RL_2-11B-_-y08-2-I-1-13">
        <From>
          <StopPointRef>390030943</StopPointRef>
        </From>
        <To>
          <StopPointRef>390030941</StopPointRef>
        </To>
        <Direction>inbound</Direction>
      </RouteLink>
    </RouteSection>
  </RouteSections>
  <Routes>
    <Route id="R_2-11B-_-y08-2-I-1">
      <PrivateCode>R_2-11B-_-y08-2-I-1</PrivateCode>
      <Description>St Albans School - BP Garage</Description>
      <RouteSectionRef>RS_2-11B-_-y08-2-I-1</RouteSectionRef>
    </Route>
  </Routes>
  <JourneyPatternSections>
    <JourneyPatternSection id="JPS_2-11B-_-y08-2-1-1-I">
      <JourneyPatternTimingLink id="JPL_2-11B-_-y08-2-1-I-1-2">
        <From SequenceNumber="1">
          <Activity>pickUp</Activity>
          <StopPointRef>390030542</StopPointRef>
          <TimingStatus>PTP</TimingStatus>
        </From>
        <To SequenceNumber="2">
          <Activity>pickUpAndSetDown</Activity>
          <StopPointRef>390030619</StopPointRef>
          <TimingStatus>OTH</TimingStatus>
        </To>
        <RouteLinkRef>RL_2-11B-_-y08-2-I-1-1</RouteLinkRef>
        <RunTime>PT1M17S</RunTime>
      </JourneyPatternTimingLink>
      <JourneyPatternTimingLink id="JPL_2-11B-_-y08-2-1-I-1-3">
        <From SequenceNumber="2">
          <Activity>pickUpAndSetDown</Activity>
          <StopPointRef>390030619</StopPointRef>
          <TimingStatus>OTH</TimingStatus>
        </From>
        <To SequenceNumber="3">
          <Activity>pickUpAndSetDown</Activity>
          <StopPointRef>390030598</StopPointRef>
          <TimingStatus>OTH</TimingStatus>
        </To>
        <RouteLinkRef>RL_2-11B-_-y08-2-I-1-2</RouteLinkRef>
        <RunTime>PT1M31S</RunTime>
      </JourneyPatternTimingLink>
      <JourneyPatternTimingLink id="JPL_2-11B-_-y08-2-1-I-1-4">
        <From SequenceNumber="3">
          <Activity>pickUpAndSetDown</Activity>
          <StopPointRef>390030598</StopPointRef>
          <TimingStatus>OTH</TimingStatus>
        </From>
        <To SequenceNumber="4">
          <Activity>pickUpAndSetDown</Activity>
          <StopPointRef>390031004</StopPointRef>
          <TimingStatus>OTH</TimingStatus>
        </To>
        <RouteLinkRef>RL_2-11B-_-y08-2-I-1-3</RouteLinkRef>
        <RunTime>PT25S</RunTime>
      </JourneyPatternTimingLink>
      <JourneyPatternTimingLink id="JPL_2-11B-_-y08-2-1-I-1-5">
        <From SequenceNumber="4">
          <Activity>pickUpAndSetDown</Activity>
          <StopPointRef>390031004</StopPointRef>
          <TimingStatus>OTH</TimingStatus>
        </From>
        <To SequenceNumber="5">
          <Activity>pickUpAndSetDown</Activity>
          <StopPointRef>390030593</StopPointRef>
          <TimingStatus>OTH</TimingStatus>
        </To>
        <RouteLinkRef>RL_2-11B-_-y08-2-I-1-4</RouteLinkRef>
        <RunTime>PT26S</RunTime>
      </JourneyPatternTimingLink>
      <JourneyPatternTimingLink id="JPL_2-11B-_-y08-2-1-I-1-6">
        <From SequenceNumber="5">
          <Activity>pickUpAndSetDown</Activity>
          <StopPointRef>390030593</StopPointRef>
          <TimingStatus>OTH</TimingStatus>
        </From>
        <To SequenceNumber="6">
          <Activity>pickUpAndSetDown</Activity>
          <StopPointRef>390030404</StopPointRef>
          <TimingStatus>OTH</TimingStatus>
        </To>
        <RouteLinkRef>RL_2-11B-_-y08-2-I-1-5</RouteLinkRef>
        <RunTime>PT1M26S</RunTime>
      </JourneyPatternTimingLink>
      <JourneyPatternTimingLink id="JPL_2-11B-_-y08-2-1-I-1-7">
        <From SequenceNumber="6">
          <Activity>pickUpAndSetDown</Activity>
          <StopPointRef>390030404</StopPointRef>
          <TimingStatus>OTH</TimingStatus>
        </From>
        <To SequenceNumber="7">
          <Activity>pickUpAndSetDown</Activity>
          <StopPointRef>390031074</StopPointRef>
          <TimingStatus>OTH</TimingStatus>
        </To>
        <RouteLinkRef>RL_2-11B-_-y08-2-I-1-6</RouteLinkRef>
        <RunTime>PT31S</RunTime>
      </JourneyPatternTimingLink>
      <JourneyPatternTimingLink id="JPL_2-11B-_-y08-2-1-I-1-8">
        <From SequenceNumber="7">
          <Activity>pickUpAndSetDown</Activity>
          <StopPointRef>390031074</StopPointRef>
          <TimingStatus>OTH</TimingStatus>
        </From>
        <To SequenceNumber="8">
          <Activity>pickUpAndSetDown</Activity>
          <StopPointRef>390030953</StopPointRef>
          <TimingStatus>PTP</TimingStatus>
        </To>
        <RouteLinkRef>RL_2-11B-_-y08-2-I-1-7</RouteLinkRef>
        <RunTime>PT4M24S</RunTime>
      </JourneyPatternTimingLink>
      <JourneyPatternTimingLink id="JPL_2-11B-_-y08-2-1-I-1-9">
        <From SequenceNumber="8">
          <Activity>pickUpAndSetDown</Activity>
          <StopPointRef>390030953</StopPointRef>
          <TimingStatus>PTP</TimingStatus>
        </From>
        <To SequenceNumber="9">
          <Activity>pickUpAndSetDown</Activity>
          <StopPointRef>390030951</StopPointRef>
          <TimingStatus>OTH</TimingStatus>
        </To>
        <RouteLinkRef>RL_2-11B-_-y08-2-I-1-8</RouteLinkRef>
        <RunTime>PT39S</RunTime>
      </JourneyPatternTimingLink>
      <JourneyPatternTimingLink id="JPL_2-11B-_-y08-2-1-I-1-10">
        <From SequenceNumber="9">
          <Activity>pickUpAndSetDown</Activity>
          <StopPointRef>390030951</StopPointRef>
          <TimingStatus>OTH</TimingStatus>
        </From>
        <To SequenceNumber="10">
          <Activity>pickUpAndSetDown</Activity>
          <StopPointRef>390030949</StopPointRef>
          <TimingStatus>OTH</TimingStatus>
        </To>
        <RouteLinkRef>RL_2-11B-_-y08-2-I-1-9</RouteLinkRef>
        <RunTime>PT37S</RunTime>
      </JourneyPatternTimingLink>
      <JourneyPatternTimingLink id="JPL_2-11B-_-y08-2-1-I-1-11">
        <From SequenceNumber="10">
          <Activity>pickUpAndSetDown</Activity>
          <StopPointRef>390030949</StopPointRef>
          <TimingStatus>OTH</TimingStatus>
        </From>
        <To SequenceNumber="11">
          <Activity>pickUpAndSetDown</Activity>
          <StopPointRef>390030947</StopPointRef>
          <TimingStatus>PTP</TimingStatus>
        </To>
        <RouteLinkRef>RL_2-11B-_-y08-2-I-1-10</RouteLinkRef>
        <RunTime>PT44S</RunTime>
      </JourneyPatternTimingLink>
      <JourneyPatternTimingLink id="JPL_2-11B-_-y08-2-1-I-1-12">
        <From SequenceNumber="11">
          <Activity>pickUpAndSetDown</Activity>
          <StopPointRef>390030947</StopPointRef>
          <TimingStatus>PTP</TimingStatus>
        </From>
        <To SequenceNumber="12">
          <Activity>pickUpAndSetDown</Activity>
          <StopPointRef>390030945</StopPointRef>
          <TimingStatus>OTH</TimingStatus>
        </To>
        <RouteLinkRef>RL_2-11B-_-y08-2-I-1-11</RouteLinkRef>
        <RunTime>PT1M53S</RunTime>
      </JourneyPatternTimingLink>
      <JourneyPatternTimingLink id="JPL_2-11B-_-y08-2-1-I-1-13">
        <From SequenceNumber="12">
          <Activity>pickUpAndSetDown</Activity>
          <StopPointRef>390030945</StopPointRef>
          <TimingStatus>OTH</TimingStatus>
        </From>
        <To SequenceNumber="13">
          <Activity>pickUpAndSetDown</Activity>
          <StopPointRef>390030943</StopPointRef>
          <TimingStatus>OTH</TimingStatus>
        </To>
        <RouteLinkRef>RL_2-11B-_-y08-2-I-1-12</RouteLinkRef>
        <RunTime>PT1M20S</RunTime>
      </JourneyPatternTimingLink>
      <JourneyPatternTimingLink id="JPL_2-11B-_-y08-2-1-I-1-14">
        <From SequenceNumber="13">
          <Activity>pickUpAndSetDown</Activity>
          <StopPointRef>390030943</StopPointRef>
          <TimingStatus>OTH</TimingStatus>
        </From>
        <To SequenceNumber="14">
          <Activity>setDown</Activity>
          <StopPointRef>390030941</StopPointRef>
          <TimingStatus>PTP</TimingStatus>
        </To>
        <RouteLinkRef>RL_2-11B-_-y08-2-I-1-13</RouteLinkRef>
        <RunTime>PT1M47S</RunTime>
      </JourneyPatternTimingLink>
    </JourneyPatternSection>
  </JourneyPatternSections>
  <Operators>
    <Operator id="OId_IPSW">
      <NationalOperatorCode>IPSW</NationalOperatorCode>
      <OperatorCode>IPSW</OperatorCode>
      <OperatorShortName>Ipswich Buses</OperatorShortName>
      <OperatorNameOnLicence>Ipswich Buses</OperatorNameOnLicence>
      <TradingName>Ipswich Buses</TradingName>
    </Operator>
  </Operators>
  <Services>
    <Service>
      <ServiceCode>2-11B-_-y08-2</ServiceCode>
      <PrivateCode>2-11B-_-y08-2</PrivateCode>
      <Lines>
        <Line id="2-11B-_-y08-2">
          <LineName>11B</LineName>
        </Line>
      </Lines>
      <OperatingPeriod>
        <StartDate>2019-11-05</StartDate>
        <EndDate>2020-05-08</EndDate>
      </OperatingPeriod>
      <OperatingProfile>
        <RegularDayType>
          <DaysOfWeek>
            <MondayToFriday />
          </DaysOfWeek>
        </RegularDayType>
        <SpecialDaysOperation>
          <DaysOfNonOperation>
            <DateRange>
              <StartDate>2019-12-24</StartDate>
              <EndDate>2019-12-24</EndDate>
            </DateRange>
            <DateRange>
              <StartDate>2019-12-27</StartDate>
              <EndDate>2019-12-27</EndDate>
            </DateRange>
            <DateRange>
              <StartDate>2019-12-30</StartDate>
              <EndDate>2019-12-31</EndDate>
            </DateRange>
          </DaysOfNonOperation>
        </SpecialDaysOperation>
        <BankHolidayOperation>
          <DaysOfNonOperation>
            <ChristmasDay />
            <BoxingDay />
            <GoodFriday />
            <NewYearsDay />
            <MayDay />
            <EasterMonday />
          </DaysOfNonOperation>
        </BankHolidayOperation>
      </OperatingProfile>
      <RegisteredOperatorRef>OId_IPSW</RegisteredOperatorRef>
      <StopRequirements>
        <NoNewStopsRequired />
      </StopRequirements>
      <Mode>bus</Mode>
      <Description>St Albans High School - Norwich Road</Description>
      <StandardService>
        <Origin>St Albans School</Origin>
        <Destination>BP Garage</Destination>
        <JourneyPattern id="JP_2-11B-_-y08-2-1-I-1">
          <Direction>inbound</Direction>
          <Operational>
            <VehicleType>
              <VehicleTypeCode>WhCh</VehicleTypeCode>
              <Description>Wheelchair Accessible</Description>
            </VehicleType>
          </Operational>
          <RouteRef>R_2-11B-_-y08-2-I-1</RouteRef>
          <JourneyPatternSectionRefs>JPS_2-11B-_-y08-2-1-1-I</JourneyPatternSectionRefs>
        </JourneyPattern>
      </StandardService>
    </Service>
  </Services>
  <VehicleJourneys>
    <VehicleJourney>
      <PrivateCode>suf-2-11B-_-y08-2-1-T0</PrivateCode>
      <Operational>
        <VehicleType>
          <VehicleTypeCode>WhCh</VehicleTypeCode>
          <Description>Wheelchair Accessible</Description>
        </VehicleType>
      </Operational>
      <OperatingProfile>
        <RegularDayType>
          <DaysOfWeek>
            <MondayToFriday />
          </DaysOfWeek>
        </RegularDayType>
        <SpecialDaysOperation>
          <DaysOfNonOperation>
            <DateRange>
              <StartDate>2019-12-20</StartDate>
              <EndDate>2019-12-20</EndDate>
            </DateRange>
            <DateRange>
              <StartDate>2019-12-23</StartDate>
              <EndDate>2019-12-24</EndDate>
            </DateRange>
            <DateRange>
              <StartDate>2019-12-27</StartDate>
              <EndDate>2019-12-27</EndDate>
            </DateRange>
            <DateRange>
              <StartDate>2019-12-30</StartDate>
              <EndDate>2019-12-31</EndDate>
            </DateRange>
            <DateRange>
              <StartDate>2020-01-02</StartDate>
              <EndDate>2020-01-03</EndDate>
            </DateRange>
            <DateRange>
              <StartDate>2020-01-06</StartDate>
              <EndDate>2020-01-06</EndDate>
            </DateRange>
            <DateRange>
              <StartDate>2020-02-17</StartDate>
              <EndDate>2020-02-21</EndDate>
            </DateRange>
            <DateRange>
              <StartDate>2020-04-03</StartDate>
              <EndDate>2020-04-03</EndDate>
            </DateRange>
            <DateRange>
              <StartDate>2020-04-06</StartDate>
              <EndDate>2020-04-09</EndDate>
            </DateRange>
            <DateRange>
              <StartDate>2020-04-14</StartDate>
              <EndDate>2020-04-17</EndDate>
            </DateRange>
          </DaysOfNonOperation>
        </SpecialDaysOperation>
        <BankHolidayOperation>
          <DaysOfNonOperation>
            <ChristmasDay />
            <BoxingDay />
            <GoodFriday />
            <NewYearsDay />
            <MayDay />
            <EasterMonday />
          </DaysOfNonOperation>
        </BankHolidayOperation>
      </OperatingProfile>
      <VehicleJourneyCode>VJ_2-11B-_-y08-2-1-T0</VehicleJourneyCode>
      <ServiceRef>2-11B-_-y08-2</ServiceRef>
      <LineRef>2-11B-_-y08-2</LineRef>
      <JourneyPatternRef>JP_2-11B-_-y08-2-1-I-1</JourneyPatternRef>
      <Note>
        <NoteCode>Sch</NoteCode>
        <NoteText>Schooldays only</NoteText>
      </Note>
      <DepartureTime>15:21:00</DepartureTime>
    </VehicleJourney>
  </VehicleJourneys>
</TransXChange>