<?xml version="1.0" encoding="utf-8"?>
<TransXChange xmlns:xsi="http://www.w3.org/2001/XMLSchema-instance" xmlns:xsd="http://www.w3.org/2001/XMLSchema" xsi:schemaLocation="http://www.transxchange.org.uk/ http://www.transxchange.org.uk/schema/2.5/TransXChange_general.xsd" CreationDateTime="2019-11-07T16:05:27.8174Z" ModificationDateTime="2019-11-07T16:05:27.8174Z" Modification="new" RevisionNumber="3" FileName="suf_14-107-_-y08-2.xml" SchemaVersion="2.5" RegistrationDocument="true" xmlns="http://www.transxchange.org.uk/">
  <StopPoints>
    <AnnotatedStopPointRef>
      <StopPointRef>390070467</StopPointRef>
      <CommonName>Bus Station</CommonName>
      <Indicator>Stand 10</Indicator>
      <LocalityName>Lowestoft</LocalityName>
      <LocalityQualifier>Suffolk</LocalityQualifier>
    </AnnotatedStopPointRef>
    <AnnotatedStopPointRef>
      <StopPointRef>390070813</StopPointRef>
      <CommonName>Old Nelson Street</CommonName>
      <LocalityName>Lowestoft</LocalityName>
      <LocalityQualifier>Suffolk</LocalityQualifier>
    </AnnotatedStopPointRef>
    <AnnotatedStopPointRef>
      <StopPointRef>390070416</StopPointRef>
      <CommonName>Belle Vue Park</CommonName>
      <Indicator>opp</Indicator>
      <LocalityName>Gunton (Suffolk)</LocalityName>
      <LocalityQualifier>Suffolk</LocalityQualifier>
    </AnnotatedStopPointRef>
    <AnnotatedStopPointRef>
      <StopPointRef>390070414</StopPointRef>
      <CommonName>Station Road</CommonName>
      <Indicator>opp</Indicator>
      <LocalityName>Gunton (Suffolk)</LocalityName>
      <LocalityQualifier>Suffolk</LocalityQualifier>
    </AnnotatedStopPointRef>
    <AnnotatedStopPointRef>
      <StopPointRef>390070402</StopPointRef>
      <CommonName>Denes High School</CommonName>
      <Indicator>o/s</Indicator>
      <LocalityName>Gunton (Suffolk)</LocalityName>
      <LocalityQualifier>Suffolk</LocalityQualifier>
    </AnnotatedStopPointRef>
    <AnnotatedStopPointRef>
      <StopPointRef>390070404</StopPointRef>
      <CommonName>St Peter's Avenue</CommonName>
      <Indicator>opp</Indicator>
      <LocalityName>Gunton (Suffolk)</LocalityName>
      <LocalityQualifier>Suffolk</LocalityQualifier>
    </AnnotatedStopPointRef>
    <AnnotatedStopPointRef>
      <StopPointRef>390070411</StopPointRef>
      <CommonName>Bishops Walk</CommonName>
      <Indicator>opp</Indicator>
      <LocalityName>Gunton St Peter</LocalityName>
      <LocalityQualifier>Suffolk</LocalityQualifier>
    </AnnotatedStopPointRef>
    <AnnotatedStopPointRef>
      <StopPointRef>390070547</StopPointRef>
      <CommonName>Clover Way</CommonName>
      <Indicator>opp 35</Indicator>
      <LocalityName>Gunton St Peter</LocalityName>
      <LocalityQualifier>Suffolk</LocalityQualifier>
    </AnnotatedStopPointRef>
    <AnnotatedStopPointRef>
      <StopPointRef>390070544</StopPointRef>
      <CommonName>Harrington Avenue</CommonName>
      <Indicator>o/s 25</Indicator>
      <LocalityName>Gunton St Peter</LocalityName>
      <LocalityQualifier>Suffolk</LocalityQualifier>
    </AnnotatedStopPointRef>
    <AnnotatedStopPointRef>
      <StopPointRef>390070542</StopPointRef>
      <CommonName>Hubbards Avenue</CommonName>
      <Indicator>adj</Indicator>
      <LocalityName>Gunton St Peter</LocalityName>
      <LocalityQualifier>Suffolk</LocalityQualifier>
    </AnnotatedStopPointRef>
    <AnnotatedStopPointRef>
      <StopPointRef>390070540</StopPointRef>
      <CommonName>Squires Walk</CommonName>
      <Indicator>o/s 23</Indicator>
      <LocalityName>Gunton St Peter</LocalityName>
      <LocalityQualifier>Suffolk</LocalityQualifier>
    </AnnotatedStopPointRef>
    <AnnotatedStopPointRef>
      <StopPointRef>390070539</StopPointRef>
      <CommonName>Gunton Church Lane</CommonName>
      <Indicator>opp 28</Indicator>
      <LocalityName>Gunton St Peter</LocalityName>
      <LocalityQualifier>Suffolk</LocalityQualifier>
    </AnnotatedStopPointRef>
    <AnnotatedStopPointRef>
      <StopPointRef>390070528</StopPointRef>
      <CommonName>Lowry Way</CommonName>
      <Indicator>adj</Indicator>
      <LocalityName>Gunton St Peter</LocalityName>
      <LocalityQualifier>Suffolk</LocalityQualifier>
    </AnnotatedStopPointRef>
    <AnnotatedStopPointRef>
      <StopPointRef>390070530</StopPointRef>
      <CommonName>Gunton CP School</CommonName>
      <Indicator>opp</Indicator>
      <LocalityName>Gunton St Peter</LocalityName>
      <LocalityQualifier>Suffolk</LocalityQualifier>
    </AnnotatedStopPointRef>
    <AnnotatedStopPointRef>
      <StopPointRef>390070532</StopPointRef>
      <CommonName>Vermeer Close</CommonName>
      <Indicator>opp</Indicator>
      <LocalityName>Gunton St Peter</LocalityName>
      <LocalityQualifier>Suffolk</LocalityQualifier>
    </AnnotatedStopPointRef>
    <AnnotatedStopPointRef>
      <StopPointRef>390070534</StopPointRef>
      <CommonName>Spencer Drive</CommonName>
      <Indicator>adj</Indicator>
      <LocalityName>Gunton St Peter</LocalityName>
      <LocalityQualifier>Suffolk</LocalityQualifier>
    </AnnotatedStopPointRef>
    <AnnotatedStopPointRef>
      <StopPointRef>390070536</StopPointRef>
      <CommonName>Rembrant Close</CommonName>
      <Indicator>adj</Indicator>
      <LocalityName>Gunton St Peter</LocalityName>
      <LocalityQualifier>Suffolk</LocalityQualifier>
    </AnnotatedStopPointRef>
    <AnnotatedStopPointRef>
      <StopPointRef>390070538</StopPointRef>
      <CommonName>Gunton Church Lane</CommonName>
      <Indicator>o/s 28</Indicator>
      <LocalityName>Gunton St Peter</LocalityName>
      <LocalityQualifier>Suffolk</LocalityQualifier>
    </AnnotatedStopPointRef>
    <AnnotatedStopPointRef>
      <StopPointRef>390070407</StopPointRef>
      <CommonName>Hollingsworth Road</CommonName>
      <Indicator>opp</Indicator>
      <LocalityName>Gunton (Suffolk)</LocalityName>
      <LocalityQualifier>Suffolk</LocalityQualifier>
    </AnnotatedStopPointRef>
    <AnnotatedStopPointRef>
      <StopPointRef>390070405</StopPointRef>
      <CommonName>St Peter's Avenue</CommonName>
      <LocalityName>Gunton (Suffolk)</LocalityName>
      <LocalityQualifier>Suffolk</LocalityQualifier>
    </AnnotatedStopPointRef>
    <AnnotatedStopPointRef>
      <StopPointRef>390070403</StopPointRef>
      <CommonName>Denes High School</CommonName>
      <Indicator>opp</Indicator>
      <LocalityName>Gunton (Suffolk)</LocalityName>
      <LocalityQualifier>Suffolk</LocalityQualifier>
    </AnnotatedStopPointRef>
    <AnnotatedStopPointRef>
      <StopPointRef>390070415</StopPointRef>
      <CommonName>Belle Vue Park</CommonName>
      <Indicator>adj</Indicator>
      <LocalityName>Gunton (Suffolk)</LocalityName>
      <LocalityQualifier>Suffolk</LocalityQualifier>
    </AnnotatedStopPointRef>
    <AnnotatedStopPointRef>
      <StopPointRef>390070417</StopPointRef>
      <CommonName>St Margaret's Road</CommonName>
      <Indicator>opp</Indicator>
      <LocalityName>Lowestoft</LocalityName>
      <LocalityQualifier>Suffolk</LocalityQualifier>
    </AnnotatedStopPointRef>
    <AnnotatedStopPointRef>
      <StopPointRef>390070852</StopPointRef>
      <CommonName>Manor Court</CommonName>
      <Indicator>o/s</Indicator>
      <LocalityName>Lowestoft</LocalityName>
      <LocalityQualifier>Suffolk</LocalityQualifier>
    </AnnotatedStopPointRef>
    <AnnotatedStopPointRef>
      <StopPointRef>390070422</StopPointRef>
      <CommonName>Police Station</CommonName>
      <Indicator>adj</Indicator>
      <LocalityName>Lowestoft</LocalityName>
      <LocalityQualifier>Suffolk</LocalityQualifier>
    </AnnotatedStopPointRef>
    <AnnotatedStopPointRef>
      <StopPointRef>390070466</StopPointRef>
      <CommonName>Bus Station</CommonName>
      <Indicator>Stand 9</Indicator>
      <LocalityName>Lowestoft</LocalityName>
      <LocalityQualifier>Suffolk</LocalityQualifier>
    </AnnotatedStopPointRef>
  </StopPoints>
  <RouteSections>
    <RouteSection id="RS_14-107-_-y08-2-O-1">
      <RouteLink id="RL_14-107-_-y08-2-O-1-1">
        <From>
          <StopPointRef>390070467</StopPointRef>
        </From>
        <To>
          <StopPointRef>390070813</StopPointRef>
        </To>
        <Direction>outbound</Direction>
      </RouteLink>
      <RouteLink id="RL_14-107-_-y08-2-O-1-2">
        <From>
          <StopPointRef>390070813</StopPointRef>
        </From>
        <To>
          <StopPointRef>390070416</StopPointRef>
        </To>
        <Direction>outbound</Direction>
      </RouteLink>
      <RouteLink id="RL_14-107-_-y08-2-O-1-3">
        <From>
          <StopPointRef>390070416</StopPointRef>
        </From>
        <To>
          <StopPointRef>390070414</StopPointRef>
        </To>
        <Direction>outbound</Direction>
      </RouteLink>
      <RouteLink id="RL_14-107-_-y08-2-O-1-4">
        <From>
          <StopPointRef>390070414</StopPointRef>
        </From>
        <To>
          <StopPointRef>390070402</StopPointRef>
        </To>
        <Direction>outbound</Direction>
      </RouteLink>
      <RouteLink id="RL_14-107-_-y08-2-O-1-5">
        <From>
          <StopPointRef>390070402</StopPointRef>
        </From>
        <To>
          <StopPointRef>390070404</StopPointRef>
        </To>
        <Direction>outbound</Direction>
      </RouteLink>
      <RouteLink id="RL_14-107-_-y08-2-O-1-6">
        <From>
          <StopPointRef>390070404</StopPointRef>
        </From>
        <To>
          <StopPointRef>390070411</StopPointRef>
        </To>
        <Direction>outbound</Direction>
      </RouteLink>
      <RouteLink id="RL_14-107-_-y08-2-O-1-7">
        <From>
          <StopPointRef>390070411</StopPointRef>
        </From>
        <To>
          <StopPointRef>390070547</StopPointRef>
        </To>
        <Direction>outbound</Direction>
      </RouteLink>
      <RouteLink id="RL_14-107-_-y08-2-O-1-8">
        <From>
          <StopPointRef>390070547</StopPointRef>
        </From>
        <To>
          <StopPointRef>390070544</StopPointRef>
        </To>
        <Direction>outbound</Direction>
      </RouteLink>
      <RouteLink id="RL_14-107-_-y08-2-O-1-9">
        <From>
          <StopPointRef>390070544</StopPointRef>
        </From>
        <To>
          <StopPointRef>390070542</StopPointRef>
        </To>
        <Direction>outbound</Direction>
      </RouteLink>
      <RouteLink id="RL_14-107-_-y08-2-O-1-10">
        <From>
          <StopPointRef>390070542</StopPointRef>
        </From>
        <To>
          <StopPointRef>390070540</StopPointRef>
        </To>
        <Direction>outbound</Direction>
      </RouteLink>
      <RouteLink id="RL_14-107-_-y08-2-O-1-11">
        <From>
          <StopPointRef>390070540</StopPointRef>
        </From>
        <To>
          <StopPointRef>390070539</StopPointRef>
        </To>
        <Direction>outbound</Direction>
      </RouteLink>
      <RouteLink id="RL_14-107-_-y08-2-O-1-12">
        <From>
          <StopPointRef>390070539</StopPointRef>
        </From>
        <To>
          <StopPointRef>390070528</StopPointRef>
        </To>
        <Direction>outbound</Direction>
      </RouteLink>
      <RouteLink id="RL_14-107-_-y08-2-O-1-13">
        <From>
          <StopPointRef>390070528</StopPointRef>
        </From>
        <To>
          <StopPointRef>390070530</StopPointRef>
        </To>
        <Direction>outbound</Direction>
      </RouteLink>
      <RouteLink id="RL_14-107-_-y08-2-O-1-14">
        <From>
          <StopPointRef>390070530</StopPointRef>
        </From>
        <To>
          <StopPointRef>390070532</StopPointRef>
        </To>
        <Direction>outbound</Direction>
      </RouteLink>
      <RouteLink id="RL_14-107-_-y08-2-O-1-15">
        <From>
          <StopPointRef>390070532</StopPointRef>
        </From>
        <To>
          <StopPointRef>390070534</StopPointRef>
        </To>
        <Direction>outbound</Direction>
      </RouteLink>
      <RouteLink id="RL_14-107-_-y08-2-O-1-16">
        <From>
          <StopPointRef>390070534</StopPointRef>
        </From>
        <To>
          <StopPointRef>390070536</StopPointRef>
        </To>
        <Direction>outbound</Direction>
      </RouteLink>
      <RouteLink id="RL_14-107-_-y08-2-O-1-17">
        <From>
          <StopPointRef>390070536</StopPointRef>
        </From>
        <To>
          <StopPointRef>390070538</StopPointRef>
        </To>
        <Direction>outbound</Direction>
      </RouteLink>
      <RouteLink id="RL_14-107-_-y08-2-O-1-18">
        <From>
          <StopPointRef>390070538</StopPointRef>
        </From>
        <To>
          <StopPointRef>390070407</StopPointRef>
        </To>
        <Direction>outbound</Direction>
      </RouteLink>
      <RouteLink id="RL_14-107-_-y08-2-O-1-19">
        <From>
          <StopPointRef>390070407</StopPointRef>
        </From>
        <To>
          <StopPointRef>390070405</StopPointRef>
        </To>
        <Direction>outbound</Direction>
      </RouteLink>
      <RouteLink id="RL_14-107-_-y08-2-O-1-20">
        <From>
          <StopPointRef>390070405</StopPointRef>
        </From>
        <To>
          <StopPointRef>390070403</StopPointRef>
        </To>
        <Direction>outbound</Direction>
      </RouteLink>
      <RouteLink id="RL_14-107-_-y08-2-O-1-21">
        <From>
          <StopPointRef>390070403</StopPointRef>
        </From>
        <To>
          <StopPointRef>390070415</StopPointRef>
        </To>
        <Direction>outbound</Direction>
      </RouteLink>
      <RouteLink id="RL_14-107-_-y08-2-O-1-22">
        <From>
          <StopPointRef>390070415</StopPointRef>
        </From>
        <To>
          <StopPointRef>390070417</StopPointRef>
        </To>
        <Direction>outbound</Direction>
      </RouteLink>
      <RouteLink id="RL_14-107-_-y08-2-O-1-23">
        <From>
          <StopPointRef>390070417</StopPointRef>
        </From>
        <To>
          <StopPointRef>390070852</StopPointRef>
        </To>
        <Direction>outbound</Direction>
      </RouteLink>
      <RouteLink id="RL_14-107-_-y08-2-O-1-24">
        <From>
          <StopPointRef>390070852</StopPointRef>
        </From>
        <To>
          <StopPointRef>390070422</StopPointRef>
        </To>
        <Direction>outbound</Direction>
      </RouteLink>
      <RouteLink id="RL_14-107-_-y08-2-O-1-25">
        <From>
          <StopPointRef>390070422</StopPointRef>
        </From>
        <To>
          <StopPointRef>390070466</StopPointRef>
        </To>
        <Direction>outbound</Direction>
      </RouteLink>
    </RouteSection>
  </RouteSections>
  <Routes>
    <Route id="R_14-107-_-y08-2-O-1">
      <PrivateCode>R_14-107-_-y08-2-O-1</PrivateCode>
      <Description>Bus Station - Bus Station</Description>
      <RouteSectionRef>RS_14-107-_-y08-2-O-1</RouteSectionRef>
    </Route>
  </Routes>
  <JourneyPatternSections>
    <JourneyPatternSection id="JPS_14-107-_-y08-2-1-1-O">
      <JourneyPatternTimingLink id="JPL_14-107-_-y08-2-1-O-1-2">
        <From SequenceNumber="1">
          <Activity>pickUp</Activity>
          <StopPointRef>390070467</StopPointRef>
          <TimingStatus>PTP</TimingStatus>
        </From>
        <To SequenceNumber="2">
          <Activity>pickUpAndSetDown</Activity>
          <StopPointRef>390070813</StopPointRef>
          <TimingStatus>OTH</TimingStatus>
        </To>
        <RouteLinkRef>RL_14-107-_-y08-2-O-1-1</RouteLinkRef>
        <RunTime>PT1M10S</RunTime>
      </JourneyPatternTimingLink>
      <JourneyPatternTimingLink id="JPL_14-107-_-y08-2-1-O-1-3">
        <From SequenceNumber="2">
          <Activity>pickUpAndSetDown</Activity>
          <StopPointRef>390070813</StopPointRef>
          <TimingStatus>OTH</TimingStatus>
        </From>
        <To SequenceNumber="3">
          <Activity>pickUpAndSetDown</Activity>
          <StopPointRef>390070416</StopPointRef>
          <TimingStatus>OTH</TimingStatus>
        </To>
        <RouteLinkRef>RL_14-107-_-y08-2-O-1-2</RouteLinkRef>
        <RunTime>PT4M4S</RunTime>
      </JourneyPatternTimingLink>
      <JourneyPatternTimingLink id="JPL_14-107-_-y08-2-1-O-1-4">
        <From SequenceNumber="3">
          <Activity>pickUpAndSetDown</Activity>
          <StopPointRef>390070416</StopPointRef>
          <TimingStatus>OTH</TimingStatus>
        </From>
        <To SequenceNumber="4">
          <Activity>pickUpAndSetDown</Activity>
          <StopPointRef>390070414</StopPointRef>
          <TimingStatus>OTH</TimingStatus>
        </To>
        <RouteLinkRef>RL_14-107-_-y08-2-O-1-3</RouteLinkRef>
        <RunTime>PT1M8S</RunTime>
      </JourneyPatternTimingLink>
      <JourneyPatternTimingLink id="JPL_14-107-_-y08-2-1-O-1-5">
        <From SequenceNumber="4">
          <Activity>pickUpAndSetDown</Activity>
          <StopPointRef>390070414</StopPointRef>
          <TimingStatus>OTH</TimingStatus>
        </From>
        <To SequenceNumber="5">
          <Activity>pickUpAndSetDown</Activity>
          <StopPointRef>390070402</StopPointRef>
          <TimingStatus>PTP</TimingStatus>
        </To>
        <RouteLinkRef>RL_14-107-_-y08-2-O-1-4</RouteLinkRef>
        <RunTime>PT38S</RunTime>
      </JourneyPatternTimingLink>
      <JourneyPatternTimingLink id="JPL_14-107-_-y08-2-1-O-1-6">
        <From SequenceNumber="5">
          <Activity>pickUpAndSetDown</Activity>
          <StopPointRef>390070402</StopPointRef>
          <TimingStatus>PTP</TimingStatus>
        </From>
        <To SequenceNumber="6">
          <Activity>pickUpAndSetDown</Activity>
          <StopPointRef>390070404</StopPointRef>
          <TimingStatus>OTH</TimingStatus>
        </To>
        <RouteLinkRef>RL_14-107-_-y08-2-O-1-5</RouteLinkRef>
        <RunTime>PT36S</RunTime>
      </JourneyPatternTimingLink>
      <JourneyPatternTimingLink id="JPL_14-107-_-y08-2-1-O-1-7">
        <From SequenceNumber="6">
          <Activity>pickUpAndSetDown</Activity>
          <StopPointRef>390070404</StopPointRef>
          <TimingStatus>OTH</TimingStatus>
        </From>
        <To SequenceNumber="7">
          <Activity>pickUpAndSetDown</Activity>
          <StopPointRef>390070411</StopPointRef>
          <TimingStatus>OTH</TimingStatus>
        </To>
        <RouteLinkRef>RL_14-107-_-y08-2-O-1-6</RouteLinkRef>
        <RunTime>PT20S</RunTime>
      </JourneyPatternTimingLink>
      <JourneyPatternTimingLink id="JPL_14-107-_-y08-2-1-O-1-8">
        <From SequenceNumber="7">
          <Activity>pickUpAndSetDown</Activity>
          <StopPointRef>390070411</StopPointRef>
          <TimingStatus>OTH</TimingStatus>
        </From>
        <To SequenceNumber="8">
          <Activity>pickUpAndSetDown</Activity>
          <StopPointRef>390070547</StopPointRef>
          <TimingStatus>OTH</TimingStatus>
        </To>
        <RouteLinkRef>RL_14-107-_-y08-2-O-1-7</RouteLinkRef>
        <RunTime>PT39S</RunTime>
      </JourneyPatternTimingLink>
      <JourneyPatternTimingLink id="JPL_14-107-_-y08-2-1-O-1-9">
        <From SequenceNumber="8">
          <Activity>pickUpAndSetDown</Activity>
          <StopPointRef>390070547</StopPointRef>
          <TimingStatus>OTH</TimingStatus>
        </From>
        <To SequenceNumber="9">
          <Activity>pickUpAndSetDown</Activity>
          <StopPointRef>390070544</StopPointRef>
          <TimingStatus>OTH</TimingStatus>
        </To>
        <RouteLinkRef>RL_14-107-_-y08-2-O-1-8</RouteLinkRef>
        <RunTime>PT30S</RunTime>
      </JourneyPatternTimingLink>
      <JourneyPatternTimingLink id="JPL_14-107-_-y08-2-1-O-1-10">
        <From SequenceNumber="9">
          <Activity>pickUpAndSetDown</Activity>
          <StopPointRef>390070544</StopPointRef>
          <TimingStatus>OTH</TimingStatus>
        </From>
        <To SequenceNumber="10">
          <Activity>pickUpAndSetDown</Activity>
          <StopPointRef>390070542</StopPointRef>
          <TimingStatus>OTH</TimingStatus>
        </To>
        <RouteLinkRef>RL_14-107-_-y08-2-O-1-9</RouteLinkRef>
        <RunTime>PT25S</RunTime>
      </JourneyPatternTimingLink>
      <JourneyPatternTimingLink id="JPL_14-107-_-y08-2-1-O-1-11">
        <From SequenceNumber="10">
          <Activity>pickUpAndSetDown</Activity>
          <StopPointRef>390070542</StopPointRef>
          <TimingStatus>OTH</TimingStatus>
        </From>
        <To SequenceNumber="11">
          <Activity>pickUpAndSetDown</Activity>
          <StopPointRef>390070540</StopPointRef>
          <TimingStatus>PTP</TimingStatus>
        </To>
        <RouteLinkRef>RL_14-107-_-y08-2-O-1-10</RouteLinkRef>
        <RunTime>PT30S</RunTime>
      </JourneyPatternTimingLink>
      <JourneyPatternTimingLink id="JPL_14-107-_-y08-2-1-O-1-12">
        <From SequenceNumber="11">
          <Activity>pickUpAndSetDown</Activity>
          <StopPointRef>390070540</StopPointRef>
          <TimingStatus>PTP</TimingStatus>
        </From>
        <To SequenceNumber="12">
          <Activity>pickUpAndSetDown</Activity>
          <StopPointRef>390070539</StopPointRef>
          <TimingStatus>OTH</TimingStatus>
        </To>
        <RouteLinkRef>RL_14-107-_-y08-2-O-1-11</RouteLinkRef>
        <RunTime>PT38S</RunTime>
      </JourneyPatternTimingLink>
      <JourneyPatternTimingLink id="JPL_14-107-_-y08-2-1-O-1-13">
        <From SequenceNumber="12">
          <Activity>pickUpAndSetDown</Activity>
          <StopPointRef>390070539</StopPointRef>
          <TimingStatus>OTH</TimingStatus>
        </From>
        <To SequenceNumber="13">
          <Activity>pickUpAndSetDown</Activity>
          <StopPointRef>390070528</StopPointRef>
          <TimingStatus>OTH</TimingStatus>
        </To>
        <RouteLinkRef>RL_14-107-_-y08-2-O-1-12</RouteLinkRef>
        <RunTime>PT43S</RunTime>
      </JourneyPatternTimingLink>
      <JourneyPatternTimingLink id="JPL_14-107-_-y08-2-1-O-1-14">
        <From SequenceNumber="13">
          <Activity>pickUpAndSetDown</Activity>
          <StopPointRef>390070528</StopPointRef>
          <TimingStatus>OTH</TimingStatus>
        </From>
        <To SequenceNumber="14">
          <Activity>pickUpAndSetDown</Activity>
          <StopPointRef>390070530</StopPointRef>
          <TimingStatus>OTH</TimingStatus>
        </To>
        <RouteLinkRef>RL_14-107-_-y08-2-O-1-13</RouteLinkRef>
        <RunTime>PT48S</RunTime>
      </JourneyPatternTimingLink>
      <JourneyPatternTimingLink id="JPL_14-107-_-y08-2-1-O-1-15">
        <From SequenceNumber="14">
          <Activity>pickUpAndSetDown</Activity>
          <StopPointRef>390070530</StopPointRef>
          <TimingStatus>OTH</TimingStatus>
        </From>
        <To SequenceNumber="15">
          <Activity>pickUpAndSetDown</Activity>
          <StopPointRef>390070532</StopPointRef>
          <TimingStatus>OTH</TimingStatus>
        </To>
        <RouteLinkRef>RL_14-107-_-y08-2-O-1-14</RouteLinkRef>
        <RunTime>PT58S</RunTime>
      </JourneyPatternTimingLink>
      <JourneyPatternTimingLink id="JPL_14-107-_-y08-2-1-O-1-16">
        <From SequenceNumber="15">
          <Activity>pickUpAndSetDown</Activity>
          <StopPointRef>390070532</StopPointRef>
          <TimingStatus>OTH</TimingStatus>
        </From>
        <To SequenceNumber="16">
          <Activity>pickUpAndSetDown</Activity>
          <StopPointRef>390070534</StopPointRef>
          <TimingStatus>PTP</TimingStatus>
        </To>
        <RouteLinkRef>RL_14-107-_-y08-2-O-1-15</RouteLinkRef>
        <RunTime>PT53S</RunTime>
      </JourneyPatternTimingLink>
      <JourneyPatternTimingLink id="JPL_14-107-_-y08-2-1-O-1-17">
        <From SequenceNumber="16">
          <Activity>pickUpAndSetDown</Activity>
          <StopPointRef>390070534</StopPointRef>
          <TimingStatus>PTP</TimingStatus>
        </From>
        <To SequenceNumber="17">
          <Activity>pickUpAndSetDown</Activity>
          <StopPointRef>390070536</StopPointRef>
          <TimingStatus>OTH</TimingStatus>
        </To>
        <RouteLinkRef>RL_14-107-_-y08-2-O-1-16</RouteLinkRef>
        <RunTime>PT41S</RunTime>
      </JourneyPatternTimingLink>
      <JourneyPatternTimingLink id="JPL_14-107-_-y08-2-1-O-1-18">
        <From SequenceNumber="17">
          <Activity>pickUpAndSetDown</Activity>
          <StopPointRef>390070536</StopPointRef>
          <TimingStatus>OTH</TimingStatus>
        </From>
        <To SequenceNumber="18">
          <Activity>pickUpAndSetDown</Activity>
          <StopPointRef>390070538</StopPointRef>
          <TimingStatus>OTH</TimingStatus>
        </To>
        <RouteLinkRef>RL_14-107-_-y08-2-O-1-17</RouteLinkRef>
        <RunTime>PT23S</RunTime>
      </JourneyPatternTimingLink>
      <JourneyPatternTimingLink id="JPL_14-107-_-y08-2-1-O-1-19">
        <From SequenceNumber="18">
          <Activity>pickUpAndSetDown</Activity>
          <StopPointRef>390070538</StopPointRef>
          <TimingStatus>OTH</TimingStatus>
        </From>
        <To SequenceNumber="19">
          <Activity>pickUpAndSetDown</Activity>
          <StopPointRef>390070407</StopPointRef>
          <TimingStatus>OTH</TimingStatus>
        </To>
        <RouteLinkRef>RL_14-107-_-y08-2-O-1-18</RouteLinkRef>
        <RunTime>PT1M8S</RunTime>
      </JourneyPatternTimingLink>
      <JourneyPatternTimingLink id="JPL_14-107-_-y08-2-1-O-1-20">
        <From SequenceNumber="19">
          <Activity>pickUpAndSetDown</Activity>
          <StopPointRef>390070407</StopPointRef>
          <TimingStatus>OTH</TimingStatus>
        </From>
        <To SequenceNumber="20">
          <Activity>pickUpAndSetDown</Activity>
          <StopPointRef>390070405</StopPointRef>
          <TimingStatus>OTH</TimingStatus>
        </To>
        <RouteLinkRef>RL_14-107-_-y08-2-O-1-19</RouteLinkRef>
        <RunTime>PT36S</RunTime>
      </JourneyPatternTimingLink>
      <JourneyPatternTimingLink id="JPL_14-107-_-y08-2-1-O-1-21">
        <From SequenceNumber="20">
          <Activity>pickUpAndSetDown</Activity>
          <StopPointRef>390070405</StopPointRef>
          <TimingStatus>OTH</TimingStatus>
        </From>
        <To SequenceNumber="21">
          <Activity>pickUpAndSetDown</Activity>
          <StopPointRef>390070403</StopPointRef>
          <TimingStatus>PTP</TimingStatus>
        </To>
        <RouteLinkRef>RL_14-107-_-y08-2-O-1-20</RouteLinkRef>
        <RunTime>PT1M12S</RunTime>
      </JourneyPatternTimingLink>
      <JourneyPatternTimingLink id="JPL_14-107-_-y08-2-1-O-1-22">
        <From SequenceNumber="21">
          <Activity>pickUpAndSetDown</Activity>
          <StopPointRef>390070403</StopPointRef>
          <TimingStatus>PTP</TimingStatus>
        </From>
        <To SequenceNumber="22">
          <Activity>pickUpAndSetDown</Activity>
          <StopPointRef>390070415</StopPointRef>
          <TimingStatus>OTH</TimingStatus>
        </To>
        <RouteLinkRef>RL_14-107-_-y08-2-O-1-21</RouteLinkRef>
        <RunTime>PT1M19S</RunTime>
      </JourneyPatternTimingLink>
      <JourneyPatternTimingLink id="JPL_14-107-_-y08-2-1-O-1-23">
        <From SequenceNumber="22">
          <Activity>pickUpAndSetDown</Activity>
          <StopPointRef>390070415</StopPointRef>
          <TimingStatus>OTH</TimingStatus>
        </From>
        <To SequenceNumber="23">
          <Activity>pickUpAndSetDown</Activity>
          <StopPointRef>390070417</StopPointRef>
          <TimingStatus>OTH</TimingStatus>
        </To>
        <RouteLinkRef>RL_14-107-_-y08-2-O-1-22</RouteLinkRef>
        <RunTime>PT1M21S</RunTime>
      </JourneyPatternTimingLink>
      <JourneyPatternTimingLink id="JPL_14-107-_-y08-2-1-O-1-24">
        <From SequenceNumber="23">
          <Activity>pickUpAndSetDown</Activity>
          <StopPointRef>390070417</StopPointRef>
          <TimingStatus>OTH</TimingStatus>
        </From>
        <To SequenceNumber="24">
          <Activity>pickUpAndSetDown</Activity>
          <StopPointRef>390070852</StopPointRef>
          <TimingStatus>OTH</TimingStatus>
        </To>
        <RouteLinkRef>RL_14-107-_-y08-2-O-1-23</RouteLinkRef>
        <RunTime>PT1M27S</RunTime>
      </JourneyPatternTimingLink>
      <JourneyPatternTimingLink id="JPL_14-107-_-y08-2-1-O-1-25">
        <From SequenceNumber="24">
          <Activity>pickUpAndSetDown</Activity>
          <StopPointRef>390070852</StopPointRef>
          <TimingStatus>OTH</TimingStatus>
        </From>
        <To SequenceNumber="25">
          <Activity>pickUpAndSetDown</Activity>
          <StopPointRef>390070422</StopPointRef>
          <TimingStatus>OTH</TimingStatus>
        </To>
        <RouteLinkRef>RL_14-107-_-y08-2-O-1-24</RouteLinkRef>
        <RunTime>PT1M37S</RunTime>
      </JourneyPatternTimingLink>
      <JourneyPatternTimingLink id="JPL_14-107-_-y08-2-1-O-1-26">
        <From SequenceNumber="25">
          <Activity>pickUpAndSetDown</Activity>
          <StopPointRef>390070422</StopPointRef>
          <TimingStatus>OTH</TimingStatus>
        </From>
        <To SequenceNumber="26">
          <Activity>setDown</Activity>
          <StopPointRef>390070466</StopPointRef>
          <TimingStatus>PTP</TimingStatus>
        </To>
        <RouteLinkRef>RL_14-107-_-y08-2-O-1-25</RouteLinkRef>
        <RunTime>PT1M16S</RunTime>
      </JourneyPatternTimingLink>
    </JourneyPatternSection>
  </JourneyPatternSections>
  <Operators>
    <Operator id="OId_716TS">
      <NationalOperatorCode>SCCT</NationalOperatorCode>
      <OperatorCode>716TS</OperatorCode>
      <OperatorShortName>Suffolk Norse</OperatorShortName>
      <OperatorNameOnLicence>Suffolk Norse</OperatorNameOnLicence>
      <TradingName>Suffolk Norse</TradingName>
    </Operator>
  </Operators>
  <Services>
    <Service>
      <ServiceCode>14-107-_-y08-2</ServiceCode>
      <PrivateCode>14-107-_-y08-2</PrivateCode>
      <Lines>
        <Line id="14-107-_-y08-2">
          <LineName>107</LineName>
        </Line>
      </Lines>
      <OperatingPeriod>
        <StartDate>2019-11-05</StartDate>
        <EndDate>2020-05-08</EndDate>
      </OperatingPeriod>
      <OperatingProfile>
        <RegularDayType>
          <DaysOfWeek>
            <MondayToFriday />
          </DaysOfWeek>
        </RegularDayType>
        <SpecialDaysOperation>
          <DaysOfNonOperation>
            <DateRange>
              <StartDate>2019-12-24</StartDate>
              <EndDate>2019-12-24</EndDate>
            </DateRange>
            <DateRange>
              <StartDate>2019-12-27</StartDate>
              <EndDate>2019-12-27</EndDate>
            </DateRange>
            <DateRange>
              <StartDate>2019-12-30</StartDate>
              <EndDate>2019-12-31</EndDate>
            </DateRange>
          </DaysOfNonOperation>
        </SpecialDaysOperation>
        <BankHolidayOperation>
          <DaysOfNonOperation>
            <ChristmasDay />
            <BoxingDay />
            <GoodFriday />
            <NewYearsDay />
            <MayDay />
            <EasterMonday />
          </DaysOfNonOperation>
        </BankHolidayOperation>
      </OperatingProfile>
      <RegisteredOperatorRef>OId_716TS</RegisteredOperatorRef>
      <StopRequirements>
        <NoNewStopsRequired />
      </StopRequirements>
      <Mode>bus</Mode>
      <Description>Lowestoft - Gunton St Peter - Lowestoft</Description>
      <StandardService>
        <Origin>Bus Station</Origin>
        <Destination>Bus Station</Destination>
        <JourneyPattern id="JP_14-107-_-y08-2-1-O-1">
          <Direction>outbound</Direction>
          <Operational>
            <VehicleType>
              <VehicleTypeCode>NoWhCh</VehicleTypeCode>
              <Description>No Wheelchair Access</Description>
            </VehicleType>
          </Operational>
          <RouteRef>R_14-107-_-y08-2-O-1</RouteRef>
          <JourneyPatternSectionRefs>JPS_14-107-_-y08-2-1-1-O</JourneyPatternSectionRefs>
        </JourneyPattern>
      </StandardService>
    </Service>
  </Services>
  <VehicleJourneys>
    <VehicleJourney>
      <PrivateCode>suf-14-107-_-y08-2-4-T0</PrivateCode>
      <Operational>
        <VehicleType>
          <VehicleTypeCode>NoWhCh</VehicleTypeCode>
          <Description>No Wheelchair Access</Description>
        </VehicleType>
      </Operational>
      <VehicleJourneyCode>VJ_14-107-_-y08-2-4-T0</VehicleJourneyCode>
      <ServiceRef>14-107-_-y08-2</ServiceRef>
      <LineRef>14-107-_-y08-2</LineRef>
      <JourneyPatternRef>JP_14-107-_-y08-2-1-O-1</JourneyPatternRef>
      <DepartureTime>09:40:00</DepartureTime>
      <VehicleJourneyTimingLink id="suf-14-107-_-y08-2-4-T01">
        <JourneyPatternTimingLinkRef>JPL_14-107-_-y08-2-1-O-1-2</JourneyPatternTimingLinkRef>
        <From />
        <To />
      </VehicleJourneyTimingLink>
      <VehicleJourneyTimingLink id="suf-14-107-_-y08-2-4-T02">
        <JourneyPatternTimingLinkRef>JPL_14-107-_-y08-2-1-O-1-3</JourneyPatternTimingLinkRef>
        <From />
        <To />
      </VehicleJourneyTimingLink>
      <VehicleJourneyTimingLink id="suf-14-107-_-y08-2-4-T03">
        <JourneyPatternTimingLinkRef>JPL_14-107-_-y08-2-1-O-1-4</JourneyPatternTimingLinkRef>
        <From />
        <To />
      </VehicleJourneyTimingLink>
      <VehicleJourneyTimingLink id="suf-14-107-_-y08-2-4-T04">
        <JourneyPatternTimingLinkRef>JPL_14-107-_-y08-2-1-O-1-5</JourneyPatternTimingLinkRef>
        <From />
        <To />
      </VehicleJourneyTimingLink>
      <VehicleJourneyTimingLink id="suf-14-107-_-y08-2-4-T05">
        <JourneyPatternTimingLinkRef>JPL_14-107-_-y08-2-1-O-1-6</JourneyPatternTimingLinkRef>
        <From />
        <To />
      </VehicleJourneyTimingLink>
      <VehicleJourneyTimingLink id="suf-14-107-_-y08-2-4-T06">
        <JourneyPatternTimingLinkRef>JPL_14-107-_-y08-2-1-O-1-7</JourneyPatternTimingLinkRef>
        <From />
        <To />
      </VehicleJourneyTimingLink>
      <VehicleJourneyTimingLink id="suf-14-107-_-y08-2-4-T07">
        <JourneyPatternTimingLinkRef>JPL_14-107-_-y08-2-1-O-1-8</JourneyPatternTimingLinkRef>
        <From />
        <To />
      </VehicleJourneyTimingLink>
      <VehicleJourneyTimingLink id="suf-14-107-_-y08-2-4-T08">
        <JourneyPatternTimingLinkRef>JPL_14-107-_-y08-2-1-O-1-9</JourneyPatternTimingLinkRef>
        <From />
        <To />
      </VehicleJourneyTimingLink>
      <VehicleJourneyTimingLink id="suf-14-107-_-y08-2-4-T09">
        <JourneyPatternTimingLinkRef>JPL_14-107-_-y08-2-1-O-1-10</JourneyPatternTimingLinkRef>
        <From />
        <To />
      </VehicleJourneyTimingLink>
      <VehicleJourneyTimingLink id="suf-14-107-_-y08-2-4-T010">
        <JourneyPatternTimingLinkRef>JPL_14-107-_-y08-2-1-O-1-11</JourneyPatternTimingLinkRef>
        <From />
        <To />
      </VehicleJourneyTimingLink>
      <VehicleJourneyTimingLink id="suf-14-107-_-y08-2-4-T011">
        <JourneyPatternTimingLinkRef>JPL_14-107-_-y08-2-1-O-1-12</JourneyPatternTimingLinkRef>
        <From />
        <To />
      </VehicleJourneyTimingLink>
      <VehicleJourneyTimingLink id="suf-14-107-_-y08-2-4-T012">
        <JourneyPatternTimingLinkRef>JPL_14-107-_-y08-2-1-O-1-13</JourneyPatternTimingLinkRef>
        <From />
        <To />
      </VehicleJourneyTimingLink>
      <VehicleJourneyTimingLink id="suf-14-107-_-y08-2-4-T013">
        <JourneyPatternTimingLinkRef>JPL_14-107-_-y08-2-1-O-1-14</JourneyPatternTimingLinkRef>
        <From />
        <To />
      </VehicleJourneyTimingLink>
      <VehicleJourneyTimingLink id="suf-14-107-_-y08-2-4-T014">
        <JourneyPatternTimingLinkRef>JPL_14-107-_-y08-2-1-O-1-15</JourneyPatternTimingLinkRef>
        <From />
        <To />
      </VehicleJourneyTimingLink>
      <VehicleJourneyTimingLink id="suf-14-107-_-y08-2-4-T015">
        <JourneyPatternTimingLinkRef>JPL_14-107-_-y08-2-1-O-1-16</JourneyPatternTimingLinkRef>
        <From />
        <To />
      </VehicleJourneyTimingLink>
      <VehicleJourneyTimingLink id="suf-14-107-_-y08-2-4-T016">
        <JourneyPatternTimingLinkRef>JPL_14-107-_-y08-2-1-O-1-17</JourneyPatternTimingLinkRef>
        <From />
        <To />
      </VehicleJourneyTimingLink>
      <VehicleJourneyTimingLink id="suf-14-107-_-y08-2-4-T017">
        <JourneyPatternTimingLinkRef>JPL_14-107-_-y08-2-1-O-1-18</JourneyPatternTimingLinkRef>
        <From />
        <To />
      </VehicleJourneyTimingLink>
      <VehicleJourneyTimingLink id="suf-14-107-_-y08-2-4-T018">
        <JourneyPatternTimingLinkRef>JPL_14-107-_-y08-2-1-O-1-19</JourneyPatternTimingLinkRef>
        <From />
        <To />
      </VehicleJourneyTimingLink>
      <VehicleJourneyTimingLink id="suf-14-107-_-y08-2-4-T019">
        <JourneyPatternTimingLinkRef>JPL_14-107-_-y08-2-1-O-1-20</JourneyPatternTimingLinkRef>
        <From />
        <To />
      </VehicleJourneyTimingLink>
      <VehicleJourneyTimingLink id="suf-14-107-_-y08-2-4-T020">
        <JourneyPatternTimingLinkRef>JPL_14-107-_-y08-2-1-O-1-21</JourneyPatternTimingLinkRef>
        <From />
        <To />
      </VehicleJourneyTimingLink>
      <VehicleJourneyTimingLink id="suf-14-107-_-y08-2-4-T021">
        <JourneyPatternTimingLinkRef>JPL_14-107-_-y08-2-1-O-1-22</JourneyPatternTimingLinkRef>
        <From />
        <To />
      </VehicleJourneyTimingLink>
      <VehicleJourneyTimingLink id="suf-14-107-_-y08-2-4-T022">
        <JourneyPatternTimingLinkRef>JPL_14-107-_-y08-2-1-O-1-23</JourneyPatternTimingLinkRef>
        <From />
        <To />
      </VehicleJourneyTimingLink>
      <VehicleJourneyTimingLink id="suf-14-107-_-y08-2-4-T023">
        <JourneyPatternTimingLinkRef>JPL_14-107-_-y08-2-1-O-1-24</JourneyPatternTimingLinkRef>
        <From />
        <To />
      </VehicleJourneyTimingLink>
      <VehicleJourneyTimingLink id="suf-14-107-_-y08-2-4-T024">
        <JourneyPatternTimingLinkRef>JPL_14-107-_-y08-2-1-O-1-25</JourneyPatternTimingLinkRef>
        <From />
        <To />
      </VehicleJourneyTimingLink>
      <VehicleJourneyTimingLink id="suf-14-107-_-y08-2-4-T025">
        <JourneyPatternTimingLinkRef>JPL_14-107-_-y08-2-1-O-1-26</JourneyPatternTimingLinkRef>
        <From />
        <To />
      </VehicleJourneyTimingLink>
    </VehicleJourney>
    <VehicleJourney>
      <PrivateCode>suf-14-107-_-y08-2-5-T0</PrivateCode>
      <Operational>
        <VehicleType>
          <VehicleTypeCode>NoWhCh</VehicleTypeCode>
          <Description>No Wheelchair Access</Description>
        </VehicleType>
      </Operational>
      <VehicleJourneyCode>VJ_14-107-_-y08-2-5-T0</VehicleJourneyCode>
      <ServiceRef>14-107-_-y08-2</ServiceRef>
      <LineRef>14-107-_-y08-2</LineRef>
      <JourneyPatternRef>JP_14-107-_-y08-2-1-O-1</JourneyPatternRef>
      <DepartureTime>11:40:00</DepartureTime>
      <VehicleJourneyTimingLink id="suf-14-107-_-y08-2-5-T01">
        <JourneyPatternTimingLinkRef>JPL_14-107-_-y08-2-1-O-1-2</JourneyPatternTimingLinkRef>
        <From />
        <To />
      </VehicleJourneyTimingLink>
      <VehicleJourneyTimingLink id="suf-14-107-_-y08-2-5-T02">
        <JourneyPatternTimingLinkRef>JPL_14-107-_-y08-2-1-O-1-3</JourneyPatternTimingLinkRef>
        <From />
        <To />
      </VehicleJourneyTimingLink>
      <VehicleJourneyTimingLink id="suf-14-107-_-y08-2-5-T03">
        <JourneyPatternTimingLinkRef>JPL_14-107-_-y08-2-1-O-1-4</JourneyPatternTimingLinkRef>
        <From />
        <To />
      </VehicleJourneyTimingLink>
      <VehicleJourneyTimingLink id="suf-14-107-_-y08-2-5-T04">
        <JourneyPatternTimingLinkRef>JPL_14-107-_-y08-2-1-O-1-5</JourneyPatternTimingLinkRef>
        <From />
        <To />
      </VehicleJourneyTimingLink>
      <VehicleJourneyTimingLink id="suf-14-107-_-y08-2-5-T05">
        <JourneyPatternTimingLinkRef>JPL_14-107-_-y08-2-1-O-1-6</JourneyPatternTimingLinkRef>
        <From />
        <To />
      </VehicleJourneyTimingLink>
      <VehicleJourneyTimingLink id="suf-14-107-_-y08-2-5-T06">
        <JourneyPatternTimingLinkRef>JPL_14-107-_-y08-2-1-O-1-7</JourneyPatternTimingLinkRef>
        <From />
        <To />
      </VehicleJourneyTimingLink>
      <VehicleJourneyTimingLink id="suf-14-107-_-y08-2-5-T07">
        <JourneyPatternTimingLinkRef>JPL_14-107-_-y08-2-1-O-1-8</JourneyPatternTimingLinkRef>
        <From />
        <To />
      </VehicleJourneyTimingLink>
      <VehicleJourneyTimingLink id="suf-14-107-_-y08-2-5-T08">
        <JourneyPatternTimingLinkRef>JPL_14-107-_-y08-2-1-O-1-9</JourneyPatternTimingLinkRef>
        <From />
        <To />
      </VehicleJourneyTimingLink>
      <VehicleJourneyTimingLink id="suf-14-107-_-y08-2-5-T09">
        <JourneyPatternTimingLinkRef>JPL_14-107-_-y08-2-1-O-1-10</JourneyPatternTimingLinkRef>
        <From />
        <To />
      </VehicleJourneyTimingLink>
      <VehicleJourneyTimingLink id="suf-14-107-_-y08-2-5-T010">
        <JourneyPatternTimingLinkRef>JPL_14-107-_-y08-2-1-O-1-11</JourneyPatternTimingLinkRef>
        <From />
        <To />
      </VehicleJourneyTimingLink>
      <VehicleJourneyTimingLink id="suf-14-107-_-y08-2-5-T011">
        <JourneyPatternTimingLinkRef>JPL_14-107-_-y08-2-1-O-1-12</JourneyPatternTimingLinkRef>
        <From />
        <To />
      </VehicleJourneyTimingLink>
      <VehicleJourneyTimingLink id="suf-14-107-_-y08-2-5-T012">
        <JourneyPatternTimingLinkRef>JPL_14-107-_-y08-2-1-O-1-13</JourneyPatternTimingLinkRef>
        <From />
        <To />
      </VehicleJourneyTimingLink>
      <VehicleJourneyTimingLink id="suf-14-107-_-y08-2-5-T013">
        <JourneyPatternTimingLinkRef>JPL_14-107-_-y08-2-1-O-1-14</JourneyPatternTimingLinkRef>
        <From />
        <To />
      </VehicleJourneyTimingLink>
      <VehicleJourneyTimingLink id="suf-14-107-_-y08-2-5-T014">
        <JourneyPatternTimingLinkRef>JPL_14-107-_-y08-2-1-O-1-15</JourneyPatternTimingLinkRef>
        <From />
        <To />
      </VehicleJourneyTimingLink>
      <VehicleJourneyTimingLink id="suf-14-107-_-y08-2-5-T015">
        <JourneyPatternTimingLinkRef>JPL_14-107-_-y08-2-1-O-1-16</JourneyPatternTimingLinkRef>
        <From />
        <To />
      </VehicleJourneyTimingLink>
      <VehicleJourneyTimingLink id="suf-14-107-_-y08-2-5-T016">
        <JourneyPatternTimingLinkRef>JPL_14-107-_-y08-2-1-O-1-17</JourneyPatternTimingLinkRef>
        <From />
        <To />
      </VehicleJourneyTimingLink>
      <VehicleJourneyTimingLink id="suf-14-107-_-y08-2-5-T017">
        <JourneyPatternTimingLinkRef>JPL_14-107-_-y08-2-1-O-1-18</JourneyPatternTimingLinkRef>
        <From />
        <To />
      </VehicleJourneyTimingLink>
      <VehicleJourneyTimingLink id="suf-14-107-_-y08-2-5-T018">
        <JourneyPatternTimingLinkRef>JPL_14-107-_-y08-2-1-O-1-19</JourneyPatternTimingLinkRef>
        <From />
        <To />
      </VehicleJourneyTimingLink>
      <VehicleJourneyTimingLink id="suf-14-107-_-y08-2-5-T019">
        <JourneyPatternTimingLinkRef>JPL_14-107-_-y08-2-1-O-1-20</JourneyPatternTimingLinkRef>
        <From />
        <To />
      </VehicleJourneyTimingLink>
      <VehicleJourneyTimingLink id="suf-14-107-_-y08-2-5-T020">
        <JourneyPatternTimingLinkRef>JPL_14-107-_-y08-2-1-O-1-21</JourneyPatternTimingLinkRef>
        <From />
        <To />
      </VehicleJourneyTimingLink>
      <VehicleJourneyTimingLink id="suf-14-107-_-y08-2-5-T021">
        <JourneyPatternTimingLinkRef>JPL_14-107-_-y08-2-1-O-1-22</JourneyPatternTimingLinkRef>
        <From />
        <To />
      </VehicleJourneyTimingLink>
      <VehicleJourneyTimingLink id="suf-14-107-_-y08-2-5-T022">
        <JourneyPatternTimingLinkRef>JPL_14-107-_-y08-2-1-O-1-23</JourneyPatternTimingLinkRef>
        <From />
        <To />
      </VehicleJourneyTimingLink>
      <VehicleJourneyTimingLink id="suf-14-107-_-y08-2-5-T023">
        <JourneyPatternTimingLinkRef>JPL_14-107-_-y08-2-1-O-1-24</JourneyPatternTimingLinkRef>
        <From />
        <To />
      </VehicleJourneyTimingLink>
      <VehicleJourneyTimingLink id="suf-14-107-_-y08-2-5-T024">
        <JourneyPatternTimingLinkRef>JPL_14-107-_-y08-2-1-O-1-25</JourneyPatternTimingLinkRef>
        <From />
        <To />
      </VehicleJourneyTimingLink>
      <VehicleJourneyTimingLink id="suf-14-107-_-y08-2-5-T025">
        <JourneyPatternTimingLinkRef>JPL_14-107-_-y08-2-1-O-1-26</JourneyPatternTimingLinkRef>
        <From />
        <To />
      </VehicleJourneyTimingLink>
    </VehicleJourney>
    <VehicleJourney>
      <PrivateCode>suf-14-107-_-y08-2-6-T0</PrivateCode>
      <Operational>
        <VehicleType>
          <VehicleTypeCode>NoWhCh</VehicleTypeCode>
          <Description>No Wheelchair Access</Description>
        </VehicleType>
      </Operational>
      <VehicleJourneyCode>VJ_14-107-_-y08-2-6-T0</VehicleJourneyCode>
      <ServiceRef>14-107-_-y08-2</ServiceRef>
      <LineRef>14-107-_-y08-2</LineRef>
      <JourneyPatternRef>JP_14-107-_-y08-2-1-O-1</JourneyPatternRef>
      <DepartureTime>13:40:00</DepartureTime>
      <VehicleJourneyTimingLink id="suf-14-107-_-y08-2-6-T01">
        <JourneyPatternTimingLinkRef>JPL_14-107-_-y08-2-1-O-1-2</JourneyPatternTimingLinkRef>
        <From />
        <To />
      </VehicleJourneyTimingLink>
      <VehicleJourneyTimingLink id="suf-14-107-_-y08-2-6-T02">
        <JourneyPatternTimingLinkRef>JPL_14-107-_-y08-2-1-O-1-3</JourneyPatternTimingLinkRef>
        <From />
        <To />
      </VehicleJourneyTimingLink>
      <VehicleJourneyTimingLink id="suf-14-107-_-y08-2-6-T03">
        <JourneyPatternTimingLinkRef>JPL_14-107-_-y08-2-1-O-1-4</JourneyPatternTimingLinkRef>
        <From />
        <To />
      </VehicleJourneyTimingLink>
      <VehicleJourneyTimingLink id="suf-14-107-_-y08-2-6-T04">
        <JourneyPatternTimingLinkRef>JPL_14-107-_-y08-2-1-O-1-5</JourneyPatternTimingLinkRef>
        <From />
        <To />
      </VehicleJourneyTimingLink>
      <VehicleJourneyTimingLink id="suf-14-107-_-y08-2-6-T05">
        <JourneyPatternTimingLinkRef>JPL_14-107-_-y08-2-1-O-1-6</JourneyPatternTimingLinkRef>
        <From />
        <To />
      </VehicleJourneyTimingLink>
      <VehicleJourneyTimingLink id="suf-14-107-_-y08-2-6-T06">
        <JourneyPatternTimingLinkRef>JPL_14-107-_-y08-2-1-O-1-7</JourneyPatternTimingLinkRef>
        <From />
        <To />
      </VehicleJourneyTimingLink>
      <VehicleJourneyTimingLink id="suf-14-107-_-y08-2-6-T07">
        <JourneyPatternTimingLinkRef>JPL_14-107-_-y08-2-1-O-1-8</JourneyPatternTimingLinkRef>
        <From />
        <To />
      </VehicleJourneyTimingLink>
      <VehicleJourneyTimingLink id="suf-14-107-_-y08-2-6-T08">
        <JourneyPatternTimingLinkRef>JPL_14-107-_-y08-2-1-O-1-9</JourneyPatternTimingLinkRef>
        <From />
        <To />
      </VehicleJourneyTimingLink>
      <VehicleJourneyTimingLink id="suf-14-107-_-y08-2-6-T09">
        <JourneyPatternTimingLinkRef>JPL_14-107-_-y08-2-1-O-1-10</JourneyPatternTimingLinkRef>
        <From />
        <To />
      </VehicleJourneyTimingLink>
      <VehicleJourneyTimingLink id="suf-14-107-_-y08-2-6-T010">
        <JourneyPatternTimingLinkRef>JPL_14-107-_-y08-2-1-O-1-11</JourneyPatternTimingLinkRef>
        <From />
        <To />
      </VehicleJourneyTimingLink>
      <VehicleJourneyTimingLink id="suf-14-107-_-y08-2-6-T011">
        <JourneyPatternTimingLinkRef>JPL_14-107-_-y08-2-1-O-1-12</JourneyPatternTimingLinkRef>
        <From />
        <To />
      </VehicleJourneyTimingLink>
      <VehicleJourneyTimingLink id="suf-14-107-_-y08-2-6-T012">
        <JourneyPatternTimingLinkRef>JPL_14-107-_-y08-2-1-O-1-13</JourneyPatternTimingLinkRef>
        <From />
        <To />
      </VehicleJourneyTimingLink>
      <VehicleJourneyTimingLink id="suf-14-107-_-y08-2-6-T013">
        <JourneyPatternTimingLinkRef>JPL_14-107-_-y08-2-1-O-1-14</JourneyPatternTimingLinkRef>
        <From />
        <To />
      </VehicleJourneyTimingLink>
      <VehicleJourneyTimingLink id="suf-14-107-_-y08-2-6-T014">
        <JourneyPatternTimingLinkRef>JPL_14-107-_-y08-2-1-O-1-15</JourneyPatternTimingLinkRef>
        <From />
        <To />
      </VehicleJourneyTimingLink>
      <VehicleJourneyTimingLink id="suf-14-107-_-y08-2-6-T015">
        <JourneyPatternTimingLinkRef>JPL_14-107-_-y08-2-1-O-1-16</JourneyPatternTimingLinkRef>
        <From />
        <To />
      </VehicleJourneyTimingLink>
      <VehicleJourneyTimingLink id="suf-14-107-_-y08-2-6-T016">
        <JourneyPatternTimingLinkRef>JPL_14-107-_-y08-2-1-O-1-17</JourneyPatternTimingLinkRef>
        <From />
        <To />
      </VehicleJourneyTimingLink>
      <VehicleJourneyTimingLink id="suf-14-107-_-y08-2-6-T017">
        <JourneyPatternTimingLinkRef>JPL_14-107-_-y08-2-1-O-1-18</JourneyPatternTimingLinkRef>
        <From />
        <To />
      </VehicleJourneyTimingLink>
      <VehicleJourneyTimingLink id="suf-14-107-_-y08-2-6-T018">
        <JourneyPatternTimingLinkRef>JPL_14-107-_-y08-2-1-O-1-19</JourneyPatternTimingLinkRef>
        <From />
        <To />
      </VehicleJourneyTimingLink>
      <VehicleJourneyTimingLink id="suf-14-107-_-y08-2-6-T019">
        <JourneyPatternTimingLinkRef>JPL_14-107-_-y08-2-1-O-1-20</JourneyPatternTimingLinkRef>
        <From />
        <To />
      </VehicleJourneyTimingLink>
      <VehicleJourneyTimingLink id="suf-14-107-_-y08-2-6-T020">
        <JourneyPatternTimingLinkRef>JPL_14-107-_-y08-2-1-O-1-21</JourneyPatternTimingLinkRef>
        <From />
        <To />
      </VehicleJourneyTimingLink>
      <VehicleJourneyTimingLink id="suf-14-107-_-y08-2-6-T021">
        <JourneyPatternTimingLinkRef>JPL_14-107-_-y08-2-1-O-1-22</JourneyPatternTimingLinkRef>
        <From />
        <To />
      </VehicleJourneyTimingLink>
      <VehicleJourneyTimingLink id="suf-14-107-_-y08-2-6-T022">
        <JourneyPatternTimingLinkRef>JPL_14-107-_-y08-2-1-O-1-23</JourneyPatternTimingLinkRef>
        <From />
        <To />
      </VehicleJourneyTimingLink>
      <VehicleJourneyTimingLink id="suf-14-107-_-y08-2-6-T023">
        <JourneyPatternTimingLinkRef>JPL_14-107-_-y08-2-1-O-1-24</JourneyPatternTimingLinkRef>
        <From />
        <To />
      </VehicleJourneyTimingLink>
      <VehicleJourneyTimingLink id="suf-14-107-_-y08-2-6-T024">
        <JourneyPatternTimingLinkRef>JPL_14-107-_-y08-2-1-O-1-25</JourneyPatternTimingLinkRef>
        <From />
        <To />
      </VehicleJourneyTimingLink>
      <VehicleJourneyTimingLink id="suf-14-107-_-y08-2-6-T025">
        <JourneyPatternTimingLinkRef>JPL_14-107-_-y08-2-1-O-1-26</JourneyPatternTimingLinkRef>
        <From />
        <To />
      </VehicleJourneyTimingLink>
    </VehicleJourney>
  </VehicleJourneys>
</TransXChange>