<?xml version="1.0" encoding="utf-8"?>
<TransXChange xmlns:xsi="http://www.w3.org/2001/XMLSchema-instance" xmlns:xsd="http://www.w3.org/2001/XMLSchema" xsi:schemaLocation="http://www.transxchange.org.uk/ http://www.transxchange.org.uk/schema/2.5/TransXChange_general.xsd" CreationDateTime="2019-11-07T16:04:54.3554Z" ModificationDateTime="2019-11-07T16:04:54.3554Z" Modification="new" RevisionNumber="3" FileName="suf_1-99H-_-y08-1.xml" SchemaVersion="2.5" RegistrationDocument="true" xmlns="http://www.transxchange.org.uk/">
  <StopPoints>
    <AnnotatedStopPointRef>
      <StopPointRef>390070975</StopPointRef>
      <CommonName>School</CommonName>
      <Indicator>o/s</Indicator>
      <LocalityName>Bungay</LocalityName>
      <LocalityQualifier>Suffolk</LocalityQualifier>
    </AnnotatedStopPointRef>
    <AnnotatedStopPointRef>
      <StopPointRef>390070977</StopPointRef>
      <CommonName>George Baldry Way</CommonName>
      <Indicator>adj</Indicator>
      <LocalityName>Bungay</LocalityName>
      <LocalityQualifier>Suffolk</LocalityQualifier>
    </AnnotatedStopPointRef>
    <AnnotatedStopPointRef>
      <StopPointRef>390070974</StopPointRef>
      <CommonName>Kings Road</CommonName>
      <Indicator>opp</Indicator>
      <LocalityName>Bungay</LocalityName>
      <LocalityQualifier>Suffolk</LocalityQualifier>
    </AnnotatedStopPointRef>
    <AnnotatedStopPointRef>
      <StopPointRef>390070068</StopPointRef>
      <CommonName>Mettingham Turn</CommonName>
      <Indicator>adj</Indicator>
      <LocalityName>Ilketshall St John</LocalityName>
      <LocalityQualifier>Suffolk</LocalityQualifier>
    </AnnotatedStopPointRef>
    <AnnotatedStopPointRef>
      <StopPointRef>390070078</StopPointRef>
      <CommonName>Top Road</CommonName>
      <LocalityName>Ilketshall St Andrew</LocalityName>
      <LocalityQualifier>Suffolk</LocalityQualifier>
    </AnnotatedStopPointRef>
    <AnnotatedStopPointRef>
      <StopPointRef>390070947</StopPointRef>
      <CommonName>Mill Houses</CommonName>
      <LocalityName>Ilketshall St Lawren</LocalityName>
      <LocalityQualifier>Suffolk</LocalityQualifier>
    </AnnotatedStopPointRef>
    <AnnotatedStopPointRef>
      <StopPointRef>390070949</StopPointRef>
      <CommonName>School</CommonName>
      <Indicator>S-bound</Indicator>
      <LocalityName>Ilketshall St Lawren</LocalityName>
      <LocalityQualifier>Suffolk</LocalityQualifier>
    </AnnotatedStopPointRef>
    <AnnotatedStopPointRef>
      <StopPointRef>390060080</StopPointRef>
      <CommonName>Bus Shelter</CommonName>
      <Indicator>opp</Indicator>
      <LocalityName>Stone Street/Ilketsh</LocalityName>
      <LocalityQualifier>Suffolk</LocalityQualifier>
    </AnnotatedStopPointRef>
    <AnnotatedStopPointRef>
      <StopPointRef>390060109</StopPointRef>
      <CommonName>Church Lane</CommonName>
      <LocalityName>Spexhall</LocalityName>
      <LocalityQualifier>Suffolk</LocalityQualifier>
    </AnnotatedStopPointRef>
    <AnnotatedStopPointRef>
      <StopPointRef>390070959</StopPointRef>
      <CommonName>Broadway Drive Industrial Estate</CommonName>
      <Indicator>opp</Indicator>
      <LocalityName>Broadway(Halesworth)</LocalityName>
      <LocalityQualifier>Suffolk</LocalityQualifier>
    </AnnotatedStopPointRef>
    <AnnotatedStopPointRef>
      <StopPointRef>390070193</StopPointRef>
      <CommonName>Water Tower</CommonName>
      <Indicator>opp</Indicator>
      <LocalityName>Halesworth</LocalityName>
      <LocalityQualifier>Suffolk</LocalityQualifier>
    </AnnotatedStopPointRef>
    <AnnotatedStopPointRef>
      <StopPointRef>390070199</StopPointRef>
      <CommonName>Police Station</CommonName>
      <LocalityName>Halesworth</LocalityName>
      <LocalityQualifier>Suffolk</LocalityQualifier>
    </AnnotatedStopPointRef>
    <AnnotatedStopPointRef>
      <StopPointRef>390070272</StopPointRef>
      <CommonName>Wissett Road</CommonName>
      <Indicator>opp</Indicator>
      <LocalityName>Halesworth</LocalityName>
      <LocalityQualifier>Suffolk</LocalityQualifier>
    </AnnotatedStopPointRef>
    <AnnotatedStopPointRef>
      <StopPointRef>390070186</StopPointRef>
      <CommonName>Car Park</CommonName>
      <Indicator>opp</Indicator>
      <LocalityName>Halesworth</LocalityName>
      <LocalityQualifier>Suffolk</LocalityQualifier>
    </AnnotatedStopPointRef>
    <AnnotatedStopPointRef>
      <StopPointRef>390070278</StopPointRef>
      <CommonName>Co-Op</CommonName>
      <Indicator>opp</Indicator>
      <LocalityName>Halesworth</LocalityName>
      <LocalityQualifier>Suffolk</LocalityQualifier>
    </AnnotatedStopPointRef>
    <AnnotatedStopPointRef>
      <StopPointRef>390070956</StopPointRef>
      <CommonName>Garage</CommonName>
      <Indicator>opp</Indicator>
      <LocalityName>Halesworth</LocalityName>
      <LocalityQualifier>Suffolk</LocalityQualifier>
    </AnnotatedStopPointRef>
    <AnnotatedStopPointRef>
      <StopPointRef>390070289</StopPointRef>
      <CommonName>Police Houses</CommonName>
      <Indicator>opp</Indicator>
      <LocalityName>Halesworth</LocalityName>
      <LocalityQualifier>Suffolk</LocalityQualifier>
    </AnnotatedStopPointRef>
    <AnnotatedStopPointRef>
      <StopPointRef>390070360</StopPointRef>
      <CommonName>Shelter</CommonName>
      <Indicator>adj</Indicator>
      <LocalityName>Halesworth</LocalityName>
      <LocalityQualifier>Suffolk</LocalityQualifier>
    </AnnotatedStopPointRef>
    <AnnotatedStopPointRef>
      <StopPointRef>390070362</StopPointRef>
      <CommonName>Bedingfield Crescent</CommonName>
      <LocalityName>Halesworth</LocalityName>
      <LocalityQualifier>Suffolk</LocalityQualifier>
    </AnnotatedStopPointRef>
    <AnnotatedStopPointRef>
      <StopPointRef>390070364</StopPointRef>
      <CommonName>Nightingale Close</CommonName>
      <Indicator>opp</Indicator>
      <LocalityName>Halesworth</LocalityName>
      <LocalityQualifier>Suffolk</LocalityQualifier>
    </AnnotatedStopPointRef>
    <AnnotatedStopPointRef>
      <StopPointRef>390070366</StopPointRef>
      <CommonName>Kennedy Avenue</CommonName>
      <Indicator>adj</Indicator>
      <LocalityName>Halesworth</LocalityName>
      <LocalityQualifier>Suffolk</LocalityQualifier>
    </AnnotatedStopPointRef>
    <AnnotatedStopPointRef>
      <StopPointRef>390070368</StopPointRef>
      <CommonName>Walpole Road</CommonName>
      <Indicator>opp 35</Indicator>
      <LocalityName>Halesworth</LocalityName>
      <LocalityQualifier>Suffolk</LocalityQualifier>
    </AnnotatedStopPointRef>
    <AnnotatedStopPointRef>
      <StopPointRef>390070370</StopPointRef>
      <CommonName>Earls Close</CommonName>
      <Indicator>opp</Indicator>
      <LocalityName>Halesworth</LocalityName>
      <LocalityQualifier>Suffolk</LocalityQualifier>
    </AnnotatedStopPointRef>
    <AnnotatedStopPointRef>
      <StopPointRef>390070279</StopPointRef>
      <CommonName>Jermyn Way</CommonName>
      <Indicator>opp</Indicator>
      <LocalityName>Halesworth</LocalityName>
      <LocalityQualifier>Suffolk</LocalityQualifier>
    </AnnotatedStopPointRef>
    <AnnotatedStopPointRef>
      <StopPointRef>390034619</StopPointRef>
      <CommonName>Allington Road</CommonName>
      <Indicator>adj</Indicator>
      <LocalityName>Halesworth</LocalityName>
      <LocalityQualifier>Suffolk</LocalityQualifier>
    </AnnotatedStopPointRef>
    <AnnotatedStopPointRef>
      <StopPointRef>390070281</StopPointRef>
      <CommonName>Dukes Drive</CommonName>
      <Indicator>opp</Indicator>
      <LocalityName>Halesworth</LocalityName>
      <LocalityQualifier>Suffolk</LocalityQualifier>
    </AnnotatedStopPointRef>
    <AnnotatedStopPointRef>
      <StopPointRef>390070277</StopPointRef>
      <CommonName>Co-Op</CommonName>
      <Indicator>adj</Indicator>
      <LocalityName>Halesworth</LocalityName>
      <LocalityQualifier>Suffolk</LocalityQualifier>
    </AnnotatedStopPointRef>
    <AnnotatedStopPointRef>
      <StopPointRef>390070187</StopPointRef>
      <CommonName>Car Park</CommonName>
      <LocalityName>Halesworth</LocalityName>
      <LocalityQualifier>Suffolk</LocalityQualifier>
    </AnnotatedStopPointRef>
    <AnnotatedStopPointRef>
      <StopPointRef>390070271</StopPointRef>
      <CommonName>Wissett Road</CommonName>
      <Indicator>adj</Indicator>
      <LocalityName>Halesworth</LocalityName>
      <LocalityQualifier>Suffolk</LocalityQualifier>
    </AnnotatedStopPointRef>
    <AnnotatedStopPointRef>
      <StopPointRef>390070198</StopPointRef>
      <CommonName>Mount Pleasant</CommonName>
      <Indicator>adj</Indicator>
      <LocalityName>Halesworth</LocalityName>
      <LocalityQualifier>Suffolk</LocalityQualifier>
    </AnnotatedStopPointRef>
    <AnnotatedStopPointRef>
      <StopPointRef>390070192</StopPointRef>
      <CommonName>Water Tower</CommonName>
      <Indicator>adj</Indicator>
      <LocalityName>Halesworth</LocalityName>
      <LocalityQualifier>Suffolk</LocalityQualifier>
    </AnnotatedStopPointRef>
    <AnnotatedStopPointRef>
      <StopPointRef>390070958</StopPointRef>
      <CommonName>Broadway Drive Industrial Estate</CommonName>
      <Indicator>adj</Indicator>
      <LocalityName>Broadway(Halesworth)</LocalityName>
      <LocalityQualifier>Suffolk</LocalityQualifier>
    </AnnotatedStopPointRef>
    <AnnotatedStopPointRef>
      <StopPointRef>390060108</StopPointRef>
      <CommonName>Church Lane</CommonName>
      <Indicator>adj</Indicator>
      <LocalityName>Spexhall</LocalityName>
      <LocalityQualifier>Suffolk</LocalityQualifier>
    </AnnotatedStopPointRef>
    <AnnotatedStopPointRef>
      <StopPointRef>390060079</StopPointRef>
      <CommonName>Bus Shelter</CommonName>
      <LocalityName>Stone Street/Ilketsh</LocalityName>
      <LocalityQualifier>Suffolk</LocalityQualifier>
    </AnnotatedStopPointRef>
    <AnnotatedStopPointRef>
      <StopPointRef>390070948</StopPointRef>
      <CommonName>School</CommonName>
      <Indicator>N-bound</Indicator>
      <LocalityName>Ilketshall St Lawren</LocalityName>
      <LocalityQualifier>Suffolk</LocalityQualifier>
    </AnnotatedStopPointRef>
    <AnnotatedStopPointRef>
      <StopPointRef>390070946</StopPointRef>
      <CommonName>Mill Houses</CommonName>
      <LocalityName>Ilketshall St Lawren</LocalityName>
      <LocalityQualifier>Suffolk</LocalityQualifier>
    </AnnotatedStopPointRef>
    <AnnotatedStopPointRef>
      <StopPointRef>390070079</StopPointRef>
      <CommonName>Top Road</CommonName>
      <LocalityName>Ilketshall St Andrew</LocalityName>
      <LocalityQualifier>Suffolk</LocalityQualifier>
    </AnnotatedStopPointRef>
    <AnnotatedStopPointRef>
      <StopPointRef>390070069</StopPointRef>
      <CommonName>Mettingham Turn</CommonName>
      <Indicator>opp</Indicator>
      <LocalityName>Ilketshall St John</LocalityName>
      <LocalityQualifier>Suffolk</LocalityQualifier>
    </AnnotatedStopPointRef>
    <AnnotatedStopPointRef>
      <StopPointRef>390070973</StopPointRef>
      <CommonName>Kings Road</CommonName>
      <Indicator>adj</Indicator>
      <LocalityName>Bungay</LocalityName>
      <LocalityQualifier>Suffolk</LocalityQualifier>
    </AnnotatedStopPointRef>
    <AnnotatedStopPointRef>
      <StopPointRef>390070976</StopPointRef>
      <CommonName>George Baldry Way</CommonName>
      <Indicator>opp</Indicator>
      <LocalityName>Bungay</LocalityName>
      <LocalityQualifier>Suffolk</LocalityQualifier>
    </AnnotatedStopPointRef>
    <AnnotatedStopPointRef>
      <StopPointRef>390070053</StopPointRef>
      <CommonName>Old Grammar School Lane</CommonName>
      <Indicator>adj</Indicator>
      <LocalityName>Bungay</LocalityName>
      <LocalityQualifier>Suffolk</LocalityQualifier>
    </AnnotatedStopPointRef>
    <AnnotatedStopPointRef>
      <StopPointRef>390070857</StopPointRef>
      <CommonName>Hillside Road</CommonName>
      <Indicator>adj</Indicator>
      <LocalityName>Bungay</LocalityName>
      <LocalityQualifier>Suffolk</LocalityQualifier>
    </AnnotatedStopPointRef>
    <AnnotatedStopPointRef>
      <StopPointRef>390071065</StopPointRef>
      <CommonName>Wingfield Street</CommonName>
      <LocalityName>Bungay</LocalityName>
      <LocalityQualifier>Suffolk</LocalityQualifier>
    </AnnotatedStopPointRef>
    <AnnotatedStopPointRef>
      <StopPointRef>390070047</StopPointRef>
      <CommonName>Butter Cross</CommonName>
      <Indicator>opp</Indicator>
      <LocalityName>Bungay</LocalityName>
      <LocalityQualifier>Suffolk</LocalityQualifier>
    </AnnotatedStopPointRef>
  </StopPoints>
  <RouteSections>
    <RouteSection id="RS_1-99H-_-y08-1-O-1">
      <RouteLink id="RL_1-99H-_-y08-1-O-1-1">
        <From>
          <StopPointRef>390070360</StopPointRef>
        </From>
        <To>
          <StopPointRef>390070362</StopPointRef>
        </To>
        <Direction>outbound</Direction>
      </RouteLink>
      <RouteLink id="RL_1-99H-_-y08-1-O-1-2">
        <From>
          <StopPointRef>390070362</StopPointRef>
        </From>
        <To>
          <StopPointRef>390070364</StopPointRef>
        </To>
        <Direction>outbound</Direction>
      </RouteLink>
      <RouteLink id="RL_1-99H-_-y08-1-O-1-3">
        <From>
          <StopPointRef>390070364</StopPointRef>
        </From>
        <To>
          <StopPointRef>390070366</StopPointRef>
        </To>
        <Direction>outbound</Direction>
      </RouteLink>
      <RouteLink id="RL_1-99H-_-y08-1-O-1-4">
        <From>
          <StopPointRef>390070366</StopPointRef>
        </From>
        <To>
          <StopPointRef>390070368</StopPointRef>
        </To>
        <Direction>outbound</Direction>
      </RouteLink>
      <RouteLink id="RL_1-99H-_-y08-1-O-1-5">
        <From>
          <StopPointRef>390070368</StopPointRef>
        </From>
        <To>
          <StopPointRef>390070370</StopPointRef>
        </To>
        <Direction>outbound</Direction>
      </RouteLink>
      <RouteLink id="RL_1-99H-_-y08-1-O-1-6">
        <From>
          <StopPointRef>390070370</StopPointRef>
        </From>
        <To>
          <StopPointRef>390070279</StopPointRef>
        </To>
        <Direction>outbound</Direction>
      </RouteLink>
      <RouteLink id="RL_1-99H-_-y08-1-O-1-7">
        <From>
          <StopPointRef>390070279</StopPointRef>
        </From>
        <To>
          <StopPointRef>390034619</StopPointRef>
        </To>
        <Direction>outbound</Direction>
      </RouteLink>
      <RouteLink id="RL_1-99H-_-y08-1-O-1-8">
        <From>
          <StopPointRef>390034619</StopPointRef>
        </From>
        <To>
          <StopPointRef>390070281</StopPointRef>
        </To>
        <Direction>outbound</Direction>
      </RouteLink>
      <RouteLink id="RL_1-99H-_-y08-1-O-1-9">
        <From>
          <StopPointRef>390070281</StopPointRef>
        </From>
        <To>
          <StopPointRef>390070277</StopPointRef>
        </To>
        <Direction>outbound</Direction>
      </RouteLink>
      <RouteLink id="RL_1-99H-_-y08-1-O-1-10">
        <From>
          <StopPointRef>390070277</StopPointRef>
        </From>
        <To>
          <StopPointRef>390070187</StopPointRef>
        </To>
        <Direction>outbound</Direction>
      </RouteLink>
      <RouteLink id="RL_1-99H-_-y08-1-O-1-11">
        <From>
          <StopPointRef>390070187</StopPointRef>
        </From>
        <To>
          <StopPointRef>390070271</StopPointRef>
        </To>
        <Direction>outbound</Direction>
      </RouteLink>
      <RouteLink id="RL_1-99H-_-y08-1-O-1-12">
        <From>
          <StopPointRef>390070271</StopPointRef>
        </From>
        <To>
          <StopPointRef>390070198</StopPointRef>
        </To>
        <Direction>outbound</Direction>
      </RouteLink>
      <RouteLink id="RL_1-99H-_-y08-1-O-1-13">
        <From>
          <StopPointRef>390070198</StopPointRef>
        </From>
        <To>
          <StopPointRef>390070192</StopPointRef>
        </To>
        <Direction>outbound</Direction>
      </RouteLink>
      <RouteLink id="RL_1-99H-_-y08-1-O-1-14">
        <From>
          <StopPointRef>390070192</StopPointRef>
        </From>
        <To>
          <StopPointRef>390070958</StopPointRef>
        </To>
        <Direction>outbound</Direction>
      </RouteLink>
      <RouteLink id="RL_1-99H-_-y08-1-O-1-15">
        <From>
          <StopPointRef>390070958</StopPointRef>
        </From>
        <To>
          <StopPointRef>390060108</StopPointRef>
        </To>
        <Direction>outbound</Direction>
      </RouteLink>
      <RouteLink id="RL_1-99H-_-y08-1-O-1-16">
        <From>
          <StopPointRef>390060108</StopPointRef>
        </From>
        <To>
          <StopPointRef>390060079</StopPointRef>
        </To>
        <Direction>outbound</Direction>
      </RouteLink>
      <RouteLink id="RL_1-99H-_-y08-1-O-1-17">
        <From>
          <StopPointRef>390060079</StopPointRef>
        </From>
        <To>
          <StopPointRef>390070948</StopPointRef>
        </To>
        <Direction>outbound</Direction>
      </RouteLink>
      <RouteLink id="RL_1-99H-_-y08-1-O-1-18">
        <From>
          <StopPointRef>390070948</StopPointRef>
        </From>
        <To>
          <StopPointRef>390070946</StopPointRef>
        </To>
        <Direction>outbound</Direction>
      </RouteLink>
      <RouteLink id="RL_1-99H-_-y08-1-O-1-19">
        <From>
          <StopPointRef>390070946</StopPointRef>
        </From>
        <To>
          <StopPointRef>390070079</StopPointRef>
        </To>
        <Direction>outbound</Direction>
      </RouteLink>
      <RouteLink id="RL_1-99H-_-y08-1-O-1-20">
        <From>
          <StopPointRef>390070079</StopPointRef>
        </From>
        <To>
          <StopPointRef>390070069</StopPointRef>
        </To>
        <Direction>outbound</Direction>
      </RouteLink>
      <RouteLink id="RL_1-99H-_-y08-1-O-1-21">
        <From>
          <StopPointRef>390070069</StopPointRef>
        </From>
        <To>
          <StopPointRef>390070973</StopPointRef>
        </To>
        <Direction>outbound</Direction>
      </RouteLink>
      <RouteLink id="RL_1-99H-_-y08-1-O-1-22">
        <From>
          <StopPointRef>390070973</StopPointRef>
        </From>
        <To>
          <StopPointRef>390070976</StopPointRef>
        </To>
        <Direction>outbound</Direction>
      </RouteLink>
      <RouteLink id="RL_1-99H-_-y08-1-O-1-23">
        <From>
          <StopPointRef>390070976</StopPointRef>
        </From>
        <To>
          <StopPointRef>390070975</StopPointRef>
        </To>
        <Direction>outbound</Direction>
      </RouteLink>
      <RouteLink id="RL_1-99H-_-y08-1-O-1-24">
        <From>
          <StopPointRef>390070975</StopPointRef>
        </From>
        <To>
          <StopPointRef>390070053</StopPointRef>
        </To>
        <Direction>outbound</Direction>
      </RouteLink>
      <RouteLink id="RL_1-99H-_-y08-1-O-1-25">
        <From>
          <StopPointRef>390070053</StopPointRef>
        </From>
        <To>
          <StopPointRef>390070857</StopPointRef>
        </To>
        <Direction>outbound</Direction>
      </RouteLink>
      <RouteLink id="RL_1-99H-_-y08-1-O-1-26">
        <From>
          <StopPointRef>390070857</StopPointRef>
        </From>
        <To>
          <StopPointRef>390071065</StopPointRef>
        </To>
        <Direction>outbound</Direction>
      </RouteLink>
      <RouteLink id="RL_1-99H-_-y08-1-O-1-27">
        <From>
          <StopPointRef>390071065</StopPointRef>
        </From>
        <To>
          <StopPointRef>390070047</StopPointRef>
        </To>
        <Direction>outbound</Direction>
      </RouteLink>
    </RouteSection>
    <RouteSection id="RS_1-99H-_-y08-1-I-2">
      <RouteLink id="RL_1-99H-_-y08-1-I-2-1">
        <From>
          <StopPointRef>390070975</StopPointRef>
        </From>
        <To>
          <StopPointRef>390070977</StopPointRef>
        </To>
        <Direction>inbound</Direction>
      </RouteLink>
      <RouteLink id="RL_1-99H-_-y08-1-I-2-2">
        <From>
          <StopPointRef>390070977</StopPointRef>
        </From>
        <To>
          <StopPointRef>390070974</StopPointRef>
        </To>
        <Direction>inbound</Direction>
      </RouteLink>
      <RouteLink id="RL_1-99H-_-y08-1-I-2-3">
        <From>
          <StopPointRef>390070974</StopPointRef>
        </From>
        <To>
          <StopPointRef>390070068</StopPointRef>
        </To>
        <Direction>inbound</Direction>
      </RouteLink>
      <RouteLink id="RL_1-99H-_-y08-1-I-2-4">
        <From>
          <StopPointRef>390070068</StopPointRef>
        </From>
        <To>
          <StopPointRef>390070078</StopPointRef>
        </To>
        <Direction>inbound</Direction>
      </RouteLink>
      <RouteLink id="RL_1-99H-_-y08-1-I-2-5">
        <From>
          <StopPointRef>390070078</StopPointRef>
        </From>
        <To>
          <StopPointRef>390070947</StopPointRef>
        </To>
        <Direction>inbound</Direction>
      </RouteLink>
      <RouteLink id="RL_1-99H-_-y08-1-I-2-6">
        <From>
          <StopPointRef>390070947</StopPointRef>
        </From>
        <To>
          <StopPointRef>390070949</StopPointRef>
        </To>
        <Direction>inbound</Direction>
      </RouteLink>
      <RouteLink id="RL_1-99H-_-y08-1-I-2-7">
        <From>
          <StopPointRef>390070949</StopPointRef>
        </From>
        <To>
          <StopPointRef>390060080</StopPointRef>
        </To>
        <Direction>inbound</Direction>
      </RouteLink>
      <RouteLink id="RL_1-99H-_-y08-1-I-2-8">
        <From>
          <StopPointRef>390060080</StopPointRef>
        </From>
        <To>
          <StopPointRef>390060109</StopPointRef>
        </To>
        <Direction>inbound</Direction>
      </RouteLink>
      <RouteLink id="RL_1-99H-_-y08-1-I-2-9">
        <From>
          <StopPointRef>390060109</StopPointRef>
        </From>
        <To>
          <StopPointRef>390070959</StopPointRef>
        </To>
        <Direction>inbound</Direction>
      </RouteLink>
      <RouteLink id="RL_1-99H-_-y08-1-I-2-10">
        <From>
          <StopPointRef>390070959</StopPointRef>
        </From>
        <To>
          <StopPointRef>390070193</StopPointRef>
        </To>
        <Direction>inbound</Direction>
      </RouteLink>
      <RouteLink id="RL_1-99H-_-y08-1-I-2-11">
        <From>
          <StopPointRef>390070193</StopPointRef>
        </From>
        <To>
          <StopPointRef>390070199</StopPointRef>
        </To>
        <Direction>inbound</Direction>
      </RouteLink>
      <RouteLink id="RL_1-99H-_-y08-1-I-2-12">
        <From>
          <StopPointRef>390070199</StopPointRef>
        </From>
        <To>
          <StopPointRef>390070272</StopPointRef>
        </To>
        <Direction>inbound</Direction>
      </RouteLink>
      <RouteLink id="RL_1-99H-_-y08-1-I-2-13">
        <From>
          <StopPointRef>390070272</StopPointRef>
        </From>
        <To>
          <StopPointRef>390070186</StopPointRef>
        </To>
        <Direction>inbound</Direction>
      </RouteLink>
      <RouteLink id="RL_1-99H-_-y08-1-I-2-14">
        <From>
          <StopPointRef>390070186</StopPointRef>
        </From>
        <To>
          <StopPointRef>390070278</StopPointRef>
        </To>
        <Direction>inbound</Direction>
      </RouteLink>
      <RouteLink id="RL_1-99H-_-y08-1-I-2-15">
        <From>
          <StopPointRef>390070278</StopPointRef>
        </From>
        <To>
          <StopPointRef>390070956</StopPointRef>
        </To>
        <Direction>inbound</Direction>
      </RouteLink>
      <RouteLink id="RL_1-99H-_-y08-1-I-2-16">
        <From>
          <StopPointRef>390070956</StopPointRef>
        </From>
        <To>
          <StopPointRef>390070289</StopPointRef>
        </To>
        <Direction>inbound</Direction>
      </RouteLink>
      <RouteLink id="RL_1-99H-_-y08-1-I-2-17">
        <From>
          <StopPointRef>390070289</StopPointRef>
        </From>
        <To>
          <StopPointRef>390070360</StopPointRef>
        </To>
        <Direction>inbound</Direction>
      </RouteLink>
      <RouteLink id="RL_1-99H-_-y08-1-I-2-18">
        <From>
          <StopPointRef>390070360</StopPointRef>
        </From>
        <To>
          <StopPointRef>390070362</StopPointRef>
        </To>
        <Direction>inbound</Direction>
      </RouteLink>
      <RouteLink id="RL_1-99H-_-y08-1-I-2-19">
        <From>
          <StopPointRef>390070362</StopPointRef>
        </From>
        <To>
          <StopPointRef>390070364</StopPointRef>
        </To>
        <Direction>inbound</Direction>
      </RouteLink>
      <RouteLink id="RL_1-99H-_-y08-1-I-2-20">
        <From>
          <StopPointRef>390070364</StopPointRef>
        </From>
        <To>
          <StopPointRef>390070366</StopPointRef>
        </To>
        <Direction>inbound</Direction>
      </RouteLink>
      <RouteLink id="RL_1-99H-_-y08-1-I-2-21">
        <From>
          <StopPointRef>390070366</StopPointRef>
        </From>
        <To>
          <StopPointRef>390070368</StopPointRef>
        </To>
        <Direction>inbound</Direction>
      </RouteLink>
      <RouteLink id="RL_1-99H-_-y08-1-I-2-22">
        <From>
          <StopPointRef>390070368</StopPointRef>
        </From>
        <To>
          <StopPointRef>390070370</StopPointRef>
        </To>
        <Direction>inbound</Direction>
      </RouteLink>
      <RouteLink id="RL_1-99H-_-y08-1-I-2-23">
        <From>
          <StopPointRef>390070370</StopPointRef>
        </From>
        <To>
          <StopPointRef>390070279</StopPointRef>
        </To>
        <Direction>inbound</Direction>
      </RouteLink>
      <RouteLink id="RL_1-99H-_-y08-1-I-2-24">
        <From>
          <StopPointRef>390070279</StopPointRef>
        </From>
        <To>
          <StopPointRef>390034619</StopPointRef>
        </To>
        <Direction>inbound</Direction>
      </RouteLink>
      <RouteLink id="RL_1-99H-_-y08-1-I-2-25">
        <From>
          <StopPointRef>390034619</StopPointRef>
        </From>
        <To>
          <StopPointRef>390070281</StopPointRef>
        </To>
        <Direction>inbound</Direction>
      </RouteLink>
    </RouteSection>
  </RouteSections>
  <Routes>
    <Route id="R_1-99H-_-y08-1-O-1">
      <PrivateCode>R_1-99H-_-y08-1-O-1</PrivateCode>
      <Description>Shelter - Butter Cross</Description>
      <RouteSectionRef>RS_1-99H-_-y08-1-O-1</RouteSectionRef>
    </Route>
    <Route id="R_1-99H-_-y08-1-I-2">
      <PrivateCode>R_1-99H-_-y08-1-I-2</PrivateCode>
      <Description>School - Dukes Drive</Description>
      <RouteSectionRef>RS_1-99H-_-y08-1-I-2</RouteSectionRef>
    </Route>
  </Routes>
  <JourneyPatternSections>
    <JourneyPatternSection id="JPS_1-99H-_-y08-1-1-1-O">
      <JourneyPatternTimingLink id="JPL_1-99H-_-y08-1-1-O-1-2">
        <From SequenceNumber="1">
          <Activity>pickUp</Activity>
          <StopPointRef>390070360</StopPointRef>
          <TimingStatus>PTP</TimingStatus>
        </From>
        <To SequenceNumber="2">
          <Activity>pickUpAndSetDown</Activity>
          <StopPointRef>390070362</StopPointRef>
          <TimingStatus>OTH</TimingStatus>
        </To>
        <RouteLinkRef>RL_1-99H-_-y08-1-O-1-1</RouteLinkRef>
        <RunTime>PT3S</RunTime>
      </JourneyPatternTimingLink>
      <JourneyPatternTimingLink id="JPL_1-99H-_-y08-1-1-O-1-3">
        <From SequenceNumber="2">
          <Activity>pickUpAndSetDown</Activity>
          <StopPointRef>390070362</StopPointRef>
          <TimingStatus>OTH</TimingStatus>
        </From>
        <To SequenceNumber="3">
          <Activity>pickUpAndSetDown</Activity>
          <StopPointRef>390070364</StopPointRef>
          <TimingStatus>OTH</TimingStatus>
        </To>
        <RouteLinkRef>RL_1-99H-_-y08-1-O-1-2</RouteLinkRef>
        <RunTime>PT35S</RunTime>
      </JourneyPatternTimingLink>
      <JourneyPatternTimingLink id="JPL_1-99H-_-y08-1-1-O-1-4">
        <From SequenceNumber="3">
          <Activity>pickUpAndSetDown</Activity>
          <StopPointRef>390070364</StopPointRef>
          <TimingStatus>OTH</TimingStatus>
        </From>
        <To SequenceNumber="4">
          <Activity>pickUpAndSetDown</Activity>
          <StopPointRef>390070366</StopPointRef>
          <TimingStatus>OTH</TimingStatus>
        </To>
        <RouteLinkRef>RL_1-99H-_-y08-1-O-1-3</RouteLinkRef>
        <RunTime>PT34S</RunTime>
      </JourneyPatternTimingLink>
      <JourneyPatternTimingLink id="JPL_1-99H-_-y08-1-1-O-1-5">
        <From SequenceNumber="4">
          <Activity>pickUpAndSetDown</Activity>
          <StopPointRef>390070366</StopPointRef>
          <TimingStatus>OTH</TimingStatus>
        </From>
        <To SequenceNumber="5">
          <Activity>pickUpAndSetDown</Activity>
          <StopPointRef>390070368</StopPointRef>
          <TimingStatus>OTH</TimingStatus>
        </To>
        <RouteLinkRef>RL_1-99H-_-y08-1-O-1-4</RouteLinkRef>
        <RunTime>PT8S</RunTime>
      </JourneyPatternTimingLink>
      <JourneyPatternTimingLink id="JPL_1-99H-_-y08-1-1-O-1-6">
        <From SequenceNumber="5">
          <Activity>pickUpAndSetDown</Activity>
          <StopPointRef>390070368</StopPointRef>
          <TimingStatus>OTH</TimingStatus>
        </From>
        <To SequenceNumber="6">
          <Activity>pickUpAndSetDown</Activity>
          <StopPointRef>390070370</StopPointRef>
          <TimingStatus>OTH</TimingStatus>
        </To>
        <RouteLinkRef>RL_1-99H-_-y08-1-O-1-5</RouteLinkRef>
        <RunTime>PT33S</RunTime>
      </JourneyPatternTimingLink>
      <JourneyPatternTimingLink id="JPL_1-99H-_-y08-1-1-O-1-7">
        <From SequenceNumber="6">
          <Activity>pickUpAndSetDown</Activity>
          <StopPointRef>390070370</StopPointRef>
          <TimingStatus>OTH</TimingStatus>
        </From>
        <To SequenceNumber="7">
          <Activity>pickUpAndSetDown</Activity>
          <StopPointRef>390070279</StopPointRef>
          <TimingStatus>OTH</TimingStatus>
        </To>
        <RouteLinkRef>RL_1-99H-_-y08-1-O-1-6</RouteLinkRef>
        <RunTime>PT1M10S</RunTime>
      </JourneyPatternTimingLink>
      <JourneyPatternTimingLink id="JPL_1-99H-_-y08-1-1-O-1-8">
        <From SequenceNumber="7">
          <Activity>pickUpAndSetDown</Activity>
          <StopPointRef>390070279</StopPointRef>
          <TimingStatus>OTH</TimingStatus>
        </From>
        <To SequenceNumber="8">
          <Activity>pickUpAndSetDown</Activity>
          <StopPointRef>390034619</StopPointRef>
          <TimingStatus>OTH</TimingStatus>
        </To>
        <RouteLinkRef>RL_1-99H-_-y08-1-O-1-7</RouteLinkRef>
        <RunTime>PT37S</RunTime>
      </JourneyPatternTimingLink>
      <JourneyPatternTimingLink id="JPL_1-99H-_-y08-1-1-O-1-9">
        <From SequenceNumber="8">
          <Activity>pickUpAndSetDown</Activity>
          <StopPointRef>390034619</StopPointRef>
          <TimingStatus>OTH</TimingStatus>
        </From>
        <To SequenceNumber="9">
          <Activity>pickUpAndSetDown</Activity>
          <StopPointRef>390070281</StopPointRef>
          <TimingStatus>PTP</TimingStatus>
        </To>
        <RouteLinkRef>RL_1-99H-_-y08-1-O-1-8</RouteLinkRef>
        <RunTime>PT20S</RunTime>
      </JourneyPatternTimingLink>
      <JourneyPatternTimingLink id="JPL_1-99H-_-y08-1-1-O-1-10">
        <From SequenceNumber="9">
          <Activity>pickUpAndSetDown</Activity>
          <StopPointRef>390070281</StopPointRef>
          <TimingStatus>PTP</TimingStatus>
        </From>
        <To SequenceNumber="10">
          <Activity>pickUpAndSetDown</Activity>
          <StopPointRef>390070277</StopPointRef>
          <TimingStatus>OTH</TimingStatus>
        </To>
        <RouteLinkRef>RL_1-99H-_-y08-1-O-1-9</RouteLinkRef>
        <RunTime>PT59S</RunTime>
      </JourneyPatternTimingLink>
      <JourneyPatternTimingLink id="JPL_1-99H-_-y08-1-1-O-1-11">
        <From SequenceNumber="10">
          <Activity>pickUpAndSetDown</Activity>
          <StopPointRef>390070277</StopPointRef>
          <TimingStatus>OTH</TimingStatus>
        </From>
        <To SequenceNumber="11">
          <Activity>pickUpAndSetDown</Activity>
          <StopPointRef>390070187</StopPointRef>
          <TimingStatus>PTP</TimingStatus>
        </To>
        <RouteLinkRef>RL_1-99H-_-y08-1-O-1-10</RouteLinkRef>
        <RunTime>PT2M1S</RunTime>
      </JourneyPatternTimingLink>
      <JourneyPatternTimingLink id="JPL_1-99H-_-y08-1-1-O-1-12">
        <From SequenceNumber="11">
          <Activity>pickUpAndSetDown</Activity>
          <StopPointRef>390070187</StopPointRef>
          <TimingStatus>PTP</TimingStatus>
        </From>
        <To SequenceNumber="12">
          <Activity>pickUpAndSetDown</Activity>
          <StopPointRef>390070271</StopPointRef>
          <TimingStatus>OTH</TimingStatus>
        </To>
        <RouteLinkRef>RL_1-99H-_-y08-1-O-1-11</RouteLinkRef>
        <RunTime>PT23S</RunTime>
      </JourneyPatternTimingLink>
      <JourneyPatternTimingLink id="JPL_1-99H-_-y08-1-1-O-1-13">
        <From SequenceNumber="12">
          <Activity>pickUpAndSetDown</Activity>
          <StopPointRef>390070271</StopPointRef>
          <TimingStatus>OTH</TimingStatus>
        </From>
        <To SequenceNumber="13">
          <Activity>pickUpAndSetDown</Activity>
          <StopPointRef>390070198</StopPointRef>
          <TimingStatus>PTP</TimingStatus>
        </To>
        <RouteLinkRef>RL_1-99H-_-y08-1-O-1-12</RouteLinkRef>
        <RunTime>PT37S</RunTime>
      </JourneyPatternTimingLink>
      <JourneyPatternTimingLink id="JPL_1-99H-_-y08-1-1-O-1-14">
        <From SequenceNumber="13">
          <Activity>pickUpAndSetDown</Activity>
          <StopPointRef>390070198</StopPointRef>
          <TimingStatus>PTP</TimingStatus>
        </From>
        <To SequenceNumber="14">
          <Activity>pickUpAndSetDown</Activity>
          <StopPointRef>390070192</StopPointRef>
          <TimingStatus>OTH</TimingStatus>
        </To>
        <RouteLinkRef>RL_1-99H-_-y08-1-O-1-13</RouteLinkRef>
        <RunTime>PT23S</RunTime>
      </JourneyPatternTimingLink>
      <JourneyPatternTimingLink id="JPL_1-99H-_-y08-1-1-O-1-15">
        <From SequenceNumber="14">
          <Activity>pickUpAndSetDown</Activity>
          <StopPointRef>390070192</StopPointRef>
          <TimingStatus>OTH</TimingStatus>
        </From>
        <To SequenceNumber="15">
          <Activity>pickUpAndSetDown</Activity>
          <StopPointRef>390070958</StopPointRef>
          <TimingStatus>OTH</TimingStatus>
        </To>
        <RouteLinkRef>RL_1-99H-_-y08-1-O-1-14</RouteLinkRef>
        <RunTime>PT30S</RunTime>
      </JourneyPatternTimingLink>
      <JourneyPatternTimingLink id="JPL_1-99H-_-y08-1-1-O-1-16">
        <From SequenceNumber="15">
          <Activity>pickUpAndSetDown</Activity>
          <StopPointRef>390070958</StopPointRef>
          <TimingStatus>OTH</TimingStatus>
        </From>
        <To SequenceNumber="16">
          <Activity>pickUpAndSetDown</Activity>
          <StopPointRef>390060108</StopPointRef>
          <TimingStatus>OTH</TimingStatus>
        </To>
        <RouteLinkRef>RL_1-99H-_-y08-1-O-1-15</RouteLinkRef>
        <RunTime>PT3M26S</RunTime>
      </JourneyPatternTimingLink>
      <JourneyPatternTimingLink id="JPL_1-99H-_-y08-1-1-O-1-17">
        <From SequenceNumber="16">
          <Activity>pickUpAndSetDown</Activity>
          <StopPointRef>390060108</StopPointRef>
          <TimingStatus>OTH</TimingStatus>
        </From>
        <To SequenceNumber="17">
          <Activity>pickUpAndSetDown</Activity>
          <StopPointRef>390060079</StopPointRef>
          <TimingStatus>OTH</TimingStatus>
        </To>
        <RouteLinkRef>RL_1-99H-_-y08-1-O-1-16</RouteLinkRef>
        <RunTime>PT2M31S</RunTime>
      </JourneyPatternTimingLink>
      <JourneyPatternTimingLink id="JPL_1-99H-_-y08-1-1-O-1-18">
        <From SequenceNumber="17">
          <Activity>pickUpAndSetDown</Activity>
          <StopPointRef>390060079</StopPointRef>
          <TimingStatus>OTH</TimingStatus>
        </From>
        <To SequenceNumber="18">
          <Activity>pickUpAndSetDown</Activity>
          <StopPointRef>390070948</StopPointRef>
          <TimingStatus>PTP</TimingStatus>
        </To>
        <RouteLinkRef>RL_1-99H-_-y08-1-O-1-17</RouteLinkRef>
        <RunTime>PT10S</RunTime>
      </JourneyPatternTimingLink>
      <JourneyPatternTimingLink id="JPL_1-99H-_-y08-1-1-O-1-19">
        <From SequenceNumber="18">
          <Activity>pickUpAndSetDown</Activity>
          <StopPointRef>390070948</StopPointRef>
          <TimingStatus>PTP</TimingStatus>
        </From>
        <To SequenceNumber="19">
          <Activity>pickUpAndSetDown</Activity>
          <StopPointRef>390070946</StopPointRef>
          <TimingStatus>OTH</TimingStatus>
        </To>
        <RouteLinkRef>RL_1-99H-_-y08-1-O-1-18</RouteLinkRef>
        <RunTime>PT47S</RunTime>
      </JourneyPatternTimingLink>
      <JourneyPatternTimingLink id="JPL_1-99H-_-y08-1-1-O-1-20">
        <From SequenceNumber="19">
          <Activity>pickUpAndSetDown</Activity>
          <StopPointRef>390070946</StopPointRef>
          <TimingStatus>OTH</TimingStatus>
        </From>
        <To SequenceNumber="20">
          <Activity>pickUpAndSetDown</Activity>
          <StopPointRef>390070079</StopPointRef>
          <TimingStatus>OTH</TimingStatus>
        </To>
        <RouteLinkRef>RL_1-99H-_-y08-1-O-1-19</RouteLinkRef>
        <RunTime>PT3M9S</RunTime>
      </JourneyPatternTimingLink>
      <JourneyPatternTimingLink id="JPL_1-99H-_-y08-1-1-O-1-21">
        <From SequenceNumber="20">
          <Activity>pickUpAndSetDown</Activity>
          <StopPointRef>390070079</StopPointRef>
          <TimingStatus>OTH</TimingStatus>
        </From>
        <To SequenceNumber="21">
          <Activity>pickUpAndSetDown</Activity>
          <StopPointRef>390070069</StopPointRef>
          <TimingStatus>OTH</TimingStatus>
        </To>
        <RouteLinkRef>RL_1-99H-_-y08-1-O-1-20</RouteLinkRef>
        <RunTime>PT1M30S</RunTime>
      </JourneyPatternTimingLink>
      <JourneyPatternTimingLink id="JPL_1-99H-_-y08-1-1-O-1-22">
        <From SequenceNumber="21">
          <Activity>pickUpAndSetDown</Activity>
          <StopPointRef>390070069</StopPointRef>
          <TimingStatus>OTH</TimingStatus>
        </From>
        <To SequenceNumber="22">
          <Activity>pickUpAndSetDown</Activity>
          <StopPointRef>390070973</StopPointRef>
          <TimingStatus>OTH</TimingStatus>
        </To>
        <RouteLinkRef>RL_1-99H-_-y08-1-O-1-21</RouteLinkRef>
        <RunTime>PT2M8S</RunTime>
      </JourneyPatternTimingLink>
      <JourneyPatternTimingLink id="JPL_1-99H-_-y08-1-1-O-1-23">
        <From SequenceNumber="22">
          <Activity>pickUpAndSetDown</Activity>
          <StopPointRef>390070973</StopPointRef>
          <TimingStatus>OTH</TimingStatus>
        </From>
        <To SequenceNumber="23">
          <Activity>pickUpAndSetDown</Activity>
          <StopPointRef>390070976</StopPointRef>
          <TimingStatus>OTH</TimingStatus>
        </To>
        <RouteLinkRef>RL_1-99H-_-y08-1-O-1-22</RouteLinkRef>
        <RunTime>PT14S</RunTime>
      </JourneyPatternTimingLink>
      <JourneyPatternTimingLink id="JPL_1-99H-_-y08-1-1-O-1-24">
        <From SequenceNumber="23">
          <Activity>pickUpAndSetDown</Activity>
          <StopPointRef>390070976</StopPointRef>
          <TimingStatus>OTH</TimingStatus>
        </From>
        <To SequenceNumber="24">
          <Activity>pickUpAndSetDown</Activity>
          <StopPointRef>390070975</StopPointRef>
          <TimingStatus>PTP</TimingStatus>
        </To>
        <RouteLinkRef>RL_1-99H-_-y08-1-O-1-23</RouteLinkRef>
        <RunTime>PT12S</RunTime>
      </JourneyPatternTimingLink>
      <JourneyPatternTimingLink id="JPL_1-99H-_-y08-1-1-O-1-25">
        <From SequenceNumber="24">
          <Activity>pickUpAndSetDown</Activity>
          <StopPointRef>390070975</StopPointRef>
          <TimingStatus>PTP</TimingStatus>
        </From>
        <To SequenceNumber="25">
          <Activity>pickUpAndSetDown</Activity>
          <StopPointRef>390070053</StopPointRef>
          <TimingStatus>OTH</TimingStatus>
        </To>
        <RouteLinkRef>RL_1-99H-_-y08-1-O-1-24</RouteLinkRef>
        <RunTime>PT58S</RunTime>
      </JourneyPatternTimingLink>
      <JourneyPatternTimingLink id="JPL_1-99H-_-y08-1-1-O-1-26">
        <From SequenceNumber="25">
          <Activity>pickUpAndSetDown</Activity>
          <StopPointRef>390070053</StopPointRef>
          <TimingStatus>OTH</TimingStatus>
        </From>
        <To SequenceNumber="26">
          <Activity>pickUpAndSetDown</Activity>
          <StopPointRef>390070857</StopPointRef>
          <TimingStatus>OTH</TimingStatus>
        </To>
        <RouteLinkRef>RL_1-99H-_-y08-1-O-1-25</RouteLinkRef>
        <RunTime>PT35S</RunTime>
      </JourneyPatternTimingLink>
      <JourneyPatternTimingLink id="JPL_1-99H-_-y08-1-1-O-1-27">
        <From SequenceNumber="26">
          <Activity>pickUpAndSetDown</Activity>
          <StopPointRef>390070857</StopPointRef>
          <TimingStatus>OTH</TimingStatus>
        </From>
        <To SequenceNumber="27">
          <Activity>pickUpAndSetDown</Activity>
          <StopPointRef>390071065</StopPointRef>
          <TimingStatus>OTH</TimingStatus>
        </To>
        <RouteLinkRef>RL_1-99H-_-y08-1-O-1-26</RouteLinkRef>
        <RunTime>PT1M48S</RunTime>
      </JourneyPatternTimingLink>
      <JourneyPatternTimingLink id="JPL_1-99H-_-y08-1-1-O-1-28">
        <From SequenceNumber="27">
          <Activity>pickUpAndSetDown</Activity>
          <StopPointRef>390071065</StopPointRef>
          <TimingStatus>OTH</TimingStatus>
        </From>
        <To SequenceNumber="28">
          <Activity>setDown</Activity>
          <StopPointRef>390070047</StopPointRef>
          <TimingStatus>PTP</TimingStatus>
        </To>
        <RouteLinkRef>RL_1-99H-_-y08-1-O-1-27</RouteLinkRef>
        <RunTime>PT1M39S</RunTime>
      </JourneyPatternTimingLink>
    </JourneyPatternSection>
    <JourneyPatternSection id="JPS_1-99H-_-y08-1-1-2-I">
      <JourneyPatternTimingLink id="JPL_1-99H-_-y08-1-1-I-2-2">
        <From SequenceNumber="1">
          <Activity>pickUp</Activity>
          <StopPointRef>390070975</StopPointRef>
          <TimingStatus>PTP</TimingStatus>
        </From>
        <To SequenceNumber="2">
          <Activity>pickUpAndSetDown</Activity>
          <StopPointRef>390070977</StopPointRef>
          <TimingStatus>OTH</TimingStatus>
        </To>
        <RouteLinkRef>RL_1-99H-_-y08-1-I-2-1</RouteLinkRef>
        <RunTime>PT15S</RunTime>
      </JourneyPatternTimingLink>
      <JourneyPatternTimingLink id="JPL_1-99H-_-y08-1-1-I-2-3">
        <From SequenceNumber="2">
          <Activity>pickUpAndSetDown</Activity>
          <StopPointRef>390070977</StopPointRef>
          <TimingStatus>OTH</TimingStatus>
        </From>
        <To SequenceNumber="3">
          <Activity>pickUpAndSetDown</Activity>
          <StopPointRef>390070974</StopPointRef>
          <TimingStatus>OTH</TimingStatus>
        </To>
        <RouteLinkRef>RL_1-99H-_-y08-1-I-2-2</RouteLinkRef>
        <RunTime>PT17S</RunTime>
      </JourneyPatternTimingLink>
      <JourneyPatternTimingLink id="JPL_1-99H-_-y08-1-1-I-2-4">
        <From SequenceNumber="3">
          <Activity>pickUpAndSetDown</Activity>
          <StopPointRef>390070974</StopPointRef>
          <TimingStatus>OTH</TimingStatus>
        </From>
        <To SequenceNumber="4">
          <Activity>pickUpAndSetDown</Activity>
          <StopPointRef>390070068</StopPointRef>
          <TimingStatus>OTH</TimingStatus>
        </To>
        <RouteLinkRef>RL_1-99H-_-y08-1-I-2-3</RouteLinkRef>
        <RunTime>PT2M41S</RunTime>
      </JourneyPatternTimingLink>
      <JourneyPatternTimingLink id="JPL_1-99H-_-y08-1-1-I-2-5">
        <From SequenceNumber="4">
          <Activity>pickUpAndSetDown</Activity>
          <StopPointRef>390070068</StopPointRef>
          <TimingStatus>OTH</TimingStatus>
        </From>
        <To SequenceNumber="5">
          <Activity>pickUpAndSetDown</Activity>
          <StopPointRef>390070078</StopPointRef>
          <TimingStatus>OTH</TimingStatus>
        </To>
        <RouteLinkRef>RL_1-99H-_-y08-1-I-2-4</RouteLinkRef>
        <RunTime>PT1M52S</RunTime>
      </JourneyPatternTimingLink>
      <JourneyPatternTimingLink id="JPL_1-99H-_-y08-1-1-I-2-6">
        <From SequenceNumber="5">
          <Activity>pickUpAndSetDown</Activity>
          <StopPointRef>390070078</StopPointRef>
          <TimingStatus>OTH</TimingStatus>
        </From>
        <To SequenceNumber="6">
          <Activity>pickUpAndSetDown</Activity>
          <StopPointRef>390070947</StopPointRef>
          <TimingStatus>OTH</TimingStatus>
        </To>
        <RouteLinkRef>RL_1-99H-_-y08-1-I-2-5</RouteLinkRef>
        <RunTime>PT3M56S</RunTime>
      </JourneyPatternTimingLink>
      <JourneyPatternTimingLink id="JPL_1-99H-_-y08-1-1-I-2-7">
        <From SequenceNumber="6">
          <Activity>pickUpAndSetDown</Activity>
          <StopPointRef>390070947</StopPointRef>
          <TimingStatus>OTH</TimingStatus>
        </From>
        <To SequenceNumber="7">
          <Activity>pickUpAndSetDown</Activity>
          <StopPointRef>390070949</StopPointRef>
          <TimingStatus>PTP</TimingStatus>
        </To>
        <RouteLinkRef>RL_1-99H-_-y08-1-I-2-6</RouteLinkRef>
        <RunTime>PT59S</RunTime>
      </JourneyPatternTimingLink>
      <JourneyPatternTimingLink id="JPL_1-99H-_-y08-1-1-I-2-8">
        <From SequenceNumber="7">
          <Activity>pickUpAndSetDown</Activity>
          <StopPointRef>390070949</StopPointRef>
          <TimingStatus>PTP</TimingStatus>
        </From>
        <To SequenceNumber="8">
          <Activity>pickUpAndSetDown</Activity>
          <StopPointRef>390060080</StopPointRef>
          <TimingStatus>OTH</TimingStatus>
        </To>
        <RouteLinkRef>RL_1-99H-_-y08-1-I-2-7</RouteLinkRef>
        <RunTime>PT9S</RunTime>
      </JourneyPatternTimingLink>
      <JourneyPatternTimingLink id="JPL_1-99H-_-y08-1-1-I-2-9">
        <From SequenceNumber="8">
          <Activity>pickUpAndSetDown</Activity>
          <StopPointRef>390060080</StopPointRef>
          <TimingStatus>OTH</TimingStatus>
        </From>
        <To SequenceNumber="9">
          <Activity>pickUpAndSetDown</Activity>
          <StopPointRef>390060109</StopPointRef>
          <TimingStatus>OTH</TimingStatus>
        </To>
        <RouteLinkRef>RL_1-99H-_-y08-1-I-2-8</RouteLinkRef>
        <RunTime>PT2M28S</RunTime>
      </JourneyPatternTimingLink>
      <JourneyPatternTimingLink id="JPL_1-99H-_-y08-1-1-I-2-10">
        <From SequenceNumber="9">
          <Activity>pickUpAndSetDown</Activity>
          <StopPointRef>390060109</StopPointRef>
          <TimingStatus>OTH</TimingStatus>
        </From>
        <To SequenceNumber="10">
          <Activity>pickUpAndSetDown</Activity>
          <StopPointRef>390070959</StopPointRef>
          <TimingStatus>OTH</TimingStatus>
        </To>
        <RouteLinkRef>RL_1-99H-_-y08-1-I-2-9</RouteLinkRef>
        <RunTime>PT3M24S</RunTime>
      </JourneyPatternTimingLink>
      <JourneyPatternTimingLink id="JPL_1-99H-_-y08-1-1-I-2-11">
        <From SequenceNumber="10">
          <Activity>pickUpAndSetDown</Activity>
          <StopPointRef>390070959</StopPointRef>
          <TimingStatus>OTH</TimingStatus>
        </From>
        <To SequenceNumber="11">
          <Activity>pickUpAndSetDown</Activity>
          <StopPointRef>390070193</StopPointRef>
          <TimingStatus>OTH</TimingStatus>
        </To>
        <RouteLinkRef>RL_1-99H-_-y08-1-I-2-10</RouteLinkRef>
        <RunTime>PT29S</RunTime>
      </JourneyPatternTimingLink>
      <JourneyPatternTimingLink id="JPL_1-99H-_-y08-1-1-I-2-12">
        <From SequenceNumber="11">
          <Activity>pickUpAndSetDown</Activity>
          <StopPointRef>390070193</StopPointRef>
          <TimingStatus>OTH</TimingStatus>
        </From>
        <To SequenceNumber="12">
          <Activity>pickUpAndSetDown</Activity>
          <StopPointRef>390070199</StopPointRef>
          <TimingStatus>PTP</TimingStatus>
        </To>
        <RouteLinkRef>RL_1-99H-_-y08-1-I-2-11</RouteLinkRef>
        <RunTime>PT30S</RunTime>
      </JourneyPatternTimingLink>
      <JourneyPatternTimingLink id="JPL_1-99H-_-y08-1-1-I-2-13">
        <From SequenceNumber="12">
          <Activity>pickUpAndSetDown</Activity>
          <StopPointRef>390070199</StopPointRef>
          <TimingStatus>PTP</TimingStatus>
        </From>
        <To SequenceNumber="13">
          <Activity>pickUpAndSetDown</Activity>
          <StopPointRef>390070272</StopPointRef>
          <TimingStatus>OTH</TimingStatus>
        </To>
        <RouteLinkRef>RL_1-99H-_-y08-1-I-2-12</RouteLinkRef>
        <RunTime>PT27S</RunTime>
      </JourneyPatternTimingLink>
      <JourneyPatternTimingLink id="JPL_1-99H-_-y08-1-1-I-2-14">
        <From SequenceNumber="13">
          <Activity>pickUpAndSetDown</Activity>
          <StopPointRef>390070272</StopPointRef>
          <TimingStatus>OTH</TimingStatus>
        </From>
        <To SequenceNumber="14">
          <Activity>pickUpAndSetDown</Activity>
          <StopPointRef>390070186</StopPointRef>
          <TimingStatus>PTP</TimingStatus>
        </To>
        <RouteLinkRef>RL_1-99H-_-y08-1-I-2-13</RouteLinkRef>
        <RunTime>PT33S</RunTime>
      </JourneyPatternTimingLink>
      <JourneyPatternTimingLink id="JPL_1-99H-_-y08-1-1-I-2-15">
        <From SequenceNumber="14">
          <Activity>pickUpAndSetDown</Activity>
          <StopPointRef>390070186</StopPointRef>
          <TimingStatus>PTP</TimingStatus>
        </From>
        <To SequenceNumber="15">
          <Activity>pickUpAndSetDown</Activity>
          <StopPointRef>390070278</StopPointRef>
          <TimingStatus>OTH</TimingStatus>
        </To>
        <RouteLinkRef>RL_1-99H-_-y08-1-I-2-14</RouteLinkRef>
        <RunTime>PT1M18S</RunTime>
      </JourneyPatternTimingLink>
      <JourneyPatternTimingLink id="JPL_1-99H-_-y08-1-1-I-2-16">
        <From SequenceNumber="15">
          <Activity>pickUpAndSetDown</Activity>
          <StopPointRef>390070278</StopPointRef>
          <TimingStatus>OTH</TimingStatus>
        </From>
        <To SequenceNumber="16">
          <Activity>pickUpAndSetDown</Activity>
          <StopPointRef>390070956</StopPointRef>
          <TimingStatus>OTH</TimingStatus>
        </To>
        <RouteLinkRef>RL_1-99H-_-y08-1-I-2-15</RouteLinkRef>
        <RunTime>PT45S</RunTime>
      </JourneyPatternTimingLink>
      <JourneyPatternTimingLink id="JPL_1-99H-_-y08-1-1-I-2-17">
        <From SequenceNumber="16">
          <Activity>pickUpAndSetDown</Activity>
          <StopPointRef>390070956</StopPointRef>
          <TimingStatus>OTH</TimingStatus>
        </From>
        <To SequenceNumber="17">
          <Activity>pickUpAndSetDown</Activity>
          <StopPointRef>390070289</StopPointRef>
          <TimingStatus>OTH</TimingStatus>
        </To>
        <RouteLinkRef>RL_1-99H-_-y08-1-I-2-16</RouteLinkRef>
        <RunTime>PT26S</RunTime>
      </JourneyPatternTimingLink>
      <JourneyPatternTimingLink id="JPL_1-99H-_-y08-1-1-I-2-18">
        <From SequenceNumber="17">
          <Activity>pickUpAndSetDown</Activity>
          <StopPointRef>390070289</StopPointRef>
          <TimingStatus>OTH</TimingStatus>
        </From>
        <To SequenceNumber="18">
          <Activity>pickUpAndSetDown</Activity>
          <StopPointRef>390070360</StopPointRef>
          <TimingStatus>PTP</TimingStatus>
        </To>
        <RouteLinkRef>RL_1-99H-_-y08-1-I-2-17</RouteLinkRef>
        <RunTime>PT31S</RunTime>
      </JourneyPatternTimingLink>
      <JourneyPatternTimingLink id="JPL_1-99H-_-y08-1-1-I-2-19">
        <From SequenceNumber="18">
          <Activity>pickUpAndSetDown</Activity>
          <StopPointRef>390070360</StopPointRef>
          <TimingStatus>PTP</TimingStatus>
        </From>
        <To SequenceNumber="19">
          <Activity>pickUpAndSetDown</Activity>
          <StopPointRef>390070362</StopPointRef>
          <TimingStatus>OTH</TimingStatus>
        </To>
        <RouteLinkRef>RL_1-99H-_-y08-1-I-2-18</RouteLinkRef>
        <RunTime>PT3S</RunTime>
      </JourneyPatternTimingLink>
      <JourneyPatternTimingLink id="JPL_1-99H-_-y08-1-1-I-2-20">
        <From SequenceNumber="19">
          <Activity>pickUpAndSetDown</Activity>
          <StopPointRef>390070362</StopPointRef>
          <TimingStatus>OTH</TimingStatus>
        </From>
        <To SequenceNumber="20">
          <Activity>pickUpAndSetDown</Activity>
          <StopPointRef>390070364</StopPointRef>
          <TimingStatus>OTH</TimingStatus>
        </To>
        <RouteLinkRef>RL_1-99H-_-y08-1-I-2-19</RouteLinkRef>
        <RunTime>PT35S</RunTime>
      </JourneyPatternTimingLink>
      <JourneyPatternTimingLink id="JPL_1-99H-_-y08-1-1-I-2-21">
        <From SequenceNumber="20">
          <Activity>pickUpAndSetDown</Activity>
          <StopPointRef>390070364</StopPointRef>
          <TimingStatus>OTH</TimingStatus>
        </From>
        <To SequenceNumber="21">
          <Activity>pickUpAndSetDown</Activity>
          <StopPointRef>390070366</StopPointRef>
          <TimingStatus>OTH</TimingStatus>
        </To>
        <RouteLinkRef>RL_1-99H-_-y08-1-I-2-20</RouteLinkRef>
        <RunTime>PT34S</RunTime>
      </JourneyPatternTimingLink>
      <JourneyPatternTimingLink id="JPL_1-99H-_-y08-1-1-I-2-22">
        <From SequenceNumber="21">
          <Activity>pickUpAndSetDown</Activity>
          <StopPointRef>390070366</StopPointRef>
          <TimingStatus>OTH</TimingStatus>
        </From>
        <To SequenceNumber="22">
          <Activity>pickUpAndSetDown</Activity>
          <StopPointRef>390070368</StopPointRef>
          <TimingStatus>OTH</TimingStatus>
        </To>
        <RouteLinkRef>RL_1-99H-_-y08-1-I-2-21</RouteLinkRef>
        <RunTime>PT8S</RunTime>
      </JourneyPatternTimingLink>
      <JourneyPatternTimingLink id="JPL_1-99H-_-y08-1-1-I-2-23">
        <From SequenceNumber="22">
          <Activity>pickUpAndSetDown</Activity>
          <StopPointRef>390070368</StopPointRef>
          <TimingStatus>OTH</TimingStatus>
        </From>
        <To SequenceNumber="23">
          <Activity>pickUpAndSetDown</Activity>
          <StopPointRef>390070370</StopPointRef>
          <TimingStatus>OTH</TimingStatus>
        </To>
        <RouteLinkRef>RL_1-99H-_-y08-1-I-2-22</RouteLinkRef>
        <RunTime>PT33S</RunTime>
      </JourneyPatternTimingLink>
      <JourneyPatternTimingLink id="JPL_1-99H-_-y08-1-1-I-2-24">
        <From SequenceNumber="23">
          <Activity>pickUpAndSetDown</Activity>
          <StopPointRef>390070370</StopPointRef>
          <TimingStatus>OTH</TimingStatus>
        </From>
        <To SequenceNumber="24">
          <Activity>pickUpAndSetDown</Activity>
          <StopPointRef>390070279</StopPointRef>
          <TimingStatus>OTH</TimingStatus>
        </To>
        <RouteLinkRef>RL_1-99H-_-y08-1-I-2-23</RouteLinkRef>
        <RunTime>PT1M10S</RunTime>
      </JourneyPatternTimingLink>
      <JourneyPatternTimingLink id="JPL_1-99H-_-y08-1-1-I-2-25">
        <From SequenceNumber="24">
          <Activity>pickUpAndSetDown</Activity>
          <StopPointRef>390070279</StopPointRef>
          <TimingStatus>OTH</TimingStatus>
        </From>
        <To SequenceNumber="25">
          <Activity>pickUpAndSetDown</Activity>
          <StopPointRef>390034619</StopPointRef>
          <TimingStatus>OTH</TimingStatus>
        </To>
        <RouteLinkRef>RL_1-99H-_-y08-1-I-2-24</RouteLinkRef>
        <RunTime>PT37S</RunTime>
      </JourneyPatternTimingLink>
      <JourneyPatternTimingLink id="JPL_1-99H-_-y08-1-1-I-2-26">
        <From SequenceNumber="25">
          <Activity>pickUpAndSetDown</Activity>
          <StopPointRef>390034619</StopPointRef>
          <TimingStatus>OTH</TimingStatus>
        </From>
        <To SequenceNumber="26">
          <Activity>setDown</Activity>
          <StopPointRef>390070281</StopPointRef>
          <TimingStatus>PTP</TimingStatus>
        </To>
        <RouteLinkRef>RL_1-99H-_-y08-1-I-2-25</RouteLinkRef>
        <RunTime>PT20S</RunTime>
      </JourneyPatternTimingLink>
    </JourneyPatternSection>
  </JourneyPatternSections>
  <Operators>
    <Operator id="OId_FECS">
      <NationalOperatorCode>FECS</NationalOperatorCode>
      <OperatorCode>FECS</OperatorCode>
      <OperatorShortName>First in Norfolk &amp; Suff</OperatorShortName>
      <OperatorNameOnLicence>First in Norfolk &amp; Suffolk</OperatorNameOnLicence>
      <TradingName>First in Norfolk &amp; Suffolk</TradingName>
      <LicenceNumber>PF0000323</LicenceNumber>
      <LicenceClassification>standardNational</LicenceClassification>
    </Operator>
  </Operators>
  <Services>
    <Service>
      <ServiceCode>1-99H-_-y08-1</ServiceCode>
      <PrivateCode>1-99H-_-y08-1</PrivateCode>
      <Lines>
        <Line id="1-99H-_-y08-1">
          <LineName>99H</LineName>
        </Line>
      </Lines>
      <OperatingPeriod>
        <StartDate>2019-11-05</StartDate>
        <EndDate>2020-05-08</EndDate>
      </OperatingPeriod>
      <OperatingProfile>
        <RegularDayType>
          <DaysOfWeek>
            <MondayToFriday />
          </DaysOfWeek>
        </RegularDayType>
        <SpecialDaysOperation>
          <DaysOfNonOperation>
            <DateRange>
              <StartDate>2019-12-24</StartDate>
              <EndDate>2019-12-24</EndDate>
            </DateRange>
            <DateRange>
              <StartDate>2019-12-27</StartDate>
              <EndDate>2019-12-27</EndDate>
            </DateRange>
            <DateRange>
              <StartDate>2019-12-30</StartDate>
              <EndDate>2019-12-31</EndDate>
            </DateRange>
          </DaysOfNonOperation>
        </SpecialDaysOperation>
        <BankHolidayOperation>
          <DaysOfNonOperation>
            <ChristmasDay />
            <BoxingDay />
            <GoodFriday />
            <NewYearsDay />
            <MayDay />
            <EasterMonday />
          </DaysOfNonOperation>
        </BankHolidayOperation>
      </OperatingProfile>
      <RegisteredOperatorRef>OId_FECS</RegisteredOperatorRef>
      <StopRequirements>
        <NoNewStopsRequired />
      </StopRequirements>
      <Mode>bus</Mode>
      <Description>Halesworth - Bungay High School</Description>
      <StandardService>
        <Origin>Shelter</Origin>
        <Destination>Butter Cross</Destination>
        <JourneyPattern id="JP_1-99H-_-y08-1-1-O-1">
          <DestinationDisplay>Bungay</DestinationDisplay>
          <Direction>outbound</Direction>
          <RouteRef>R_1-99H-_-y08-1-O-1</RouteRef>
          <JourneyPatternSectionRefs>JPS_1-99H-_-y08-1-1-1-O</JourneyPatternSectionRefs>
        </JourneyPattern>
        <JourneyPattern id="JP_1-99H-_-y08-1-1-I-2">
          <DestinationDisplay>Halesworth</DestinationDisplay>
          <Direction>inbound</Direction>
          <RouteRef>R_1-99H-_-y08-1-I-2</RouteRef>
          <JourneyPatternSectionRefs>JPS_1-99H-_-y08-1-1-2-I</JourneyPatternSectionRefs>
        </JourneyPattern>
      </StandardService>
    </Service>
  </Services>
  <VehicleJourneys>
    <VehicleJourney>
      <PrivateCode>suf-1-99H-_-y08-1-1-T0</PrivateCode>
      <OperatingProfile>
        <RegularDayType>
          <DaysOfWeek>
            <MondayToFriday />
          </DaysOfWeek>
        </RegularDayType>
        <SpecialDaysOperation>
          <DaysOfNonOperation>
            <DateRange>
              <StartDate>2019-12-20</StartDate>
              <EndDate>2019-12-20</EndDate>
            </DateRange>
            <DateRange>
              <StartDate>2019-12-23</StartDate>
              <EndDate>2019-12-24</EndDate>
            </DateRange>
            <DateRange>
              <StartDate>2019-12-27</StartDate>
              <EndDate>2019-12-27</EndDate>
            </DateRange>
            <DateRange>
              <StartDate>2019-12-30</StartDate>
              <EndDate>2019-12-31</EndDate>
            </DateRange>
            <DateRange>
              <StartDate>2020-01-02</StartDate>
              <EndDate>2020-01-03</EndDate>
            </DateRange>
            <DateRange>
              <StartDate>2020-01-06</StartDate>
              <EndDate>2020-01-06</EndDate>
            </DateRange>
            <DateRange>
              <StartDate>2020-02-17</StartDate>
              <EndDate>2020-02-21</EndDate>
            </DateRange>
            <DateRange>
              <StartDate>2020-04-03</StartDate>
              <EndDate>2020-04-03</EndDate>
            </DateRange>
            <DateRange>
              <StartDate>2020-04-06</StartDate>
              <EndDate>2020-04-09</EndDate>
            </DateRange>
            <DateRange>
              <StartDate>2020-04-14</StartDate>
              <EndDate>2020-04-17</EndDate>
            </DateRange>
          </DaysOfNonOperation>
        </SpecialDaysOperation>
        <BankHolidayOperation>
          <DaysOfNonOperation>
            <ChristmasDay />
            <BoxingDay />
            <GoodFriday />
            <NewYearsDay />
            <MayDay />
            <EasterMonday />
          </DaysOfNonOperation>
        </BankHolidayOperation>
      </OperatingProfile>
      <VehicleJourneyCode>VJ_1-99H-_-y08-1-1-T0</VehicleJourneyCode>
      <ServiceRef>1-99H-_-y08-1</ServiceRef>
      <LineRef>1-99H-_-y08-1</LineRef>
      <JourneyPatternRef>JP_1-99H-_-y08-1-1-O-1</JourneyPatternRef>
      <Note>
        <NoteCode>Sch</NoteCode>
        <NoteText>Schooldays only</NoteText>
      </Note>
      <DepartureTime>08:07:00</DepartureTime>
    </VehicleJourney>
    <VehicleJourney>
      <PrivateCode>suf-1-99H-_-y08-1-2-T0</PrivateCode>
      <OperatingProfile>
        <RegularDayType>
          <DaysOfWeek>
            <MondayToFriday />
          </DaysOfWeek>
        </RegularDayType>
        <SpecialDaysOperation>
          <DaysOfNonOperation>
            <DateRange>
              <StartDate>2019-12-20</StartDate>
              <EndDate>2019-12-20</EndDate>
            </DateRange>
            <DateRange>
              <StartDate>2019-12-23</StartDate>
              <EndDate>2019-12-24</EndDate>
            </DateRange>
            <DateRange>
              <StartDate>2019-12-27</StartDate>
              <EndDate>2019-12-27</EndDate>
            </DateRange>
            <DateRange>
              <StartDate>2019-12-30</StartDate>
              <EndDate>2019-12-31</EndDate>
            </DateRange>
            <DateRange>
              <StartDate>2020-01-02</StartDate>
              <EndDate>2020-01-03</EndDate>
            </DateRange>
            <DateRange>
              <StartDate>2020-01-06</StartDate>
              <EndDate>2020-01-06</EndDate>
            </DateRange>
            <DateRange>
              <StartDate>2020-02-17</StartDate>
              <EndDate>2020-02-21</EndDate>
            </DateRange>
            <DateRange>
              <StartDate>2020-04-03</StartDate>
              <EndDate>2020-04-03</EndDate>
            </DateRange>
            <DateRange>
              <StartDate>2020-04-06</StartDate>
              <EndDate>2020-04-09</EndDate>
            </DateRange>
            <DateRange>
              <StartDate>2020-04-14</StartDate>
              <EndDate>2020-04-17</EndDate>
            </DateRange>
          </DaysOfNonOperation>
        </SpecialDaysOperation>
        <BankHolidayOperation>
          <DaysOfNonOperation>
            <ChristmasDay />
            <BoxingDay />
            <GoodFriday />
            <NewYearsDay />
            <MayDay />
            <EasterMonday />
          </DaysOfNonOperation>
        </BankHolidayOperation>
      </OperatingProfile>
      <VehicleJourneyCode>VJ_1-99H-_-y08-1-2-T0</VehicleJourneyCode>
      <ServiceRef>1-99H-_-y08-1</ServiceRef>
      <LineRef>1-99H-_-y08-1</LineRef>
      <JourneyPatternRef>JP_1-99H-_-y08-1-1-I-2</JourneyPatternRef>
      <Note>
        <NoteCode>Sch</NoteCode>
        <NoteText>Schooldays only</NoteText>
      </Note>
      <DepartureTime>15:40:00</DepartureTime>
    </VehicleJourney>
  </VehicleJourneys>
</TransXChange>