<?xml version="1.0" encoding="utf-8"?>
<TransXChange xmlns:xsi="http://www.w3.org/2001/XMLSchema-instance" xmlns:xsd="http://www.w3.org/2001/XMLSchema" xsi:schemaLocation="http://www.transxchange.org.uk/ http://www.transxchange.org.uk/schema/2.5/TransXChange_general.xsd" CreationDateTime="2019-11-07T16:05:30.329Z" ModificationDateTime="2019-11-07T16:05:30.329Z" Modification="new" RevisionNumber="3" FileName="suf_14-300-_-y08-1.xml" SchemaVersion="2.5" RegistrationDocument="true" xmlns="http://www.transxchange.org.uk/">
  <StopPoints>
    <AnnotatedStopPointRef>
      <StopPointRef>390050611</StopPointRef>
      <CommonName>Village Green</CommonName>
      <LocalityName>Ixworth Thorpe</LocalityName>
      <LocalityQualifier>Suffolk</LocalityQualifier>
    </AnnotatedStopPointRef>
    <AnnotatedStopPointRef>
      <StopPointRef>390050564</StopPointRef>
      <CommonName>Greyhound</CommonName>
      <LocalityName>Ixworth</LocalityName>
      <LocalityQualifier>Suffolk</LocalityQualifier>
    </AnnotatedStopPointRef>
    <AnnotatedStopPointRef>
      <StopPointRef>390050566</StopPointRef>
      <CommonName>Village Hall</CommonName>
      <LocalityName>Ixworth</LocalityName>
      <LocalityQualifier>Suffolk</LocalityQualifier>
    </AnnotatedStopPointRef>
    <AnnotatedStopPointRef>
      <StopPointRef>390051031</StopPointRef>
      <CommonName>Peacock Rise</CommonName>
      <LocalityName>Ixworth</LocalityName>
      <LocalityQualifier>Suffolk</LocalityQualifier>
    </AnnotatedStopPointRef>
    <AnnotatedStopPointRef>
      <StopPointRef>390050568</StopPointRef>
      <CommonName>Mulleys Garage</CommonName>
      <Indicator>opp</Indicator>
      <LocalityName>Ixworth</LocalityName>
      <LocalityQualifier>Suffolk</LocalityQualifier>
    </AnnotatedStopPointRef>
    <AnnotatedStopPointRef>
      <StopPointRef>390050570</StopPointRef>
      <CommonName>Fen Mill</CommonName>
      <Indicator>opp</Indicator>
      <LocalityName>Pakenham</LocalityName>
      <LocalityQualifier>Suffolk</LocalityQualifier>
    </AnnotatedStopPointRef>
    <AnnotatedStopPointRef>
      <StopPointRef>390050571</StopPointRef>
      <CommonName>Telephone Box</CommonName>
      <Indicator>o/s</Indicator>
      <LocalityName>Grimstone End</LocalityName>
      <LocalityQualifier>Suffolk</LocalityQualifier>
    </AnnotatedStopPointRef>
    <AnnotatedStopPointRef>
      <StopPointRef>390051115</StopPointRef>
      <CommonName>The Fox</CommonName>
      <Indicator>adj</Indicator>
      <LocalityName>Pakenham</LocalityName>
      <LocalityQualifier>Suffolk</LocalityQualifier>
    </AnnotatedStopPointRef>
    <AnnotatedStopPointRef>
      <StopPointRef>390050681</StopPointRef>
      <CommonName>Nether Hall</CommonName>
      <LocalityName>Pakenham</LocalityName>
      <LocalityQualifier>Suffolk</LocalityQualifier>
    </AnnotatedStopPointRef>
    <AnnotatedStopPointRef>
      <StopPointRef>390051113</StopPointRef>
      <CommonName>Mere Close</CommonName>
      <LocalityName>Great Barton</LocalityName>
      <LocalityQualifier>Suffolk</LocalityQualifier>
    </AnnotatedStopPointRef>
    <AnnotatedStopPointRef>
      <StopPointRef>390050712</StopPointRef>
      <CommonName>Bunbury Arms</CommonName>
      <LocalityName>Great Barton</LocalityName>
      <LocalityQualifier>Suffolk</LocalityQualifier>
    </AnnotatedStopPointRef>
    <AnnotatedStopPointRef>
      <StopPointRef>390050717</StopPointRef>
      <CommonName>A143 Bus Shelter</CommonName>
      <Indicator>SW-bound</Indicator>
      <LocalityName>Great Barton</LocalityName>
      <LocalityQualifier>Suffolk</LocalityQualifier>
    </AnnotatedStopPointRef>
    <AnnotatedStopPointRef>
      <StopPointRef>390050692</StopPointRef>
      <CommonName>Kingsworth Road</CommonName>
      <LocalityName>Bury St Edmunds</LocalityName>
      <LocalityQualifier>Suffolk</LocalityQualifier>
    </AnnotatedStopPointRef>
    <AnnotatedStopPointRef>
      <StopPointRef>390050694</StopPointRef>
      <CommonName>24 Seven Industrial Estate</CommonName>
      <LocalityName>Bury St Edmunds</LocalityName>
      <LocalityQualifier>Suffolk</LocalityQualifier>
    </AnnotatedStopPointRef>
    <AnnotatedStopPointRef>
      <StopPointRef>390050923</StopPointRef>
      <CommonName>Mount Place</CommonName>
      <LocalityName>Bury St Edmunds</LocalityName>
      <LocalityQualifier>Suffolk</LocalityQualifier>
    </AnnotatedStopPointRef>
    <AnnotatedStopPointRef>
      <StopPointRef>390050926</StopPointRef>
      <CommonName>The Greyhound</CommonName>
      <Indicator>opp</Indicator>
      <LocalityName>Bury St Edmunds</LocalityName>
      <LocalityQualifier>Suffolk</LocalityQualifier>
    </AnnotatedStopPointRef>
    <AnnotatedStopPointRef>
      <StopPointRef>390050881</StopPointRef>
      <CommonName>Cotton Lane</CommonName>
      <Indicator>opp</Indicator>
      <LocalityName>Bury St Edmunds</LocalityName>
      <LocalityQualifier>Suffolk</LocalityQualifier>
    </AnnotatedStopPointRef>
    <AnnotatedStopPointRef>
      <StopPointRef>390050883</StopPointRef>
      <CommonName>Schoolhall Lane</CommonName>
      <LocalityName>Bury St Edmunds</LocalityName>
      <LocalityQualifier>Suffolk</LocalityQualifier>
    </AnnotatedStopPointRef>
    <AnnotatedStopPointRef>
      <StopPointRef>390050884</StopPointRef>
      <CommonName>Long Row</CommonName>
      <Indicator>opp</Indicator>
      <LocalityName>Bury St Edmunds</LocalityName>
      <LocalityQualifier>Suffolk</LocalityQualifier>
    </AnnotatedStopPointRef>
    <AnnotatedStopPointRef>
      <StopPointRef>390050803</StopPointRef>
      <CommonName>Tayfen Terrace</CommonName>
      <Indicator>opp</Indicator>
      <LocalityName>Bury St Edmunds</LocalityName>
      <LocalityQualifier>Suffolk</LocalityQualifier>
    </AnnotatedStopPointRef>
    <AnnotatedStopPointRef>
      <StopPointRef>390050790</StopPointRef>
      <CommonName>Bus Station</CommonName>
      <Indicator>Stand 5</Indicator>
      <LocalityName>Bury St Edmunds</LocalityName>
      <LocalityQualifier>Suffolk</LocalityQualifier>
    </AnnotatedStopPointRef>
    <AnnotatedStopPointRef>
      <StopPointRef>390050802</StopPointRef>
      <CommonName>Tayfen Terrace</CommonName>
      <Indicator>adj</Indicator>
      <LocalityName>Bury St Edmunds</LocalityName>
      <LocalityQualifier>Suffolk</LocalityQualifier>
    </AnnotatedStopPointRef>
    <AnnotatedStopPointRef>
      <StopPointRef>390050885</StopPointRef>
      <CommonName>Long Row</CommonName>
      <Indicator>adj</Indicator>
      <LocalityName>Bury St Edmunds</LocalityName>
      <LocalityQualifier>Suffolk</LocalityQualifier>
    </AnnotatedStopPointRef>
    <AnnotatedStopPointRef>
      <StopPointRef>390050882</StopPointRef>
      <CommonName>Schoolhall Lane</CommonName>
      <LocalityName>Bury St Edmunds</LocalityName>
      <LocalityQualifier>Suffolk</LocalityQualifier>
    </AnnotatedStopPointRef>
    <AnnotatedStopPointRef>
      <StopPointRef>390050880</StopPointRef>
      <CommonName>Cotton Lane</CommonName>
      <Indicator>adj</Indicator>
      <LocalityName>Bury St Edmunds</LocalityName>
      <LocalityQualifier>Suffolk</LocalityQualifier>
    </AnnotatedStopPointRef>
    <AnnotatedStopPointRef>
      <StopPointRef>390050925</StopPointRef>
      <CommonName>The Greyhound</CommonName>
      <Indicator>adj</Indicator>
      <LocalityName>Bury St Edmunds</LocalityName>
      <LocalityQualifier>Suffolk</LocalityQualifier>
    </AnnotatedStopPointRef>
    <AnnotatedStopPointRef>
      <StopPointRef>390050924</StopPointRef>
      <CommonName>Mount Place</CommonName>
      <LocalityName>Bury St Edmunds</LocalityName>
      <LocalityQualifier>Suffolk</LocalityQualifier>
    </AnnotatedStopPointRef>
    <AnnotatedStopPointRef>
      <StopPointRef>390050693</StopPointRef>
      <CommonName>24 Seven Industrial Estate</CommonName>
      <LocalityName>Bury St Edmunds</LocalityName>
      <LocalityQualifier>Suffolk</LocalityQualifier>
    </AnnotatedStopPointRef>
    <AnnotatedStopPointRef>
      <StopPointRef>390050691</StopPointRef>
      <CommonName>Kingsworth Road</CommonName>
      <LocalityName>Bury St Edmunds</LocalityName>
      <LocalityQualifier>Suffolk</LocalityQualifier>
    </AnnotatedStopPointRef>
    <AnnotatedStopPointRef>
      <StopPointRef>390050716</StopPointRef>
      <CommonName>A143 Bus Shelter</CommonName>
      <Indicator>NE-bound</Indicator>
      <LocalityName>Great Barton</LocalityName>
      <LocalityQualifier>Suffolk</LocalityQualifier>
    </AnnotatedStopPointRef>
    <AnnotatedStopPointRef>
      <StopPointRef>390050713</StopPointRef>
      <CommonName>Bunbury Arms</CommonName>
      <LocalityName>Great Barton</LocalityName>
      <LocalityQualifier>Suffolk</LocalityQualifier>
    </AnnotatedStopPointRef>
    <AnnotatedStopPointRef>
      <StopPointRef>390051112</StopPointRef>
      <CommonName>Mere Close</CommonName>
      <LocalityName>Great Barton</LocalityName>
      <LocalityQualifier>Suffolk</LocalityQualifier>
    </AnnotatedStopPointRef>
    <AnnotatedStopPointRef>
      <StopPointRef>390050682</StopPointRef>
      <CommonName>Nether Hall</CommonName>
      <Indicator>opp</Indicator>
      <LocalityName>Pakenham</LocalityName>
      <LocalityQualifier>Suffolk</LocalityQualifier>
    </AnnotatedStopPointRef>
    <AnnotatedStopPointRef>
      <StopPointRef>390051114</StopPointRef>
      <CommonName>The Fox</CommonName>
      <Indicator>opp</Indicator>
      <LocalityName>Pakenham</LocalityName>
      <LocalityQualifier>Suffolk</LocalityQualifier>
    </AnnotatedStopPointRef>
    <AnnotatedStopPointRef>
      <StopPointRef>390050572</StopPointRef>
      <CommonName>Telephone Box</CommonName>
      <Indicator>opp</Indicator>
      <LocalityName>Grimstone End</LocalityName>
      <LocalityQualifier>Suffolk</LocalityQualifier>
    </AnnotatedStopPointRef>
    <AnnotatedStopPointRef>
      <StopPointRef>390050569</StopPointRef>
      <CommonName>Fen Mill</CommonName>
      <Indicator>adj</Indicator>
      <LocalityName>Pakenham</LocalityName>
      <LocalityQualifier>Suffolk</LocalityQualifier>
    </AnnotatedStopPointRef>
    <AnnotatedStopPointRef>
      <StopPointRef>390050567</StopPointRef>
      <CommonName>Mulleys Garage</CommonName>
      <Indicator>adj</Indicator>
      <LocalityName>Ixworth</LocalityName>
      <LocalityQualifier>Suffolk</LocalityQualifier>
    </AnnotatedStopPointRef>
    <AnnotatedStopPointRef>
      <StopPointRef>390051032</StopPointRef>
      <CommonName>Peacock Rise</CommonName>
      <LocalityName>Ixworth</LocalityName>
      <LocalityQualifier>Suffolk</LocalityQualifier>
    </AnnotatedStopPointRef>
    <AnnotatedStopPointRef>
      <StopPointRef>390050565</StopPointRef>
      <CommonName>Village Hall</CommonName>
      <LocalityName>Ixworth</LocalityName>
      <LocalityQualifier>Suffolk</LocalityQualifier>
    </AnnotatedStopPointRef>
    <AnnotatedStopPointRef>
      <StopPointRef>390050563</StopPointRef>
      <CommonName>Greyhound</CommonName>
      <LocalityName>Ixworth</LocalityName>
      <LocalityQualifier>Suffolk</LocalityQualifier>
    </AnnotatedStopPointRef>
    <AnnotatedStopPointRef>
      <StopPointRef>390050610</StopPointRef>
      <CommonName>Village Green</CommonName>
      <LocalityName>Ixworth Thorpe</LocalityName>
      <LocalityQualifier>Suffolk</LocalityQualifier>
    </AnnotatedStopPointRef>
  </StopPoints>
  <RouteSections>
    <RouteSection id="RS_14-300-_-y08-1-O-1">
      <RouteLink id="RL_14-300-_-y08-1-O-1-1">
        <From>
          <StopPointRef>390050790</StopPointRef>
        </From>
        <To>
          <StopPointRef>390050802</StopPointRef>
        </To>
        <Direction>outbound</Direction>
      </RouteLink>
      <RouteLink id="RL_14-300-_-y08-1-O-1-2">
        <From>
          <StopPointRef>390050802</StopPointRef>
        </From>
        <To>
          <StopPointRef>390050885</StopPointRef>
        </To>
        <Direction>outbound</Direction>
      </RouteLink>
      <RouteLink id="RL_14-300-_-y08-1-O-1-3">
        <From>
          <StopPointRef>390050885</StopPointRef>
        </From>
        <To>
          <StopPointRef>390050882</StopPointRef>
        </To>
        <Direction>outbound</Direction>
      </RouteLink>
      <RouteLink id="RL_14-300-_-y08-1-O-1-4">
        <From>
          <StopPointRef>390050882</StopPointRef>
        </From>
        <To>
          <StopPointRef>390050880</StopPointRef>
        </To>
        <Direction>outbound</Direction>
      </RouteLink>
      <RouteLink id="RL_14-300-_-y08-1-O-1-5">
        <From>
          <StopPointRef>390050880</StopPointRef>
        </From>
        <To>
          <StopPointRef>390050925</StopPointRef>
        </To>
        <Direction>outbound</Direction>
      </RouteLink>
      <RouteLink id="RL_14-300-_-y08-1-O-1-6">
        <From>
          <StopPointRef>390050925</StopPointRef>
        </From>
        <To>
          <StopPointRef>390050924</StopPointRef>
        </To>
        <Direction>outbound</Direction>
      </RouteLink>
      <RouteLink id="RL_14-300-_-y08-1-O-1-7">
        <From>
          <StopPointRef>390050924</StopPointRef>
        </From>
        <To>
          <StopPointRef>390050693</StopPointRef>
        </To>
        <Direction>outbound</Direction>
      </RouteLink>
      <RouteLink id="RL_14-300-_-y08-1-O-1-8">
        <From>
          <StopPointRef>390050693</StopPointRef>
        </From>
        <To>
          <StopPointRef>390050691</StopPointRef>
        </To>
        <Direction>outbound</Direction>
      </RouteLink>
      <RouteLink id="RL_14-300-_-y08-1-O-1-9">
        <From>
          <StopPointRef>390050691</StopPointRef>
        </From>
        <To>
          <StopPointRef>390050716</StopPointRef>
        </To>
        <Direction>outbound</Direction>
      </RouteLink>
      <RouteLink id="RL_14-300-_-y08-1-O-1-10">
        <From>
          <StopPointRef>390050716</StopPointRef>
        </From>
        <To>
          <StopPointRef>390050713</StopPointRef>
        </To>
        <Direction>outbound</Direction>
      </RouteLink>
      <RouteLink id="RL_14-300-_-y08-1-O-1-11">
        <From>
          <StopPointRef>390050713</StopPointRef>
        </From>
        <To>
          <StopPointRef>390051112</StopPointRef>
        </To>
        <Direction>outbound</Direction>
      </RouteLink>
      <RouteLink id="RL_14-300-_-y08-1-O-1-12">
        <From>
          <StopPointRef>390051112</StopPointRef>
        </From>
        <To>
          <StopPointRef>390050682</StopPointRef>
        </To>
        <Direction>outbound</Direction>
      </RouteLink>
      <RouteLink id="RL_14-300-_-y08-1-O-1-13">
        <From>
          <StopPointRef>390050682</StopPointRef>
        </From>
        <To>
          <StopPointRef>390051114</StopPointRef>
        </To>
        <Direction>outbound</Direction>
      </RouteLink>
      <RouteLink id="RL_14-300-_-y08-1-O-1-14">
        <From>
          <StopPointRef>390051114</StopPointRef>
        </From>
        <To>
          <StopPointRef>390050572</StopPointRef>
        </To>
        <Direction>outbound</Direction>
      </RouteLink>
      <RouteLink id="RL_14-300-_-y08-1-O-1-15">
        <From>
          <StopPointRef>390050572</StopPointRef>
        </From>
        <To>
          <StopPointRef>390050569</StopPointRef>
        </To>
        <Direction>outbound</Direction>
      </RouteLink>
      <RouteLink id="RL_14-300-_-y08-1-O-1-16">
        <From>
          <StopPointRef>390050569</StopPointRef>
        </From>
        <To>
          <StopPointRef>390050567</StopPointRef>
        </To>
        <Direction>outbound</Direction>
      </RouteLink>
      <RouteLink id="RL_14-300-_-y08-1-O-1-17">
        <From>
          <StopPointRef>390050567</StopPointRef>
        </From>
        <To>
          <StopPointRef>390051032</StopPointRef>
        </To>
        <Direction>outbound</Direction>
      </RouteLink>
      <RouteLink id="RL_14-300-_-y08-1-O-1-18">
        <From>
          <StopPointRef>390051032</StopPointRef>
        </From>
        <To>
          <StopPointRef>390050565</StopPointRef>
        </To>
        <Direction>outbound</Direction>
      </RouteLink>
      <RouteLink id="RL_14-300-_-y08-1-O-1-19">
        <From>
          <StopPointRef>390050565</StopPointRef>
        </From>
        <To>
          <StopPointRef>390050563</StopPointRef>
        </To>
        <Direction>outbound</Direction>
      </RouteLink>
      <RouteLink id="RL_14-300-_-y08-1-O-1-20">
        <From>
          <StopPointRef>390050563</StopPointRef>
        </From>
        <To>
          <StopPointRef>390050610</StopPointRef>
        </To>
        <Direction>outbound</Direction>
      </RouteLink>
    </RouteSection>
    <RouteSection id="RS_14-300-_-y08-1-I-2">
      <RouteLink id="RL_14-300-_-y08-1-I-2-1">
        <From>
          <StopPointRef>390050611</StopPointRef>
        </From>
        <To>
          <StopPointRef>390050564</StopPointRef>
        </To>
        <Direction>inbound</Direction>
      </RouteLink>
      <RouteLink id="RL_14-300-_-y08-1-I-2-2">
        <From>
          <StopPointRef>390050564</StopPointRef>
        </From>
        <To>
          <StopPointRef>390050566</StopPointRef>
        </To>
        <Direction>inbound</Direction>
      </RouteLink>
      <RouteLink id="RL_14-300-_-y08-1-I-2-3">
        <From>
          <StopPointRef>390050566</StopPointRef>
        </From>
        <To>
          <StopPointRef>390051031</StopPointRef>
        </To>
        <Direction>inbound</Direction>
      </RouteLink>
      <RouteLink id="RL_14-300-_-y08-1-I-2-4">
        <From>
          <StopPointRef>390051031</StopPointRef>
        </From>
        <To>
          <StopPointRef>390050568</StopPointRef>
        </To>
        <Direction>inbound</Direction>
      </RouteLink>
      <RouteLink id="RL_14-300-_-y08-1-I-2-5">
        <From>
          <StopPointRef>390050568</StopPointRef>
        </From>
        <To>
          <StopPointRef>390050570</StopPointRef>
        </To>
        <Direction>inbound</Direction>
      </RouteLink>
      <RouteLink id="RL_14-300-_-y08-1-I-2-6">
        <From>
          <StopPointRef>390050570</StopPointRef>
        </From>
        <To>
          <StopPointRef>390050571</StopPointRef>
        </To>
        <Direction>inbound</Direction>
      </RouteLink>
      <RouteLink id="RL_14-300-_-y08-1-I-2-7">
        <From>
          <StopPointRef>390050571</StopPointRef>
        </From>
        <To>
          <StopPointRef>390051115</StopPointRef>
        </To>
        <Direction>inbound</Direction>
      </RouteLink>
      <RouteLink id="RL_14-300-_-y08-1-I-2-8">
        <From>
          <StopPointRef>390051115</StopPointRef>
        </From>
        <To>
          <StopPointRef>390050681</StopPointRef>
        </To>
        <Direction>inbound</Direction>
      </RouteLink>
      <RouteLink id="RL_14-300-_-y08-1-I-2-9">
        <From>
          <StopPointRef>390050681</StopPointRef>
        </From>
        <To>
          <StopPointRef>390051113</StopPointRef>
        </To>
        <Direction>inbound</Direction>
      </RouteLink>
      <RouteLink id="RL_14-300-_-y08-1-I-2-10">
        <From>
          <StopPointRef>390051113</StopPointRef>
        </From>
        <To>
          <StopPointRef>390050712</StopPointRef>
        </To>
        <Direction>inbound</Direction>
      </RouteLink>
      <RouteLink id="RL_14-300-_-y08-1-I-2-11">
        <From>
          <StopPointRef>390050712</StopPointRef>
        </From>
        <To>
          <StopPointRef>390050717</StopPointRef>
        </To>
        <Direction>inbound</Direction>
      </RouteLink>
      <RouteLink id="RL_14-300-_-y08-1-I-2-12">
        <From>
          <StopPointRef>390050717</StopPointRef>
        </From>
        <To>
          <StopPointRef>390050692</StopPointRef>
        </To>
        <Direction>inbound</Direction>
      </RouteLink>
      <RouteLink id="RL_14-300-_-y08-1-I-2-13">
        <From>
          <StopPointRef>390050692</StopPointRef>
        </From>
        <To>
          <StopPointRef>390050694</StopPointRef>
        </To>
        <Direction>inbound</Direction>
      </RouteLink>
      <RouteLink id="RL_14-300-_-y08-1-I-2-14">
        <From>
          <StopPointRef>390050694</StopPointRef>
        </From>
        <To>
          <StopPointRef>390050923</StopPointRef>
        </To>
        <Direction>inbound</Direction>
      </RouteLink>
      <RouteLink id="RL_14-300-_-y08-1-I-2-15">
        <From>
          <StopPointRef>390050923</StopPointRef>
        </From>
        <To>
          <StopPointRef>390050926</StopPointRef>
        </To>
        <Direction>inbound</Direction>
      </RouteLink>
      <RouteLink id="RL_14-300-_-y08-1-I-2-16">
        <From>
          <StopPointRef>390050926</StopPointRef>
        </From>
        <To>
          <StopPointRef>390050881</StopPointRef>
        </To>
        <Direction>inbound</Direction>
      </RouteLink>
      <RouteLink id="RL_14-300-_-y08-1-I-2-17">
        <From>
          <StopPointRef>390050881</StopPointRef>
        </From>
        <To>
          <StopPointRef>390050883</StopPointRef>
        </To>
        <Direction>inbound</Direction>
      </RouteLink>
      <RouteLink id="RL_14-300-_-y08-1-I-2-18">
        <From>
          <StopPointRef>390050883</StopPointRef>
        </From>
        <To>
          <StopPointRef>390050884</StopPointRef>
        </To>
        <Direction>inbound</Direction>
      </RouteLink>
      <RouteLink id="RL_14-300-_-y08-1-I-2-19">
        <From>
          <StopPointRef>390050884</StopPointRef>
        </From>
        <To>
          <StopPointRef>390050803</StopPointRef>
        </To>
        <Direction>inbound</Direction>
      </RouteLink>
      <RouteLink id="RL_14-300-_-y08-1-I-2-20">
        <From>
          <StopPointRef>390050803</StopPointRef>
        </From>
        <To>
          <StopPointRef>390050790</StopPointRef>
        </To>
        <Direction>inbound</Direction>
      </RouteLink>
    </RouteSection>
  </RouteSections>
  <Routes>
    <Route id="R_14-300-_-y08-1-O-1">
      <PrivateCode>R_14-300-_-y08-1-O-1</PrivateCode>
      <Description>Bus Station - Village Green</Description>
      <RouteSectionRef>RS_14-300-_-y08-1-O-1</RouteSectionRef>
    </Route>
    <Route id="R_14-300-_-y08-1-I-2">
      <PrivateCode>R_14-300-_-y08-1-I-2</PrivateCode>
      <Description>Village Green - Bus Station</Description>
      <RouteSectionRef>RS_14-300-_-y08-1-I-2</RouteSectionRef>
    </Route>
  </Routes>
  <JourneyPatternSections>
    <JourneyPatternSection id="JPS_14-300-_-y08-1-1-1-O">
      <JourneyPatternTimingLink id="JPL_14-300-_-y08-1-1-O-1-2">
        <From SequenceNumber="1">
          <Activity>pickUp</Activity>
          <StopPointRef>390050790</StopPointRef>
          <TimingStatus>PTP</TimingStatus>
        </From>
        <To SequenceNumber="2">
          <Activity>pickUpAndSetDown</Activity>
          <StopPointRef>390050802</StopPointRef>
          <TimingStatus>OTH</TimingStatus>
        </To>
        <RouteLinkRef>RL_14-300-_-y08-1-O-1-1</RouteLinkRef>
        <RunTime>PT1M7S</RunTime>
      </JourneyPatternTimingLink>
      <JourneyPatternTimingLink id="JPL_14-300-_-y08-1-1-O-1-3">
        <From SequenceNumber="2">
          <Activity>pickUpAndSetDown</Activity>
          <StopPointRef>390050802</StopPointRef>
          <TimingStatus>OTH</TimingStatus>
        </From>
        <To SequenceNumber="3">
          <Activity>pickUpAndSetDown</Activity>
          <StopPointRef>390050885</StopPointRef>
          <TimingStatus>OTH</TimingStatus>
        </To>
        <RouteLinkRef>RL_14-300-_-y08-1-O-1-2</RouteLinkRef>
        <RunTime>PT25S</RunTime>
      </JourneyPatternTimingLink>
      <JourneyPatternTimingLink id="JPL_14-300-_-y08-1-1-O-1-4">
        <From SequenceNumber="3">
          <Activity>pickUpAndSetDown</Activity>
          <StopPointRef>390050885</StopPointRef>
          <TimingStatus>OTH</TimingStatus>
        </From>
        <To SequenceNumber="4">
          <Activity>pickUpAndSetDown</Activity>
          <StopPointRef>390050882</StopPointRef>
          <TimingStatus>OTH</TimingStatus>
        </To>
        <RouteLinkRef>RL_14-300-_-y08-1-O-1-3</RouteLinkRef>
        <RunTime>PT26S</RunTime>
      </JourneyPatternTimingLink>
      <JourneyPatternTimingLink id="JPL_14-300-_-y08-1-1-O-1-5">
        <From SequenceNumber="4">
          <Activity>pickUpAndSetDown</Activity>
          <StopPointRef>390050882</StopPointRef>
          <TimingStatus>OTH</TimingStatus>
        </From>
        <To SequenceNumber="5">
          <Activity>pickUpAndSetDown</Activity>
          <StopPointRef>390050880</StopPointRef>
          <TimingStatus>OTH</TimingStatus>
        </To>
        <RouteLinkRef>RL_14-300-_-y08-1-O-1-4</RouteLinkRef>
        <RunTime>PT29S</RunTime>
      </JourneyPatternTimingLink>
      <JourneyPatternTimingLink id="JPL_14-300-_-y08-1-1-O-1-6">
        <From SequenceNumber="5">
          <Activity>pickUpAndSetDown</Activity>
          <StopPointRef>390050880</StopPointRef>
          <TimingStatus>OTH</TimingStatus>
        </From>
        <To SequenceNumber="6">
          <Activity>pickUpAndSetDown</Activity>
          <StopPointRef>390050925</StopPointRef>
          <TimingStatus>PTP</TimingStatus>
        </To>
        <RouteLinkRef>RL_14-300-_-y08-1-O-1-5</RouteLinkRef>
        <RunTime>PT33S</RunTime>
      </JourneyPatternTimingLink>
      <JourneyPatternTimingLink id="JPL_14-300-_-y08-1-1-O-1-7">
        <From SequenceNumber="6">
          <Activity>pickUpAndSetDown</Activity>
          <StopPointRef>390050925</StopPointRef>
          <TimingStatus>PTP</TimingStatus>
        </From>
        <To SequenceNumber="7">
          <Activity>pickUpAndSetDown</Activity>
          <StopPointRef>390050924</StopPointRef>
          <TimingStatus>OTH</TimingStatus>
        </To>
        <RouteLinkRef>RL_14-300-_-y08-1-O-1-6</RouteLinkRef>
        <RunTime>PT15S</RunTime>
      </JourneyPatternTimingLink>
      <JourneyPatternTimingLink id="JPL_14-300-_-y08-1-1-O-1-8">
        <From SequenceNumber="7">
          <Activity>pickUpAndSetDown</Activity>
          <StopPointRef>390050924</StopPointRef>
          <TimingStatus>OTH</TimingStatus>
        </From>
        <To SequenceNumber="8">
          <Activity>pickUpAndSetDown</Activity>
          <StopPointRef>390050693</StopPointRef>
          <TimingStatus>PTP</TimingStatus>
        </To>
        <RouteLinkRef>RL_14-300-_-y08-1-O-1-7</RouteLinkRef>
        <RunTime>PT45S</RunTime>
      </JourneyPatternTimingLink>
      <JourneyPatternTimingLink id="JPL_14-300-_-y08-1-1-O-1-9">
        <From SequenceNumber="8">
          <Activity>pickUpAndSetDown</Activity>
          <StopPointRef>390050693</StopPointRef>
          <TimingStatus>PTP</TimingStatus>
        </From>
        <To SequenceNumber="9">
          <Activity>pickUpAndSetDown</Activity>
          <StopPointRef>390050691</StopPointRef>
          <TimingStatus>OTH</TimingStatus>
        </To>
        <RouteLinkRef>RL_14-300-_-y08-1-O-1-8</RouteLinkRef>
        <RunTime>PT17S</RunTime>
      </JourneyPatternTimingLink>
      <JourneyPatternTimingLink id="JPL_14-300-_-y08-1-1-O-1-10">
        <From SequenceNumber="9">
          <Activity>pickUpAndSetDown</Activity>
          <StopPointRef>390050691</StopPointRef>
          <TimingStatus>OTH</TimingStatus>
        </From>
        <To SequenceNumber="10">
          <Activity>pickUpAndSetDown</Activity>
          <StopPointRef>390050716</StopPointRef>
          <TimingStatus>PTP</TimingStatus>
        </To>
        <RouteLinkRef>RL_14-300-_-y08-1-O-1-9</RouteLinkRef>
        <RunTime>PT2M43S</RunTime>
      </JourneyPatternTimingLink>
      <JourneyPatternTimingLink id="JPL_14-300-_-y08-1-1-O-1-11">
        <From SequenceNumber="10">
          <Activity>pickUpAndSetDown</Activity>
          <StopPointRef>390050716</StopPointRef>
          <TimingStatus>PTP</TimingStatus>
        </From>
        <To SequenceNumber="11">
          <Activity>pickUpAndSetDown</Activity>
          <StopPointRef>390050713</StopPointRef>
          <TimingStatus>OTH</TimingStatus>
        </To>
        <RouteLinkRef>RL_14-300-_-y08-1-O-1-10</RouteLinkRef>
        <RunTime>PT2M38S</RunTime>
      </JourneyPatternTimingLink>
      <JourneyPatternTimingLink id="JPL_14-300-_-y08-1-1-O-1-12">
        <From SequenceNumber="11">
          <Activity>pickUpAndSetDown</Activity>
          <StopPointRef>390050713</StopPointRef>
          <TimingStatus>OTH</TimingStatus>
        </From>
        <To SequenceNumber="12">
          <Activity>pickUpAndSetDown</Activity>
          <StopPointRef>390051112</StopPointRef>
          <TimingStatus>OTH</TimingStatus>
        </To>
        <RouteLinkRef>RL_14-300-_-y08-1-O-1-11</RouteLinkRef>
        <RunTime>PT47S</RunTime>
      </JourneyPatternTimingLink>
      <JourneyPatternTimingLink id="JPL_14-300-_-y08-1-1-O-1-13">
        <From SequenceNumber="12">
          <Activity>pickUpAndSetDown</Activity>
          <StopPointRef>390051112</StopPointRef>
          <TimingStatus>OTH</TimingStatus>
        </From>
        <To SequenceNumber="13">
          <Activity>pickUpAndSetDown</Activity>
          <StopPointRef>390050682</StopPointRef>
          <TimingStatus>OTH</TimingStatus>
        </To>
        <RouteLinkRef>RL_14-300-_-y08-1-O-1-12</RouteLinkRef>
        <RunTime>PT4M14S</RunTime>
      </JourneyPatternTimingLink>
      <JourneyPatternTimingLink id="JPL_14-300-_-y08-1-1-O-1-14">
        <From SequenceNumber="13">
          <Activity>pickUpAndSetDown</Activity>
          <StopPointRef>390050682</StopPointRef>
          <TimingStatus>OTH</TimingStatus>
        </From>
        <To SequenceNumber="14">
          <Activity>pickUpAndSetDown</Activity>
          <StopPointRef>390051114</StopPointRef>
          <TimingStatus>PTP</TimingStatus>
        </To>
        <RouteLinkRef>RL_14-300-_-y08-1-O-1-13</RouteLinkRef>
        <RunTime>PT21S</RunTime>
      </JourneyPatternTimingLink>
      <JourneyPatternTimingLink id="JPL_14-300-_-y08-1-1-O-1-15">
        <From SequenceNumber="14">
          <Activity>pickUpAndSetDown</Activity>
          <StopPointRef>390051114</StopPointRef>
          <TimingStatus>PTP</TimingStatus>
        </From>
        <To SequenceNumber="15">
          <Activity>pickUpAndSetDown</Activity>
          <StopPointRef>390050572</StopPointRef>
          <TimingStatus>OTH</TimingStatus>
        </To>
        <RouteLinkRef>RL_14-300-_-y08-1-O-1-14</RouteLinkRef>
        <RunTime>PT4M31S</RunTime>
      </JourneyPatternTimingLink>
      <JourneyPatternTimingLink id="JPL_14-300-_-y08-1-1-O-1-16">
        <From SequenceNumber="15">
          <Activity>pickUpAndSetDown</Activity>
          <StopPointRef>390050572</StopPointRef>
          <TimingStatus>OTH</TimingStatus>
        </From>
        <To SequenceNumber="16">
          <Activity>pickUpAndSetDown</Activity>
          <StopPointRef>390050569</StopPointRef>
          <TimingStatus>PTP</TimingStatus>
        </To>
        <RouteLinkRef>RL_14-300-_-y08-1-O-1-15</RouteLinkRef>
        <RunTime>PT29S</RunTime>
      </JourneyPatternTimingLink>
      <JourneyPatternTimingLink id="JPL_14-300-_-y08-1-1-O-1-17">
        <From SequenceNumber="16">
          <Activity>pickUpAndSetDown</Activity>
          <StopPointRef>390050569</StopPointRef>
          <TimingStatus>PTP</TimingStatus>
        </From>
        <To SequenceNumber="17">
          <Activity>pickUpAndSetDown</Activity>
          <StopPointRef>390050567</StopPointRef>
          <TimingStatus>OTH</TimingStatus>
        </To>
        <RouteLinkRef>RL_14-300-_-y08-1-O-1-16</RouteLinkRef>
        <RunTime>PT3M10S</RunTime>
      </JourneyPatternTimingLink>
      <JourneyPatternTimingLink id="JPL_14-300-_-y08-1-1-O-1-18">
        <From SequenceNumber="17">
          <Activity>pickUpAndSetDown</Activity>
          <StopPointRef>390050567</StopPointRef>
          <TimingStatus>OTH</TimingStatus>
        </From>
        <To SequenceNumber="18">
          <Activity>pickUpAndSetDown</Activity>
          <StopPointRef>390051032</StopPointRef>
          <TimingStatus>OTH</TimingStatus>
        </To>
        <RouteLinkRef>RL_14-300-_-y08-1-O-1-17</RouteLinkRef>
        <RunTime>PT54S</RunTime>
      </JourneyPatternTimingLink>
      <JourneyPatternTimingLink id="JPL_14-300-_-y08-1-1-O-1-19">
        <From SequenceNumber="18">
          <Activity>pickUpAndSetDown</Activity>
          <StopPointRef>390051032</StopPointRef>
          <TimingStatus>OTH</TimingStatus>
        </From>
        <To SequenceNumber="19">
          <Activity>pickUpAndSetDown</Activity>
          <StopPointRef>390050565</StopPointRef>
          <TimingStatus>PTP</TimingStatus>
        </To>
        <RouteLinkRef>RL_14-300-_-y08-1-O-1-18</RouteLinkRef>
        <RunTime>PT56S</RunTime>
      </JourneyPatternTimingLink>
      <JourneyPatternTimingLink id="JPL_14-300-_-y08-1-1-O-1-20">
        <From SequenceNumber="19">
          <Activity>pickUpAndSetDown</Activity>
          <StopPointRef>390050565</StopPointRef>
          <TimingStatus>PTP</TimingStatus>
        </From>
        <To SequenceNumber="20">
          <Activity>pickUpAndSetDown</Activity>
          <StopPointRef>390050563</StopPointRef>
          <TimingStatus>OTH</TimingStatus>
        </To>
        <RouteLinkRef>RL_14-300-_-y08-1-O-1-19</RouteLinkRef>
        <RunTime>PT25S</RunTime>
      </JourneyPatternTimingLink>
      <JourneyPatternTimingLink id="JPL_14-300-_-y08-1-1-O-1-21">
        <From SequenceNumber="20">
          <Activity>pickUpAndSetDown</Activity>
          <StopPointRef>390050563</StopPointRef>
          <TimingStatus>OTH</TimingStatus>
        </From>
        <To SequenceNumber="21">
          <Activity>setDown</Activity>
          <StopPointRef>390050610</StopPointRef>
          <TimingStatus>PTP</TimingStatus>
        </To>
        <RouteLinkRef>RL_14-300-_-y08-1-O-1-20</RouteLinkRef>
        <RunTime>PT4M35S</RunTime>
      </JourneyPatternTimingLink>
    </JourneyPatternSection>
    <JourneyPatternSection id="JPS_14-300-_-y08-1-1-2-I">
      <JourneyPatternTimingLink id="JPL_14-300-_-y08-1-1-I-2-2">
        <From SequenceNumber="1">
          <Activity>pickUp</Activity>
          <StopPointRef>390050611</StopPointRef>
          <TimingStatus>PTP</TimingStatus>
        </From>
        <To SequenceNumber="2">
          <Activity>pickUpAndSetDown</Activity>
          <StopPointRef>390050564</StopPointRef>
          <TimingStatus>OTH</TimingStatus>
        </To>
        <RouteLinkRef>RL_14-300-_-y08-1-I-2-1</RouteLinkRef>
        <RunTime>PT4M31S</RunTime>
      </JourneyPatternTimingLink>
      <JourneyPatternTimingLink id="JPL_14-300-_-y08-1-1-I-2-3">
        <From SequenceNumber="2">
          <Activity>pickUpAndSetDown</Activity>
          <StopPointRef>390050564</StopPointRef>
          <TimingStatus>OTH</TimingStatus>
        </From>
        <To SequenceNumber="3">
          <Activity>pickUpAndSetDown</Activity>
          <StopPointRef>390050566</StopPointRef>
          <TimingStatus>PTP</TimingStatus>
        </To>
        <RouteLinkRef>RL_14-300-_-y08-1-I-2-2</RouteLinkRef>
        <RunTime>PT29S</RunTime>
      </JourneyPatternTimingLink>
      <JourneyPatternTimingLink id="JPL_14-300-_-y08-1-1-I-2-4">
        <From SequenceNumber="3">
          <Activity>pickUpAndSetDown</Activity>
          <StopPointRef>390050566</StopPointRef>
          <TimingStatus>PTP</TimingStatus>
        </From>
        <To SequenceNumber="4">
          <Activity>pickUpAndSetDown</Activity>
          <StopPointRef>390051031</StopPointRef>
          <TimingStatus>OTH</TimingStatus>
        </To>
        <RouteLinkRef>RL_14-300-_-y08-1-I-2-3</RouteLinkRef>
        <RunTime>PT48S</RunTime>
      </JourneyPatternTimingLink>
      <JourneyPatternTimingLink id="JPL_14-300-_-y08-1-1-I-2-5">
        <From SequenceNumber="4">
          <Activity>pickUpAndSetDown</Activity>
          <StopPointRef>390051031</StopPointRef>
          <TimingStatus>OTH</TimingStatus>
        </From>
        <To SequenceNumber="5">
          <Activity>pickUpAndSetDown</Activity>
          <StopPointRef>390050568</StopPointRef>
          <TimingStatus>OTH</TimingStatus>
        </To>
        <RouteLinkRef>RL_14-300-_-y08-1-I-2-4</RouteLinkRef>
        <RunTime>PT52S</RunTime>
      </JourneyPatternTimingLink>
      <JourneyPatternTimingLink id="JPL_14-300-_-y08-1-1-I-2-6">
        <From SequenceNumber="5">
          <Activity>pickUpAndSetDown</Activity>
          <StopPointRef>390050568</StopPointRef>
          <TimingStatus>OTH</TimingStatus>
        </From>
        <To SequenceNumber="6">
          <Activity>pickUpAndSetDown</Activity>
          <StopPointRef>390050570</StopPointRef>
          <TimingStatus>PTP</TimingStatus>
        </To>
        <RouteLinkRef>RL_14-300-_-y08-1-I-2-5</RouteLinkRef>
        <RunTime>PT3M20S</RunTime>
      </JourneyPatternTimingLink>
      <JourneyPatternTimingLink id="JPL_14-300-_-y08-1-1-I-2-7">
        <From SequenceNumber="6">
          <Activity>pickUpAndSetDown</Activity>
          <StopPointRef>390050570</StopPointRef>
          <TimingStatus>PTP</TimingStatus>
        </From>
        <To SequenceNumber="7">
          <Activity>pickUpAndSetDown</Activity>
          <StopPointRef>390050571</StopPointRef>
          <TimingStatus>OTH</TimingStatus>
        </To>
        <RouteLinkRef>RL_14-300-_-y08-1-I-2-6</RouteLinkRef>
        <RunTime>PT29S</RunTime>
      </JourneyPatternTimingLink>
      <JourneyPatternTimingLink id="JPL_14-300-_-y08-1-1-I-2-8">
        <From SequenceNumber="7">
          <Activity>pickUpAndSetDown</Activity>
          <StopPointRef>390050571</StopPointRef>
          <TimingStatus>OTH</TimingStatus>
        </From>
        <To SequenceNumber="8">
          <Activity>pickUpAndSetDown</Activity>
          <StopPointRef>390051115</StopPointRef>
          <TimingStatus>PTP</TimingStatus>
        </To>
        <RouteLinkRef>RL_14-300-_-y08-1-I-2-7</RouteLinkRef>
        <RunTime>PT4M31S</RunTime>
      </JourneyPatternTimingLink>
      <JourneyPatternTimingLink id="JPL_14-300-_-y08-1-1-I-2-9">
        <From SequenceNumber="8">
          <Activity>pickUpAndSetDown</Activity>
          <StopPointRef>390051115</StopPointRef>
          <TimingStatus>PTP</TimingStatus>
        </From>
        <To SequenceNumber="9">
          <Activity>pickUpAndSetDown</Activity>
          <StopPointRef>390050681</StopPointRef>
          <TimingStatus>OTH</TimingStatus>
        </To>
        <RouteLinkRef>RL_14-300-_-y08-1-I-2-8</RouteLinkRef>
        <RunTime>PT18S</RunTime>
      </JourneyPatternTimingLink>
      <JourneyPatternTimingLink id="JPL_14-300-_-y08-1-1-I-2-10">
        <From SequenceNumber="9">
          <Activity>pickUpAndSetDown</Activity>
          <StopPointRef>390050681</StopPointRef>
          <TimingStatus>OTH</TimingStatus>
        </From>
        <To SequenceNumber="10">
          <Activity>pickUpAndSetDown</Activity>
          <StopPointRef>390051113</StopPointRef>
          <TimingStatus>OTH</TimingStatus>
        </To>
        <RouteLinkRef>RL_14-300-_-y08-1-I-2-9</RouteLinkRef>
        <RunTime>PT3M43S</RunTime>
      </JourneyPatternTimingLink>
      <JourneyPatternTimingLink id="JPL_14-300-_-y08-1-1-I-2-11">
        <From SequenceNumber="10">
          <Activity>pickUpAndSetDown</Activity>
          <StopPointRef>390051113</StopPointRef>
          <TimingStatus>OTH</TimingStatus>
        </From>
        <To SequenceNumber="11">
          <Activity>pickUpAndSetDown</Activity>
          <StopPointRef>390050712</StopPointRef>
          <TimingStatus>OTH</TimingStatus>
        </To>
        <RouteLinkRef>RL_14-300-_-y08-1-I-2-10</RouteLinkRef>
        <RunTime>PT41S</RunTime>
      </JourneyPatternTimingLink>
      <JourneyPatternTimingLink id="JPL_14-300-_-y08-1-1-I-2-12">
        <From SequenceNumber="11">
          <Activity>pickUpAndSetDown</Activity>
          <StopPointRef>390050712</StopPointRef>
          <TimingStatus>OTH</TimingStatus>
        </From>
        <To SequenceNumber="12">
          <Activity>pickUpAndSetDown</Activity>
          <StopPointRef>390050717</StopPointRef>
          <TimingStatus>PTP</TimingStatus>
        </To>
        <RouteLinkRef>RL_14-300-_-y08-1-I-2-11</RouteLinkRef>
        <RunTime>PT2M18S</RunTime>
      </JourneyPatternTimingLink>
      <JourneyPatternTimingLink id="JPL_14-300-_-y08-1-1-I-2-13">
        <From SequenceNumber="12">
          <Activity>pickUpAndSetDown</Activity>
          <StopPointRef>390050717</StopPointRef>
          <TimingStatus>PTP</TimingStatus>
        </From>
        <To SequenceNumber="13">
          <Activity>pickUpAndSetDown</Activity>
          <StopPointRef>390050692</StopPointRef>
          <TimingStatus>OTH</TimingStatus>
        </To>
        <RouteLinkRef>RL_14-300-_-y08-1-I-2-12</RouteLinkRef>
        <RunTime>PT2M45S</RunTime>
      </JourneyPatternTimingLink>
      <JourneyPatternTimingLink id="JPL_14-300-_-y08-1-1-I-2-14">
        <From SequenceNumber="13">
          <Activity>pickUpAndSetDown</Activity>
          <StopPointRef>390050692</StopPointRef>
          <TimingStatus>OTH</TimingStatus>
        </From>
        <To SequenceNumber="14">
          <Activity>pickUpAndSetDown</Activity>
          <StopPointRef>390050694</StopPointRef>
          <TimingStatus>PTP</TimingStatus>
        </To>
        <RouteLinkRef>RL_14-300-_-y08-1-I-2-13</RouteLinkRef>
        <RunTime>PT15S</RunTime>
      </JourneyPatternTimingLink>
      <JourneyPatternTimingLink id="JPL_14-300-_-y08-1-1-I-2-15">
        <From SequenceNumber="14">
          <Activity>pickUpAndSetDown</Activity>
          <StopPointRef>390050694</StopPointRef>
          <TimingStatus>PTP</TimingStatus>
        </From>
        <To SequenceNumber="15">
          <Activity>pickUpAndSetDown</Activity>
          <StopPointRef>390050923</StopPointRef>
          <TimingStatus>OTH</TimingStatus>
        </To>
        <RouteLinkRef>RL_14-300-_-y08-1-I-2-14</RouteLinkRef>
        <RunTime>PT1M16S</RunTime>
      </JourneyPatternTimingLink>
      <JourneyPatternTimingLink id="JPL_14-300-_-y08-1-1-I-2-16">
        <From SequenceNumber="15">
          <Activity>pickUpAndSetDown</Activity>
          <StopPointRef>390050923</StopPointRef>
          <TimingStatus>OTH</TimingStatus>
        </From>
        <To SequenceNumber="16">
          <Activity>pickUpAndSetDown</Activity>
          <StopPointRef>390050926</StopPointRef>
          <TimingStatus>PTP</TimingStatus>
        </To>
        <RouteLinkRef>RL_14-300-_-y08-1-I-2-15</RouteLinkRef>
        <RunTime>PT44S</RunTime>
      </JourneyPatternTimingLink>
      <JourneyPatternTimingLink id="JPL_14-300-_-y08-1-1-I-2-17">
        <From SequenceNumber="16">
          <Activity>pickUpAndSetDown</Activity>
          <StopPointRef>390050926</StopPointRef>
          <TimingStatus>PTP</TimingStatus>
        </From>
        <To SequenceNumber="17">
          <Activity>pickUpAndSetDown</Activity>
          <StopPointRef>390050881</StopPointRef>
          <TimingStatus>OTH</TimingStatus>
        </To>
        <RouteLinkRef>RL_14-300-_-y08-1-I-2-16</RouteLinkRef>
        <RunTime>PT29S</RunTime>
      </JourneyPatternTimingLink>
      <JourneyPatternTimingLink id="JPL_14-300-_-y08-1-1-I-2-18">
        <From SequenceNumber="17">
          <Activity>pickUpAndSetDown</Activity>
          <StopPointRef>390050881</StopPointRef>
          <TimingStatus>OTH</TimingStatus>
        </From>
        <To SequenceNumber="18">
          <Activity>pickUpAndSetDown</Activity>
          <StopPointRef>390050883</StopPointRef>
          <TimingStatus>OTH</TimingStatus>
        </To>
        <RouteLinkRef>RL_14-300-_-y08-1-I-2-17</RouteLinkRef>
        <RunTime>PT38S</RunTime>
      </JourneyPatternTimingLink>
      <JourneyPatternTimingLink id="JPL_14-300-_-y08-1-1-I-2-19">
        <From SequenceNumber="18">
          <Activity>pickUpAndSetDown</Activity>
          <StopPointRef>390050883</StopPointRef>
          <TimingStatus>OTH</TimingStatus>
        </From>
        <To SequenceNumber="19">
          <Activity>pickUpAndSetDown</Activity>
          <StopPointRef>390050884</StopPointRef>
          <TimingStatus>OTH</TimingStatus>
        </To>
        <RouteLinkRef>RL_14-300-_-y08-1-I-2-18</RouteLinkRef>
        <RunTime>PT24S</RunTime>
      </JourneyPatternTimingLink>
      <JourneyPatternTimingLink id="JPL_14-300-_-y08-1-1-I-2-20">
        <From SequenceNumber="19">
          <Activity>pickUpAndSetDown</Activity>
          <StopPointRef>390050884</StopPointRef>
          <TimingStatus>OTH</TimingStatus>
        </From>
        <To SequenceNumber="20">
          <Activity>pickUpAndSetDown</Activity>
          <StopPointRef>390050803</StopPointRef>
          <TimingStatus>OTH</TimingStatus>
        </To>
        <RouteLinkRef>RL_14-300-_-y08-1-I-2-19</RouteLinkRef>
        <RunTime>PT25S</RunTime>
      </JourneyPatternTimingLink>
      <JourneyPatternTimingLink id="JPL_14-300-_-y08-1-1-I-2-21">
        <From SequenceNumber="20">
          <Activity>pickUpAndSetDown</Activity>
          <StopPointRef>390050803</StopPointRef>
          <TimingStatus>OTH</TimingStatus>
        </From>
        <To SequenceNumber="21">
          <Activity>setDown</Activity>
          <StopPointRef>390050790</StopPointRef>
          <TimingStatus>PTP</TimingStatus>
        </To>
        <RouteLinkRef>RL_14-300-_-y08-1-I-2-20</RouteLinkRef>
        <RunTime>PT1M4S</RunTime>
      </JourneyPatternTimingLink>
    </JourneyPatternSection>
  </JourneyPatternSections>
  <Operators>
    <Operator id="OId_716TS">
      <NationalOperatorCode>SCCT</NationalOperatorCode>
      <OperatorCode>716TS</OperatorCode>
      <OperatorShortName>Suffolk Norse</OperatorShortName>
      <OperatorNameOnLicence>Suffolk Norse</OperatorNameOnLicence>
      <TradingName>Suffolk Norse</TradingName>
    </Operator>
  </Operators>
  <Services>
    <Service>
      <ServiceCode>14-300-_-y08-1</ServiceCode>
      <PrivateCode>14-300-_-y08-1</PrivateCode>
      <Lines>
        <Line id="14-300-_-y08-1">
          <LineName>300</LineName>
        </Line>
      </Lines>
      <OperatingPeriod>
        <StartDate>2019-11-05</StartDate>
        <EndDate>2020-05-08</EndDate>
      </OperatingPeriod>
      <OperatingProfile>
        <RegularDayType>
          <DaysOfWeek>
            <MondayToFriday />
          </DaysOfWeek>
        </RegularDayType>
        <SpecialDaysOperation>
          <DaysOfNonOperation>
            <DateRange>
              <StartDate>2019-12-24</StartDate>
              <EndDate>2019-12-24</EndDate>
            </DateRange>
            <DateRange>
              <StartDate>2019-12-27</StartDate>
              <EndDate>2019-12-27</EndDate>
            </DateRange>
            <DateRange>
              <StartDate>2019-12-30</StartDate>
              <EndDate>2019-12-31</EndDate>
            </DateRange>
          </DaysOfNonOperation>
        </SpecialDaysOperation>
        <BankHolidayOperation>
          <DaysOfNonOperation>
            <ChristmasDay />
            <BoxingDay />
            <GoodFriday />
            <NewYearsDay />
            <MayDay />
            <EasterMonday />
          </DaysOfNonOperation>
        </BankHolidayOperation>
      </OperatingProfile>
      <VehicleType>
        <VehicleEquipment>
          <AccessVehicleEquipment>
            <LowFloor>true</LowFloor>
            <Ramp>true</Ramp>
          </AccessVehicleEquipment>
          <WheelchairVehicleEquipment>
            <SuitableFor>wheelchair</SuitableFor>
          </WheelchairVehicleEquipment>
        </VehicleEquipment>
        <WheelchairAccessible>true</WheelchairAccessible>
      </VehicleType>
      <RegisteredOperatorRef>OId_716TS</RegisteredOperatorRef>
      <StopRequirements>
        <NoNewStopsRequired />
      </StopRequirements>
      <Mode>bus</Mode>
      <Description>Bury St. Edmunds - Pakenham - Ixworth - Ixworth Thorpe</Description>
      <StandardService>
        <Origin>Bus Station</Origin>
        <Destination>Village Green</Destination>
        <JourneyPattern id="JP_14-300-_-y08-1-1-O-1">
          <Direction>outbound</Direction>
          <RouteRef>R_14-300-_-y08-1-O-1</RouteRef>
          <JourneyPatternSectionRefs>JPS_14-300-_-y08-1-1-1-O</JourneyPatternSectionRefs>
        </JourneyPattern>
        <JourneyPattern id="JP_14-300-_-y08-1-1-I-2">
          <Direction>inbound</Direction>
          <RouteRef>R_14-300-_-y08-1-I-2</RouteRef>
          <JourneyPatternSectionRefs>JPS_14-300-_-y08-1-1-2-I</JourneyPatternSectionRefs>
        </JourneyPattern>
      </StandardService>
    </Service>
  </Services>
  <VehicleJourneys>
    <VehicleJourney>
      <PrivateCode>suf-14-300-_-y08-1-1-T0</PrivateCode>
      <OperatingProfile>
        <RegularDayType>
          <DaysOfWeek>
            <Wednesday />
          </DaysOfWeek>
        </RegularDayType>
        <BankHolidayOperation>
          <DaysOfNonOperation>
            <AllBankHolidays />
          </DaysOfNonOperation>
        </BankHolidayOperation>
      </OperatingProfile>
      <VehicleJourneyCode>VJ_14-300-_-y08-1-1-T0</VehicleJourneyCode>
      <ServiceRef>14-300-_-y08-1</ServiceRef>
      <LineRef>14-300-_-y08-1</LineRef>
      <JourneyPatternRef>JP_14-300-_-y08-1-1-O-1</JourneyPatternRef>
      <Note>
        <NoteCode>1</NoteCode>
        <NoteText>Sponsored by Suffolk County Council</NoteText>
      </Note>
      <Note>
        <NoteCode>W</NoteCode>
        <NoteText>Operates on Wednesdays</NoteText>
      </Note>
      <DepartureTime>13:45:00</DepartureTime>
    </VehicleJourney>
    <VehicleJourney>
      <PrivateCode>suf-14-300-_-y08-1-2-T0</PrivateCode>
      <OperatingProfile>
        <RegularDayType>
          <DaysOfWeek>
            <Wednesday />
          </DaysOfWeek>
        </RegularDayType>
        <BankHolidayOperation>
          <DaysOfNonOperation>
            <AllBankHolidays />
          </DaysOfNonOperation>
        </BankHolidayOperation>
      </OperatingProfile>
      <VehicleJourneyCode>VJ_14-300-_-y08-1-2-T0</VehicleJourneyCode>
      <ServiceRef>14-300-_-y08-1</ServiceRef>
      <LineRef>14-300-_-y08-1</LineRef>
      <JourneyPatternRef>JP_14-300-_-y08-1-1-I-2</JourneyPatternRef>
      <Note>
        <NoteCode>1</NoteCode>
        <NoteText>Sponsored by Suffolk County Council</NoteText>
      </Note>
      <Note>
        <NoteCode>W</NoteCode>
        <NoteText>Operates on Wednesdays</NoteText>
      </Note>
      <DepartureTime>09:30:00</DepartureTime>
    </VehicleJourney>
  </VehicleJourneys>
</TransXChange>