<?xml version="1.0" encoding="utf-8"?>
<TransXChange xmlns:xsi="http://www.w3.org/2001/XMLSchema-instance" xmlns:xsd="http://www.w3.org/2001/XMLSchema" xsi:schemaLocation="http://www.transxchange.org.uk/ http://www.transxchange.org.uk/schema/2.5/TransXChange_general.xsd" CreationDateTime="2019-11-07T16:00:56.1278Z" ModificationDateTime="2019-11-07T16:00:56.1278Z" Modification="new" RevisionNumber="3" FileName="suf_17-462-_-y08-1.xml" SchemaVersion="2.5" RegistrationDocument="true" xmlns="http://www.transxchange.org.uk/">
  <StopPoints>
    <AnnotatedStopPointRef>
      <StopPointRef>390010891</StopPointRef>
      <CommonName>Bus Station</CommonName>
      <Indicator>Stand B</Indicator>
      <LocalityName>Hadleigh (Suffk)</LocalityName>
      <LocalityQualifier>Suffolk</LocalityQualifier>
    </AnnotatedStopPointRef>
    <AnnotatedStopPointRef>
      <StopPointRef>390010416</StopPointRef>
      <CommonName>High Street Mews</CommonName>
      <Indicator>N-bound</Indicator>
      <LocalityName>Hadleigh (Suffk)</LocalityName>
      <LocalityQualifier>Suffolk</LocalityQualifier>
    </AnnotatedStopPointRef>
    <AnnotatedStopPointRef>
      <StopPointRef>390010399</StopPointRef>
      <CommonName>Meadows Way</CommonName>
      <Indicator>opp</Indicator>
      <LocalityName>Hadleigh (Suffk)</LocalityName>
      <LocalityQualifier>Suffolk</LocalityQualifier>
    </AnnotatedStopPointRef>
    <AnnotatedStopPointRef>
      <StopPointRef>390010400</StopPointRef>
      <CommonName>Morrisons</CommonName>
      <LocalityName>Hadleigh (Suffk)</LocalityName>
      <LocalityQualifier>Suffolk</LocalityQualifier>
    </AnnotatedStopPointRef>
    <AnnotatedStopPointRef>
      <StopPointRef>390010403</StopPointRef>
      <CommonName>Allen Road</CommonName>
      <Indicator>opp</Indicator>
      <LocalityName>Hadleigh (Suffk)</LocalityName>
      <LocalityQualifier>Suffolk</LocalityQualifier>
    </AnnotatedStopPointRef>
    <AnnotatedStopPointRef>
      <StopPointRef>390010739</StopPointRef>
      <CommonName>Telephone Box</CommonName>
      <Indicator>opp</Indicator>
      <LocalityName>Whatfield</LocalityName>
      <LocalityQualifier>Suffolk</LocalityQualifier>
    </AnnotatedStopPointRef>
    <AnnotatedStopPointRef>
      <StopPointRef>390010458</StopPointRef>
      <CommonName>Elmsett Corner</CommonName>
      <Indicator>opp</Indicator>
      <LocalityName>Whatfield</LocalityName>
      <LocalityQualifier>Suffolk</LocalityQualifier>
    </AnnotatedStopPointRef>
    <AnnotatedStopPointRef>
      <StopPointRef>390010742</StopPointRef>
      <CommonName>Wheelhouse</CommonName>
      <Indicator>opp</Indicator>
      <LocalityName>Naughton</LocalityName>
      <LocalityQualifier>Suffolk</LocalityQualifier>
    </AnnotatedStopPointRef>
    <AnnotatedStopPointRef>
      <StopPointRef>390010505</StopPointRef>
      <CommonName>Wallow Lane</CommonName>
      <LocalityName>Naughton</LocalityName>
      <LocalityQualifier>Suffolk</LocalityQualifier>
    </AnnotatedStopPointRef>
    <AnnotatedStopPointRef>
      <StopPointRef>390010507</StopPointRef>
      <CommonName>The Lodge</CommonName>
      <Indicator>adj</Indicator>
      <LocalityName>Great Bricett</LocalityName>
      <LocalityQualifier>Suffolk</LocalityQualifier>
    </AnnotatedStopPointRef>
    <AnnotatedStopPointRef>
      <StopPointRef>390010827</StopPointRef>
      <CommonName>Bricett Hall</CommonName>
      <Indicator>o/s</Indicator>
      <LocalityName>Great Bricett</LocalityName>
      <LocalityQualifier>Suffolk</LocalityQualifier>
    </AnnotatedStopPointRef>
    <AnnotatedStopPointRef>
      <StopPointRef>390010861</StopPointRef>
      <CommonName>Wixfield Park</CommonName>
      <LocalityName>Great Bricett</LocalityName>
      <LocalityQualifier>Suffolk</LocalityQualifier>
    </AnnotatedStopPointRef>
    <AnnotatedStopPointRef>
      <StopPointRef>390010509</StopPointRef>
      <CommonName>Chestnut Avenue</CommonName>
      <LocalityName>Wattisham Airfield</LocalityName>
      <LocalityQualifier>Suffolk</LocalityQualifier>
    </AnnotatedStopPointRef>
    <AnnotatedStopPointRef>
      <StopPointRef>390010511</StopPointRef>
      <CommonName>Bus Shelter</CommonName>
      <Indicator>o/s</Indicator>
      <LocalityName>Wattisham Airfield</LocalityName>
      <LocalityQualifier>Suffolk</LocalityQualifier>
    </AnnotatedStopPointRef>
    <AnnotatedStopPointRef>
      <StopPointRef>390010677</StopPointRef>
      <CommonName>Phone Box</CommonName>
      <Indicator>adj</Indicator>
      <LocalityName>Ringshall (Suffk)</LocalityName>
      <LocalityQualifier>Suffolk</LocalityQualifier>
    </AnnotatedStopPointRef>
    <AnnotatedStopPointRef>
      <StopPointRef>390010517</StopPointRef>
      <CommonName>Post Box</CommonName>
      <Indicator>opp</Indicator>
      <LocalityName>Ringshall (Suffk)</LocalityName>
      <LocalityQualifier>Suffolk</LocalityQualifier>
    </AnnotatedStopPointRef>
    <AnnotatedStopPointRef>
      <StopPointRef>390040658</StopPointRef>
      <CommonName>Community Centre</CommonName>
      <Indicator>opp</Indicator>
      <LocalityName>Battisford</LocalityName>
      <LocalityQualifier>Suffolk</LocalityQualifier>
    </AnnotatedStopPointRef>
    <AnnotatedStopPointRef>
      <StopPointRef>390040655</StopPointRef>
      <CommonName>Punchbowl</CommonName>
      <Indicator>opp</Indicator>
      <LocalityName>Battisford Tye</LocalityName>
      <LocalityQualifier>Suffolk</LocalityQualifier>
    </AnnotatedStopPointRef>
    <AnnotatedStopPointRef>
      <StopPointRef>390040890</StopPointRef>
      <CommonName>Moat Farm</CommonName>
      <Indicator>adj</Indicator>
      <LocalityName>Little Finborough</LocalityName>
      <LocalityQualifier>Suffolk</LocalityQualifier>
    </AnnotatedStopPointRef>
    <AnnotatedStopPointRef>
      <StopPointRef>390041013</StopPointRef>
      <CommonName>Combs Green</CommonName>
      <Indicator>adj</Indicator>
      <LocalityName>Combs (Suffk)</LocalityName>
      <LocalityQualifier>Suffolk</LocalityQualifier>
    </AnnotatedStopPointRef>
    <AnnotatedStopPointRef>
      <StopPointRef>390040892</StopPointRef>
      <CommonName>Queens Close</CommonName>
      <Indicator>adj</Indicator>
      <LocalityName>Combs (Suffk)</LocalityName>
      <LocalityQualifier>Suffolk</LocalityQualifier>
    </AnnotatedStopPointRef>
    <AnnotatedStopPointRef>
      <StopPointRef>390040663</StopPointRef>
      <CommonName>Shelter</CommonName>
      <Indicator>o/s</Indicator>
      <LocalityName>Combs (Suffk)</LocalityName>
      <LocalityQualifier>Suffolk</LocalityQualifier>
    </AnnotatedStopPointRef>
    <AnnotatedStopPointRef>
      <StopPointRef>390040661</StopPointRef>
      <CommonName>Model Farm</CommonName>
      <Indicator>adj</Indicator>
      <LocalityName>Combs (Suffk)</LocalityName>
      <LocalityQualifier>Suffolk</LocalityQualifier>
    </AnnotatedStopPointRef>
    <AnnotatedStopPointRef>
      <StopPointRef>390040651</StopPointRef>
      <CommonName>Park Road</CommonName>
      <Indicator>adj</Indicator>
      <LocalityName>Combs (Suffk)</LocalityName>
      <LocalityQualifier>Suffolk</LocalityQualifier>
    </AnnotatedStopPointRef>
    <AnnotatedStopPointRef>
      <StopPointRef>390040686</StopPointRef>
      <CommonName>Church Road</CommonName>
      <Indicator>opp</Indicator>
      <LocalityName>Combs Ford</LocalityName>
      <LocalityQualifier>Suffolk</LocalityQualifier>
    </AnnotatedStopPointRef>
    <AnnotatedStopPointRef>
      <StopPointRef>390040684</StopPointRef>
      <CommonName>Hunt Close</CommonName>
      <Indicator>opp</Indicator>
      <LocalityName>Combs Ford</LocalityName>
      <LocalityQualifier>Suffolk</LocalityQualifier>
    </AnnotatedStopPointRef>
    <AnnotatedStopPointRef>
      <StopPointRef>390040682</StopPointRef>
      <CommonName>Webb Road</CommonName>
      <Indicator>opp</Indicator>
      <LocalityName>Combs Ford</LocalityName>
      <LocalityQualifier>Suffolk</LocalityQualifier>
    </AnnotatedStopPointRef>
    <AnnotatedStopPointRef>
      <StopPointRef>390040680</StopPointRef>
      <CommonName>The Crescent</CommonName>
      <Indicator>opp</Indicator>
      <LocalityName>Combs Ford</LocalityName>
      <LocalityQualifier>Suffolk</LocalityQualifier>
    </AnnotatedStopPointRef>
    <AnnotatedStopPointRef>
      <StopPointRef>390040774</StopPointRef>
      <CommonName>The Ford</CommonName>
      <Indicator>adj</Indicator>
      <LocalityName>Combs Ford</LocalityName>
      <LocalityQualifier>Suffolk</LocalityQualifier>
    </AnnotatedStopPointRef>
    <AnnotatedStopPointRef>
      <StopPointRef>390040600</StopPointRef>
      <CommonName>Lime Tree Place</CommonName>
      <LocalityName>Stowmarket</LocalityName>
      <LocalityQualifier>Suffolk</LocalityQualifier>
    </AnnotatedStopPointRef>
    <AnnotatedStopPointRef>
      <StopPointRef>390040598</StopPointRef>
      <CommonName>Cinema</CommonName>
      <LocalityName>Stowmarket</LocalityName>
      <LocalityQualifier>Suffolk</LocalityQualifier>
    </AnnotatedStopPointRef>
    <AnnotatedStopPointRef>
      <StopPointRef>390040596</StopPointRef>
      <CommonName>Argos Store</CommonName>
      <LocalityName>Stowmarket</LocalityName>
      <LocalityQualifier>Suffolk</LocalityQualifier>
    </AnnotatedStopPointRef>
    <AnnotatedStopPointRef>
      <StopPointRef>390040606</StopPointRef>
      <CommonName>Station Road West</CommonName>
      <LocalityName>Stowmarket</LocalityName>
      <LocalityQualifier>Suffolk</LocalityQualifier>
    </AnnotatedStopPointRef>
    <AnnotatedStopPointRef>
      <StopPointRef>390040597</StopPointRef>
      <CommonName>Dukes Head</CommonName>
      <LocalityName>Stowmarket</LocalityName>
      <LocalityQualifier>Suffolk</LocalityQualifier>
    </AnnotatedStopPointRef>
    <AnnotatedStopPointRef>
      <StopPointRef>390040599</StopPointRef>
      <CommonName>Lime Tree Place</CommonName>
      <LocalityName>Stowmarket</LocalityName>
      <LocalityQualifier>Suffolk</LocalityQualifier>
    </AnnotatedStopPointRef>
    <AnnotatedStopPointRef>
      <StopPointRef>390040601</StopPointRef>
      <CommonName>The Ford</CommonName>
      <Indicator>o/s</Indicator>
      <LocalityName>Combs Ford</LocalityName>
      <LocalityQualifier>Suffolk</LocalityQualifier>
    </AnnotatedStopPointRef>
    <AnnotatedStopPointRef>
      <StopPointRef>390040602</StopPointRef>
      <CommonName>Cracknells</CommonName>
      <Indicator>o/s</Indicator>
      <LocalityName>Combs Ford</LocalityName>
      <LocalityQualifier>Suffolk</LocalityQualifier>
    </AnnotatedStopPointRef>
    <AnnotatedStopPointRef>
      <StopPointRef>390040679</StopPointRef>
      <CommonName>The Crescent</CommonName>
      <Indicator>adj</Indicator>
      <LocalityName>Combs Ford</LocalityName>
      <LocalityQualifier>Suffolk</LocalityQualifier>
    </AnnotatedStopPointRef>
    <AnnotatedStopPointRef>
      <StopPointRef>390040681</StopPointRef>
      <CommonName>Webb Road</CommonName>
      <Indicator>adj</Indicator>
      <LocalityName>Combs Ford</LocalityName>
      <LocalityQualifier>Suffolk</LocalityQualifier>
    </AnnotatedStopPointRef>
    <AnnotatedStopPointRef>
      <StopPointRef>390040683</StopPointRef>
      <CommonName>Hunt Close</CommonName>
      <Indicator>adj</Indicator>
      <LocalityName>Combs Ford</LocalityName>
      <LocalityQualifier>Suffolk</LocalityQualifier>
    </AnnotatedStopPointRef>
    <AnnotatedStopPointRef>
      <StopPointRef>390040685</StopPointRef>
      <CommonName>Church Road</CommonName>
      <Indicator>adj</Indicator>
      <LocalityName>Combs Ford</LocalityName>
      <LocalityQualifier>Suffolk</LocalityQualifier>
    </AnnotatedStopPointRef>
    <AnnotatedStopPointRef>
      <StopPointRef>390040652</StopPointRef>
      <CommonName>Park Road</CommonName>
      <Indicator>opp</Indicator>
      <LocalityName>Combs (Suffk)</LocalityName>
      <LocalityQualifier>Suffolk</LocalityQualifier>
    </AnnotatedStopPointRef>
    <AnnotatedStopPointRef>
      <StopPointRef>390040662</StopPointRef>
      <CommonName>Model Farm</CommonName>
      <Indicator>opp</Indicator>
      <LocalityName>Combs (Suffk)</LocalityName>
      <LocalityQualifier>Suffolk</LocalityQualifier>
    </AnnotatedStopPointRef>
    <AnnotatedStopPointRef>
      <StopPointRef>390040664</StopPointRef>
      <CommonName>Shelter</CommonName>
      <Indicator>opp</Indicator>
      <LocalityName>Combs (Suffk)</LocalityName>
      <LocalityQualifier>Suffolk</LocalityQualifier>
    </AnnotatedStopPointRef>
    <AnnotatedStopPointRef>
      <StopPointRef>390040893</StopPointRef>
      <CommonName>Queens Close</CommonName>
      <Indicator>opp</Indicator>
      <LocalityName>Combs (Suffk)</LocalityName>
      <LocalityQualifier>Suffolk</LocalityQualifier>
    </AnnotatedStopPointRef>
    <AnnotatedStopPointRef>
      <StopPointRef>390040889</StopPointRef>
      <CommonName>Combs Green</CommonName>
      <Indicator>opp</Indicator>
      <LocalityName>Combs (Suffk)</LocalityName>
      <LocalityQualifier>Suffolk</LocalityQualifier>
    </AnnotatedStopPointRef>
    <AnnotatedStopPointRef>
      <StopPointRef>390040891</StopPointRef>
      <CommonName>Moat Farm</CommonName>
      <Indicator>opp</Indicator>
      <LocalityName>Little Finborough</LocalityName>
      <LocalityQualifier>Suffolk</LocalityQualifier>
    </AnnotatedStopPointRef>
    <AnnotatedStopPointRef>
      <StopPointRef>390040656</StopPointRef>
      <CommonName>Punchbowl</CommonName>
      <Indicator>o/s</Indicator>
      <LocalityName>Battisford Tye</LocalityName>
      <LocalityQualifier>Suffolk</LocalityQualifier>
    </AnnotatedStopPointRef>
    <AnnotatedStopPointRef>
      <StopPointRef>390040657</StopPointRef>
      <CommonName>Community Centre</CommonName>
      <Indicator>adj</Indicator>
      <LocalityName>Battisford</LocalityName>
      <LocalityQualifier>Suffolk</LocalityQualifier>
    </AnnotatedStopPointRef>
    <AnnotatedStopPointRef>
      <StopPointRef>390010516</StopPointRef>
      <CommonName>Post Box</CommonName>
      <Indicator>nr</Indicator>
      <LocalityName>Ringshall (Suffk)</LocalityName>
      <LocalityQualifier>Suffolk</LocalityQualifier>
    </AnnotatedStopPointRef>
    <AnnotatedStopPointRef>
      <StopPointRef>390010678</StopPointRef>
      <CommonName>Phone Box</CommonName>
      <Indicator>opp</Indicator>
      <LocalityName>Ringshall (Suffk)</LocalityName>
      <LocalityQualifier>Suffolk</LocalityQualifier>
    </AnnotatedStopPointRef>
    <AnnotatedStopPointRef>
      <StopPointRef>390010512</StopPointRef>
      <CommonName>Bus Shelter</CommonName>
      <Indicator>opp</Indicator>
      <LocalityName>Wattisham Airfield</LocalityName>
      <LocalityQualifier>Suffolk</LocalityQualifier>
    </AnnotatedStopPointRef>
    <AnnotatedStopPointRef>
      <StopPointRef>390010510</StopPointRef>
      <CommonName>Chestnut Avenue</CommonName>
      <LocalityName>Wattisham Airfield</LocalityName>
      <LocalityQualifier>Suffolk</LocalityQualifier>
    </AnnotatedStopPointRef>
    <AnnotatedStopPointRef>
      <StopPointRef>390010828</StopPointRef>
      <CommonName>Bricett Hall</CommonName>
      <Indicator>adj</Indicator>
      <LocalityName>Great Bricett</LocalityName>
      <LocalityQualifier>Suffolk</LocalityQualifier>
    </AnnotatedStopPointRef>
    <AnnotatedStopPointRef>
      <StopPointRef>390010508</StopPointRef>
      <CommonName>The Lodge</CommonName>
      <Indicator>opp</Indicator>
      <LocalityName>Great Bricett</LocalityName>
      <LocalityQualifier>Suffolk</LocalityQualifier>
    </AnnotatedStopPointRef>
    <AnnotatedStopPointRef>
      <StopPointRef>390010506</StopPointRef>
      <CommonName>Wallow Lane</CommonName>
      <Indicator>opp</Indicator>
      <LocalityName>Naughton</LocalityName>
      <LocalityQualifier>Suffolk</LocalityQualifier>
    </AnnotatedStopPointRef>
    <AnnotatedStopPointRef>
      <StopPointRef>390010741</StopPointRef>
      <CommonName>Wheelhouse</CommonName>
      <Indicator>adj</Indicator>
      <LocalityName>Naughton</LocalityName>
      <LocalityQualifier>Suffolk</LocalityQualifier>
    </AnnotatedStopPointRef>
    <AnnotatedStopPointRef>
      <StopPointRef>390010457</StopPointRef>
      <CommonName>Elmsett Corner</CommonName>
      <Indicator>adj</Indicator>
      <LocalityName>Whatfield</LocalityName>
      <LocalityQualifier>Suffolk</LocalityQualifier>
    </AnnotatedStopPointRef>
    <AnnotatedStopPointRef>
      <StopPointRef>390010740</StopPointRef>
      <CommonName>Telephone Box</CommonName>
      <LocalityName>Whatfield</LocalityName>
      <LocalityQualifier>Suffolk</LocalityQualifier>
    </AnnotatedStopPointRef>
    <AnnotatedStopPointRef>
      <StopPointRef>390010795</StopPointRef>
      <CommonName>Mill Lane</CommonName>
      <Indicator>opp</Indicator>
      <LocalityName>Elmsett</LocalityName>
      <LocalityQualifier>Suffolk</LocalityQualifier>
    </AnnotatedStopPointRef>
    <AnnotatedStopPointRef>
      <StopPointRef>390010455</StopPointRef>
      <CommonName>Bus Shelter</CommonName>
      <LocalityName>Elmsett</LocalityName>
      <LocalityQualifier>Suffolk</LocalityQualifier>
    </AnnotatedStopPointRef>
    <AnnotatedStopPointRef>
      <StopPointRef>390010797</StopPointRef>
      <CommonName>Firtree Farm</CommonName>
      <Indicator>adj</Indicator>
      <LocalityName>Aldham (Suffk)</LocalityName>
      <LocalityQualifier>Suffolk</LocalityQualifier>
    </AnnotatedStopPointRef>
    <AnnotatedStopPointRef>
      <StopPointRef>390010402</StopPointRef>
      <CommonName>Allen Road</CommonName>
      <Indicator>adj</Indicator>
      <LocalityName>Hadleigh (Suffk)</LocalityName>
      <LocalityQualifier>Suffolk</LocalityQualifier>
    </AnnotatedStopPointRef>
    <AnnotatedStopPointRef>
      <StopPointRef>390010401</StopPointRef>
      <CommonName>Morrisons</CommonName>
      <LocalityName>Hadleigh (Suffk)</LocalityName>
      <LocalityQualifier>Suffolk</LocalityQualifier>
    </AnnotatedStopPointRef>
    <AnnotatedStopPointRef>
      <StopPointRef>390010398</StopPointRef>
      <CommonName>Meadows Way</CommonName>
      <Indicator>adj</Indicator>
      <LocalityName>Hadleigh (Suffk)</LocalityName>
      <LocalityQualifier>Suffolk</LocalityQualifier>
    </AnnotatedStopPointRef>
    <AnnotatedStopPointRef>
      <StopPointRef>390010417</StopPointRef>
      <CommonName>High Street Mews</CommonName>
      <Indicator>S-bound</Indicator>
      <LocalityName>Hadleigh (Suffk)</LocalityName>
      <LocalityQualifier>Suffolk</LocalityQualifier>
    </AnnotatedStopPointRef>
    <AnnotatedStopPointRef>
      <StopPointRef>390010387</StopPointRef>
      <CommonName>Bus Station</CommonName>
      <Indicator>Stand D</Indicator>
      <LocalityName>Hadleigh (Suffk)</LocalityName>
      <LocalityQualifier>Suffolk</LocalityQualifier>
    </AnnotatedStopPointRef>
    <AnnotatedStopPointRef>
      <StopPointRef>390010411</StopPointRef>
      <CommonName>Sydney Brown Court</CommonName>
      <Indicator>o/s</Indicator>
      <LocalityName>Hadleigh (Suffk)</LocalityName>
      <LocalityQualifier>Suffolk</LocalityQualifier>
    </AnnotatedStopPointRef>
    <AnnotatedStopPointRef>
      <StopPointRef>390010834</StopPointRef>
      <CommonName>Bourchier Close</CommonName>
      <Indicator>opp</Indicator>
      <LocalityName>Hadleigh (Suffk)</LocalityName>
      <LocalityQualifier>Suffolk</LocalityQualifier>
    </AnnotatedStopPointRef>
    <AnnotatedStopPointRef>
      <StopPointRef>390010426</StopPointRef>
      <CommonName>High School</CommonName>
      <LocalityName>Hadleigh (Suffk)</LocalityName>
      <LocalityQualifier>Suffolk</LocalityQualifier>
    </AnnotatedStopPointRef>
    <AnnotatedStopPointRef>
      <StopPointRef>390010418</StopPointRef>
      <CommonName>Wentworth Close</CommonName>
      <Indicator>opp</Indicator>
      <LocalityName>Hadleigh (Suffk)</LocalityName>
      <LocalityQualifier>Suffolk</LocalityQualifier>
    </AnnotatedStopPointRef>
    <AnnotatedStopPointRef>
      <StopPointRef>390010421</StopPointRef>
      <CommonName>Meriton Rise</CommonName>
      <Indicator>adj</Indicator>
      <LocalityName>Hadleigh (Suffk)</LocalityName>
      <LocalityQualifier>Suffolk</LocalityQualifier>
    </AnnotatedStopPointRef>
    <AnnotatedStopPointRef>
      <StopPointRef>390010423</StopPointRef>
      <CommonName>Woodthorpe Close</CommonName>
      <Indicator>opp</Indicator>
      <LocalityName>Hadleigh (Suffk)</LocalityName>
      <LocalityQualifier>Suffolk</LocalityQualifier>
    </AnnotatedStopPointRef>
    <AnnotatedStopPointRef>
      <StopPointRef>390010424</StopPointRef>
      <CommonName>Woodthorpe Road</CommonName>
      <Indicator>o/s 26</Indicator>
      <LocalityName>Hadleigh (Suffk)</LocalityName>
      <LocalityQualifier>Suffolk</LocalityQualifier>
    </AnnotatedStopPointRef>
    <AnnotatedStopPointRef>
      <StopPointRef>390010429</StopPointRef>
      <CommonName>Clopton Gardens</CommonName>
      <Indicator>adj</Indicator>
      <LocalityName>Hadleigh (Suffk)</LocalityName>
      <LocalityQualifier>Suffolk</LocalityQualifier>
    </AnnotatedStopPointRef>
    <AnnotatedStopPointRef>
      <StopPointRef>390010410</StopPointRef>
      <CommonName>Sydney Brown Court</CommonName>
      <Indicator>opp</Indicator>
      <LocalityName>Hadleigh (Suffk)</LocalityName>
      <LocalityQualifier>Suffolk</LocalityQualifier>
    </AnnotatedStopPointRef>
  </StopPoints>
  <RouteSections>
    <RouteSection id="RS_17-462-_-y08-1-I-1">
      <RouteLink id="RL_17-462-_-y08-1-I-1-1">
        <From>
          <StopPointRef>390010891</StopPointRef>
        </From>
        <To>
          <StopPointRef>390010416</StopPointRef>
        </To>
        <Direction>inbound</Direction>
      </RouteLink>
      <RouteLink id="RL_17-462-_-y08-1-I-1-2">
        <From>
          <StopPointRef>390010416</StopPointRef>
        </From>
        <To>
          <StopPointRef>390010399</StopPointRef>
        </To>
        <Direction>inbound</Direction>
      </RouteLink>
      <RouteLink id="RL_17-462-_-y08-1-I-1-3">
        <From>
          <StopPointRef>390010399</StopPointRef>
        </From>
        <To>
          <StopPointRef>390010400</StopPointRef>
        </To>
        <Direction>inbound</Direction>
      </RouteLink>
      <RouteLink id="RL_17-462-_-y08-1-I-1-4">
        <From>
          <StopPointRef>390010400</StopPointRef>
        </From>
        <To>
          <StopPointRef>390010403</StopPointRef>
        </To>
        <Direction>inbound</Direction>
      </RouteLink>
      <RouteLink id="RL_17-462-_-y08-1-I-1-5">
        <From>
          <StopPointRef>390010403</StopPointRef>
        </From>
        <To>
          <StopPointRef>390010739</StopPointRef>
        </To>
        <Direction>inbound</Direction>
      </RouteLink>
      <RouteLink id="RL_17-462-_-y08-1-I-1-6">
        <From>
          <StopPointRef>390010739</StopPointRef>
        </From>
        <To>
          <StopPointRef>390010458</StopPointRef>
        </To>
        <Direction>inbound</Direction>
      </RouteLink>
      <RouteLink id="RL_17-462-_-y08-1-I-1-7">
        <From>
          <StopPointRef>390010458</StopPointRef>
        </From>
        <To>
          <StopPointRef>390010742</StopPointRef>
        </To>
        <Direction>inbound</Direction>
      </RouteLink>
      <RouteLink id="RL_17-462-_-y08-1-I-1-8">
        <From>
          <StopPointRef>390010742</StopPointRef>
        </From>
        <To>
          <StopPointRef>390010505</StopPointRef>
        </To>
        <Direction>inbound</Direction>
      </RouteLink>
      <RouteLink id="RL_17-462-_-y08-1-I-1-9">
        <From>
          <StopPointRef>390010505</StopPointRef>
        </From>
        <To>
          <StopPointRef>390010507</StopPointRef>
        </To>
        <Direction>inbound</Direction>
      </RouteLink>
      <RouteLink id="RL_17-462-_-y08-1-I-1-10">
        <From>
          <StopPointRef>390010507</StopPointRef>
        </From>
        <To>
          <StopPointRef>390010827</StopPointRef>
        </To>
        <Direction>inbound</Direction>
      </RouteLink>
      <RouteLink id="RL_17-462-_-y08-1-I-1-11">
        <From>
          <StopPointRef>390010827</StopPointRef>
        </From>
        <To>
          <StopPointRef>390010861</StopPointRef>
        </To>
        <Direction>inbound</Direction>
      </RouteLink>
      <RouteLink id="RL_17-462-_-y08-1-I-1-12">
        <From>
          <StopPointRef>390010861</StopPointRef>
        </From>
        <To>
          <StopPointRef>390010509</StopPointRef>
        </To>
        <Direction>inbound</Direction>
      </RouteLink>
      <RouteLink id="RL_17-462-_-y08-1-I-1-13">
        <From>
          <StopPointRef>390010509</StopPointRef>
        </From>
        <To>
          <StopPointRef>390010511</StopPointRef>
        </To>
        <Direction>inbound</Direction>
      </RouteLink>
      <RouteLink id="RL_17-462-_-y08-1-I-1-14">
        <From>
          <StopPointRef>390010511</StopPointRef>
        </From>
        <To>
          <StopPointRef>390010677</StopPointRef>
        </To>
        <Direction>inbound</Direction>
      </RouteLink>
      <RouteLink id="RL_17-462-_-y08-1-I-1-15">
        <From>
          <StopPointRef>390010677</StopPointRef>
        </From>
        <To>
          <StopPointRef>390010517</StopPointRef>
        </To>
        <Direction>inbound</Direction>
      </RouteLink>
      <RouteLink id="RL_17-462-_-y08-1-I-1-16">
        <From>
          <StopPointRef>390010517</StopPointRef>
        </From>
        <To>
          <StopPointRef>390040658</StopPointRef>
        </To>
        <Direction>inbound</Direction>
      </RouteLink>
      <RouteLink id="RL_17-462-_-y08-1-I-1-17">
        <From>
          <StopPointRef>390040658</StopPointRef>
        </From>
        <To>
          <StopPointRef>390040655</StopPointRef>
        </To>
        <Direction>inbound</Direction>
      </RouteLink>
      <RouteLink id="RL_17-462-_-y08-1-I-1-18">
        <From>
          <StopPointRef>390040655</StopPointRef>
        </From>
        <To>
          <StopPointRef>390040890</StopPointRef>
        </To>
        <Direction>inbound</Direction>
      </RouteLink>
      <RouteLink id="RL_17-462-_-y08-1-I-1-19">
        <From>
          <StopPointRef>390040890</StopPointRef>
        </From>
        <To>
          <StopPointRef>390041013</StopPointRef>
        </To>
        <Direction>inbound</Direction>
      </RouteLink>
      <RouteLink id="RL_17-462-_-y08-1-I-1-20">
        <From>
          <StopPointRef>390041013</StopPointRef>
        </From>
        <To>
          <StopPointRef>390040892</StopPointRef>
        </To>
        <Direction>inbound</Direction>
      </RouteLink>
      <RouteLink id="RL_17-462-_-y08-1-I-1-21">
        <From>
          <StopPointRef>390040892</StopPointRef>
        </From>
        <To>
          <StopPointRef>390040663</StopPointRef>
        </To>
        <Direction>inbound</Direction>
      </RouteLink>
      <RouteLink id="RL_17-462-_-y08-1-I-1-22">
        <From>
          <StopPointRef>390040663</StopPointRef>
        </From>
        <To>
          <StopPointRef>390040661</StopPointRef>
        </To>
        <Direction>inbound</Direction>
      </RouteLink>
      <RouteLink id="RL_17-462-_-y08-1-I-1-23">
        <From>
          <StopPointRef>390040661</StopPointRef>
        </From>
        <To>
          <StopPointRef>390040651</StopPointRef>
        </To>
        <Direction>inbound</Direction>
      </RouteLink>
      <RouteLink id="RL_17-462-_-y08-1-I-1-24">
        <From>
          <StopPointRef>390040651</StopPointRef>
        </From>
        <To>
          <StopPointRef>390040686</StopPointRef>
        </To>
        <Direction>inbound</Direction>
      </RouteLink>
      <RouteLink id="RL_17-462-_-y08-1-I-1-25">
        <From>
          <StopPointRef>390040686</StopPointRef>
        </From>
        <To>
          <StopPointRef>390040684</StopPointRef>
        </To>
        <Direction>inbound</Direction>
      </RouteLink>
      <RouteLink id="RL_17-462-_-y08-1-I-1-26">
        <From>
          <StopPointRef>390040684</StopPointRef>
        </From>
        <To>
          <StopPointRef>390040682</StopPointRef>
        </To>
        <Direction>inbound</Direction>
      </RouteLink>
      <RouteLink id="RL_17-462-_-y08-1-I-1-27">
        <From>
          <StopPointRef>390040682</StopPointRef>
        </From>
        <To>
          <StopPointRef>390040680</StopPointRef>
        </To>
        <Direction>inbound</Direction>
      </RouteLink>
      <RouteLink id="RL_17-462-_-y08-1-I-1-28">
        <From>
          <StopPointRef>390040680</StopPointRef>
        </From>
        <To>
          <StopPointRef>390040774</StopPointRef>
        </To>
        <Direction>inbound</Direction>
      </RouteLink>
      <RouteLink id="RL_17-462-_-y08-1-I-1-29">
        <From>
          <StopPointRef>390040774</StopPointRef>
        </From>
        <To>
          <StopPointRef>390040600</StopPointRef>
        </To>
        <Direction>inbound</Direction>
      </RouteLink>
      <RouteLink id="RL_17-462-_-y08-1-I-1-30">
        <From>
          <StopPointRef>390040600</StopPointRef>
        </From>
        <To>
          <StopPointRef>390040598</StopPointRef>
        </To>
        <Direction>inbound</Direction>
      </RouteLink>
      <RouteLink id="RL_17-462-_-y08-1-I-1-31">
        <From>
          <StopPointRef>390040598</StopPointRef>
        </From>
        <To>
          <StopPointRef>390040596</StopPointRef>
        </To>
        <Direction>inbound</Direction>
      </RouteLink>
    </RouteSection>
    <RouteSection id="RS_17-462-_-y08-1-O-2">
      <RouteLink id="RL_17-462-_-y08-1-O-2-1">
        <From>
          <StopPointRef>390040606</StopPointRef>
        </From>
        <To>
          <StopPointRef>390040597</StopPointRef>
        </To>
        <Direction>outbound</Direction>
      </RouteLink>
      <RouteLink id="RL_17-462-_-y08-1-O-2-2">
        <From>
          <StopPointRef>390040597</StopPointRef>
        </From>
        <To>
          <StopPointRef>390040599</StopPointRef>
        </To>
        <Direction>outbound</Direction>
      </RouteLink>
      <RouteLink id="RL_17-462-_-y08-1-O-2-3">
        <From>
          <StopPointRef>390040599</StopPointRef>
        </From>
        <To>
          <StopPointRef>390040601</StopPointRef>
        </To>
        <Direction>outbound</Direction>
      </RouteLink>
      <RouteLink id="RL_17-462-_-y08-1-O-2-4">
        <From>
          <StopPointRef>390040601</StopPointRef>
        </From>
        <To>
          <StopPointRef>390040602</StopPointRef>
        </To>
        <Direction>outbound</Direction>
      </RouteLink>
      <RouteLink id="RL_17-462-_-y08-1-O-2-5">
        <From>
          <StopPointRef>390040602</StopPointRef>
        </From>
        <To>
          <StopPointRef>390040679</StopPointRef>
        </To>
        <Direction>outbound</Direction>
      </RouteLink>
      <RouteLink id="RL_17-462-_-y08-1-O-2-6">
        <From>
          <StopPointRef>390040679</StopPointRef>
        </From>
        <To>
          <StopPointRef>390040681</StopPointRef>
        </To>
        <Direction>outbound</Direction>
      </RouteLink>
      <RouteLink id="RL_17-462-_-y08-1-O-2-7">
        <From>
          <StopPointRef>390040681</StopPointRef>
        </From>
        <To>
          <StopPointRef>390040683</StopPointRef>
        </To>
        <Direction>outbound</Direction>
      </RouteLink>
      <RouteLink id="RL_17-462-_-y08-1-O-2-8">
        <From>
          <StopPointRef>390040683</StopPointRef>
        </From>
        <To>
          <StopPointRef>390040685</StopPointRef>
        </To>
        <Direction>outbound</Direction>
      </RouteLink>
      <RouteLink id="RL_17-462-_-y08-1-O-2-9">
        <From>
          <StopPointRef>390040685</StopPointRef>
        </From>
        <To>
          <StopPointRef>390040652</StopPointRef>
        </To>
        <Direction>outbound</Direction>
      </RouteLink>
      <RouteLink id="RL_17-462-_-y08-1-O-2-10">
        <From>
          <StopPointRef>390040652</StopPointRef>
        </From>
        <To>
          <StopPointRef>390040662</StopPointRef>
        </To>
        <Direction>outbound</Direction>
      </RouteLink>
      <RouteLink id="RL_17-462-_-y08-1-O-2-11">
        <From>
          <StopPointRef>390040662</StopPointRef>
        </From>
        <To>
          <StopPointRef>390040664</StopPointRef>
        </To>
        <Direction>outbound</Direction>
      </RouteLink>
      <RouteLink id="RL_17-462-_-y08-1-O-2-12">
        <From>
          <StopPointRef>390040664</StopPointRef>
        </From>
        <To>
          <StopPointRef>390040893</StopPointRef>
        </To>
        <Direction>outbound</Direction>
      </RouteLink>
      <RouteLink id="RL_17-462-_-y08-1-O-2-13">
        <From>
          <StopPointRef>390040893</StopPointRef>
        </From>
        <To>
          <StopPointRef>390040889</StopPointRef>
        </To>
        <Direction>outbound</Direction>
      </RouteLink>
      <RouteLink id="RL_17-462-_-y08-1-O-2-14">
        <From>
          <StopPointRef>390040889</StopPointRef>
        </From>
        <To>
          <StopPointRef>390040891</StopPointRef>
        </To>
        <Direction>outbound</Direction>
      </RouteLink>
      <RouteLink id="RL_17-462-_-y08-1-O-2-15">
        <From>
          <StopPointRef>390040891</StopPointRef>
        </From>
        <To>
          <StopPointRef>390040656</StopPointRef>
        </To>
        <Direction>outbound</Direction>
      </RouteLink>
      <RouteLink id="RL_17-462-_-y08-1-O-2-16">
        <From>
          <StopPointRef>390040656</StopPointRef>
        </From>
        <To>
          <StopPointRef>390040657</StopPointRef>
        </To>
        <Direction>outbound</Direction>
      </RouteLink>
      <RouteLink id="RL_17-462-_-y08-1-O-2-17">
        <From>
          <StopPointRef>390040657</StopPointRef>
        </From>
        <To>
          <StopPointRef>390010516</StopPointRef>
        </To>
        <Direction>outbound</Direction>
      </RouteLink>
      <RouteLink id="RL_17-462-_-y08-1-O-2-18">
        <From>
          <StopPointRef>390010516</StopPointRef>
        </From>
        <To>
          <StopPointRef>390010678</StopPointRef>
        </To>
        <Direction>outbound</Direction>
      </RouteLink>
      <RouteLink id="RL_17-462-_-y08-1-O-2-19">
        <From>
          <StopPointRef>390010678</StopPointRef>
        </From>
        <To>
          <StopPointRef>390010512</StopPointRef>
        </To>
        <Direction>outbound</Direction>
      </RouteLink>
      <RouteLink id="RL_17-462-_-y08-1-O-2-20">
        <From>
          <StopPointRef>390010512</StopPointRef>
        </From>
        <To>
          <StopPointRef>390010510</StopPointRef>
        </To>
        <Direction>outbound</Direction>
      </RouteLink>
      <RouteLink id="RL_17-462-_-y08-1-O-2-21">
        <From>
          <StopPointRef>390010510</StopPointRef>
        </From>
        <To>
          <StopPointRef>390010828</StopPointRef>
        </To>
        <Direction>outbound</Direction>
      </RouteLink>
      <RouteLink id="RL_17-462-_-y08-1-O-2-22">
        <From>
          <StopPointRef>390010828</StopPointRef>
        </From>
        <To>
          <StopPointRef>390010508</StopPointRef>
        </To>
        <Direction>outbound</Direction>
      </RouteLink>
      <RouteLink id="RL_17-462-_-y08-1-O-2-23">
        <From>
          <StopPointRef>390010508</StopPointRef>
        </From>
        <To>
          <StopPointRef>390010506</StopPointRef>
        </To>
        <Direction>outbound</Direction>
      </RouteLink>
      <RouteLink id="RL_17-462-_-y08-1-O-2-24">
        <From>
          <StopPointRef>390010506</StopPointRef>
        </From>
        <To>
          <StopPointRef>390010741</StopPointRef>
        </To>
        <Direction>outbound</Direction>
      </RouteLink>
      <RouteLink id="RL_17-462-_-y08-1-O-2-25">
        <From>
          <StopPointRef>390010741</StopPointRef>
        </From>
        <To>
          <StopPointRef>390010457</StopPointRef>
        </To>
        <Direction>outbound</Direction>
      </RouteLink>
      <RouteLink id="RL_17-462-_-y08-1-O-2-26">
        <From>
          <StopPointRef>390010457</StopPointRef>
        </From>
        <To>
          <StopPointRef>390010740</StopPointRef>
        </To>
        <Direction>outbound</Direction>
      </RouteLink>
      <RouteLink id="RL_17-462-_-y08-1-O-2-27">
        <From>
          <StopPointRef>390010740</StopPointRef>
        </From>
        <To>
          <StopPointRef>390010739</StopPointRef>
        </To>
        <Direction>outbound</Direction>
      </RouteLink>
      <RouteLink id="RL_17-462-_-y08-1-O-2-28">
        <From>
          <StopPointRef>390010739</StopPointRef>
        </From>
        <To>
          <StopPointRef>390010458</StopPointRef>
        </To>
        <Direction>outbound</Direction>
      </RouteLink>
      <RouteLink id="RL_17-462-_-y08-1-O-2-29">
        <From>
          <StopPointRef>390010458</StopPointRef>
        </From>
        <To>
          <StopPointRef>390010795</StopPointRef>
        </To>
        <Direction>outbound</Direction>
      </RouteLink>
      <RouteLink id="RL_17-462-_-y08-1-O-2-30">
        <From>
          <StopPointRef>390010795</StopPointRef>
        </From>
        <To>
          <StopPointRef>390010455</StopPointRef>
        </To>
        <Direction>outbound</Direction>
      </RouteLink>
      <RouteLink id="RL_17-462-_-y08-1-O-2-31">
        <From>
          <StopPointRef>390010455</StopPointRef>
        </From>
        <To>
          <StopPointRef>390010797</StopPointRef>
        </To>
        <Direction>outbound</Direction>
      </RouteLink>
      <RouteLink id="RL_17-462-_-y08-1-O-2-32">
        <From>
          <StopPointRef>390010797</StopPointRef>
        </From>
        <To>
          <StopPointRef>390010402</StopPointRef>
        </To>
        <Direction>outbound</Direction>
      </RouteLink>
      <RouteLink id="RL_17-462-_-y08-1-O-2-33">
        <From>
          <StopPointRef>390010402</StopPointRef>
        </From>
        <To>
          <StopPointRef>390010401</StopPointRef>
        </To>
        <Direction>outbound</Direction>
      </RouteLink>
      <RouteLink id="RL_17-462-_-y08-1-O-2-34">
        <From>
          <StopPointRef>390010401</StopPointRef>
        </From>
        <To>
          <StopPointRef>390010398</StopPointRef>
        </To>
        <Direction>outbound</Direction>
      </RouteLink>
      <RouteLink id="RL_17-462-_-y08-1-O-2-35">
        <From>
          <StopPointRef>390010398</StopPointRef>
        </From>
        <To>
          <StopPointRef>390010417</StopPointRef>
        </To>
        <Direction>outbound</Direction>
      </RouteLink>
      <RouteLink id="RL_17-462-_-y08-1-O-2-36">
        <From>
          <StopPointRef>390010417</StopPointRef>
        </From>
        <To>
          <StopPointRef>390010387</StopPointRef>
        </To>
        <Direction>outbound</Direction>
      </RouteLink>
      <RouteLink id="RL_17-462-_-y08-1-O-2-37">
        <From>
          <StopPointRef>390010387</StopPointRef>
        </From>
        <To>
          <StopPointRef>390010411</StopPointRef>
        </To>
        <Direction>outbound</Direction>
      </RouteLink>
      <RouteLink id="RL_17-462-_-y08-1-O-2-38">
        <From>
          <StopPointRef>390010411</StopPointRef>
        </From>
        <To>
          <StopPointRef>390010834</StopPointRef>
        </To>
        <Direction>outbound</Direction>
      </RouteLink>
      <RouteLink id="RL_17-462-_-y08-1-O-2-39">
        <From>
          <StopPointRef>390010834</StopPointRef>
        </From>
        <To>
          <StopPointRef>390010426</StopPointRef>
        </To>
        <Direction>outbound</Direction>
      </RouteLink>
      <RouteLink id="RL_17-462-_-y08-1-O-2-40">
        <From>
          <StopPointRef>390010426</StopPointRef>
        </From>
        <To>
          <StopPointRef>390010418</StopPointRef>
        </To>
        <Direction>outbound</Direction>
      </RouteLink>
      <RouteLink id="RL_17-462-_-y08-1-O-2-41">
        <From>
          <StopPointRef>390010418</StopPointRef>
        </From>
        <To>
          <StopPointRef>390010421</StopPointRef>
        </To>
        <Direction>outbound</Direction>
      </RouteLink>
      <RouteLink id="RL_17-462-_-y08-1-O-2-42">
        <From>
          <StopPointRef>390010421</StopPointRef>
        </From>
        <To>
          <StopPointRef>390010423</StopPointRef>
        </To>
        <Direction>outbound</Direction>
      </RouteLink>
      <RouteLink id="RL_17-462-_-y08-1-O-2-43">
        <From>
          <StopPointRef>390010423</StopPointRef>
        </From>
        <To>
          <StopPointRef>390010424</StopPointRef>
        </To>
        <Direction>outbound</Direction>
      </RouteLink>
      <RouteLink id="RL_17-462-_-y08-1-O-2-44">
        <From>
          <StopPointRef>390010424</StopPointRef>
        </From>
        <To>
          <StopPointRef>390010429</StopPointRef>
        </To>
        <Direction>outbound</Direction>
      </RouteLink>
      <RouteLink id="RL_17-462-_-y08-1-O-2-45">
        <From>
          <StopPointRef>390010429</StopPointRef>
        </From>
        <To>
          <StopPointRef>390010410</StopPointRef>
        </To>
        <Direction>outbound</Direction>
      </RouteLink>
      <RouteLink id="RL_17-462-_-y08-1-O-2-46">
        <From>
          <StopPointRef>390010410</StopPointRef>
        </From>
        <To>
          <StopPointRef>390010891</StopPointRef>
        </To>
        <Direction>outbound</Direction>
      </RouteLink>
    </RouteSection>
  </RouteSections>
  <Routes>
    <Route id="R_17-462-_-y08-1-I-1">
      <PrivateCode>R_17-462-_-y08-1-I-1</PrivateCode>
      <Description>Bus Station - Argos Store</Description>
      <RouteSectionRef>RS_17-462-_-y08-1-I-1</RouteSectionRef>
    </Route>
    <Route id="R_17-462-_-y08-1-O-2">
      <PrivateCode>R_17-462-_-y08-1-O-2</PrivateCode>
      <Description>Station Road West - Bus Station</Description>
      <RouteSectionRef>RS_17-462-_-y08-1-O-2</RouteSectionRef>
    </Route>
  </Routes>
  <JourneyPatternSections>
    <JourneyPatternSection id="JPS_17-462-_-y08-1-1-1-I">
      <JourneyPatternTimingLink id="JPL_17-462-_-y08-1-1-I-1-2">
        <From SequenceNumber="1">
          <Activity>pickUp</Activity>
          <StopPointRef>390010891</StopPointRef>
          <TimingStatus>PTP</TimingStatus>
        </From>
        <To SequenceNumber="2">
          <Activity>pickUpAndSetDown</Activity>
          <StopPointRef>390010416</StopPointRef>
          <TimingStatus>OTH</TimingStatus>
        </To>
        <RouteLinkRef>RL_17-462-_-y08-1-I-1-1</RouteLinkRef>
        <RunTime>PT56S</RunTime>
      </JourneyPatternTimingLink>
      <JourneyPatternTimingLink id="JPL_17-462-_-y08-1-1-I-1-3">
        <From SequenceNumber="2">
          <Activity>pickUpAndSetDown</Activity>
          <StopPointRef>390010416</StopPointRef>
          <TimingStatus>OTH</TimingStatus>
        </From>
        <To SequenceNumber="3">
          <Activity>pickUpAndSetDown</Activity>
          <StopPointRef>390010399</StopPointRef>
          <TimingStatus>OTH</TimingStatus>
        </To>
        <RouteLinkRef>RL_17-462-_-y08-1-I-1-2</RouteLinkRef>
        <RunTime>PT32S</RunTime>
      </JourneyPatternTimingLink>
      <JourneyPatternTimingLink id="JPL_17-462-_-y08-1-1-I-1-4">
        <From SequenceNumber="3">
          <Activity>pickUpAndSetDown</Activity>
          <StopPointRef>390010399</StopPointRef>
          <TimingStatus>OTH</TimingStatus>
        </From>
        <To SequenceNumber="4">
          <Activity>pickUpAndSetDown</Activity>
          <StopPointRef>390010400</StopPointRef>
          <TimingStatus>PTP</TimingStatus>
        </To>
        <RouteLinkRef>RL_17-462-_-y08-1-I-1-3</RouteLinkRef>
        <RunTime>PT32S</RunTime>
      </JourneyPatternTimingLink>
      <JourneyPatternTimingLink id="JPL_17-462-_-y08-1-1-I-1-5">
        <From SequenceNumber="4">
          <Activity>pickUpAndSetDown</Activity>
          <StopPointRef>390010400</StopPointRef>
          <TimingStatus>PTP</TimingStatus>
        </From>
        <To SequenceNumber="5">
          <Activity>pickUpAndSetDown</Activity>
          <StopPointRef>390010403</StopPointRef>
          <TimingStatus>OTH</TimingStatus>
        </To>
        <RouteLinkRef>RL_17-462-_-y08-1-I-1-4</RouteLinkRef>
        <RunTime>PT39S</RunTime>
      </JourneyPatternTimingLink>
      <JourneyPatternTimingLink id="JPL_17-462-_-y08-1-1-I-1-6">
        <From SequenceNumber="5">
          <Activity>pickUpAndSetDown</Activity>
          <StopPointRef>390010403</StopPointRef>
          <TimingStatus>OTH</TimingStatus>
        </From>
        <To SequenceNumber="6">
          <Activity>pickUpAndSetDown</Activity>
          <StopPointRef>390010739</StopPointRef>
          <TimingStatus>PTP</TimingStatus>
        </To>
        <RouteLinkRef>RL_17-462-_-y08-1-I-1-5</RouteLinkRef>
        <RunTime>PT5M21S</RunTime>
      </JourneyPatternTimingLink>
      <JourneyPatternTimingLink id="JPL_17-462-_-y08-1-1-I-1-7">
        <From SequenceNumber="6">
          <Activity>pickUpAndSetDown</Activity>
          <StopPointRef>390010739</StopPointRef>
          <TimingStatus>PTP</TimingStatus>
        </From>
        <To SequenceNumber="7">
          <Activity>pickUpAndSetDown</Activity>
          <StopPointRef>390010458</StopPointRef>
          <TimingStatus>OTH</TimingStatus>
        </To>
        <RouteLinkRef>RL_17-462-_-y08-1-I-1-6</RouteLinkRef>
        <RunTime>PT26S</RunTime>
      </JourneyPatternTimingLink>
      <JourneyPatternTimingLink id="JPL_17-462-_-y08-1-1-I-1-8">
        <From SequenceNumber="7">
          <Activity>pickUpAndSetDown</Activity>
          <StopPointRef>390010458</StopPointRef>
          <TimingStatus>OTH</TimingStatus>
        </From>
        <To SequenceNumber="8">
          <Activity>pickUpAndSetDown</Activity>
          <StopPointRef>390010742</StopPointRef>
          <TimingStatus>PTP</TimingStatus>
        </To>
        <RouteLinkRef>RL_17-462-_-y08-1-I-1-7</RouteLinkRef>
        <RunTime>PT3M34S</RunTime>
      </JourneyPatternTimingLink>
      <JourneyPatternTimingLink id="JPL_17-462-_-y08-1-1-I-1-9">
        <From SequenceNumber="8">
          <Activity>pickUpAndSetDown</Activity>
          <StopPointRef>390010742</StopPointRef>
          <TimingStatus>PTP</TimingStatus>
        </From>
        <To SequenceNumber="9">
          <Activity>pickUpAndSetDown</Activity>
          <StopPointRef>390010505</StopPointRef>
          <TimingStatus>OTH</TimingStatus>
        </To>
        <RouteLinkRef>RL_17-462-_-y08-1-I-1-8</RouteLinkRef>
        <RunTime>PT41S</RunTime>
      </JourneyPatternTimingLink>
      <JourneyPatternTimingLink id="JPL_17-462-_-y08-1-1-I-1-10">
        <From SequenceNumber="9">
          <Activity>pickUpAndSetDown</Activity>
          <StopPointRef>390010505</StopPointRef>
          <TimingStatus>OTH</TimingStatus>
        </From>
        <To SequenceNumber="10">
          <Activity>pickUpAndSetDown</Activity>
          <StopPointRef>390010507</StopPointRef>
          <TimingStatus>OTH</TimingStatus>
        </To>
        <RouteLinkRef>RL_17-462-_-y08-1-I-1-9</RouteLinkRef>
        <RunTime>PT2M1S</RunTime>
      </JourneyPatternTimingLink>
      <JourneyPatternTimingLink id="JPL_17-462-_-y08-1-1-I-1-11">
        <From SequenceNumber="10">
          <Activity>pickUpAndSetDown</Activity>
          <StopPointRef>390010507</StopPointRef>
          <TimingStatus>OTH</TimingStatus>
        </From>
        <To SequenceNumber="11">
          <Activity>pickUpAndSetDown</Activity>
          <StopPointRef>390010827</StopPointRef>
          <TimingStatus>PTP</TimingStatus>
        </To>
        <RouteLinkRef>RL_17-462-_-y08-1-I-1-10</RouteLinkRef>
        <RunTime>PT18S</RunTime>
      </JourneyPatternTimingLink>
      <JourneyPatternTimingLink id="JPL_17-462-_-y08-1-1-I-1-12">
        <From SequenceNumber="11">
          <Activity>pickUpAndSetDown</Activity>
          <StopPointRef>390010827</StopPointRef>
          <TimingStatus>PTP</TimingStatus>
        </From>
        <To SequenceNumber="12">
          <Activity>pickUpAndSetDown</Activity>
          <StopPointRef>390010861</StopPointRef>
          <TimingStatus>OTH</TimingStatus>
        </To>
        <RouteLinkRef>RL_17-462-_-y08-1-I-1-11</RouteLinkRef>
        <RunTime>PT1M16S</RunTime>
      </JourneyPatternTimingLink>
      <JourneyPatternTimingLink id="JPL_17-462-_-y08-1-1-I-1-13">
        <From SequenceNumber="12">
          <Activity>pickUpAndSetDown</Activity>
          <StopPointRef>390010861</StopPointRef>
          <TimingStatus>OTH</TimingStatus>
        </From>
        <To SequenceNumber="13">
          <Activity>pickUpAndSetDown</Activity>
          <StopPointRef>390010509</StopPointRef>
          <TimingStatus>OTH</TimingStatus>
        </To>
        <RouteLinkRef>RL_17-462-_-y08-1-I-1-12</RouteLinkRef>
        <RunTime>PT17S</RunTime>
      </JourneyPatternTimingLink>
      <JourneyPatternTimingLink id="JPL_17-462-_-y08-1-1-I-1-14">
        <From SequenceNumber="13">
          <Activity>pickUpAndSetDown</Activity>
          <StopPointRef>390010509</StopPointRef>
          <TimingStatus>OTH</TimingStatus>
        </From>
        <To SequenceNumber="14">
          <Activity>pickUpAndSetDown</Activity>
          <StopPointRef>390010511</StopPointRef>
          <TimingStatus>PTP</TimingStatus>
        </To>
        <RouteLinkRef>RL_17-462-_-y08-1-I-1-13</RouteLinkRef>
        <RunTime>PT27S</RunTime>
      </JourneyPatternTimingLink>
      <JourneyPatternTimingLink id="JPL_17-462-_-y08-1-1-I-1-15">
        <From SequenceNumber="14">
          <Activity>pickUpAndSetDown</Activity>
          <StopPointRef>390010511</StopPointRef>
          <TimingStatus>PTP</TimingStatus>
        </From>
        <To SequenceNumber="15">
          <Activity>pickUpAndSetDown</Activity>
          <StopPointRef>390010677</StopPointRef>
          <TimingStatus>PTP</TimingStatus>
        </To>
        <RouteLinkRef>RL_17-462-_-y08-1-I-1-14</RouteLinkRef>
        <RunTime>PT2M</RunTime>
      </JourneyPatternTimingLink>
      <JourneyPatternTimingLink id="JPL_17-462-_-y08-1-1-I-1-16">
        <From SequenceNumber="15">
          <Activity>pickUpAndSetDown</Activity>
          <StopPointRef>390010677</StopPointRef>
          <TimingStatus>PTP</TimingStatus>
        </From>
        <To SequenceNumber="16">
          <Activity>pickUpAndSetDown</Activity>
          <StopPointRef>390010517</StopPointRef>
          <TimingStatus>OTH</TimingStatus>
        </To>
        <RouteLinkRef>RL_17-462-_-y08-1-I-1-15</RouteLinkRef>
        <RunTime>PT4M13S</RunTime>
      </JourneyPatternTimingLink>
      <JourneyPatternTimingLink id="JPL_17-462-_-y08-1-1-I-1-17">
        <From SequenceNumber="16">
          <Activity>pickUpAndSetDown</Activity>
          <StopPointRef>390010517</StopPointRef>
          <TimingStatus>OTH</TimingStatus>
        </From>
        <To SequenceNumber="17">
          <Activity>pickUpAndSetDown</Activity>
          <StopPointRef>390040658</StopPointRef>
          <TimingStatus>PTP</TimingStatus>
        </To>
        <RouteLinkRef>RL_17-462-_-y08-1-I-1-16</RouteLinkRef>
        <RunTime>PT2M47S</RunTime>
      </JourneyPatternTimingLink>
      <JourneyPatternTimingLink id="JPL_17-462-_-y08-1-1-I-1-18">
        <From SequenceNumber="17">
          <Activity>pickUpAndSetDown</Activity>
          <StopPointRef>390040658</StopPointRef>
          <TimingStatus>PTP</TimingStatus>
        </From>
        <To SequenceNumber="18">
          <Activity>pickUpAndSetDown</Activity>
          <StopPointRef>390040655</StopPointRef>
          <TimingStatus>PTP</TimingStatus>
        </To>
        <RouteLinkRef>RL_17-462-_-y08-1-I-1-17</RouteLinkRef>
        <RunTime>PT2M</RunTime>
      </JourneyPatternTimingLink>
      <JourneyPatternTimingLink id="JPL_17-462-_-y08-1-1-I-1-19">
        <From SequenceNumber="18">
          <Activity>pickUpAndSetDown</Activity>
          <StopPointRef>390040655</StopPointRef>
          <TimingStatus>PTP</TimingStatus>
        </From>
        <To SequenceNumber="19">
          <Activity>pickUpAndSetDown</Activity>
          <StopPointRef>390040890</StopPointRef>
          <TimingStatus>PTP</TimingStatus>
        </To>
        <RouteLinkRef>RL_17-462-_-y08-1-I-1-18</RouteLinkRef>
        <RunTime>PT4M</RunTime>
      </JourneyPatternTimingLink>
      <JourneyPatternTimingLink id="JPL_17-462-_-y08-1-1-I-1-20">
        <From SequenceNumber="19">
          <Activity>pickUpAndSetDown</Activity>
          <StopPointRef>390040890</StopPointRef>
          <TimingStatus>PTP</TimingStatus>
        </From>
        <To SequenceNumber="20">
          <Activity>pickUpAndSetDown</Activity>
          <StopPointRef>390041013</StopPointRef>
          <TimingStatus>OTH</TimingStatus>
        </To>
        <RouteLinkRef>RL_17-462-_-y08-1-I-1-19</RouteLinkRef>
        <RunTime>PT1M33S</RunTime>
      </JourneyPatternTimingLink>
      <JourneyPatternTimingLink id="JPL_17-462-_-y08-1-1-I-1-21">
        <From SequenceNumber="20">
          <Activity>pickUpAndSetDown</Activity>
          <StopPointRef>390041013</StopPointRef>
          <TimingStatus>OTH</TimingStatus>
        </From>
        <To SequenceNumber="21">
          <Activity>pickUpAndSetDown</Activity>
          <StopPointRef>390040892</StopPointRef>
          <TimingStatus>PTP</TimingStatus>
        </To>
        <RouteLinkRef>RL_17-462-_-y08-1-I-1-20</RouteLinkRef>
        <RunTime>PT27S</RunTime>
      </JourneyPatternTimingLink>
      <JourneyPatternTimingLink id="JPL_17-462-_-y08-1-1-I-1-22">
        <From SequenceNumber="21">
          <Activity>pickUpAndSetDown</Activity>
          <StopPointRef>390040892</StopPointRef>
          <TimingStatus>PTP</TimingStatus>
        </From>
        <To SequenceNumber="22">
          <Activity>pickUpAndSetDown</Activity>
          <StopPointRef>390040663</StopPointRef>
          <TimingStatus>OTH</TimingStatus>
        </To>
        <RouteLinkRef>RL_17-462-_-y08-1-I-1-21</RouteLinkRef>
        <RunTime>PT1M5S</RunTime>
      </JourneyPatternTimingLink>
      <JourneyPatternTimingLink id="JPL_17-462-_-y08-1-1-I-1-23">
        <From SequenceNumber="22">
          <Activity>pickUpAndSetDown</Activity>
          <StopPointRef>390040663</StopPointRef>
          <TimingStatus>OTH</TimingStatus>
        </From>
        <To SequenceNumber="23">
          <Activity>pickUpAndSetDown</Activity>
          <StopPointRef>390040661</StopPointRef>
          <TimingStatus>OTH</TimingStatus>
        </To>
        <RouteLinkRef>RL_17-462-_-y08-1-I-1-22</RouteLinkRef>
        <RunTime>PT33S</RunTime>
      </JourneyPatternTimingLink>
      <JourneyPatternTimingLink id="JPL_17-462-_-y08-1-1-I-1-24">
        <From SequenceNumber="23">
          <Activity>pickUpAndSetDown</Activity>
          <StopPointRef>390040661</StopPointRef>
          <TimingStatus>OTH</TimingStatus>
        </From>
        <To SequenceNumber="24">
          <Activity>pickUpAndSetDown</Activity>
          <StopPointRef>390040651</StopPointRef>
          <TimingStatus>PTP</TimingStatus>
        </To>
        <RouteLinkRef>RL_17-462-_-y08-1-I-1-23</RouteLinkRef>
        <RunTime>PT22S</RunTime>
      </JourneyPatternTimingLink>
      <JourneyPatternTimingLink id="JPL_17-462-_-y08-1-1-I-1-25">
        <From SequenceNumber="24">
          <Activity>pickUpAndSetDown</Activity>
          <StopPointRef>390040651</StopPointRef>
          <TimingStatus>PTP</TimingStatus>
        </From>
        <To SequenceNumber="25">
          <Activity>pickUpAndSetDown</Activity>
          <StopPointRef>390040686</StopPointRef>
          <TimingStatus>OTH</TimingStatus>
        </To>
        <RouteLinkRef>RL_17-462-_-y08-1-I-1-24</RouteLinkRef>
        <RunTime>PT1M35S</RunTime>
      </JourneyPatternTimingLink>
      <JourneyPatternTimingLink id="JPL_17-462-_-y08-1-1-I-1-26">
        <From SequenceNumber="25">
          <Activity>pickUpAndSetDown</Activity>
          <StopPointRef>390040686</StopPointRef>
          <TimingStatus>OTH</TimingStatus>
        </From>
        <To SequenceNumber="26">
          <Activity>pickUpAndSetDown</Activity>
          <StopPointRef>390040684</StopPointRef>
          <TimingStatus>PTP</TimingStatus>
        </To>
        <RouteLinkRef>RL_17-462-_-y08-1-I-1-25</RouteLinkRef>
        <RunTime>PT25S</RunTime>
      </JourneyPatternTimingLink>
      <JourneyPatternTimingLink id="JPL_17-462-_-y08-1-1-I-1-27">
        <From SequenceNumber="26">
          <Activity>pickUpAndSetDown</Activity>
          <StopPointRef>390040684</StopPointRef>
          <TimingStatus>PTP</TimingStatus>
        </From>
        <To SequenceNumber="27">
          <Activity>pickUpAndSetDown</Activity>
          <StopPointRef>390040682</StopPointRef>
          <TimingStatus>OTH</TimingStatus>
        </To>
        <RouteLinkRef>RL_17-462-_-y08-1-I-1-26</RouteLinkRef>
        <RunTime>PT28S</RunTime>
      </JourneyPatternTimingLink>
      <JourneyPatternTimingLink id="JPL_17-462-_-y08-1-1-I-1-28">
        <From SequenceNumber="27">
          <Activity>pickUpAndSetDown</Activity>
          <StopPointRef>390040682</StopPointRef>
          <TimingStatus>OTH</TimingStatus>
        </From>
        <To SequenceNumber="28">
          <Activity>pickUpAndSetDown</Activity>
          <StopPointRef>390040680</StopPointRef>
          <TimingStatus>OTH</TimingStatus>
        </To>
        <RouteLinkRef>RL_17-462-_-y08-1-I-1-27</RouteLinkRef>
        <RunTime>PT51S</RunTime>
      </JourneyPatternTimingLink>
      <JourneyPatternTimingLink id="JPL_17-462-_-y08-1-1-I-1-29">
        <From SequenceNumber="28">
          <Activity>pickUpAndSetDown</Activity>
          <StopPointRef>390040680</StopPointRef>
          <TimingStatus>OTH</TimingStatus>
        </From>
        <To SequenceNumber="29">
          <Activity>pickUpAndSetDown</Activity>
          <StopPointRef>390040774</StopPointRef>
          <TimingStatus>PTP</TimingStatus>
        </To>
        <RouteLinkRef>RL_17-462-_-y08-1-I-1-28</RouteLinkRef>
        <RunTime>PT41S</RunTime>
      </JourneyPatternTimingLink>
      <JourneyPatternTimingLink id="JPL_17-462-_-y08-1-1-I-1-30">
        <From SequenceNumber="29">
          <Activity>pickUpAndSetDown</Activity>
          <StopPointRef>390040774</StopPointRef>
          <TimingStatus>PTP</TimingStatus>
        </From>
        <To SequenceNumber="30">
          <Activity>pickUpAndSetDown</Activity>
          <StopPointRef>390040600</StopPointRef>
          <TimingStatus>OTH</TimingStatus>
        </To>
        <RouteLinkRef>RL_17-462-_-y08-1-I-1-29</RouteLinkRef>
        <RunTime>PT1M16S</RunTime>
      </JourneyPatternTimingLink>
      <JourneyPatternTimingLink id="JPL_17-462-_-y08-1-1-I-1-31">
        <From SequenceNumber="30">
          <Activity>pickUpAndSetDown</Activity>
          <StopPointRef>390040600</StopPointRef>
          <TimingStatus>OTH</TimingStatus>
        </From>
        <To SequenceNumber="31">
          <Activity>pickUpAndSetDown</Activity>
          <StopPointRef>390040598</StopPointRef>
          <TimingStatus>OTH</TimingStatus>
        </To>
        <RouteLinkRef>RL_17-462-_-y08-1-I-1-30</RouteLinkRef>
        <RunTime>PT42S</RunTime>
      </JourneyPatternTimingLink>
      <JourneyPatternTimingLink id="JPL_17-462-_-y08-1-1-I-1-32">
        <From SequenceNumber="31">
          <Activity>pickUpAndSetDown</Activity>
          <StopPointRef>390040598</StopPointRef>
          <TimingStatus>OTH</TimingStatus>
        </From>
        <To SequenceNumber="32">
          <Activity>setDown</Activity>
          <StopPointRef>390040596</StopPointRef>
          <TimingStatus>PTP</TimingStatus>
        </To>
        <RouteLinkRef>RL_17-462-_-y08-1-I-1-31</RouteLinkRef>
        <RunTime>PT1M2S</RunTime>
      </JourneyPatternTimingLink>
    </JourneyPatternSection>
    <JourneyPatternSection id="JPS_17-462-_-y08-1-2-2-O">
      <JourneyPatternTimingLink id="JPL_17-462-_-y08-1-2-O-2-2">
        <From SequenceNumber="1">
          <Activity>pickUp</Activity>
          <StopPointRef>390040606</StopPointRef>
          <TimingStatus>PTP</TimingStatus>
        </From>
        <To SequenceNumber="2">
          <Activity>pickUpAndSetDown</Activity>
          <StopPointRef>390040597</StopPointRef>
          <TimingStatus>OTH</TimingStatus>
        </To>
        <RouteLinkRef>RL_17-462-_-y08-1-O-2-1</RouteLinkRef>
        <RunTime>PT1M30S</RunTime>
      </JourneyPatternTimingLink>
      <JourneyPatternTimingLink id="JPL_17-462-_-y08-1-2-O-2-3">
        <From SequenceNumber="2">
          <Activity>pickUpAndSetDown</Activity>
          <StopPointRef>390040597</StopPointRef>
          <TimingStatus>OTH</TimingStatus>
        </From>
        <To SequenceNumber="3">
          <Activity>pickUpAndSetDown</Activity>
          <StopPointRef>390040599</StopPointRef>
          <TimingStatus>OTH</TimingStatus>
        </To>
        <RouteLinkRef>RL_17-462-_-y08-1-O-2-2</RouteLinkRef>
        <RunTime>PT1M3S</RunTime>
      </JourneyPatternTimingLink>
      <JourneyPatternTimingLink id="JPL_17-462-_-y08-1-2-O-2-4">
        <From SequenceNumber="3">
          <Activity>pickUpAndSetDown</Activity>
          <StopPointRef>390040599</StopPointRef>
          <TimingStatus>OTH</TimingStatus>
        </From>
        <To SequenceNumber="4">
          <Activity>pickUpAndSetDown</Activity>
          <StopPointRef>390040601</StopPointRef>
          <TimingStatus>PTP</TimingStatus>
        </To>
        <RouteLinkRef>RL_17-462-_-y08-1-O-2-3</RouteLinkRef>
        <RunTime>PT1M27S</RunTime>
      </JourneyPatternTimingLink>
      <JourneyPatternTimingLink id="JPL_17-462-_-y08-1-2-O-2-5">
        <From SequenceNumber="4">
          <Activity>pickUpAndSetDown</Activity>
          <StopPointRef>390040601</StopPointRef>
          <TimingStatus>PTP</TimingStatus>
        </From>
        <To SequenceNumber="5">
          <Activity>pickUpAndSetDown</Activity>
          <StopPointRef>390040602</StopPointRef>
          <TimingStatus>OTH</TimingStatus>
        </To>
        <RouteLinkRef>RL_17-462-_-y08-1-O-2-4</RouteLinkRef>
        <RunTime>PT21S</RunTime>
      </JourneyPatternTimingLink>
      <JourneyPatternTimingLink id="JPL_17-462-_-y08-1-2-O-2-6">
        <From SequenceNumber="5">
          <Activity>pickUpAndSetDown</Activity>
          <StopPointRef>390040602</StopPointRef>
          <TimingStatus>OTH</TimingStatus>
        </From>
        <To SequenceNumber="6">
          <Activity>pickUpAndSetDown</Activity>
          <StopPointRef>390040679</StopPointRef>
          <TimingStatus>OTH</TimingStatus>
        </To>
        <RouteLinkRef>RL_17-462-_-y08-1-O-2-5</RouteLinkRef>
        <RunTime>PT27S</RunTime>
      </JourneyPatternTimingLink>
      <JourneyPatternTimingLink id="JPL_17-462-_-y08-1-2-O-2-7">
        <From SequenceNumber="6">
          <Activity>pickUpAndSetDown</Activity>
          <StopPointRef>390040679</StopPointRef>
          <TimingStatus>OTH</TimingStatus>
        </From>
        <To SequenceNumber="7">
          <Activity>pickUpAndSetDown</Activity>
          <StopPointRef>390040681</StopPointRef>
          <TimingStatus>OTH</TimingStatus>
        </To>
        <RouteLinkRef>RL_17-462-_-y08-1-O-2-6</RouteLinkRef>
        <RunTime>PT46S</RunTime>
      </JourneyPatternTimingLink>
      <JourneyPatternTimingLink id="JPL_17-462-_-y08-1-2-O-2-8">
        <From SequenceNumber="7">
          <Activity>pickUpAndSetDown</Activity>
          <StopPointRef>390040681</StopPointRef>
          <TimingStatus>OTH</TimingStatus>
        </From>
        <To SequenceNumber="8">
          <Activity>pickUpAndSetDown</Activity>
          <StopPointRef>390040683</StopPointRef>
          <TimingStatus>PTP</TimingStatus>
        </To>
        <RouteLinkRef>RL_17-462-_-y08-1-O-2-7</RouteLinkRef>
        <RunTime>PT26S</RunTime>
      </JourneyPatternTimingLink>
      <JourneyPatternTimingLink id="JPL_17-462-_-y08-1-2-O-2-9">
        <From SequenceNumber="8">
          <Activity>pickUpAndSetDown</Activity>
          <StopPointRef>390040683</StopPointRef>
          <TimingStatus>PTP</TimingStatus>
        </From>
        <To SequenceNumber="9">
          <Activity>pickUpAndSetDown</Activity>
          <StopPointRef>390040685</StopPointRef>
          <TimingStatus>OTH</TimingStatus>
        </To>
        <RouteLinkRef>RL_17-462-_-y08-1-O-2-8</RouteLinkRef>
        <RunTime>PT24S</RunTime>
      </JourneyPatternTimingLink>
      <JourneyPatternTimingLink id="JPL_17-462-_-y08-1-2-O-2-10">
        <From SequenceNumber="9">
          <Activity>pickUpAndSetDown</Activity>
          <StopPointRef>390040685</StopPointRef>
          <TimingStatus>OTH</TimingStatus>
        </From>
        <To SequenceNumber="10">
          <Activity>pickUpAndSetDown</Activity>
          <StopPointRef>390040652</StopPointRef>
          <TimingStatus>PTP</TimingStatus>
        </To>
        <RouteLinkRef>RL_17-462-_-y08-1-O-2-9</RouteLinkRef>
        <RunTime>PT1M36S</RunTime>
      </JourneyPatternTimingLink>
      <JourneyPatternTimingLink id="JPL_17-462-_-y08-1-2-O-2-11">
        <From SequenceNumber="10">
          <Activity>pickUpAndSetDown</Activity>
          <StopPointRef>390040652</StopPointRef>
          <TimingStatus>PTP</TimingStatus>
        </From>
        <To SequenceNumber="11">
          <Activity>pickUpAndSetDown</Activity>
          <StopPointRef>390040662</StopPointRef>
          <TimingStatus>OTH</TimingStatus>
        </To>
        <RouteLinkRef>RL_17-462-_-y08-1-O-2-10</RouteLinkRef>
        <RunTime>PT21S</RunTime>
      </JourneyPatternTimingLink>
      <JourneyPatternTimingLink id="JPL_17-462-_-y08-1-2-O-2-12">
        <From SequenceNumber="11">
          <Activity>pickUpAndSetDown</Activity>
          <StopPointRef>390040662</StopPointRef>
          <TimingStatus>OTH</TimingStatus>
        </From>
        <To SequenceNumber="12">
          <Activity>pickUpAndSetDown</Activity>
          <StopPointRef>390040664</StopPointRef>
          <TimingStatus>OTH</TimingStatus>
        </To>
        <RouteLinkRef>RL_17-462-_-y08-1-O-2-11</RouteLinkRef>
        <RunTime>PT34S</RunTime>
      </JourneyPatternTimingLink>
      <JourneyPatternTimingLink id="JPL_17-462-_-y08-1-2-O-2-13">
        <From SequenceNumber="12">
          <Activity>pickUpAndSetDown</Activity>
          <StopPointRef>390040664</StopPointRef>
          <TimingStatus>OTH</TimingStatus>
        </From>
        <To SequenceNumber="13">
          <Activity>pickUpAndSetDown</Activity>
          <StopPointRef>390040893</StopPointRef>
          <TimingStatus>PTP</TimingStatus>
        </To>
        <RouteLinkRef>RL_17-462-_-y08-1-O-2-12</RouteLinkRef>
        <RunTime>PT1M5S</RunTime>
      </JourneyPatternTimingLink>
      <JourneyPatternTimingLink id="JPL_17-462-_-y08-1-2-O-2-14">
        <From SequenceNumber="13">
          <Activity>pickUpAndSetDown</Activity>
          <StopPointRef>390040893</StopPointRef>
          <TimingStatus>PTP</TimingStatus>
        </From>
        <To SequenceNumber="14">
          <Activity>pickUpAndSetDown</Activity>
          <StopPointRef>390040889</StopPointRef>
          <TimingStatus>OTH</TimingStatus>
        </To>
        <RouteLinkRef>RL_17-462-_-y08-1-O-2-13</RouteLinkRef>
        <RunTime>PT26S</RunTime>
      </JourneyPatternTimingLink>
      <JourneyPatternTimingLink id="JPL_17-462-_-y08-1-2-O-2-15">
        <From SequenceNumber="14">
          <Activity>pickUpAndSetDown</Activity>
          <StopPointRef>390040889</StopPointRef>
          <TimingStatus>OTH</TimingStatus>
        </From>
        <To SequenceNumber="15">
          <Activity>pickUpAndSetDown</Activity>
          <StopPointRef>390040891</StopPointRef>
          <TimingStatus>PTP</TimingStatus>
        </To>
        <RouteLinkRef>RL_17-462-_-y08-1-O-2-14</RouteLinkRef>
        <RunTime>PT1M34S</RunTime>
      </JourneyPatternTimingLink>
      <JourneyPatternTimingLink id="JPL_17-462-_-y08-1-2-O-2-16">
        <From SequenceNumber="15">
          <Activity>pickUpAndSetDown</Activity>
          <StopPointRef>390040891</StopPointRef>
          <TimingStatus>PTP</TimingStatus>
        </From>
        <To SequenceNumber="16">
          <Activity>pickUpAndSetDown</Activity>
          <StopPointRef>390040656</StopPointRef>
          <TimingStatus>PTP</TimingStatus>
        </To>
        <RouteLinkRef>RL_17-462-_-y08-1-O-2-15</RouteLinkRef>
        <RunTime>PT2M</RunTime>
      </JourneyPatternTimingLink>
      <JourneyPatternTimingLink id="JPL_17-462-_-y08-1-2-O-2-17">
        <From SequenceNumber="16">
          <Activity>pickUpAndSetDown</Activity>
          <StopPointRef>390040656</StopPointRef>
          <TimingStatus>PTP</TimingStatus>
        </From>
        <To SequenceNumber="17">
          <Activity>pickUpAndSetDown</Activity>
          <StopPointRef>390040657</StopPointRef>
          <TimingStatus>PTP</TimingStatus>
        </To>
        <RouteLinkRef>RL_17-462-_-y08-1-O-2-16</RouteLinkRef>
        <RunTime>PT2M</RunTime>
      </JourneyPatternTimingLink>
      <JourneyPatternTimingLink id="JPL_17-462-_-y08-1-2-O-2-18">
        <From SequenceNumber="17">
          <Activity>pickUpAndSetDown</Activity>
          <StopPointRef>390040657</StopPointRef>
          <TimingStatus>PTP</TimingStatus>
        </From>
        <To SequenceNumber="18">
          <Activity>pickUpAndSetDown</Activity>
          <StopPointRef>390010516</StopPointRef>
          <TimingStatus>OTH</TimingStatus>
        </To>
        <RouteLinkRef>RL_17-462-_-y08-1-O-2-17</RouteLinkRef>
        <RunTime>PT2M45S</RunTime>
      </JourneyPatternTimingLink>
      <JourneyPatternTimingLink id="JPL_17-462-_-y08-1-2-O-2-19">
        <From SequenceNumber="18">
          <Activity>pickUpAndSetDown</Activity>
          <StopPointRef>390010516</StopPointRef>
          <TimingStatus>OTH</TimingStatus>
        </From>
        <To SequenceNumber="19">
          <Activity>pickUpAndSetDown</Activity>
          <StopPointRef>390010678</StopPointRef>
          <TimingStatus>PTP</TimingStatus>
        </To>
        <RouteLinkRef>RL_17-462-_-y08-1-O-2-18</RouteLinkRef>
        <RunTime>PT4M15S</RunTime>
      </JourneyPatternTimingLink>
      <JourneyPatternTimingLink id="JPL_17-462-_-y08-1-2-O-2-20">
        <From SequenceNumber="19">
          <Activity>pickUpAndSetDown</Activity>
          <StopPointRef>390010678</StopPointRef>
          <TimingStatus>PTP</TimingStatus>
        </From>
        <To SequenceNumber="20">
          <Activity>pickUpAndSetDown</Activity>
          <StopPointRef>390010512</StopPointRef>
          <TimingStatus>PTP</TimingStatus>
        </To>
        <RouteLinkRef>RL_17-462-_-y08-1-O-2-19</RouteLinkRef>
        <RunTime>PT2M</RunTime>
      </JourneyPatternTimingLink>
      <JourneyPatternTimingLink id="JPL_17-462-_-y08-1-2-O-2-21">
        <From SequenceNumber="20">
          <Activity>pickUpAndSetDown</Activity>
          <StopPointRef>390010512</StopPointRef>
          <TimingStatus>PTP</TimingStatus>
        </From>
        <To SequenceNumber="21">
          <Activity>pickUpAndSetDown</Activity>
          <StopPointRef>390010510</StopPointRef>
          <TimingStatus>OTH</TimingStatus>
        </To>
        <RouteLinkRef>RL_17-462-_-y08-1-O-2-20</RouteLinkRef>
        <RunTime>PT29S</RunTime>
      </JourneyPatternTimingLink>
      <JourneyPatternTimingLink id="JPL_17-462-_-y08-1-2-O-2-22">
        <From SequenceNumber="21">
          <Activity>pickUpAndSetDown</Activity>
          <StopPointRef>390010510</StopPointRef>
          <TimingStatus>OTH</TimingStatus>
        </From>
        <To SequenceNumber="22">
          <Activity>pickUpAndSetDown</Activity>
          <StopPointRef>390010828</StopPointRef>
          <TimingStatus>PTP</TimingStatus>
        </To>
        <RouteLinkRef>RL_17-462-_-y08-1-O-2-21</RouteLinkRef>
        <RunTime>PT1M31S</RunTime>
      </JourneyPatternTimingLink>
      <JourneyPatternTimingLink id="JPL_17-462-_-y08-1-2-O-2-23">
        <From SequenceNumber="22">
          <Activity>pickUpAndSetDown</Activity>
          <StopPointRef>390010828</StopPointRef>
          <TimingStatus>PTP</TimingStatus>
        </From>
        <To SequenceNumber="23">
          <Activity>pickUpAndSetDown</Activity>
          <StopPointRef>390010508</StopPointRef>
          <TimingStatus>OTH</TimingStatus>
        </To>
        <RouteLinkRef>RL_17-462-_-y08-1-O-2-22</RouteLinkRef>
        <RunTime>PT17S</RunTime>
      </JourneyPatternTimingLink>
      <JourneyPatternTimingLink id="JPL_17-462-_-y08-1-2-O-2-24">
        <From SequenceNumber="23">
          <Activity>pickUpAndSetDown</Activity>
          <StopPointRef>390010508</StopPointRef>
          <TimingStatus>OTH</TimingStatus>
        </From>
        <To SequenceNumber="24">
          <Activity>pickUpAndSetDown</Activity>
          <StopPointRef>390010506</StopPointRef>
          <TimingStatus>OTH</TimingStatus>
        </To>
        <RouteLinkRef>RL_17-462-_-y08-1-O-2-23</RouteLinkRef>
        <RunTime>PT2M2S</RunTime>
      </JourneyPatternTimingLink>
      <JourneyPatternTimingLink id="JPL_17-462-_-y08-1-2-O-2-25">
        <From SequenceNumber="24">
          <Activity>pickUpAndSetDown</Activity>
          <StopPointRef>390010506</StopPointRef>
          <TimingStatus>OTH</TimingStatus>
        </From>
        <To SequenceNumber="25">
          <Activity>pickUpAndSetDown</Activity>
          <StopPointRef>390010741</StopPointRef>
          <TimingStatus>PTP</TimingStatus>
        </To>
        <RouteLinkRef>RL_17-462-_-y08-1-O-2-24</RouteLinkRef>
        <RunTime>PT41S</RunTime>
      </JourneyPatternTimingLink>
      <JourneyPatternTimingLink id="JPL_17-462-_-y08-1-2-O-2-26">
        <From SequenceNumber="25">
          <Activity>pickUpAndSetDown</Activity>
          <StopPointRef>390010741</StopPointRef>
          <TimingStatus>PTP</TimingStatus>
        </From>
        <To SequenceNumber="26">
          <Activity>pickUpAndSetDown</Activity>
          <StopPointRef>390010457</StopPointRef>
          <TimingStatus>OTH</TimingStatus>
        </To>
        <RouteLinkRef>RL_17-462-_-y08-1-O-2-25</RouteLinkRef>
        <RunTime>PT4M25S</RunTime>
      </JourneyPatternTimingLink>
      <JourneyPatternTimingLink id="JPL_17-462-_-y08-1-2-O-2-27">
        <From SequenceNumber="26">
          <Activity>pickUpAndSetDown</Activity>
          <StopPointRef>390010457</StopPointRef>
          <TimingStatus>OTH</TimingStatus>
        </From>
        <To SequenceNumber="27">
          <Activity>pickUpAndSetDown</Activity>
          <StopPointRef>390010740</StopPointRef>
          <TimingStatus>OTH</TimingStatus>
        </To>
        <RouteLinkRef>RL_17-462-_-y08-1-O-2-26</RouteLinkRef>
        <RunTime>PT33S</RunTime>
      </JourneyPatternTimingLink>
      <JourneyPatternTimingLink id="JPL_17-462-_-y08-1-2-O-2-28">
        <From SequenceNumber="27">
          <Activity>pickUpAndSetDown</Activity>
          <StopPointRef>390010740</StopPointRef>
          <TimingStatus>OTH</TimingStatus>
        </From>
        <To SequenceNumber="28">
          <Activity>pickUpAndSetDown</Activity>
          <StopPointRef>390010739</StopPointRef>
          <TimingStatus>PTP</TimingStatus>
        </To>
        <RouteLinkRef>RL_17-462-_-y08-1-O-2-27</RouteLinkRef>
        <RunTime>PT2S</RunTime>
      </JourneyPatternTimingLink>
      <JourneyPatternTimingLink id="JPL_17-462-_-y08-1-2-O-2-29">
        <From SequenceNumber="28">
          <Activity>pickUpAndSetDown</Activity>
          <StopPointRef>390010739</StopPointRef>
          <TimingStatus>PTP</TimingStatus>
        </From>
        <To SequenceNumber="29">
          <Activity>pickUpAndSetDown</Activity>
          <StopPointRef>390010458</StopPointRef>
          <TimingStatus>OTH</TimingStatus>
        </To>
        <RouteLinkRef>RL_17-462-_-y08-1-O-2-28</RouteLinkRef>
        <RunTime>PT23S</RunTime>
      </JourneyPatternTimingLink>
      <JourneyPatternTimingLink id="JPL_17-462-_-y08-1-2-O-2-30">
        <From SequenceNumber="29">
          <Activity>pickUpAndSetDown</Activity>
          <StopPointRef>390010458</StopPointRef>
          <TimingStatus>OTH</TimingStatus>
        </From>
        <To SequenceNumber="30">
          <Activity>pickUpAndSetDown</Activity>
          <StopPointRef>390010795</StopPointRef>
          <TimingStatus>OTH</TimingStatus>
        </To>
        <RouteLinkRef>RL_17-462-_-y08-1-O-2-29</RouteLinkRef>
        <RunTime>PT2M45S</RunTime>
      </JourneyPatternTimingLink>
      <JourneyPatternTimingLink id="JPL_17-462-_-y08-1-2-O-2-31">
        <From SequenceNumber="30">
          <Activity>pickUpAndSetDown</Activity>
          <StopPointRef>390010795</StopPointRef>
          <TimingStatus>OTH</TimingStatus>
        </From>
        <To SequenceNumber="31">
          <Activity>pickUpAndSetDown</Activity>
          <StopPointRef>390010455</StopPointRef>
          <TimingStatus>PTP</TimingStatus>
        </To>
        <RouteLinkRef>RL_17-462-_-y08-1-O-2-30</RouteLinkRef>
        <RunTime>PT52S</RunTime>
      </JourneyPatternTimingLink>
      <JourneyPatternTimingLink id="JPL_17-462-_-y08-1-2-O-2-32">
        <From SequenceNumber="31">
          <Activity>pickUpAndSetDown</Activity>
          <StopPointRef>390010455</StopPointRef>
          <TimingStatus>PTP</TimingStatus>
        </From>
        <To SequenceNumber="32">
          <Activity>pickUpAndSetDown</Activity>
          <StopPointRef>390010797</StopPointRef>
          <TimingStatus>PTP</TimingStatus>
        </To>
        <RouteLinkRef>RL_17-462-_-y08-1-O-2-31</RouteLinkRef>
        <RunTime>PT4M</RunTime>
      </JourneyPatternTimingLink>
      <JourneyPatternTimingLink id="JPL_17-462-_-y08-1-2-O-2-33">
        <From SequenceNumber="32">
          <Activity>pickUpAndSetDown</Activity>
          <StopPointRef>390010797</StopPointRef>
          <TimingStatus>PTP</TimingStatus>
        </From>
        <To SequenceNumber="33">
          <Activity>pickUpAndSetDown</Activity>
          <StopPointRef>390010402</StopPointRef>
          <TimingStatus>OTH</TimingStatus>
        </To>
        <RouteLinkRef>RL_17-462-_-y08-1-O-2-32</RouteLinkRef>
        <RunTime>PT4M30S</RunTime>
      </JourneyPatternTimingLink>
      <JourneyPatternTimingLink id="JPL_17-462-_-y08-1-2-O-2-34">
        <From SequenceNumber="33">
          <Activity>pickUpAndSetDown</Activity>
          <StopPointRef>390010402</StopPointRef>
          <TimingStatus>OTH</TimingStatus>
        </From>
        <To SequenceNumber="34">
          <Activity>pickUpAndSetDown</Activity>
          <StopPointRef>390010401</StopPointRef>
          <TimingStatus>PTP</TimingStatus>
        </To>
        <RouteLinkRef>RL_17-462-_-y08-1-O-2-33</RouteLinkRef>
        <RunTime>PT30S</RunTime>
      </JourneyPatternTimingLink>
      <JourneyPatternTimingLink id="JPL_17-462-_-y08-1-2-O-2-35">
        <From SequenceNumber="34">
          <Activity>pickUpAndSetDown</Activity>
          <StopPointRef>390010401</StopPointRef>
          <TimingStatus>PTP</TimingStatus>
        </From>
        <To SequenceNumber="35">
          <Activity>pickUpAndSetDown</Activity>
          <StopPointRef>390010398</StopPointRef>
          <TimingStatus>OTH</TimingStatus>
        </To>
        <RouteLinkRef>RL_17-462-_-y08-1-O-2-34</RouteLinkRef>
        <RunTime>PT35S</RunTime>
      </JourneyPatternTimingLink>
      <JourneyPatternTimingLink id="JPL_17-462-_-y08-1-2-O-2-36">
        <From SequenceNumber="35">
          <Activity>pickUpAndSetDown</Activity>
          <StopPointRef>390010398</StopPointRef>
          <TimingStatus>OTH</TimingStatus>
        </From>
        <To SequenceNumber="36">
          <Activity>pickUpAndSetDown</Activity>
          <StopPointRef>390010417</StopPointRef>
          <TimingStatus>OTH</TimingStatus>
        </To>
        <RouteLinkRef>RL_17-462-_-y08-1-O-2-35</RouteLinkRef>
        <RunTime>PT28S</RunTime>
      </JourneyPatternTimingLink>
      <JourneyPatternTimingLink id="JPL_17-462-_-y08-1-2-O-2-37">
        <From SequenceNumber="36">
          <Activity>pickUpAndSetDown</Activity>
          <StopPointRef>390010417</StopPointRef>
          <TimingStatus>OTH</TimingStatus>
        </From>
        <To SequenceNumber="37">
          <Activity>pickUpAndSetDown</Activity>
          <StopPointRef>390010387</StopPointRef>
          <TimingStatus>PTP</TimingStatus>
        </To>
        <RouteLinkRef>RL_17-462-_-y08-1-O-2-36</RouteLinkRef>
        <RunTime>PT57S</RunTime>
      </JourneyPatternTimingLink>
      <JourneyPatternTimingLink id="JPL_17-462-_-y08-1-2-O-2-38">
        <From SequenceNumber="37">
          <Activity>pickUpAndSetDown</Activity>
          <StopPointRef>390010387</StopPointRef>
          <TimingStatus>PTP</TimingStatus>
        </From>
        <To SequenceNumber="38">
          <Activity>pickUpAndSetDown</Activity>
          <StopPointRef>390010411</StopPointRef>
          <TimingStatus>OTH</TimingStatus>
        </To>
        <RouteLinkRef>RL_17-462-_-y08-1-O-2-37</RouteLinkRef>
        <RunTime>PT1M30S</RunTime>
      </JourneyPatternTimingLink>
      <JourneyPatternTimingLink id="JPL_17-462-_-y08-1-2-O-2-39">
        <From SequenceNumber="38">
          <Activity>pickUpAndSetDown</Activity>
          <StopPointRef>390010411</StopPointRef>
          <TimingStatus>OTH</TimingStatus>
        </From>
        <To SequenceNumber="39">
          <Activity>pickUpAndSetDown</Activity>
          <StopPointRef>390010834</StopPointRef>
          <TimingStatus>PTP</TimingStatus>
        </To>
        <RouteLinkRef>RL_17-462-_-y08-1-O-2-38</RouteLinkRef>
        <RunTime>PT2M30S</RunTime>
      </JourneyPatternTimingLink>
      <JourneyPatternTimingLink id="JPL_17-462-_-y08-1-2-O-2-40">
        <From SequenceNumber="39">
          <Activity>pickUpAndSetDown</Activity>
          <StopPointRef>390010834</StopPointRef>
          <TimingStatus>PTP</TimingStatus>
        </From>
        <To SequenceNumber="40">
          <Activity>pickUpAndSetDown</Activity>
          <StopPointRef>390010426</StopPointRef>
          <TimingStatus>OTH</TimingStatus>
        </To>
        <RouteLinkRef>RL_17-462-_-y08-1-O-2-39</RouteLinkRef>
        <RunTime>PT1M16S</RunTime>
      </JourneyPatternTimingLink>
      <JourneyPatternTimingLink id="JPL_17-462-_-y08-1-2-O-2-41">
        <From SequenceNumber="40">
          <Activity>pickUpAndSetDown</Activity>
          <StopPointRef>390010426</StopPointRef>
          <TimingStatus>OTH</TimingStatus>
        </From>
        <To SequenceNumber="41">
          <Activity>pickUpAndSetDown</Activity>
          <StopPointRef>390010418</StopPointRef>
          <TimingStatus>OTH</TimingStatus>
        </To>
        <RouteLinkRef>RL_17-462-_-y08-1-O-2-40</RouteLinkRef>
        <RunTime>PT1M22S</RunTime>
      </JourneyPatternTimingLink>
      <JourneyPatternTimingLink id="JPL_17-462-_-y08-1-2-O-2-42">
        <From SequenceNumber="41">
          <Activity>pickUpAndSetDown</Activity>
          <StopPointRef>390010418</StopPointRef>
          <TimingStatus>OTH</TimingStatus>
        </From>
        <To SequenceNumber="42">
          <Activity>pickUpAndSetDown</Activity>
          <StopPointRef>390010421</StopPointRef>
          <TimingStatus>PTP</TimingStatus>
        </To>
        <RouteLinkRef>RL_17-462-_-y08-1-O-2-41</RouteLinkRef>
        <RunTime>PT22S</RunTime>
      </JourneyPatternTimingLink>
      <JourneyPatternTimingLink id="JPL_17-462-_-y08-1-2-O-2-43">
        <From SequenceNumber="42">
          <Activity>pickUpAndSetDown</Activity>
          <StopPointRef>390010421</StopPointRef>
          <TimingStatus>PTP</TimingStatus>
        </From>
        <To SequenceNumber="43">
          <Activity>pickUpAndSetDown</Activity>
          <StopPointRef>390010423</StopPointRef>
          <TimingStatus>OTH</TimingStatus>
        </To>
        <RouteLinkRef>RL_17-462-_-y08-1-O-2-42</RouteLinkRef>
        <RunTime>PT29S</RunTime>
      </JourneyPatternTimingLink>
      <JourneyPatternTimingLink id="JPL_17-462-_-y08-1-2-O-2-44">
        <From SequenceNumber="43">
          <Activity>pickUpAndSetDown</Activity>
          <StopPointRef>390010423</StopPointRef>
          <TimingStatus>OTH</TimingStatus>
        </From>
        <To SequenceNumber="44">
          <Activity>pickUpAndSetDown</Activity>
          <StopPointRef>390010424</StopPointRef>
          <TimingStatus>OTH</TimingStatus>
        </To>
        <RouteLinkRef>RL_17-462-_-y08-1-O-2-43</RouteLinkRef>
        <RunTime>PT33S</RunTime>
      </JourneyPatternTimingLink>
      <JourneyPatternTimingLink id="JPL_17-462-_-y08-1-2-O-2-45">
        <From SequenceNumber="44">
          <Activity>pickUpAndSetDown</Activity>
          <StopPointRef>390010424</StopPointRef>
          <TimingStatus>OTH</TimingStatus>
        </From>
        <To SequenceNumber="45">
          <Activity>pickUpAndSetDown</Activity>
          <StopPointRef>390010429</StopPointRef>
          <TimingStatus>OTH</TimingStatus>
        </To>
        <RouteLinkRef>RL_17-462-_-y08-1-O-2-44</RouteLinkRef>
        <RunTime>PT40S</RunTime>
      </JourneyPatternTimingLink>
      <JourneyPatternTimingLink id="JPL_17-462-_-y08-1-2-O-2-46">
        <From SequenceNumber="45">
          <Activity>pickUpAndSetDown</Activity>
          <StopPointRef>390010429</StopPointRef>
          <TimingStatus>OTH</TimingStatus>
        </From>
        <To SequenceNumber="46">
          <Activity>pickUpAndSetDown</Activity>
          <StopPointRef>390010410</StopPointRef>
          <TimingStatus>OTH</TimingStatus>
        </To>
        <RouteLinkRef>RL_17-462-_-y08-1-O-2-45</RouteLinkRef>
        <RunTime>PT33S</RunTime>
      </JourneyPatternTimingLink>
      <JourneyPatternTimingLink id="JPL_17-462-_-y08-1-2-O-2-47">
        <From SequenceNumber="46">
          <Activity>pickUpAndSetDown</Activity>
          <StopPointRef>390010410</StopPointRef>
          <TimingStatus>OTH</TimingStatus>
        </From>
        <To SequenceNumber="47">
          <Activity>setDown</Activity>
          <StopPointRef>390010891</StopPointRef>
          <TimingStatus>PTP</TimingStatus>
        </To>
        <RouteLinkRef>RL_17-462-_-y08-1-O-2-46</RouteLinkRef>
        <RunTime>PT45S</RunTime>
      </JourneyPatternTimingLink>
    </JourneyPatternSection>
  </JourneyPatternSections>
  <Operators>
    <Operator id="OId_728HADC">
      <NationalOperatorCode>HADC</NationalOperatorCode>
      <OperatorCode>728HADC</OperatorCode>
      <OperatorShortName>Hadleigh Community Tran</OperatorShortName>
      <OperatorNameOnLicence>Hadleigh Community Transport</OperatorNameOnLicence>
      <TradingName>Hadleigh Community Transport</TradingName>
    </Operator>
  </Operators>
  <Services>
    <Service>
      <ServiceCode>17-462-_-y08-1</ServiceCode>
      <PrivateCode>17-462-_-y08-1</PrivateCode>
      <Lines>
        <Line id="17-462-_-y08-1">
          <LineName>462</LineName>
        </Line>
      </Lines>
      <OperatingPeriod>
        <StartDate>2019-11-05</StartDate>
        <EndDate>2020-05-08</EndDate>
      </OperatingPeriod>
      <OperatingProfile>
        <RegularDayType>
          <DaysOfWeek>
            <Tuesday />
            <Friday />
          </DaysOfWeek>
        </RegularDayType>
      </OperatingProfile>
      <RegisteredOperatorRef>OId_728HADC</RegisteredOperatorRef>
      <StopRequirements>
        <NoNewStopsRequired />
      </StopRequirements>
      <Mode>bus</Mode>
      <Description>Stowmarket - Wattisham - Hadleigh</Description>
      <StandardService>
        <Origin>Station Road West</Origin>
        <Destination>Bus Station</Destination>
        <JourneyPattern id="JP_17-462-_-y08-1-1-I-1">
          <Direction>inbound</Direction>
          <RouteRef>R_17-462-_-y08-1-I-1</RouteRef>
          <JourneyPatternSectionRefs>JPS_17-462-_-y08-1-1-1-I</JourneyPatternSectionRefs>
        </JourneyPattern>
        <JourneyPattern id="JP_17-462-_-y08-1-2-O-2">
          <Direction>outbound</Direction>
          <RouteRef>R_17-462-_-y08-1-O-2</RouteRef>
          <JourneyPatternSectionRefs>JPS_17-462-_-y08-1-2-2-O</JourneyPatternSectionRefs>
        </JourneyPattern>
      </StandardService>
    </Service>
  </Services>
  <VehicleJourneys>
    <VehicleJourney>
      <PrivateCode>suf-17-462-_-y08-1-1-T0</PrivateCode>
      <OperatingProfile>
        <RegularDayType>
          <DaysOfWeek>
            <Tuesday />
            <Friday />
          </DaysOfWeek>
        </RegularDayType>
        <SpecialDaysOperation>
          <DaysOfNonOperation>
            <DateRange>
              <StartDate>2019-12-24</StartDate>
              <EndDate>2019-12-24</EndDate>
            </DateRange>
            <DateRange>
              <StartDate>2019-12-27</StartDate>
              <EndDate>2019-12-27</EndDate>
            </DateRange>
            <DateRange>
              <StartDate>2019-12-30</StartDate>
              <EndDate>2019-12-31</EndDate>
            </DateRange>
          </DaysOfNonOperation>
        </SpecialDaysOperation>
        <BankHolidayOperation>
          <DaysOfNonOperation>
            <AllBankHolidays />
          </DaysOfNonOperation>
        </BankHolidayOperation>
      </OperatingProfile>
      <VehicleJourneyCode>VJ_17-462-_-y08-1-1-T0</VehicleJourneyCode>
      <ServiceRef>17-462-_-y08-1</ServiceRef>
      <LineRef>17-462-_-y08-1</LineRef>
      <JourneyPatternRef>JP_17-462-_-y08-1-1-I-1</JourneyPatternRef>
      <Note>
        <NoteCode>1</NoteCode>
        <NoteText>Sponsored by Suffolk County Council</NoteText>
      </Note>
      <Note>
        <NoteCode>TuF</NoteCode>
        <NoteText>Operates on Tuesdays and Fridays</NoteText>
      </Note>
      <DepartureTime>09:50:00</DepartureTime>
    </VehicleJourney>
    <VehicleJourney>
      <PrivateCode>suf-17-462-_-y08-1-3-T0</PrivateCode>
      <OperatingProfile>
        <RegularDayType>
          <DaysOfWeek>
            <Tuesday />
            <Friday />
          </DaysOfWeek>
        </RegularDayType>
        <SpecialDaysOperation>
          <DaysOfNonOperation>
            <DateRange>
              <StartDate>2019-12-24</StartDate>
              <EndDate>2019-12-24</EndDate>
            </DateRange>
            <DateRange>
              <StartDate>2019-12-27</StartDate>
              <EndDate>2019-12-27</EndDate>
            </DateRange>
            <DateRange>
              <StartDate>2019-12-30</StartDate>
              <EndDate>2019-12-31</EndDate>
            </DateRange>
          </DaysOfNonOperation>
        </SpecialDaysOperation>
        <BankHolidayOperation>
          <DaysOfNonOperation>
            <AllBankHolidays />
          </DaysOfNonOperation>
        </BankHolidayOperation>
      </OperatingProfile>
      <VehicleJourneyCode>VJ_17-462-_-y08-1-3-T0</VehicleJourneyCode>
      <ServiceRef>17-462-_-y08-1</ServiceRef>
      <LineRef>17-462-_-y08-1</LineRef>
      <JourneyPatternRef>JP_17-462-_-y08-1-2-O-2</JourneyPatternRef>
      <Note>
        <NoteCode>1</NoteCode>
        <NoteText>Sponsored by Suffolk County Council</NoteText>
      </Note>
      <Note>
        <NoteCode>TuF</NoteCode>
        <NoteText>Operates on Tuesdays and Fridays</NoteText>
      </Note>
      <DepartureTime>12:40:00</DepartureTime>
    </VehicleJourney>
  </VehicleJourneys>
</TransXChange>