<?xml version="1.0" encoding="utf-8"?>
<TransXChange xmlns:xsi="http://www.w3.org/2001/XMLSchema-instance" xmlns:xsd="http://www.w3.org/2001/XMLSchema" xsi:schemaLocation="http://www.transxchange.org.uk/ http://www.transxchange.org.uk/schema/2.5/TransXChange_general.xsd" CreationDateTime="2019-11-07T16:05:28.7066Z" ModificationDateTime="2019-11-07T16:05:28.7066Z" Modification="new" RevisionNumber="3" FileName="suf_14-173-_-y08-2.xml" SchemaVersion="2.5" RegistrationDocument="true" xmlns="http://www.transxchange.org.uk/">
  <StopPoints>
    <AnnotatedStopPointRef>
      <StopPointRef>390060607</StopPointRef>
      <CommonName>Turban Centre</CommonName>
      <Indicator>S-bound</Indicator>
      <LocalityName>Woodbridge (Suffolk)</LocalityName>
      <LocalityQualifier>Suffolk</LocalityQualifier>
    </AnnotatedStopPointRef>
    <AnnotatedStopPointRef>
      <StopPointRef>390060615</StopPointRef>
      <CommonName>Deben Pool</CommonName>
      <Indicator>adj</Indicator>
      <LocalityName>Woodbridge (Suffolk)</LocalityName>
      <LocalityQualifier>Suffolk</LocalityQualifier>
    </AnnotatedStopPointRef>
    <AnnotatedStopPointRef>
      <StopPointRef>390060617</StopPointRef>
      <CommonName>Cherry Tree</CommonName>
      <LocalityName>Woodbridge (Suffolk)</LocalityName>
      <LocalityQualifier>Suffolk</LocalityQualifier>
    </AnnotatedStopPointRef>
    <AnnotatedStopPointRef>
      <StopPointRef>390060618</StopPointRef>
      <CommonName>Ipswich Road</CommonName>
      <Indicator>opp 22</Indicator>
      <LocalityName>Woodbridge (Suffolk)</LocalityName>
      <LocalityQualifier>Suffolk</LocalityQualifier>
    </AnnotatedStopPointRef>
    <AnnotatedStopPointRef>
      <StopPointRef>390060624</StopPointRef>
      <CommonName>Duke of York</CommonName>
      <Indicator>W-bound</Indicator>
      <LocalityName>Woodbridge (Suffolk)</LocalityName>
      <LocalityQualifier>Suffolk</LocalityQualifier>
    </AnnotatedStopPointRef>
    <AnnotatedStopPointRef>
      <StopPointRef>390060560</StopPointRef>
      <CommonName>Nursery</CommonName>
      <Indicator>opp</Indicator>
      <LocalityName>Martlesham</LocalityName>
      <LocalityQualifier>Suffolk</LocalityQualifier>
    </AnnotatedStopPointRef>
    <AnnotatedStopPointRef>
      <StopPointRef>390060558</StopPointRef>
      <CommonName>Water Bridge</CommonName>
      <LocalityName>Martlesham</LocalityName>
      <LocalityQualifier>Suffolk</LocalityQualifier>
    </AnnotatedStopPointRef>
    <AnnotatedStopPointRef>
      <StopPointRef>390060555</StopPointRef>
      <CommonName>Felixstowe Road</CommonName>
      <Indicator>adj</Indicator>
      <LocalityName>Martlesham</LocalityName>
      <LocalityQualifier>Suffolk</LocalityQualifier>
    </AnnotatedStopPointRef>
    <AnnotatedStopPointRef>
      <StopPointRef>390060669</StopPointRef>
      <CommonName>Anson Road</CommonName>
      <Indicator>adj</Indicator>
      <LocalityName>Martlesham Heath</LocalityName>
      <LocalityQualifier>Suffolk</LocalityQualifier>
    </AnnotatedStopPointRef>
    <AnnotatedStopPointRef>
      <StopPointRef>390061187</StopPointRef>
      <CommonName>Hawker Drive</CommonName>
      <LocalityName>Martlesham Heath</LocalityName>
      <LocalityQualifier>Suffolk</LocalityQualifier>
    </AnnotatedStopPointRef>
    <AnnotatedStopPointRef>
      <StopPointRef>390060384</StopPointRef>
      <CommonName>Bowling Centre</CommonName>
      <LocalityName>Martlesham Heath</LocalityName>
      <LocalityQualifier>Suffolk</LocalityQualifier>
    </AnnotatedStopPointRef>
    <AnnotatedStopPointRef>
      <StopPointRef>390060414</StopPointRef>
      <CommonName>Post Box</CommonName>
      <LocalityName>Brightwell</LocalityName>
      <LocalityQualifier>Suffolk</LocalityQualifier>
    </AnnotatedStopPointRef>
    <AnnotatedStopPointRef>
      <StopPointRef>390060883</StopPointRef>
      <CommonName>School</CommonName>
      <Indicator>S-bound</Indicator>
      <LocalityName>Bucklesham</LocalityName>
      <LocalityQualifier>Suffolk</LocalityQualifier>
    </AnnotatedStopPointRef>
    <AnnotatedStopPointRef>
      <StopPointRef>390060407</StopPointRef>
      <CommonName>Chapel Road</CommonName>
      <Indicator>opp</Indicator>
      <LocalityName>Newbourne</LocalityName>
      <LocalityQualifier>Suffolk</LocalityQualifier>
    </AnnotatedStopPointRef>
    <AnnotatedStopPointRef>
      <StopPointRef>390060884</StopPointRef>
      <CommonName>Park Lane</CommonName>
      <LocalityName>Kirton (Suffk)</LocalityName>
      <LocalityQualifier>Suffolk</LocalityQualifier>
    </AnnotatedStopPointRef>
    <AnnotatedStopPointRef>
      <StopPointRef>390060415</StopPointRef>
      <CommonName>Bus Shelter</CommonName>
      <LocalityName>Kirton (Suffk)</LocalityName>
      <LocalityQualifier>Suffolk</LocalityQualifier>
    </AnnotatedStopPointRef>
    <AnnotatedStopPointRef>
      <StopPointRef>390060886</StopPointRef>
      <CommonName>Primary School</CommonName>
      <Indicator>o/s</Indicator>
      <LocalityName>Trimley St Martin</LocalityName>
      <LocalityQualifier>Suffolk</LocalityQualifier>
    </AnnotatedStopPointRef>
    <AnnotatedStopPointRef>
      <StopPointRef>390060421</StopPointRef>
      <CommonName>Bus Shelter</CommonName>
      <LocalityName>Trimley St Martin</LocalityName>
      <LocalityQualifier>Suffolk</LocalityQualifier>
    </AnnotatedStopPointRef>
    <AnnotatedStopPointRef>
      <StopPointRef>390060425</StopPointRef>
      <CommonName>Reeve Lodge</CommonName>
      <Indicator>opp</Indicator>
      <LocalityName>Trimley St Martin</LocalityName>
      <LocalityQualifier>Suffolk</LocalityQualifier>
    </AnnotatedStopPointRef>
    <AnnotatedStopPointRef>
      <StopPointRef>390060424</StopPointRef>
      <CommonName>Three Mariners</CommonName>
      <LocalityName>Trimley St Mary</LocalityName>
      <LocalityQualifier>Suffolk</LocalityQualifier>
    </AnnotatedStopPointRef>
    <AnnotatedStopPointRef>
      <StopPointRef>390060466</StopPointRef>
      <CommonName>Trimley Lodge</CommonName>
      <LocalityName>Trimley St Mary</LocalityName>
      <LocalityQualifier>Suffolk</LocalityQualifier>
    </AnnotatedStopPointRef>
    <AnnotatedStopPointRef>
      <StopPointRef>390061113</StopPointRef>
      <CommonName>Brotherton Avenue</CommonName>
      <LocalityName>Trimley St Mary</LocalityName>
      <LocalityQualifier>Suffolk</LocalityQualifier>
    </AnnotatedStopPointRef>
    <AnnotatedStopPointRef>
      <StopPointRef>390060890</StopPointRef>
      <CommonName>Fen Meadow</CommonName>
      <LocalityName>Trimley St Mary</LocalityName>
      <LocalityQualifier>Suffolk</LocalityQualifier>
    </AnnotatedStopPointRef>
    <AnnotatedStopPointRef>
      <StopPointRef>390061110</StopPointRef>
      <CommonName>Shops</CommonName>
      <LocalityName>Trimley St Mary</LocalityName>
      <LocalityQualifier>Suffolk</LocalityQualifier>
    </AnnotatedStopPointRef>
    <AnnotatedStopPointRef>
      <StopPointRef>390060892</StopPointRef>
      <CommonName>Punchard Way</CommonName>
      <LocalityName>Trimley St Mary</LocalityName>
      <LocalityQualifier>Suffolk</LocalityQualifier>
    </AnnotatedStopPointRef>
    <AnnotatedStopPointRef>
      <StopPointRef>390061108</StopPointRef>
      <CommonName>Daines Place</CommonName>
      <LocalityName>Trimley St Mary</LocalityName>
      <LocalityQualifier>Suffolk</LocalityQualifier>
    </AnnotatedStopPointRef>
    <AnnotatedStopPointRef>
      <StopPointRef>390060468</StopPointRef>
      <CommonName>Faulkeners Way</CommonName>
      <LocalityName>Trimley St Mary</LocalityName>
      <LocalityQualifier>Suffolk</LocalityQualifier>
    </AnnotatedStopPointRef>
    <AnnotatedStopPointRef>
      <StopPointRef>390060470</StopPointRef>
      <CommonName>Spriteshall Lane</CommonName>
      <LocalityName>Trimley St Mary</LocalityName>
      <LocalityQualifier>Suffolk</LocalityQualifier>
    </AnnotatedStopPointRef>
    <AnnotatedStopPointRef>
      <StopPointRef>390060472</StopPointRef>
      <CommonName>Half Moon</CommonName>
      <LocalityName>Walton (Suffk)</LocalityName>
      <LocalityQualifier>Suffolk</LocalityQualifier>
    </AnnotatedStopPointRef>
    <AnnotatedStopPointRef>
      <StopPointRef>390060473</StopPointRef>
      <CommonName>St Marys Church</CommonName>
      <Indicator>adj</Indicator>
      <LocalityName>Walton (Suffk)</LocalityName>
      <LocalityQualifier>Suffolk</LocalityQualifier>
    </AnnotatedStopPointRef>
    <AnnotatedStopPointRef>
      <StopPointRef>390060475</StopPointRef>
      <CommonName>Exeter Road</CommonName>
      <Indicator>adj</Indicator>
      <LocalityName>Walton (Suffk)</LocalityName>
      <LocalityQualifier>Suffolk</LocalityQualifier>
    </AnnotatedStopPointRef>
    <AnnotatedStopPointRef>
      <StopPointRef>390060478</StopPointRef>
      <CommonName>Cornwall Road</CommonName>
      <Indicator>opp</Indicator>
      <LocalityName>Walton (Suffk)</LocalityName>
      <LocalityQualifier>Suffolk</LocalityQualifier>
    </AnnotatedStopPointRef>
    <AnnotatedStopPointRef>
      <StopPointRef>390060826</StopPointRef>
      <CommonName>High School</CommonName>
      <Indicator>opp</Indicator>
      <LocalityName>Felixstowe</LocalityName>
      <LocalityQualifier>Suffolk</LocalityQualifier>
    </AnnotatedStopPointRef>
    <AnnotatedStopPointRef>
      <StopPointRef>390061127</StopPointRef>
      <CommonName>Princes Gardens</CommonName>
      <Indicator>adj</Indicator>
      <LocalityName>Felixstowe</LocalityName>
      <LocalityQualifier>Suffolk</LocalityQualifier>
    </AnnotatedStopPointRef>
    <AnnotatedStopPointRef>
      <StopPointRef>390061129</StopPointRef>
      <CommonName>Leopold Road</CommonName>
      <LocalityName>Felixstowe</LocalityName>
      <LocalityQualifier>Suffolk</LocalityQualifier>
    </AnnotatedStopPointRef>
    <AnnotatedStopPointRef>
      <StopPointRef>390060818</StopPointRef>
      <CommonName>Cinema</CommonName>
      <LocalityName>Felixstowe</LocalityName>
      <LocalityQualifier>Suffolk</LocalityQualifier>
    </AnnotatedStopPointRef>
    <AnnotatedStopPointRef>
      <StopPointRef>390060815</StopPointRef>
      <CommonName>Great Eastern Square</CommonName>
      <LocalityName>Felixstowe</LocalityName>
      <LocalityQualifier>Suffolk</LocalityQualifier>
    </AnnotatedStopPointRef>
  </StopPoints>
  <RouteSections>
    <RouteSection id="RS_14-173-_-y08-2-I-1">
      <RouteLink id="RL_14-173-_-y08-2-I-1-1">
        <From>
          <StopPointRef>390060607</StopPointRef>
        </From>
        <To>
          <StopPointRef>390060615</StopPointRef>
        </To>
        <Direction>inbound</Direction>
      </RouteLink>
      <RouteLink id="RL_14-173-_-y08-2-I-1-2">
        <From>
          <StopPointRef>390060615</StopPointRef>
        </From>
        <To>
          <StopPointRef>390060617</StopPointRef>
        </To>
        <Direction>inbound</Direction>
      </RouteLink>
      <RouteLink id="RL_14-173-_-y08-2-I-1-3">
        <From>
          <StopPointRef>390060617</StopPointRef>
        </From>
        <To>
          <StopPointRef>390060618</StopPointRef>
        </To>
        <Direction>inbound</Direction>
      </RouteLink>
      <RouteLink id="RL_14-173-_-y08-2-I-1-4">
        <From>
          <StopPointRef>390060618</StopPointRef>
        </From>
        <To>
          <StopPointRef>390060624</StopPointRef>
        </To>
        <Direction>inbound</Direction>
      </RouteLink>
      <RouteLink id="RL_14-173-_-y08-2-I-1-5">
        <From>
          <StopPointRef>390060624</StopPointRef>
        </From>
        <To>
          <StopPointRef>390060560</StopPointRef>
        </To>
        <Direction>inbound</Direction>
      </RouteLink>
      <RouteLink id="RL_14-173-_-y08-2-I-1-6">
        <From>
          <StopPointRef>390060560</StopPointRef>
        </From>
        <To>
          <StopPointRef>390060558</StopPointRef>
        </To>
        <Direction>inbound</Direction>
      </RouteLink>
      <RouteLink id="RL_14-173-_-y08-2-I-1-7">
        <From>
          <StopPointRef>390060558</StopPointRef>
        </From>
        <To>
          <StopPointRef>390060555</StopPointRef>
        </To>
        <Direction>inbound</Direction>
      </RouteLink>
      <RouteLink id="RL_14-173-_-y08-2-I-1-8">
        <From>
          <StopPointRef>390060555</StopPointRef>
        </From>
        <To>
          <StopPointRef>390060669</StopPointRef>
        </To>
        <Direction>inbound</Direction>
      </RouteLink>
      <RouteLink id="RL_14-173-_-y08-2-I-1-9">
        <From>
          <StopPointRef>390060669</StopPointRef>
        </From>
        <To>
          <StopPointRef>390061187</StopPointRef>
        </To>
        <Direction>inbound</Direction>
      </RouteLink>
      <RouteLink id="RL_14-173-_-y08-2-I-1-10">
        <From>
          <StopPointRef>390061187</StopPointRef>
        </From>
        <To>
          <StopPointRef>390060384</StopPointRef>
        </To>
        <Direction>inbound</Direction>
      </RouteLink>
      <RouteLink id="RL_14-173-_-y08-2-I-1-11">
        <From>
          <StopPointRef>390060384</StopPointRef>
        </From>
        <To>
          <StopPointRef>390060414</StopPointRef>
        </To>
        <Direction>inbound</Direction>
      </RouteLink>
      <RouteLink id="RL_14-173-_-y08-2-I-1-12">
        <From>
          <StopPointRef>390060414</StopPointRef>
        </From>
        <To>
          <StopPointRef>390060883</StopPointRef>
        </To>
        <Direction>inbound</Direction>
      </RouteLink>
      <RouteLink id="RL_14-173-_-y08-2-I-1-13">
        <From>
          <StopPointRef>390060883</StopPointRef>
        </From>
        <To>
          <StopPointRef>390060407</StopPointRef>
        </To>
        <Direction>inbound</Direction>
      </RouteLink>
      <RouteLink id="RL_14-173-_-y08-2-I-1-14">
        <From>
          <StopPointRef>390060407</StopPointRef>
        </From>
        <To>
          <StopPointRef>390060884</StopPointRef>
        </To>
        <Direction>inbound</Direction>
      </RouteLink>
      <RouteLink id="RL_14-173-_-y08-2-I-1-15">
        <From>
          <StopPointRef>390060884</StopPointRef>
        </From>
        <To>
          <StopPointRef>390060415</StopPointRef>
        </To>
        <Direction>inbound</Direction>
      </RouteLink>
      <RouteLink id="RL_14-173-_-y08-2-I-1-16">
        <From>
          <StopPointRef>390060415</StopPointRef>
        </From>
        <To>
          <StopPointRef>390060886</StopPointRef>
        </To>
        <Direction>inbound</Direction>
      </RouteLink>
      <RouteLink id="RL_14-173-_-y08-2-I-1-17">
        <From>
          <StopPointRef>390060886</StopPointRef>
        </From>
        <To>
          <StopPointRef>390060421</StopPointRef>
        </To>
        <Direction>inbound</Direction>
      </RouteLink>
      <RouteLink id="RL_14-173-_-y08-2-I-1-18">
        <From>
          <StopPointRef>390060421</StopPointRef>
        </From>
        <To>
          <StopPointRef>390060425</StopPointRef>
        </To>
        <Direction>inbound</Direction>
      </RouteLink>
      <RouteLink id="RL_14-173-_-y08-2-I-1-19">
        <From>
          <StopPointRef>390060425</StopPointRef>
        </From>
        <To>
          <StopPointRef>390060424</StopPointRef>
        </To>
        <Direction>inbound</Direction>
      </RouteLink>
      <RouteLink id="RL_14-173-_-y08-2-I-1-20">
        <From>
          <StopPointRef>390060424</StopPointRef>
        </From>
        <To>
          <StopPointRef>390060466</StopPointRef>
        </To>
        <Direction>inbound</Direction>
      </RouteLink>
      <RouteLink id="RL_14-173-_-y08-2-I-1-21">
        <From>
          <StopPointRef>390060466</StopPointRef>
        </From>
        <To>
          <StopPointRef>390061113</StopPointRef>
        </To>
        <Direction>inbound</Direction>
      </RouteLink>
      <RouteLink id="RL_14-173-_-y08-2-I-1-22">
        <From>
          <StopPointRef>390061113</StopPointRef>
        </From>
        <To>
          <StopPointRef>390060890</StopPointRef>
        </To>
        <Direction>inbound</Direction>
      </RouteLink>
      <RouteLink id="RL_14-173-_-y08-2-I-1-23">
        <From>
          <StopPointRef>390060890</StopPointRef>
        </From>
        <To>
          <StopPointRef>390061110</StopPointRef>
        </To>
        <Direction>inbound</Direction>
      </RouteLink>
      <RouteLink id="RL_14-173-_-y08-2-I-1-24">
        <From>
          <StopPointRef>390061110</StopPointRef>
        </From>
        <To>
          <StopPointRef>390060892</StopPointRef>
        </To>
        <Direction>inbound</Direction>
      </RouteLink>
      <RouteLink id="RL_14-173-_-y08-2-I-1-25">
        <From>
          <StopPointRef>390060892</StopPointRef>
        </From>
        <To>
          <StopPointRef>390061108</StopPointRef>
        </To>
        <Direction>inbound</Direction>
      </RouteLink>
      <RouteLink id="RL_14-173-_-y08-2-I-1-26">
        <From>
          <StopPointRef>390061108</StopPointRef>
        </From>
        <To>
          <StopPointRef>390060468</StopPointRef>
        </To>
        <Direction>inbound</Direction>
      </RouteLink>
      <RouteLink id="RL_14-173-_-y08-2-I-1-27">
        <From>
          <StopPointRef>390060468</StopPointRef>
        </From>
        <To>
          <StopPointRef>390060470</StopPointRef>
        </To>
        <Direction>inbound</Direction>
      </RouteLink>
      <RouteLink id="RL_14-173-_-y08-2-I-1-28">
        <From>
          <StopPointRef>390060470</StopPointRef>
        </From>
        <To>
          <StopPointRef>390060472</StopPointRef>
        </To>
        <Direction>inbound</Direction>
      </RouteLink>
      <RouteLink id="RL_14-173-_-y08-2-I-1-29">
        <From>
          <StopPointRef>390060472</StopPointRef>
        </From>
        <To>
          <StopPointRef>390060473</StopPointRef>
        </To>
        <Direction>inbound</Direction>
      </RouteLink>
      <RouteLink id="RL_14-173-_-y08-2-I-1-30">
        <From>
          <StopPointRef>390060473</StopPointRef>
        </From>
        <To>
          <StopPointRef>390060475</StopPointRef>
        </To>
        <Direction>inbound</Direction>
      </RouteLink>
      <RouteLink id="RL_14-173-_-y08-2-I-1-31">
        <From>
          <StopPointRef>390060475</StopPointRef>
        </From>
        <To>
          <StopPointRef>390060478</StopPointRef>
        </To>
        <Direction>inbound</Direction>
      </RouteLink>
      <RouteLink id="RL_14-173-_-y08-2-I-1-32">
        <From>
          <StopPointRef>390060478</StopPointRef>
        </From>
        <To>
          <StopPointRef>390060826</StopPointRef>
        </To>
        <Direction>inbound</Direction>
      </RouteLink>
      <RouteLink id="RL_14-173-_-y08-2-I-1-33">
        <From>
          <StopPointRef>390060826</StopPointRef>
        </From>
        <To>
          <StopPointRef>390061127</StopPointRef>
        </To>
        <Direction>inbound</Direction>
      </RouteLink>
      <RouteLink id="RL_14-173-_-y08-2-I-1-34">
        <From>
          <StopPointRef>390061127</StopPointRef>
        </From>
        <To>
          <StopPointRef>390061129</StopPointRef>
        </To>
        <Direction>inbound</Direction>
      </RouteLink>
      <RouteLink id="RL_14-173-_-y08-2-I-1-35">
        <From>
          <StopPointRef>390061129</StopPointRef>
        </From>
        <To>
          <StopPointRef>390060818</StopPointRef>
        </To>
        <Direction>inbound</Direction>
      </RouteLink>
      <RouteLink id="RL_14-173-_-y08-2-I-1-36">
        <From>
          <StopPointRef>390060818</StopPointRef>
        </From>
        <To>
          <StopPointRef>390060815</StopPointRef>
        </To>
        <Direction>inbound</Direction>
      </RouteLink>
    </RouteSection>
  </RouteSections>
  <Routes>
    <Route id="R_14-173-_-y08-2-I-1">
      <PrivateCode>R_14-173-_-y08-2-I-1</PrivateCode>
      <Description>Turban Centre - Great Eastern Square</Description>
      <RouteSectionRef>RS_14-173-_-y08-2-I-1</RouteSectionRef>
    </Route>
  </Routes>
  <JourneyPatternSections>
    <JourneyPatternSection id="JPS_14-173-_-y08-2-1-1-I">
      <JourneyPatternTimingLink id="JPL_14-173-_-y08-2-1-I-1-2">
        <From SequenceNumber="1">
          <Activity>pickUp</Activity>
          <StopPointRef>390060607</StopPointRef>
          <TimingStatus>PTP</TimingStatus>
        </From>
        <To SequenceNumber="2">
          <Activity>pickUpAndSetDown</Activity>
          <StopPointRef>390060615</StopPointRef>
          <TimingStatus>OTH</TimingStatus>
        </To>
        <RouteLinkRef>RL_14-173-_-y08-2-I-1-1</RouteLinkRef>
        <RunTime>PT36S</RunTime>
      </JourneyPatternTimingLink>
      <JourneyPatternTimingLink id="JPL_14-173-_-y08-2-1-I-1-3">
        <From SequenceNumber="2">
          <Activity>pickUpAndSetDown</Activity>
          <StopPointRef>390060615</StopPointRef>
          <TimingStatus>OTH</TimingStatus>
        </From>
        <To SequenceNumber="3">
          <Activity>pickUpAndSetDown</Activity>
          <StopPointRef>390060617</StopPointRef>
          <TimingStatus>OTH</TimingStatus>
        </To>
        <RouteLinkRef>RL_14-173-_-y08-2-I-1-2</RouteLinkRef>
        <RunTime>PT38S</RunTime>
      </JourneyPatternTimingLink>
      <JourneyPatternTimingLink id="JPL_14-173-_-y08-2-1-I-1-4">
        <From SequenceNumber="3">
          <Activity>pickUpAndSetDown</Activity>
          <StopPointRef>390060617</StopPointRef>
          <TimingStatus>OTH</TimingStatus>
        </From>
        <To SequenceNumber="4">
          <Activity>pickUpAndSetDown</Activity>
          <StopPointRef>390060618</StopPointRef>
          <TimingStatus>OTH</TimingStatus>
        </To>
        <RouteLinkRef>RL_14-173-_-y08-2-I-1-3</RouteLinkRef>
        <RunTime>PT55S</RunTime>
      </JourneyPatternTimingLink>
      <JourneyPatternTimingLink id="JPL_14-173-_-y08-2-1-I-1-5">
        <From SequenceNumber="4">
          <Activity>pickUpAndSetDown</Activity>
          <StopPointRef>390060618</StopPointRef>
          <TimingStatus>OTH</TimingStatus>
        </From>
        <To SequenceNumber="5">
          <Activity>pickUpAndSetDown</Activity>
          <StopPointRef>390060624</StopPointRef>
          <TimingStatus>PTP</TimingStatus>
        </To>
        <RouteLinkRef>RL_14-173-_-y08-2-I-1-4</RouteLinkRef>
        <RunTime>PT51S</RunTime>
      </JourneyPatternTimingLink>
      <JourneyPatternTimingLink id="JPL_14-173-_-y08-2-1-I-1-6">
        <From SequenceNumber="5">
          <Activity>pickUpAndSetDown</Activity>
          <StopPointRef>390060624</StopPointRef>
          <TimingStatus>PTP</TimingStatus>
        </From>
        <To SequenceNumber="6">
          <Activity>pickUpAndSetDown</Activity>
          <StopPointRef>390060560</StopPointRef>
          <TimingStatus>OTH</TimingStatus>
        </To>
        <RouteLinkRef>RL_14-173-_-y08-2-I-1-5</RouteLinkRef>
        <RunTime>PT3M22S</RunTime>
      </JourneyPatternTimingLink>
      <JourneyPatternTimingLink id="JPL_14-173-_-y08-2-1-I-1-7">
        <From SequenceNumber="6">
          <Activity>pickUpAndSetDown</Activity>
          <StopPointRef>390060560</StopPointRef>
          <TimingStatus>OTH</TimingStatus>
        </From>
        <To SequenceNumber="7">
          <Activity>pickUpAndSetDown</Activity>
          <StopPointRef>390060558</StopPointRef>
          <TimingStatus>PTP</TimingStatus>
        </To>
        <RouteLinkRef>RL_14-173-_-y08-2-I-1-6</RouteLinkRef>
        <RunTime>PT1M38S</RunTime>
      </JourneyPatternTimingLink>
      <JourneyPatternTimingLink id="JPL_14-173-_-y08-2-1-I-1-8">
        <From SequenceNumber="7">
          <Activity>pickUpAndSetDown</Activity>
          <StopPointRef>390060558</StopPointRef>
          <TimingStatus>PTP</TimingStatus>
        </From>
        <To SequenceNumber="8">
          <Activity>pickUpAndSetDown</Activity>
          <StopPointRef>390060555</StopPointRef>
          <TimingStatus>OTH</TimingStatus>
        </To>
        <RouteLinkRef>RL_14-173-_-y08-2-I-1-7</RouteLinkRef>
        <RunTime>PT1M7S</RunTime>
      </JourneyPatternTimingLink>
      <JourneyPatternTimingLink id="JPL_14-173-_-y08-2-1-I-1-9">
        <From SequenceNumber="8">
          <Activity>pickUpAndSetDown</Activity>
          <StopPointRef>390060555</StopPointRef>
          <TimingStatus>OTH</TimingStatus>
        </From>
        <To SequenceNumber="9">
          <Activity>pickUpAndSetDown</Activity>
          <StopPointRef>390060669</StopPointRef>
          <TimingStatus>PTP</TimingStatus>
        </To>
        <RouteLinkRef>RL_14-173-_-y08-2-I-1-8</RouteLinkRef>
        <RunTime>PT1M53S</RunTime>
      </JourneyPatternTimingLink>
      <JourneyPatternTimingLink id="JPL_14-173-_-y08-2-1-I-1-10">
        <From SequenceNumber="9">
          <Activity>pickUpAndSetDown</Activity>
          <StopPointRef>390060669</StopPointRef>
          <TimingStatus>PTP</TimingStatus>
        </From>
        <To SequenceNumber="10">
          <Activity>pickUpAndSetDown</Activity>
          <StopPointRef>390061187</StopPointRef>
          <TimingStatus>OTH</TimingStatus>
        </To>
        <RouteLinkRef>RL_14-173-_-y08-2-I-1-9</RouteLinkRef>
        <RunTime>PT18S</RunTime>
      </JourneyPatternTimingLink>
      <JourneyPatternTimingLink id="JPL_14-173-_-y08-2-1-I-1-11">
        <From SequenceNumber="10">
          <Activity>pickUpAndSetDown</Activity>
          <StopPointRef>390061187</StopPointRef>
          <TimingStatus>OTH</TimingStatus>
        </From>
        <To SequenceNumber="11">
          <Activity>pickUpAndSetDown</Activity>
          <StopPointRef>390060384</StopPointRef>
          <TimingStatus>OTH</TimingStatus>
        </To>
        <RouteLinkRef>RL_14-173-_-y08-2-I-1-10</RouteLinkRef>
        <RunTime>PT25S</RunTime>
      </JourneyPatternTimingLink>
      <JourneyPatternTimingLink id="JPL_14-173-_-y08-2-1-I-1-12">
        <From SequenceNumber="11">
          <Activity>pickUpAndSetDown</Activity>
          <StopPointRef>390060384</StopPointRef>
          <TimingStatus>OTH</TimingStatus>
        </From>
        <To SequenceNumber="12">
          <Activity>pickUpAndSetDown</Activity>
          <StopPointRef>390060414</StopPointRef>
          <TimingStatus>PTP</TimingStatus>
        </To>
        <RouteLinkRef>RL_14-173-_-y08-2-I-1-11</RouteLinkRef>
        <RunTime>PT3M17S</RunTime>
      </JourneyPatternTimingLink>
      <JourneyPatternTimingLink id="JPL_14-173-_-y08-2-1-I-1-13">
        <From SequenceNumber="12">
          <Activity>pickUpAndSetDown</Activity>
          <StopPointRef>390060414</StopPointRef>
          <TimingStatus>PTP</TimingStatus>
        </From>
        <To SequenceNumber="13">
          <Activity>pickUpAndSetDown</Activity>
          <StopPointRef>390060883</StopPointRef>
          <TimingStatus>PTP</TimingStatus>
        </To>
        <RouteLinkRef>RL_14-173-_-y08-2-I-1-12</RouteLinkRef>
        <RunTime>PT2M</RunTime>
      </JourneyPatternTimingLink>
      <JourneyPatternTimingLink id="JPL_14-173-_-y08-2-1-I-1-14">
        <From SequenceNumber="13">
          <Activity>pickUpAndSetDown</Activity>
          <StopPointRef>390060883</StopPointRef>
          <TimingStatus>PTP</TimingStatus>
        </From>
        <To SequenceNumber="14">
          <Activity>pickUpAndSetDown</Activity>
          <StopPointRef>390060407</StopPointRef>
          <TimingStatus>OTH</TimingStatus>
        </To>
        <RouteLinkRef>RL_14-173-_-y08-2-I-1-13</RouteLinkRef>
        <RunTime>PT2M5S</RunTime>
      </JourneyPatternTimingLink>
      <JourneyPatternTimingLink id="JPL_14-173-_-y08-2-1-I-1-15">
        <From SequenceNumber="14">
          <Activity>pickUpAndSetDown</Activity>
          <StopPointRef>390060407</StopPointRef>
          <TimingStatus>OTH</TimingStatus>
        </From>
        <To SequenceNumber="15">
          <Activity>pickUpAndSetDown</Activity>
          <StopPointRef>390060884</StopPointRef>
          <TimingStatus>OTH</TimingStatus>
        </To>
        <RouteLinkRef>RL_14-173-_-y08-2-I-1-14</RouteLinkRef>
        <RunTime>PT2M27S</RunTime>
      </JourneyPatternTimingLink>
      <JourneyPatternTimingLink id="JPL_14-173-_-y08-2-1-I-1-16">
        <From SequenceNumber="15">
          <Activity>pickUpAndSetDown</Activity>
          <StopPointRef>390060884</StopPointRef>
          <TimingStatus>OTH</TimingStatus>
        </From>
        <To SequenceNumber="16">
          <Activity>pickUpAndSetDown</Activity>
          <StopPointRef>390060415</StopPointRef>
          <TimingStatus>PTP</TimingStatus>
        </To>
        <RouteLinkRef>RL_14-173-_-y08-2-I-1-15</RouteLinkRef>
        <RunTime>PT28S</RunTime>
      </JourneyPatternTimingLink>
      <JourneyPatternTimingLink id="JPL_14-173-_-y08-2-1-I-1-17">
        <From SequenceNumber="16">
          <Activity>pickUpAndSetDown</Activity>
          <StopPointRef>390060415</StopPointRef>
          <TimingStatus>PTP</TimingStatus>
        </From>
        <To SequenceNumber="17">
          <Activity>pickUpAndSetDown</Activity>
          <StopPointRef>390060886</StopPointRef>
          <TimingStatus>OTH</TimingStatus>
        </To>
        <RouteLinkRef>RL_14-173-_-y08-2-I-1-16</RouteLinkRef>
        <RunTime>PT1M55S</RunTime>
      </JourneyPatternTimingLink>
      <JourneyPatternTimingLink id="JPL_14-173-_-y08-2-1-I-1-18">
        <From SequenceNumber="17">
          <Activity>pickUpAndSetDown</Activity>
          <StopPointRef>390060886</StopPointRef>
          <TimingStatus>OTH</TimingStatus>
        </From>
        <To SequenceNumber="18">
          <Activity>pickUpAndSetDown</Activity>
          <StopPointRef>390060421</StopPointRef>
          <TimingStatus>PTP</TimingStatus>
        </To>
        <RouteLinkRef>RL_14-173-_-y08-2-I-1-17</RouteLinkRef>
        <RunTime>PT2M5S</RunTime>
      </JourneyPatternTimingLink>
      <JourneyPatternTimingLink id="JPL_14-173-_-y08-2-1-I-1-19">
        <From SequenceNumber="18">
          <Activity>pickUpAndSetDown</Activity>
          <StopPointRef>390060421</StopPointRef>
          <TimingStatus>PTP</TimingStatus>
        </From>
        <To SequenceNumber="19">
          <Activity>pickUpAndSetDown</Activity>
          <StopPointRef>390060425</StopPointRef>
          <TimingStatus>OTH</TimingStatus>
        </To>
        <RouteLinkRef>RL_14-173-_-y08-2-I-1-18</RouteLinkRef>
        <RunTime>PT24S</RunTime>
      </JourneyPatternTimingLink>
      <JourneyPatternTimingLink id="JPL_14-173-_-y08-2-1-I-1-20">
        <From SequenceNumber="19">
          <Activity>pickUpAndSetDown</Activity>
          <StopPointRef>390060425</StopPointRef>
          <TimingStatus>OTH</TimingStatus>
        </From>
        <To SequenceNumber="20">
          <Activity>pickUpAndSetDown</Activity>
          <StopPointRef>390060424</StopPointRef>
          <TimingStatus>OTH</TimingStatus>
        </To>
        <RouteLinkRef>RL_14-173-_-y08-2-I-1-19</RouteLinkRef>
        <RunTime>PT35S</RunTime>
      </JourneyPatternTimingLink>
      <JourneyPatternTimingLink id="JPL_14-173-_-y08-2-1-I-1-21">
        <From SequenceNumber="20">
          <Activity>pickUpAndSetDown</Activity>
          <StopPointRef>390060424</StopPointRef>
          <TimingStatus>OTH</TimingStatus>
        </From>
        <To SequenceNumber="21">
          <Activity>pickUpAndSetDown</Activity>
          <StopPointRef>390060466</StopPointRef>
          <TimingStatus>OTH</TimingStatus>
        </To>
        <RouteLinkRef>RL_14-173-_-y08-2-I-1-20</RouteLinkRef>
        <RunTime>PT48S</RunTime>
      </JourneyPatternTimingLink>
      <JourneyPatternTimingLink id="JPL_14-173-_-y08-2-1-I-1-22">
        <From SequenceNumber="21">
          <Activity>pickUpAndSetDown</Activity>
          <StopPointRef>390060466</StopPointRef>
          <TimingStatus>OTH</TimingStatus>
        </From>
        <To SequenceNumber="22">
          <Activity>pickUpAndSetDown</Activity>
          <StopPointRef>390061113</StopPointRef>
          <TimingStatus>OTH</TimingStatus>
        </To>
        <RouteLinkRef>RL_14-173-_-y08-2-I-1-21</RouteLinkRef>
        <RunTime>PT19S</RunTime>
      </JourneyPatternTimingLink>
      <JourneyPatternTimingLink id="JPL_14-173-_-y08-2-1-I-1-23">
        <From SequenceNumber="22">
          <Activity>pickUpAndSetDown</Activity>
          <StopPointRef>390061113</StopPointRef>
          <TimingStatus>OTH</TimingStatus>
        </From>
        <To SequenceNumber="23">
          <Activity>pickUpAndSetDown</Activity>
          <StopPointRef>390060890</StopPointRef>
          <TimingStatus>OTH</TimingStatus>
        </To>
        <RouteLinkRef>RL_14-173-_-y08-2-I-1-22</RouteLinkRef>
        <RunTime>PT48S</RunTime>
      </JourneyPatternTimingLink>
      <JourneyPatternTimingLink id="JPL_14-173-_-y08-2-1-I-1-24">
        <From SequenceNumber="23">
          <Activity>pickUpAndSetDown</Activity>
          <StopPointRef>390060890</StopPointRef>
          <TimingStatus>OTH</TimingStatus>
        </From>
        <To SequenceNumber="24">
          <Activity>pickUpAndSetDown</Activity>
          <StopPointRef>390061110</StopPointRef>
          <TimingStatus>OTH</TimingStatus>
        </To>
        <RouteLinkRef>RL_14-173-_-y08-2-I-1-23</RouteLinkRef>
        <RunTime>PT32S</RunTime>
      </JourneyPatternTimingLink>
      <JourneyPatternTimingLink id="JPL_14-173-_-y08-2-1-I-1-25">
        <From SequenceNumber="24">
          <Activity>pickUpAndSetDown</Activity>
          <StopPointRef>390061110</StopPointRef>
          <TimingStatus>OTH</TimingStatus>
        </From>
        <To SequenceNumber="25">
          <Activity>pickUpAndSetDown</Activity>
          <StopPointRef>390060892</StopPointRef>
          <TimingStatus>PTP</TimingStatus>
        </To>
        <RouteLinkRef>RL_14-173-_-y08-2-I-1-24</RouteLinkRef>
        <RunTime>PT34S</RunTime>
      </JourneyPatternTimingLink>
      <JourneyPatternTimingLink id="JPL_14-173-_-y08-2-1-I-1-26">
        <From SequenceNumber="25">
          <Activity>pickUpAndSetDown</Activity>
          <StopPointRef>390060892</StopPointRef>
          <TimingStatus>PTP</TimingStatus>
        </From>
        <To SequenceNumber="26">
          <Activity>pickUpAndSetDown</Activity>
          <StopPointRef>390061108</StopPointRef>
          <TimingStatus>OTH</TimingStatus>
        </To>
        <RouteLinkRef>RL_14-173-_-y08-2-I-1-25</RouteLinkRef>
        <RunTime>PT34S</RunTime>
      </JourneyPatternTimingLink>
      <JourneyPatternTimingLink id="JPL_14-173-_-y08-2-1-I-1-27">
        <From SequenceNumber="26">
          <Activity>pickUpAndSetDown</Activity>
          <StopPointRef>390061108</StopPointRef>
          <TimingStatus>OTH</TimingStatus>
        </From>
        <To SequenceNumber="27">
          <Activity>pickUpAndSetDown</Activity>
          <StopPointRef>390060468</StopPointRef>
          <TimingStatus>OTH</TimingStatus>
        </To>
        <RouteLinkRef>RL_14-173-_-y08-2-I-1-26</RouteLinkRef>
        <RunTime>PT13S</RunTime>
      </JourneyPatternTimingLink>
      <JourneyPatternTimingLink id="JPL_14-173-_-y08-2-1-I-1-28">
        <From SequenceNumber="27">
          <Activity>pickUpAndSetDown</Activity>
          <StopPointRef>390060468</StopPointRef>
          <TimingStatus>OTH</TimingStatus>
        </From>
        <To SequenceNumber="28">
          <Activity>pickUpAndSetDown</Activity>
          <StopPointRef>390060470</StopPointRef>
          <TimingStatus>OTH</TimingStatus>
        </To>
        <RouteLinkRef>RL_14-173-_-y08-2-I-1-27</RouteLinkRef>
        <RunTime>PT46S</RunTime>
      </JourneyPatternTimingLink>
      <JourneyPatternTimingLink id="JPL_14-173-_-y08-2-1-I-1-29">
        <From SequenceNumber="28">
          <Activity>pickUpAndSetDown</Activity>
          <StopPointRef>390060470</StopPointRef>
          <TimingStatus>OTH</TimingStatus>
        </From>
        <To SequenceNumber="29">
          <Activity>pickUpAndSetDown</Activity>
          <StopPointRef>390060472</StopPointRef>
          <TimingStatus>PTP</TimingStatus>
        </To>
        <RouteLinkRef>RL_14-173-_-y08-2-I-1-28</RouteLinkRef>
        <RunTime>PT1M27S</RunTime>
      </JourneyPatternTimingLink>
      <JourneyPatternTimingLink id="JPL_14-173-_-y08-2-1-I-1-30">
        <From SequenceNumber="29">
          <Activity>pickUpAndSetDown</Activity>
          <StopPointRef>390060472</StopPointRef>
          <TimingStatus>PTP</TimingStatus>
        </From>
        <To SequenceNumber="30">
          <Activity>pickUpAndSetDown</Activity>
          <StopPointRef>390060473</StopPointRef>
          <TimingStatus>OTH</TimingStatus>
        </To>
        <RouteLinkRef>RL_14-173-_-y08-2-I-1-29</RouteLinkRef>
        <RunTime>PT1M</RunTime>
      </JourneyPatternTimingLink>
      <JourneyPatternTimingLink id="JPL_14-173-_-y08-2-1-I-1-31">
        <From SequenceNumber="30">
          <Activity>pickUpAndSetDown</Activity>
          <StopPointRef>390060473</StopPointRef>
          <TimingStatus>OTH</TimingStatus>
        </From>
        <To SequenceNumber="31">
          <Activity>pickUpAndSetDown</Activity>
          <StopPointRef>390060475</StopPointRef>
          <TimingStatus>OTH</TimingStatus>
        </To>
        <RouteLinkRef>RL_14-173-_-y08-2-I-1-30</RouteLinkRef>
        <RunTime>PT47S</RunTime>
      </JourneyPatternTimingLink>
      <JourneyPatternTimingLink id="JPL_14-173-_-y08-2-1-I-1-32">
        <From SequenceNumber="31">
          <Activity>pickUpAndSetDown</Activity>
          <StopPointRef>390060475</StopPointRef>
          <TimingStatus>OTH</TimingStatus>
        </From>
        <To SequenceNumber="32">
          <Activity>pickUpAndSetDown</Activity>
          <StopPointRef>390060478</StopPointRef>
          <TimingStatus>OTH</TimingStatus>
        </To>
        <RouteLinkRef>RL_14-173-_-y08-2-I-1-31</RouteLinkRef>
        <RunTime>PT26S</RunTime>
      </JourneyPatternTimingLink>
      <JourneyPatternTimingLink id="JPL_14-173-_-y08-2-1-I-1-33">
        <From SequenceNumber="32">
          <Activity>pickUpAndSetDown</Activity>
          <StopPointRef>390060478</StopPointRef>
          <TimingStatus>OTH</TimingStatus>
        </From>
        <To SequenceNumber="33">
          <Activity>pickUpAndSetDown</Activity>
          <StopPointRef>390060826</StopPointRef>
          <TimingStatus>OTH</TimingStatus>
        </To>
        <RouteLinkRef>RL_14-173-_-y08-2-I-1-32</RouteLinkRef>
        <RunTime>PT1M17S</RunTime>
      </JourneyPatternTimingLink>
      <JourneyPatternTimingLink id="JPL_14-173-_-y08-2-1-I-1-34">
        <From SequenceNumber="33">
          <Activity>pickUpAndSetDown</Activity>
          <StopPointRef>390060826</StopPointRef>
          <TimingStatus>OTH</TimingStatus>
        </From>
        <To SequenceNumber="34">
          <Activity>pickUpAndSetDown</Activity>
          <StopPointRef>390061127</StopPointRef>
          <TimingStatus>OTH</TimingStatus>
        </To>
        <RouteLinkRef>RL_14-173-_-y08-2-I-1-33</RouteLinkRef>
        <RunTime>PT26S</RunTime>
      </JourneyPatternTimingLink>
      <JourneyPatternTimingLink id="JPL_14-173-_-y08-2-1-I-1-35">
        <From SequenceNumber="34">
          <Activity>pickUpAndSetDown</Activity>
          <StopPointRef>390061127</StopPointRef>
          <TimingStatus>OTH</TimingStatus>
        </From>
        <To SequenceNumber="35">
          <Activity>pickUpAndSetDown</Activity>
          <StopPointRef>390061129</StopPointRef>
          <TimingStatus>OTH</TimingStatus>
        </To>
        <RouteLinkRef>RL_14-173-_-y08-2-I-1-34</RouteLinkRef>
        <RunTime>PT51S</RunTime>
      </JourneyPatternTimingLink>
      <JourneyPatternTimingLink id="JPL_14-173-_-y08-2-1-I-1-36">
        <From SequenceNumber="35">
          <Activity>pickUpAndSetDown</Activity>
          <StopPointRef>390061129</StopPointRef>
          <TimingStatus>OTH</TimingStatus>
        </From>
        <To SequenceNumber="36">
          <Activity>pickUpAndSetDown</Activity>
          <StopPointRef>390060818</StopPointRef>
          <TimingStatus>OTH</TimingStatus>
        </To>
        <RouteLinkRef>RL_14-173-_-y08-2-I-1-35</RouteLinkRef>
        <RunTime>PT19S</RunTime>
      </JourneyPatternTimingLink>
      <JourneyPatternTimingLink id="JPL_14-173-_-y08-2-1-I-1-37">
        <From SequenceNumber="36">
          <Activity>pickUpAndSetDown</Activity>
          <StopPointRef>390060818</StopPointRef>
          <TimingStatus>OTH</TimingStatus>
        </From>
        <To SequenceNumber="37">
          <Activity>setDown</Activity>
          <StopPointRef>390060815</StopPointRef>
          <TimingStatus>PTP</TimingStatus>
        </To>
        <RouteLinkRef>RL_14-173-_-y08-2-I-1-36</RouteLinkRef>
        <RunTime>PT54S</RunTime>
      </JourneyPatternTimingLink>
    </JourneyPatternSection>
  </JourneyPatternSections>
  <Operators>
    <Operator id="OId_716TS">
      <NationalOperatorCode>SCCT</NationalOperatorCode>
      <OperatorCode>716TS</OperatorCode>
      <OperatorShortName>Suffolk Norse</OperatorShortName>
      <OperatorNameOnLicence>Suffolk Norse</OperatorNameOnLicence>
      <TradingName>Suffolk Norse</TradingName>
    </Operator>
  </Operators>
  <Services>
    <Service>
      <ServiceCode>14-173-_-y08-2</ServiceCode>
      <PrivateCode>14-173-_-y08-2</PrivateCode>
      <Lines>
        <Line id="14-173-_-y08-2">
          <LineName>173</LineName>
        </Line>
      </Lines>
      <OperatingPeriod>
        <StartDate>2019-11-05</StartDate>
        <EndDate>2020-05-08</EndDate>
      </OperatingPeriod>
      <OperatingProfile>
        <RegularDayType>
          <DaysOfWeek>
            <MondayToSaturday />
          </DaysOfWeek>
        </RegularDayType>
      </OperatingProfile>
      <VehicleType>
        <VehicleEquipment>
          <AccessVehicleEquipment>
            <LowFloor>true</LowFloor>
            <Ramp>true</Ramp>
          </AccessVehicleEquipment>
          <WheelchairVehicleEquipment>
            <SuitableFor>wheelchair</SuitableFor>
          </WheelchairVehicleEquipment>
        </VehicleEquipment>
        <WheelchairAccessible>true</WheelchairAccessible>
      </VehicleType>
      <RegisteredOperatorRef>OId_716TS</RegisteredOperatorRef>
      <StopRequirements>
        <NoNewStopsRequired />
      </StopRequirements>
      <Mode>bus</Mode>
      <Description>Woodbridge - Kirton - Trimley - Felixstowe</Description>
      <StandardService>
        <Origin>Turban Centre</Origin>
        <Destination>Great Eastern Square</Destination>
        <JourneyPattern id="JP_14-173-_-y08-2-1-I-1">
          <Direction>inbound</Direction>
          <RouteRef>R_14-173-_-y08-2-I-1</RouteRef>
          <JourneyPatternSectionRefs>JPS_14-173-_-y08-2-1-1-I</JourneyPatternSectionRefs>
        </JourneyPattern>
      </StandardService>
    </Service>
  </Services>
  <VehicleJourneys>
    <VehicleJourney>
      <PrivateCode>suf-14-173-_-y08-2-2-T0</PrivateCode>
      <OperatingProfile>
        <RegularDayType>
          <DaysOfWeek>
            <MondayToFriday />
          </DaysOfWeek>
        </RegularDayType>
        <SpecialDaysOperation>
          <DaysOfNonOperation>
            <DateRange>
              <StartDate>2019-12-24</StartDate>
              <EndDate>2019-12-24</EndDate>
            </DateRange>
            <DateRange>
              <StartDate>2019-12-27</StartDate>
              <EndDate>2019-12-27</EndDate>
            </DateRange>
            <DateRange>
              <StartDate>2019-12-30</StartDate>
              <EndDate>2019-12-31</EndDate>
            </DateRange>
          </DaysOfNonOperation>
        </SpecialDaysOperation>
        <BankHolidayOperation>
          <DaysOfNonOperation>
            <ChristmasDay />
            <BoxingDay />
            <GoodFriday />
            <NewYearsDay />
            <MayDay />
            <EasterMonday />
          </DaysOfNonOperation>
        </BankHolidayOperation>
      </OperatingProfile>
      <VehicleJourneyCode>VJ_14-173-_-y08-2-2-T0</VehicleJourneyCode>
      <ServiceRef>14-173-_-y08-2</ServiceRef>
      <LineRef>14-173-_-y08-2</LineRef>
      <JourneyPatternRef>JP_14-173-_-y08-2-1-I-1</JourneyPatternRef>
      <Note>
        <NoteCode>1</NoteCode>
        <NoteText>Sponsored by Suffolk County Council</NoteText>
      </Note>
      <DepartureTime>17:10:00</DepartureTime>
    </VehicleJourney>
    <VehicleJourney>
      <PrivateCode>suf-14-173-_-y08-2-2-UQ</PrivateCode>
      <OperatingProfile>
        <RegularDayType>
          <DaysOfWeek>
            <Saturday />
          </DaysOfWeek>
        </RegularDayType>
        <SpecialDaysOperation>
          <DaysOfNonOperation>
            <DateRange>
              <StartDate>2019-11-09</StartDate>
              <EndDate>2019-11-09</EndDate>
            </DateRange>
            <DateRange>
              <StartDate>2019-11-16</StartDate>
              <EndDate>2019-11-16</EndDate>
            </DateRange>
            <DateRange>
              <StartDate>2019-11-23</StartDate>
              <EndDate>2019-11-23</EndDate>
            </DateRange>
            <DateRange>
              <StartDate>2019-11-30</StartDate>
              <EndDate>2019-11-30</EndDate>
            </DateRange>
            <DateRange>
              <StartDate>2019-12-07</StartDate>
              <EndDate>2019-12-07</EndDate>
            </DateRange>
            <DateRange>
              <StartDate>2019-12-14</StartDate>
              <EndDate>2019-12-14</EndDate>
            </DateRange>
            <DateRange>
              <StartDate>2019-12-21</StartDate>
              <EndDate>2019-12-21</EndDate>
            </DateRange>
            <DateRange>
              <StartDate>2020-01-04</StartDate>
              <EndDate>2020-01-04</EndDate>
            </DateRange>
            <DateRange>
              <StartDate>2020-01-11</StartDate>
              <EndDate>2020-01-11</EndDate>
            </DateRange>
            <DateRange>
              <StartDate>2020-01-18</StartDate>
              <EndDate>2020-01-18</EndDate>
            </DateRange>
            <DateRange>
              <StartDate>2020-01-25</StartDate>
              <EndDate>2020-01-25</EndDate>
            </DateRange>
            <DateRange>
              <StartDate>2020-02-01</StartDate>
              <EndDate>2020-02-01</EndDate>
            </DateRange>
            <DateRange>
              <StartDate>2020-02-08</StartDate>
              <EndDate>2020-02-08</EndDate>
            </DateRange>
            <DateRange>
              <StartDate>2020-02-15</StartDate>
              <EndDate>2020-02-15</EndDate>
            </DateRange>
            <DateRange>
              <StartDate>2020-02-22</StartDate>
              <EndDate>2020-02-22</EndDate>
            </DateRange>
            <DateRange>
              <StartDate>2020-02-29</StartDate>
              <EndDate>2020-02-29</EndDate>
            </DateRange>
            <DateRange>
              <StartDate>2020-03-07</StartDate>
              <EndDate>2020-03-07</EndDate>
            </DateRange>
            <DateRange>
              <StartDate>2020-03-14</StartDate>
              <EndDate>2020-03-14</EndDate>
            </DateRange>
            <DateRange>
              <StartDate>2020-03-21</StartDate>
              <EndDate>2020-03-21</EndDate>
            </DateRange>
            <DateRange>
              <StartDate>2020-03-28</StartDate>
              <EndDate>2020-03-28</EndDate>
            </DateRange>
            <DateRange>
              <StartDate>2020-04-04</StartDate>
              <EndDate>2020-04-04</EndDate>
            </DateRange>
            <DateRange>
              <StartDate>2020-04-11</StartDate>
              <EndDate>2020-04-11</EndDate>
            </DateRange>
            <DateRange>
              <StartDate>2020-04-18</StartDate>
              <EndDate>2020-04-18</EndDate>
            </DateRange>
            <DateRange>
              <StartDate>2020-04-25</StartDate>
              <EndDate>2020-04-25</EndDate>
            </DateRange>
            <DateRange>
              <StartDate>2020-05-02</StartDate>
              <EndDate>2020-05-02</EndDate>
            </DateRange>
          </DaysOfNonOperation>
        </SpecialDaysOperation>
        <BankHolidayOperation>
          <DaysOfNonOperation>
            <ChristmasDay />
            <BoxingDay />
            <GoodFriday />
            <NewYearsDay />
            <MayDay />
            <EasterMonday />
          </DaysOfNonOperation>
        </BankHolidayOperation>
      </OperatingProfile>
      <VehicleJourneyCode>VJ_14-173-_-y08-2-2-UQ</VehicleJourneyCode>
      <ServiceRef>14-173-_-y08-2</ServiceRef>
      <LineRef>14-173-_-y08-2</LineRef>
      <JourneyPatternRef>JP_14-173-_-y08-2-1-I-1</JourneyPatternRef>
      <Note>
        <NoteCode>1</NoteCode>
        <NoteText>Sponsored by Suffolk County Council</NoteText>
      </Note>
      <DepartureTime>17:10:00</DepartureTime>
    </VehicleJourney>
    <VehicleJourney>
      <PrivateCode>suf-14-173-_-y08-2-2-UM</PrivateCode>
      <OperatingProfile>
        <RegularDayType>
          <DaysOfWeek>
            <Tuesday />
          </DaysOfWeek>
        </RegularDayType>
        <SpecialDaysOperation>
          <DaysOfNonOperation>
            <DateRange>
              <StartDate>2019-11-05</StartDate>
              <EndDate>2019-11-05</EndDate>
            </DateRange>
            <DateRange>
              <StartDate>2019-11-12</StartDate>
              <EndDate>2019-11-12</EndDate>
            </DateRange>
            <DateRange>
              <StartDate>2019-11-19</StartDate>
              <EndDate>2019-11-19</EndDate>
            </DateRange>
            <DateRange>
              <StartDate>2019-11-26</StartDate>
              <EndDate>2019-11-26</EndDate>
            </DateRange>
            <DateRange>
              <StartDate>2019-12-03</StartDate>
              <EndDate>2019-12-03</EndDate>
            </DateRange>
            <DateRange>
              <StartDate>2019-12-10</StartDate>
              <EndDate>2019-12-10</EndDate>
            </DateRange>
            <DateRange>
              <StartDate>2019-12-17</StartDate>
              <EndDate>2019-12-17</EndDate>
            </DateRange>
            <DateRange>
              <StartDate>2019-12-31</StartDate>
              <EndDate>2019-12-31</EndDate>
            </DateRange>
            <DateRange>
              <StartDate>2020-01-07</StartDate>
              <EndDate>2020-01-07</EndDate>
            </DateRange>
            <DateRange>
              <StartDate>2020-01-14</StartDate>
              <EndDate>2020-01-14</EndDate>
            </DateRange>
            <DateRange>
              <StartDate>2020-01-21</StartDate>
              <EndDate>2020-01-21</EndDate>
            </DateRange>
            <DateRange>
              <StartDate>2020-01-28</StartDate>
              <EndDate>2020-01-28</EndDate>
            </DateRange>
            <DateRange>
              <StartDate>2020-02-04</StartDate>
              <EndDate>2020-02-04</EndDate>
            </DateRange>
            <DateRange>
              <StartDate>2020-02-11</StartDate>
              <EndDate>2020-02-11</EndDate>
            </DateRange>
            <DateRange>
              <StartDate>2020-02-18</StartDate>
              <EndDate>2020-02-18</EndDate>
            </DateRange>
            <DateRange>
              <StartDate>2020-02-25</StartDate>
              <EndDate>2020-02-25</EndDate>
            </DateRange>
            <DateRange>
              <StartDate>2020-03-03</StartDate>
              <EndDate>2020-03-03</EndDate>
            </DateRange>
            <DateRange>
              <StartDate>2020-03-10</StartDate>
              <EndDate>2020-03-10</EndDate>
            </DateRange>
            <DateRange>
              <StartDate>2020-03-17</StartDate>
              <EndDate>2020-03-17</EndDate>
            </DateRange>
            <DateRange>
              <StartDate>2020-03-24</StartDate>
              <EndDate>2020-03-24</EndDate>
            </DateRange>
            <DateRange>
              <StartDate>2020-03-31</StartDate>
              <EndDate>2020-03-31</EndDate>
            </DateRange>
            <DateRange>
              <StartDate>2020-04-07</StartDate>
              <EndDate>2020-04-07</EndDate>
            </DateRange>
            <DateRange>
              <StartDate>2020-04-14</StartDate>
              <EndDate>2020-04-14</EndDate>
            </DateRange>
            <DateRange>
              <StartDate>2020-04-21</StartDate>
              <EndDate>2020-04-21</EndDate>
            </DateRange>
            <DateRange>
              <StartDate>2020-04-28</StartDate>
              <EndDate>2020-04-28</EndDate>
            </DateRange>
            <DateRange>
              <StartDate>2020-05-05</StartDate>
              <EndDate>2020-05-05</EndDate>
            </DateRange>
          </DaysOfNonOperation>
        </SpecialDaysOperation>
        <BankHolidayOperation>
          <DaysOfNonOperation>
            <ChristmasDay />
            <BoxingDay />
            <GoodFriday />
            <NewYearsDay />
            <MayDay />
            <EasterMonday />
          </DaysOfNonOperation>
        </BankHolidayOperation>
      </OperatingProfile>
      <VehicleJourneyCode>VJ_14-173-_-y08-2-2-UM</VehicleJourneyCode>
      <ServiceRef>14-173-_-y08-2</ServiceRef>
      <LineRef>14-173-_-y08-2</LineRef>
      <JourneyPatternRef>JP_14-173-_-y08-2-1-I-1</JourneyPatternRef>
      <Note>
        <NoteCode>1</NoteCode>
        <NoteText>Sponsored by Suffolk County Council</NoteText>
      </Note>
      <DepartureTime>17:10:00</DepartureTime>
    </VehicleJourney>
    <VehicleJourney>
      <PrivateCode>suf-14-173-_-y08-2-2-UP</PrivateCode>
      <OperatingProfile>
        <RegularDayType>
          <DaysOfWeek>
            <Friday />
          </DaysOfWeek>
        </RegularDayType>
        <SpecialDaysOperation>
          <DaysOfNonOperation>
            <DateRange>
              <StartDate>2019-11-08</StartDate>
              <EndDate>2019-11-08</EndDate>
            </DateRange>
            <DateRange>
              <StartDate>2019-11-15</StartDate>
              <EndDate>2019-11-15</EndDate>
            </DateRange>
            <DateRange>
              <StartDate>2019-11-22</StartDate>
              <EndDate>2019-11-22</EndDate>
            </DateRange>
            <DateRange>
              <StartDate>2019-11-29</StartDate>
              <EndDate>2019-11-29</EndDate>
            </DateRange>
            <DateRange>
              <StartDate>2019-12-06</StartDate>
              <EndDate>2019-12-06</EndDate>
            </DateRange>
            <DateRange>
              <StartDate>2019-12-13</StartDate>
              <EndDate>2019-12-13</EndDate>
            </DateRange>
            <DateRange>
              <StartDate>2019-12-20</StartDate>
              <EndDate>2019-12-20</EndDate>
            </DateRange>
            <DateRange>
              <StartDate>2020-01-03</StartDate>
              <EndDate>2020-01-03</EndDate>
            </DateRange>
            <DateRange>
              <StartDate>2020-01-10</StartDate>
              <EndDate>2020-01-10</EndDate>
            </DateRange>
            <DateRange>
              <StartDate>2020-01-17</StartDate>
              <EndDate>2020-01-17</EndDate>
            </DateRange>
            <DateRange>
              <StartDate>2020-01-24</StartDate>
              <EndDate>2020-01-24</EndDate>
            </DateRange>
            <DateRange>
              <StartDate>2020-01-31</StartDate>
              <EndDate>2020-01-31</EndDate>
            </DateRange>
            <DateRange>
              <StartDate>2020-02-07</StartDate>
              <EndDate>2020-02-07</EndDate>
            </DateRange>
            <DateRange>
              <StartDate>2020-02-14</StartDate>
              <EndDate>2020-02-14</EndDate>
            </DateRange>
            <DateRange>
              <StartDate>2020-02-21</StartDate>
              <EndDate>2020-02-21</EndDate>
            </DateRange>
            <DateRange>
              <StartDate>2020-02-28</StartDate>
              <EndDate>2020-02-28</EndDate>
            </DateRange>
            <DateRange>
              <StartDate>2020-03-06</StartDate>
              <EndDate>2020-03-06</EndDate>
            </DateRange>
            <DateRange>
              <StartDate>2020-03-13</StartDate>
              <EndDate>2020-03-13</EndDate>
            </DateRange>
            <DateRange>
              <StartDate>2020-03-20</StartDate>
              <EndDate>2020-03-20</EndDate>
            </DateRange>
            <DateRange>
              <StartDate>2020-03-27</StartDate>
              <EndDate>2020-03-27</EndDate>
            </DateRange>
            <DateRange>
              <StartDate>2020-04-03</StartDate>
              <EndDate>2020-04-03</EndDate>
            </DateRange>
            <DateRange>
              <StartDate>2020-04-17</StartDate>
              <EndDate>2020-04-17</EndDate>
            </DateRange>
            <DateRange>
              <StartDate>2020-04-24</StartDate>
              <EndDate>2020-04-24</EndDate>
            </DateRange>
            <DateRange>
              <StartDate>2020-05-01</StartDate>
              <EndDate>2020-05-01</EndDate>
            </DateRange>
            <DateRange>
              <StartDate>2020-05-08</StartDate>
              <EndDate>2020-05-08</EndDate>
            </DateRange>
          </DaysOfNonOperation>
        </SpecialDaysOperation>
        <BankHolidayOperation>
          <DaysOfNonOperation>
            <ChristmasDay />
            <BoxingDay />
            <GoodFriday />
            <NewYearsDay />
            <MayDay />
            <EasterMonday />
          </DaysOfNonOperation>
        </BankHolidayOperation>
      </OperatingProfile>
      <VehicleJourneyCode>VJ_14-173-_-y08-2-2-UP</VehicleJourneyCode>
      <ServiceRef>14-173-_-y08-2</ServiceRef>
      <LineRef>14-173-_-y08-2</LineRef>
      <JourneyPatternRef>JP_14-173-_-y08-2-1-I-1</JourneyPatternRef>
      <Note>
        <NoteCode>1</NoteCode>
        <NoteText>Sponsored by Suffolk County Council</NoteText>
      </Note>
      <DepartureTime>17:10:00</DepartureTime>
    </VehicleJourney>
    <VehicleJourney>
      <PrivateCode>suf-14-173-_-y08-2-2-UT</PrivateCode>
      <OperatingProfile>
        <RegularDayType>
          <DaysOfWeek>
            <Tuesday />
          </DaysOfWeek>
        </RegularDayType>
        <SpecialDaysOperation>
          <DaysOfNonOperation>
            <DateRange>
              <StartDate>2019-11-05</StartDate>
              <EndDate>2019-11-05</EndDate>
            </DateRange>
            <DateRange>
              <StartDate>2019-11-12</StartDate>
              <EndDate>2019-11-12</EndDate>
            </DateRange>
            <DateRange>
              <StartDate>2019-11-19</StartDate>
              <EndDate>2019-11-19</EndDate>
            </DateRange>
            <DateRange>
              <StartDate>2019-11-26</StartDate>
              <EndDate>2019-11-26</EndDate>
            </DateRange>
            <DateRange>
              <StartDate>2019-12-03</StartDate>
              <EndDate>2019-12-03</EndDate>
            </DateRange>
            <DateRange>
              <StartDate>2019-12-10</StartDate>
              <EndDate>2019-12-10</EndDate>
            </DateRange>
            <DateRange>
              <StartDate>2019-12-17</StartDate>
              <EndDate>2019-12-17</EndDate>
            </DateRange>
            <DateRange>
              <StartDate>2019-12-24</StartDate>
              <EndDate>2019-12-24</EndDate>
            </DateRange>
            <DateRange>
              <StartDate>2020-01-07</StartDate>
              <EndDate>2020-01-07</EndDate>
            </DateRange>
            <DateRange>
              <StartDate>2020-01-14</StartDate>
              <EndDate>2020-01-14</EndDate>
            </DateRange>
            <DateRange>
              <StartDate>2020-01-21</StartDate>
              <EndDate>2020-01-21</EndDate>
            </DateRange>
            <DateRange>
              <StartDate>2020-01-28</StartDate>
              <EndDate>2020-01-28</EndDate>
            </DateRange>
            <DateRange>
              <StartDate>2020-02-04</StartDate>
              <EndDate>2020-02-04</EndDate>
            </DateRange>
            <DateRange>
              <StartDate>2020-02-11</StartDate>
              <EndDate>2020-02-11</EndDate>
            </DateRange>
            <DateRange>
              <StartDate>2020-02-18</StartDate>
              <EndDate>2020-02-18</EndDate>
            </DateRange>
            <DateRange>
              <StartDate>2020-02-25</StartDate>
              <EndDate>2020-02-25</EndDate>
            </DateRange>
            <DateRange>
              <StartDate>2020-03-03</StartDate>
              <EndDate>2020-03-03</EndDate>
            </DateRange>
            <DateRange>
              <StartDate>2020-03-10</StartDate>
              <EndDate>2020-03-10</EndDate>
            </DateRange>
            <DateRange>
              <StartDate>2020-03-17</StartDate>
              <EndDate>2020-03-17</EndDate>
            </DateRange>
            <DateRange>
              <StartDate>2020-03-24</StartDate>
              <EndDate>2020-03-24</EndDate>
            </DateRange>
            <DateRange>
              <StartDate>2020-03-31</StartDate>
              <EndDate>2020-03-31</EndDate>
            </DateRange>
            <DateRange>
              <StartDate>2020-04-07</StartDate>
              <EndDate>2020-04-07</EndDate>
            </DateRange>
            <DateRange>
              <StartDate>2020-04-14</StartDate>
              <EndDate>2020-04-14</EndDate>
            </DateRange>
            <DateRange>
              <StartDate>2020-04-21</StartDate>
              <EndDate>2020-04-21</EndDate>
            </DateRange>
            <DateRange>
              <StartDate>2020-04-28</StartDate>
              <EndDate>2020-04-28</EndDate>
            </DateRange>
            <DateRange>
              <StartDate>2020-05-05</StartDate>
              <EndDate>2020-05-05</EndDate>
            </DateRange>
          </DaysOfNonOperation>
        </SpecialDaysOperation>
        <BankHolidayOperation>
          <DaysOfNonOperation>
            <ChristmasDay />
            <BoxingDay />
            <GoodFriday />
            <NewYearsDay />
            <MayDay />
            <EasterMonday />
          </DaysOfNonOperation>
        </BankHolidayOperation>
      </OperatingProfile>
      <VehicleJourneyCode>VJ_14-173-_-y08-2-2-UT</VehicleJourneyCode>
      <ServiceRef>14-173-_-y08-2</ServiceRef>
      <LineRef>14-173-_-y08-2</LineRef>
      <JourneyPatternRef>JP_14-173-_-y08-2-1-I-1</JourneyPatternRef>
      <Note>
        <NoteCode>1</NoteCode>
        <NoteText>Sponsored by Suffolk County Council</NoteText>
      </Note>
      <DepartureTime>17:10:00</DepartureTime>
    </VehicleJourney>
  </VehicleJourneys>
</TransXChange>