<?xml version="1.0" encoding="utf-8"?>
<TransXChange xmlns:xsi="http://www.w3.org/2001/XMLSchema-instance" xmlns:xsd="http://www.w3.org/2001/XMLSchema" xsi:schemaLocation="http://www.transxchange.org.uk/ http://www.transxchange.org.uk/schema/2.5/TransXChange_general.xsd" CreationDateTime="2019-11-07T16:06:04.415Z" ModificationDateTime="2019-11-07T16:06:04.415Z" Modification="new" RevisionNumber="3" FileName="suf_13-84A-_-y08-14.xml" SchemaVersion="2.5" RegistrationDocument="true" xmlns="http://www.transxchange.org.uk/">
  <StopPoints>
    <AnnotatedStopPointRef>
      <StopPointRef>390011863</StopPointRef>
      <CommonName>Bus Station</CommonName>
      <Indicator>Stand C</Indicator>
      <LocalityName>Sudbury (Suffk)</LocalityName>
      <LocalityQualifier>Suffolk</LocalityQualifier>
    </AnnotatedStopPointRef>
    <AnnotatedStopPointRef>
      <StopPointRef>390010689</StopPointRef>
      <CommonName>Post Office</CommonName>
      <Indicator>opp</Indicator>
      <LocalityName>Sudbury (Suffk)</LocalityName>
      <LocalityQualifier>Suffolk</LocalityQualifier>
    </AnnotatedStopPointRef>
    <AnnotatedStopPointRef>
      <StopPointRef>390010237</StopPointRef>
      <CommonName>Cavendish Way</CommonName>
      <Indicator>opp</Indicator>
      <LocalityName>Sudbury (Suffk)</LocalityName>
      <LocalityQualifier>Suffolk</LocalityQualifier>
    </AnnotatedStopPointRef>
    <AnnotatedStopPointRef>
      <StopPointRef>390010681</StopPointRef>
      <CommonName>Horse And Groom</CommonName>
      <Indicator>adj</Indicator>
      <LocalityName>Sudbury (Suffk)</LocalityName>
      <LocalityQualifier>Suffolk</LocalityQualifier>
    </AnnotatedStopPointRef>
    <AnnotatedStopPointRef>
      <StopPointRef>390010853</StopPointRef>
      <CommonName>Banham Drive</CommonName>
      <Indicator>opp</Indicator>
      <LocalityName>Sudbury (Suffk)</LocalityName>
      <LocalityQualifier>Suffolk</LocalityQualifier>
    </AnnotatedStopPointRef>
    <AnnotatedStopPointRef>
      <StopPointRef>390010310</StopPointRef>
      <CommonName>The Firs</CommonName>
      <Indicator>adj</Indicator>
      <LocalityName>Sudbury (Suffk)</LocalityName>
      <LocalityQualifier>Suffolk</LocalityQualifier>
    </AnnotatedStopPointRef>
    <AnnotatedStopPointRef>
      <StopPointRef>390010308</StopPointRef>
      <CommonName>Homebase</CommonName>
      <LocalityName>Sudbury (Suffk)</LocalityName>
      <LocalityQualifier>Suffolk</LocalityQualifier>
    </AnnotatedStopPointRef>
    <AnnotatedStopPointRef>
      <StopPointRef>390010901</StopPointRef>
      <CommonName>Health Centre</CommonName>
      <LocalityName>Sudbury (Suffk)</LocalityName>
      <LocalityQualifier>Suffolk</LocalityQualifier>
    </AnnotatedStopPointRef>
    <AnnotatedStopPointRef>
      <StopPointRef>390010903</StopPointRef>
      <CommonName>Churchfield House</CommonName>
      <LocalityName>Sudbury (Suffk)</LocalityName>
      <LocalityQualifier>Suffolk</LocalityQualifier>
    </AnnotatedStopPointRef>
    <AnnotatedStopPointRef>
      <StopPointRef>390010852</StopPointRef>
      <CommonName>Newton Road</CommonName>
      <Indicator>opp</Indicator>
      <LocalityName>Sudbury (Suffk)</LocalityName>
      <LocalityQualifier>Suffolk</LocalityQualifier>
    </AnnotatedStopPointRef>
    <AnnotatedStopPointRef>
      <StopPointRef>390010265</StopPointRef>
      <CommonName>Rede Way</CommonName>
      <Indicator>opp</Indicator>
      <LocalityName>Great Cornard</LocalityName>
      <LocalityQualifier>Suffolk</LocalityQualifier>
    </AnnotatedStopPointRef>
    <AnnotatedStopPointRef>
      <StopPointRef>390010255</StopPointRef>
      <CommonName>Broom Street</CommonName>
      <Indicator>opp</Indicator>
      <LocalityName>Great Cornard</LocalityName>
      <LocalityQualifier>Suffolk</LocalityQualifier>
    </AnnotatedStopPointRef>
    <AnnotatedStopPointRef>
      <StopPointRef>390010253</StopPointRef>
      <CommonName>Thomas Gainsborough School</CommonName>
      <Indicator>o/s</Indicator>
      <LocalityName>Great Cornard</LocalityName>
      <LocalityQualifier>Suffolk</LocalityQualifier>
    </AnnotatedStopPointRef>
    <AnnotatedStopPointRef>
      <StopPointRef>390010254</StopPointRef>
      <CommonName>Broom Street</CommonName>
      <Indicator>adj</Indicator>
      <LocalityName>Great Cornard</LocalityName>
      <LocalityQualifier>Suffolk</LocalityQualifier>
    </AnnotatedStopPointRef>
    <AnnotatedStopPointRef>
      <StopPointRef>390010696</StopPointRef>
      <CommonName>The Drift</CommonName>
      <Indicator>adj</Indicator>
      <LocalityName>Great Cornard</LocalityName>
      <LocalityQualifier>Suffolk</LocalityQualifier>
    </AnnotatedStopPointRef>
    <AnnotatedStopPointRef>
      <StopPointRef>390010262</StopPointRef>
      <CommonName>Minsmere Way</CommonName>
      <LocalityName>Great Cornard</LocalityName>
      <LocalityQualifier>Suffolk</LocalityQualifier>
    </AnnotatedStopPointRef>
    <AnnotatedStopPointRef>
      <StopPointRef>390010264</StopPointRef>
      <CommonName>Rede Way</CommonName>
      <Indicator>adj</Indicator>
      <LocalityName>Great Cornard</LocalityName>
      <LocalityQualifier>Suffolk</LocalityQualifier>
    </AnnotatedStopPointRef>
    <AnnotatedStopPointRef>
      <StopPointRef>390010866</StopPointRef>
      <CommonName>Raydon Way</CommonName>
      <Indicator>adj</Indicator>
      <LocalityName>Great Cornard</LocalityName>
      <LocalityQualifier>Suffolk</LocalityQualifier>
    </AnnotatedStopPointRef>
    <AnnotatedStopPointRef>
      <StopPointRef>390010266</StopPointRef>
      <CommonName>Chelsworth Avenue</CommonName>
      <Indicator>adj</Indicator>
      <LocalityName>Great Cornard</LocalityName>
      <LocalityQualifier>Suffolk</LocalityQualifier>
    </AnnotatedStopPointRef>
    <AnnotatedStopPointRef>
      <StopPointRef>390010279</StopPointRef>
      <CommonName>Northern Road</CommonName>
      <Indicator>adj</Indicator>
      <LocalityName>Sudbury (Suffk)</LocalityName>
      <LocalityQualifier>Suffolk</LocalityQualifier>
    </AnnotatedStopPointRef>
    <AnnotatedStopPointRef>
      <StopPointRef>390010788</StopPointRef>
      <CommonName>Joes Road</CommonName>
      <Indicator>opp</Indicator>
      <LocalityName>Cornard Tye</LocalityName>
      <LocalityQualifier>Suffolk</LocalityQualifier>
    </AnnotatedStopPointRef>
    <AnnotatedStopPointRef>
      <StopPointRef>390010206</StopPointRef>
      <CommonName>Saracens Head</CommonName>
      <Indicator>opp</Indicator>
      <LocalityName>Newton Green/Suffk</LocalityName>
      <LocalityQualifier>Suffolk</LocalityQualifier>
    </AnnotatedStopPointRef>
    <AnnotatedStopPointRef>
      <StopPointRef>390010203</StopPointRef>
      <CommonName>Links View</CommonName>
      <Indicator>adj</Indicator>
      <LocalityName>Newton Green/Suffk</LocalityName>
      <LocalityQualifier>Suffolk</LocalityQualifier>
    </AnnotatedStopPointRef>
    <AnnotatedStopPointRef>
      <StopPointRef>390010785</StopPointRef>
      <CommonName>Airey Close</CommonName>
      <Indicator>adj</Indicator>
      <LocalityName>Newton (Suffk)</LocalityName>
      <LocalityQualifier>Suffolk</LocalityQualifier>
    </AnnotatedStopPointRef>
    <AnnotatedStopPointRef>
      <StopPointRef>390010732</StopPointRef>
      <CommonName>Shoulder Of Mutton</CommonName>
      <Indicator>nr</Indicator>
      <LocalityName>Assington</LocalityName>
      <LocalityQualifier>Suffolk</LocalityQualifier>
    </AnnotatedStopPointRef>
    <AnnotatedStopPointRef>
      <StopPointRef>390010384</StopPointRef>
      <CommonName>Water Tower</CommonName>
      <Indicator>opp</Indicator>
      <LocalityName>Assington</LocalityName>
      <LocalityQualifier>Suffolk</LocalityQualifier>
    </AnnotatedStopPointRef>
    <AnnotatedStopPointRef>
      <StopPointRef>390010731</StopPointRef>
      <CommonName>Hare and Hounds</CommonName>
      <Indicator>adj</Indicator>
      <LocalityName>Leavenheath</LocalityName>
      <LocalityQualifier>Suffolk</LocalityQualifier>
    </AnnotatedStopPointRef>
    <AnnotatedStopPointRef>
      <StopPointRef>390010726</StopPointRef>
      <CommonName>Shelter</CommonName>
      <Indicator>opp</Indicator>
      <LocalityName>Leavenheath</LocalityName>
      <LocalityQualifier>Suffolk</LocalityQualifier>
    </AnnotatedStopPointRef>
    <AnnotatedStopPointRef>
      <StopPointRef>390010727</StopPointRef>
      <CommonName>Edies Lane</CommonName>
      <Indicator>adj</Indicator>
      <LocalityName>Leavenheath</LocalityName>
      <LocalityQualifier>Suffolk</LocalityQualifier>
    </AnnotatedStopPointRef>
    <AnnotatedStopPointRef>
      <StopPointRef>390010817</StopPointRef>
      <CommonName>Elm Tree Lane</CommonName>
      <Indicator>opp</Indicator>
      <LocalityName>Leavenheath</LocalityName>
      <LocalityQualifier>Suffolk</LocalityQualifier>
    </AnnotatedStopPointRef>
    <AnnotatedStopPointRef>
      <StopPointRef>390010729</StopPointRef>
      <CommonName>Village Hall</CommonName>
      <Indicator>adj</Indicator>
      <LocalityName>Leavenheath</LocalityName>
      <LocalityQualifier>Suffolk</LocalityQualifier>
    </AnnotatedStopPointRef>
    <AnnotatedStopPointRef>
      <StopPointRef>390010101</StopPointRef>
      <CommonName>Shelter</CommonName>
      <Indicator>o/s</Indicator>
      <LocalityName>Leavenheath</LocalityName>
      <LocalityQualifier>Suffolk</LocalityQualifier>
    </AnnotatedStopPointRef>
    <AnnotatedStopPointRef>
      <StopPointRef>390010103</StopPointRef>
      <CommonName>Red Lion</CommonName>
      <Indicator>o/s</Indicator>
      <LocalityName>Honey Tye</LocalityName>
      <LocalityQualifier>Suffolk</LocalityQualifier>
    </AnnotatedStopPointRef>
    <AnnotatedStopPointRef>
      <StopPointRef>390010102</StopPointRef>
      <CommonName>Red Lion</CommonName>
      <Indicator>opp</Indicator>
      <LocalityName>Honey Tye</LocalityName>
      <LocalityQualifier>Suffolk</LocalityQualifier>
    </AnnotatedStopPointRef>
    <AnnotatedStopPointRef>
      <StopPointRef>390010730</StopPointRef>
      <CommonName>Hare and Hounds</CommonName>
      <Indicator>opp</Indicator>
      <LocalityName>Leavenheath</LocalityName>
      <LocalityQualifier>Suffolk</LocalityQualifier>
    </AnnotatedStopPointRef>
    <AnnotatedStopPointRef>
      <StopPointRef>390010383</StopPointRef>
      <CommonName>Water Tower</CommonName>
      <Indicator>adj</Indicator>
      <LocalityName>Assington</LocalityName>
      <LocalityQualifier>Suffolk</LocalityQualifier>
    </AnnotatedStopPointRef>
    <AnnotatedStopPointRef>
      <StopPointRef>390010786</StopPointRef>
      <CommonName>Airey Close</CommonName>
      <Indicator>opp</Indicator>
      <LocalityName>Newton (Suffk)</LocalityName>
      <LocalityQualifier>Suffolk</LocalityQualifier>
    </AnnotatedStopPointRef>
    <AnnotatedStopPointRef>
      <StopPointRef>390010205</StopPointRef>
      <CommonName>Saracens Head</CommonName>
      <Indicator>adj</Indicator>
      <LocalityName>Newton Green/Suffk</LocalityName>
      <LocalityQualifier>Suffolk</LocalityQualifier>
    </AnnotatedStopPointRef>
    <AnnotatedStopPointRef>
      <StopPointRef>390010787</StopPointRef>
      <CommonName>Joes Road</CommonName>
      <Indicator>adj</Indicator>
      <LocalityName>Cornard Tye</LocalityName>
      <LocalityQualifier>Suffolk</LocalityQualifier>
    </AnnotatedStopPointRef>
    <AnnotatedStopPointRef>
      <StopPointRef>390010280</StopPointRef>
      <CommonName>Northern Road</CommonName>
      <Indicator>opp</Indicator>
      <LocalityName>Sudbury (Suffk)</LocalityName>
      <LocalityQualifier>Suffolk</LocalityQualifier>
    </AnnotatedStopPointRef>
    <AnnotatedStopPointRef>
      <StopPointRef>390010695</StopPointRef>
      <CommonName>Wells Hall Road</CommonName>
      <Indicator>adj</Indicator>
      <LocalityName>Great Cornard</LocalityName>
      <LocalityQualifier>Suffolk</LocalityQualifier>
    </AnnotatedStopPointRef>
    <AnnotatedStopPointRef>
      <StopPointRef>390010902</StopPointRef>
      <CommonName>Churchfield House</CommonName>
      <LocalityName>Sudbury (Suffk)</LocalityName>
      <LocalityQualifier>Suffolk</LocalityQualifier>
    </AnnotatedStopPointRef>
    <AnnotatedStopPointRef>
      <StopPointRef>390010311</StopPointRef>
      <CommonName>The Firs</CommonName>
      <Indicator>opp</Indicator>
      <LocalityName>Sudbury (Suffk)</LocalityName>
      <LocalityQualifier>Suffolk</LocalityQualifier>
    </AnnotatedStopPointRef>
    <AnnotatedStopPointRef>
      <StopPointRef>390010854</StopPointRef>
      <CommonName>Banham Drive</CommonName>
      <Indicator>adj</Indicator>
      <LocalityName>Sudbury (Suffk)</LocalityName>
      <LocalityQualifier>Suffolk</LocalityQualifier>
    </AnnotatedStopPointRef>
    <AnnotatedStopPointRef>
      <StopPointRef>390010238</StopPointRef>
      <CommonName>Cavendish Way</CommonName>
      <Indicator>adj</Indicator>
      <LocalityName>Sudbury (Suffk)</LocalityName>
      <LocalityQualifier>Suffolk</LocalityQualifier>
    </AnnotatedStopPointRef>
  </StopPoints>
  <RouteSections>
    <RouteSection id="RS_13-84A-_-y08-14-I-1">
      <RouteLink id="RL_13-84A-_-y08-14-I-1-1">
        <From>
          <StopPointRef>390011863</StopPointRef>
        </From>
        <To>
          <StopPointRef>390010689</StopPointRef>
        </To>
        <Direction>inbound</Direction>
      </RouteLink>
      <RouteLink id="RL_13-84A-_-y08-14-I-1-2">
        <From>
          <StopPointRef>390010689</StopPointRef>
        </From>
        <To>
          <StopPointRef>390010237</StopPointRef>
        </To>
        <Direction>inbound</Direction>
      </RouteLink>
      <RouteLink id="RL_13-84A-_-y08-14-I-1-3">
        <From>
          <StopPointRef>390010237</StopPointRef>
        </From>
        <To>
          <StopPointRef>390010681</StopPointRef>
        </To>
        <Direction>inbound</Direction>
      </RouteLink>
      <RouteLink id="RL_13-84A-_-y08-14-I-1-4">
        <From>
          <StopPointRef>390010681</StopPointRef>
        </From>
        <To>
          <StopPointRef>390010853</StopPointRef>
        </To>
        <Direction>inbound</Direction>
      </RouteLink>
      <RouteLink id="RL_13-84A-_-y08-14-I-1-5">
        <From>
          <StopPointRef>390010853</StopPointRef>
        </From>
        <To>
          <StopPointRef>390010310</StopPointRef>
        </To>
        <Direction>inbound</Direction>
      </RouteLink>
      <RouteLink id="RL_13-84A-_-y08-14-I-1-6">
        <From>
          <StopPointRef>390010310</StopPointRef>
        </From>
        <To>
          <StopPointRef>390010308</StopPointRef>
        </To>
        <Direction>inbound</Direction>
      </RouteLink>
      <RouteLink id="RL_13-84A-_-y08-14-I-1-7">
        <From>
          <StopPointRef>390010308</StopPointRef>
        </From>
        <To>
          <StopPointRef>390010901</StopPointRef>
        </To>
        <Direction>inbound</Direction>
      </RouteLink>
      <RouteLink id="RL_13-84A-_-y08-14-I-1-8">
        <From>
          <StopPointRef>390010901</StopPointRef>
        </From>
        <To>
          <StopPointRef>390010903</StopPointRef>
        </To>
        <Direction>inbound</Direction>
      </RouteLink>
      <RouteLink id="RL_13-84A-_-y08-14-I-1-9">
        <From>
          <StopPointRef>390010903</StopPointRef>
        </From>
        <To>
          <StopPointRef>390010852</StopPointRef>
        </To>
        <Direction>inbound</Direction>
      </RouteLink>
      <RouteLink id="RL_13-84A-_-y08-14-I-1-10">
        <From>
          <StopPointRef>390010852</StopPointRef>
        </From>
        <To>
          <StopPointRef>390010265</StopPointRef>
        </To>
        <Direction>inbound</Direction>
      </RouteLink>
      <RouteLink id="RL_13-84A-_-y08-14-I-1-11">
        <From>
          <StopPointRef>390010265</StopPointRef>
        </From>
        <To>
          <StopPointRef>390010255</StopPointRef>
        </To>
        <Direction>inbound</Direction>
      </RouteLink>
      <RouteLink id="RL_13-84A-_-y08-14-I-1-12">
        <From>
          <StopPointRef>390010255</StopPointRef>
        </From>
        <To>
          <StopPointRef>390010253</StopPointRef>
        </To>
        <Direction>inbound</Direction>
      </RouteLink>
      <RouteLink id="RL_13-84A-_-y08-14-I-1-13">
        <From>
          <StopPointRef>390010253</StopPointRef>
        </From>
        <To>
          <StopPointRef>390010254</StopPointRef>
        </To>
        <Direction>inbound</Direction>
      </RouteLink>
      <RouteLink id="RL_13-84A-_-y08-14-I-1-14">
        <From>
          <StopPointRef>390010254</StopPointRef>
        </From>
        <To>
          <StopPointRef>390010696</StopPointRef>
        </To>
        <Direction>inbound</Direction>
      </RouteLink>
      <RouteLink id="RL_13-84A-_-y08-14-I-1-15">
        <From>
          <StopPointRef>390010696</StopPointRef>
        </From>
        <To>
          <StopPointRef>390010262</StopPointRef>
        </To>
        <Direction>inbound</Direction>
      </RouteLink>
      <RouteLink id="RL_13-84A-_-y08-14-I-1-16">
        <From>
          <StopPointRef>390010262</StopPointRef>
        </From>
        <To>
          <StopPointRef>390010264</StopPointRef>
        </To>
        <Direction>inbound</Direction>
      </RouteLink>
      <RouteLink id="RL_13-84A-_-y08-14-I-1-17">
        <From>
          <StopPointRef>390010264</StopPointRef>
        </From>
        <To>
          <StopPointRef>390010866</StopPointRef>
        </To>
        <Direction>inbound</Direction>
      </RouteLink>
      <RouteLink id="RL_13-84A-_-y08-14-I-1-18">
        <From>
          <StopPointRef>390010866</StopPointRef>
        </From>
        <To>
          <StopPointRef>390010266</StopPointRef>
        </To>
        <Direction>inbound</Direction>
      </RouteLink>
      <RouteLink id="RL_13-84A-_-y08-14-I-1-19">
        <From>
          <StopPointRef>390010266</StopPointRef>
        </From>
        <To>
          <StopPointRef>390010279</StopPointRef>
        </To>
        <Direction>inbound</Direction>
      </RouteLink>
      <RouteLink id="RL_13-84A-_-y08-14-I-1-20">
        <From>
          <StopPointRef>390010279</StopPointRef>
        </From>
        <To>
          <StopPointRef>390010788</StopPointRef>
        </To>
        <Direction>inbound</Direction>
      </RouteLink>
      <RouteLink id="RL_13-84A-_-y08-14-I-1-21">
        <From>
          <StopPointRef>390010788</StopPointRef>
        </From>
        <To>
          <StopPointRef>390010206</StopPointRef>
        </To>
        <Direction>inbound</Direction>
      </RouteLink>
      <RouteLink id="RL_13-84A-_-y08-14-I-1-22">
        <From>
          <StopPointRef>390010206</StopPointRef>
        </From>
        <To>
          <StopPointRef>390010203</StopPointRef>
        </To>
        <Direction>inbound</Direction>
      </RouteLink>
      <RouteLink id="RL_13-84A-_-y08-14-I-1-23">
        <From>
          <StopPointRef>390010203</StopPointRef>
        </From>
        <To>
          <StopPointRef>390010785</StopPointRef>
        </To>
        <Direction>inbound</Direction>
      </RouteLink>
      <RouteLink id="RL_13-84A-_-y08-14-I-1-24">
        <From>
          <StopPointRef>390010785</StopPointRef>
        </From>
        <To>
          <StopPointRef>390010732</StopPointRef>
        </To>
        <Direction>inbound</Direction>
      </RouteLink>
      <RouteLink id="RL_13-84A-_-y08-14-I-1-25">
        <From>
          <StopPointRef>390010732</StopPointRef>
        </From>
        <To>
          <StopPointRef>390010384</StopPointRef>
        </To>
        <Direction>inbound</Direction>
      </RouteLink>
      <RouteLink id="RL_13-84A-_-y08-14-I-1-26">
        <From>
          <StopPointRef>390010384</StopPointRef>
        </From>
        <To>
          <StopPointRef>390010731</StopPointRef>
        </To>
        <Direction>inbound</Direction>
      </RouteLink>
      <RouteLink id="RL_13-84A-_-y08-14-I-1-27">
        <From>
          <StopPointRef>390010731</StopPointRef>
        </From>
        <To>
          <StopPointRef>390010726</StopPointRef>
        </To>
        <Direction>inbound</Direction>
      </RouteLink>
      <RouteLink id="RL_13-84A-_-y08-14-I-1-28">
        <From>
          <StopPointRef>390010726</StopPointRef>
        </From>
        <To>
          <StopPointRef>390010727</StopPointRef>
        </To>
        <Direction>inbound</Direction>
      </RouteLink>
      <RouteLink id="RL_13-84A-_-y08-14-I-1-29">
        <From>
          <StopPointRef>390010727</StopPointRef>
        </From>
        <To>
          <StopPointRef>390010817</StopPointRef>
        </To>
        <Direction>inbound</Direction>
      </RouteLink>
      <RouteLink id="RL_13-84A-_-y08-14-I-1-30">
        <From>
          <StopPointRef>390010817</StopPointRef>
        </From>
        <To>
          <StopPointRef>390010729</StopPointRef>
        </To>
        <Direction>inbound</Direction>
      </RouteLink>
      <RouteLink id="RL_13-84A-_-y08-14-I-1-31">
        <From>
          <StopPointRef>390010729</StopPointRef>
        </From>
        <To>
          <StopPointRef>390010101</StopPointRef>
        </To>
        <Direction>inbound</Direction>
      </RouteLink>
      <RouteLink id="RL_13-84A-_-y08-14-I-1-32">
        <From>
          <StopPointRef>390010101</StopPointRef>
        </From>
        <To>
          <StopPointRef>390010103</StopPointRef>
        </To>
        <Direction>inbound</Direction>
      </RouteLink>
    </RouteSection>
    <RouteSection id="RS_13-84A-_-y08-14-O-2">
      <RouteLink id="RL_13-84A-_-y08-14-O-2-1">
        <From>
          <StopPointRef>390010102</StopPointRef>
        </From>
        <To>
          <StopPointRef>390010726</StopPointRef>
        </To>
        <Direction>outbound</Direction>
      </RouteLink>
      <RouteLink id="RL_13-84A-_-y08-14-O-2-2">
        <From>
          <StopPointRef>390010726</StopPointRef>
        </From>
        <To>
          <StopPointRef>390010727</StopPointRef>
        </To>
        <Direction>outbound</Direction>
      </RouteLink>
      <RouteLink id="RL_13-84A-_-y08-14-O-2-3">
        <From>
          <StopPointRef>390010727</StopPointRef>
        </From>
        <To>
          <StopPointRef>390010817</StopPointRef>
        </To>
        <Direction>outbound</Direction>
      </RouteLink>
      <RouteLink id="RL_13-84A-_-y08-14-O-2-4">
        <From>
          <StopPointRef>390010817</StopPointRef>
        </From>
        <To>
          <StopPointRef>390010729</StopPointRef>
        </To>
        <Direction>outbound</Direction>
      </RouteLink>
      <RouteLink id="RL_13-84A-_-y08-14-O-2-5">
        <From>
          <StopPointRef>390010729</StopPointRef>
        </From>
        <To>
          <StopPointRef>390010101</StopPointRef>
        </To>
        <Direction>outbound</Direction>
      </RouteLink>
      <RouteLink id="RL_13-84A-_-y08-14-O-2-6">
        <From>
          <StopPointRef>390010101</StopPointRef>
        </From>
        <To>
          <StopPointRef>390010730</StopPointRef>
        </To>
        <Direction>outbound</Direction>
      </RouteLink>
      <RouteLink id="RL_13-84A-_-y08-14-O-2-7">
        <From>
          <StopPointRef>390010730</StopPointRef>
        </From>
        <To>
          <StopPointRef>390010383</StopPointRef>
        </To>
        <Direction>outbound</Direction>
      </RouteLink>
      <RouteLink id="RL_13-84A-_-y08-14-O-2-8">
        <From>
          <StopPointRef>390010383</StopPointRef>
        </From>
        <To>
          <StopPointRef>390010732</StopPointRef>
        </To>
        <Direction>outbound</Direction>
      </RouteLink>
      <RouteLink id="RL_13-84A-_-y08-14-O-2-9">
        <From>
          <StopPointRef>390010732</StopPointRef>
        </From>
        <To>
          <StopPointRef>390010786</StopPointRef>
        </To>
        <Direction>outbound</Direction>
      </RouteLink>
      <RouteLink id="RL_13-84A-_-y08-14-O-2-10">
        <From>
          <StopPointRef>390010786</StopPointRef>
        </From>
        <To>
          <StopPointRef>390010205</StopPointRef>
        </To>
        <Direction>outbound</Direction>
      </RouteLink>
      <RouteLink id="RL_13-84A-_-y08-14-O-2-11">
        <From>
          <StopPointRef>390010205</StopPointRef>
        </From>
        <To>
          <StopPointRef>390010787</StopPointRef>
        </To>
        <Direction>outbound</Direction>
      </RouteLink>
      <RouteLink id="RL_13-84A-_-y08-14-O-2-12">
        <From>
          <StopPointRef>390010787</StopPointRef>
        </From>
        <To>
          <StopPointRef>390010280</StopPointRef>
        </To>
        <Direction>outbound</Direction>
      </RouteLink>
      <RouteLink id="RL_13-84A-_-y08-14-O-2-13">
        <From>
          <StopPointRef>390010280</StopPointRef>
        </From>
        <To>
          <StopPointRef>390010265</StopPointRef>
        </To>
        <Direction>outbound</Direction>
      </RouteLink>
      <RouteLink id="RL_13-84A-_-y08-14-O-2-14">
        <From>
          <StopPointRef>390010265</StopPointRef>
        </From>
        <To>
          <StopPointRef>390010255</StopPointRef>
        </To>
        <Direction>outbound</Direction>
      </RouteLink>
      <RouteLink id="RL_13-84A-_-y08-14-O-2-15">
        <From>
          <StopPointRef>390010255</StopPointRef>
        </From>
        <To>
          <StopPointRef>390010695</StopPointRef>
        </To>
        <Direction>outbound</Direction>
      </RouteLink>
      <RouteLink id="RL_13-84A-_-y08-14-O-2-16">
        <From>
          <StopPointRef>390010695</StopPointRef>
        </From>
        <To>
          <StopPointRef>390010253</StopPointRef>
        </To>
        <Direction>outbound</Direction>
      </RouteLink>
      <RouteLink id="RL_13-84A-_-y08-14-O-2-17">
        <From>
          <StopPointRef>390010253</StopPointRef>
        </From>
        <To>
          <StopPointRef>390010254</StopPointRef>
        </To>
        <Direction>outbound</Direction>
      </RouteLink>
      <RouteLink id="RL_13-84A-_-y08-14-O-2-18">
        <From>
          <StopPointRef>390010254</StopPointRef>
        </From>
        <To>
          <StopPointRef>390010696</StopPointRef>
        </To>
        <Direction>outbound</Direction>
      </RouteLink>
      <RouteLink id="RL_13-84A-_-y08-14-O-2-19">
        <From>
          <StopPointRef>390010696</StopPointRef>
        </From>
        <To>
          <StopPointRef>390010262</StopPointRef>
        </To>
        <Direction>outbound</Direction>
      </RouteLink>
      <RouteLink id="RL_13-84A-_-y08-14-O-2-20">
        <From>
          <StopPointRef>390010262</StopPointRef>
        </From>
        <To>
          <StopPointRef>390010264</StopPointRef>
        </To>
        <Direction>outbound</Direction>
      </RouteLink>
      <RouteLink id="RL_13-84A-_-y08-14-O-2-21">
        <From>
          <StopPointRef>390010264</StopPointRef>
        </From>
        <To>
          <StopPointRef>390010866</StopPointRef>
        </To>
        <Direction>outbound</Direction>
      </RouteLink>
      <RouteLink id="RL_13-84A-_-y08-14-O-2-22">
        <From>
          <StopPointRef>390010866</StopPointRef>
        </From>
        <To>
          <StopPointRef>390010266</StopPointRef>
        </To>
        <Direction>outbound</Direction>
      </RouteLink>
      <RouteLink id="RL_13-84A-_-y08-14-O-2-23">
        <From>
          <StopPointRef>390010266</StopPointRef>
        </From>
        <To>
          <StopPointRef>390010902</StopPointRef>
        </To>
        <Direction>outbound</Direction>
      </RouteLink>
      <RouteLink id="RL_13-84A-_-y08-14-O-2-24">
        <From>
          <StopPointRef>390010902</StopPointRef>
        </From>
        <To>
          <StopPointRef>390010901</StopPointRef>
        </To>
        <Direction>outbound</Direction>
      </RouteLink>
      <RouteLink id="RL_13-84A-_-y08-14-O-2-25">
        <From>
          <StopPointRef>390010901</StopPointRef>
        </From>
        <To>
          <StopPointRef>390010311</StopPointRef>
        </To>
        <Direction>outbound</Direction>
      </RouteLink>
      <RouteLink id="RL_13-84A-_-y08-14-O-2-26">
        <From>
          <StopPointRef>390010311</StopPointRef>
        </From>
        <To>
          <StopPointRef>390010854</StopPointRef>
        </To>
        <Direction>outbound</Direction>
      </RouteLink>
      <RouteLink id="RL_13-84A-_-y08-14-O-2-27">
        <From>
          <StopPointRef>390010854</StopPointRef>
        </From>
        <To>
          <StopPointRef>390010238</StopPointRef>
        </To>
        <Direction>outbound</Direction>
      </RouteLink>
      <RouteLink id="RL_13-84A-_-y08-14-O-2-28">
        <From>
          <StopPointRef>390010238</StopPointRef>
        </From>
        <To>
          <StopPointRef>390011863</StopPointRef>
        </To>
        <Direction>outbound</Direction>
      </RouteLink>
    </RouteSection>
  </RouteSections>
  <Routes>
    <Route id="R_13-84A-_-y08-14-I-1">
      <PrivateCode>R_13-84A-_-y08-14-I-1</PrivateCode>
      <Description>Bus Station - Red Lion</Description>
      <RouteSectionRef>RS_13-84A-_-y08-14-I-1</RouteSectionRef>
    </Route>
    <Route id="R_13-84A-_-y08-14-O-2">
      <PrivateCode>R_13-84A-_-y08-14-O-2</PrivateCode>
      <Description>Red Lion - Bus Station</Description>
      <RouteSectionRef>RS_13-84A-_-y08-14-O-2</RouteSectionRef>
    </Route>
  </Routes>
  <JourneyPatternSections>
    <JourneyPatternSection id="JPS_13-84A-_-y08-14-2-2-O">
      <JourneyPatternTimingLink id="JPL_13-84A-_-y08-14-2-O-2-2">
        <From SequenceNumber="1">
          <Activity>pickUp</Activity>
          <StopPointRef>390010102</StopPointRef>
          <TimingStatus>PTP</TimingStatus>
        </From>
        <To SequenceNumber="2">
          <Activity>pickUpAndSetDown</Activity>
          <StopPointRef>390010726</StopPointRef>
          <TimingStatus>OTH</TimingStatus>
        </To>
        <RouteLinkRef>RL_13-84A-_-y08-14-O-2-1</RouteLinkRef>
        <RunTime>PT44S</RunTime>
      </JourneyPatternTimingLink>
      <JourneyPatternTimingLink id="JPL_13-84A-_-y08-14-2-O-2-3">
        <From SequenceNumber="2">
          <Activity>pickUpAndSetDown</Activity>
          <StopPointRef>390010726</StopPointRef>
          <TimingStatus>OTH</TimingStatus>
        </From>
        <To SequenceNumber="3">
          <Activity>pickUpAndSetDown</Activity>
          <StopPointRef>390010727</StopPointRef>
          <TimingStatus>OTH</TimingStatus>
        </To>
        <RouteLinkRef>RL_13-84A-_-y08-14-O-2-2</RouteLinkRef>
        <RunTime>PT24S</RunTime>
      </JourneyPatternTimingLink>
      <JourneyPatternTimingLink id="JPL_13-84A-_-y08-14-2-O-2-4">
        <From SequenceNumber="3">
          <Activity>pickUpAndSetDown</Activity>
          <StopPointRef>390010727</StopPointRef>
          <TimingStatus>OTH</TimingStatus>
        </From>
        <To SequenceNumber="4">
          <Activity>pickUpAndSetDown</Activity>
          <StopPointRef>390010817</StopPointRef>
          <TimingStatus>OTH</TimingStatus>
        </To>
        <RouteLinkRef>RL_13-84A-_-y08-14-O-2-3</RouteLinkRef>
        <RunTime>PT33S</RunTime>
      </JourneyPatternTimingLink>
      <JourneyPatternTimingLink id="JPL_13-84A-_-y08-14-2-O-2-5">
        <From SequenceNumber="4">
          <Activity>pickUpAndSetDown</Activity>
          <StopPointRef>390010817</StopPointRef>
          <TimingStatus>OTH</TimingStatus>
        </From>
        <To SequenceNumber="5">
          <Activity>pickUpAndSetDown</Activity>
          <StopPointRef>390010729</StopPointRef>
          <TimingStatus>PTP</TimingStatus>
        </To>
        <RouteLinkRef>RL_13-84A-_-y08-14-O-2-4</RouteLinkRef>
        <RunTime>PT19S</RunTime>
      </JourneyPatternTimingLink>
      <JourneyPatternTimingLink id="JPL_13-84A-_-y08-14-2-O-2-6">
        <From SequenceNumber="5">
          <Activity>pickUpAndSetDown</Activity>
          <StopPointRef>390010729</StopPointRef>
          <TimingStatus>PTP</TimingStatus>
        </From>
        <To SequenceNumber="6">
          <Activity>pickUpAndSetDown</Activity>
          <StopPointRef>390010101</StopPointRef>
          <TimingStatus>PTP</TimingStatus>
        </To>
        <RouteLinkRef>RL_13-84A-_-y08-14-O-2-5</RouteLinkRef>
        <RunTime>PT2M</RunTime>
      </JourneyPatternTimingLink>
      <JourneyPatternTimingLink id="JPL_13-84A-_-y08-14-2-O-2-7">
        <From SequenceNumber="6">
          <Activity>pickUpAndSetDown</Activity>
          <StopPointRef>390010101</StopPointRef>
          <TimingStatus>PTP</TimingStatus>
        </From>
        <To SequenceNumber="7">
          <Activity>pickUpAndSetDown</Activity>
          <StopPointRef>390010730</StopPointRef>
          <TimingStatus>PTP</TimingStatus>
        </To>
        <RouteLinkRef>RL_13-84A-_-y08-14-O-2-6</RouteLinkRef>
        <RunTime>PT4M</RunTime>
      </JourneyPatternTimingLink>
      <JourneyPatternTimingLink id="JPL_13-84A-_-y08-14-2-O-2-8">
        <From SequenceNumber="7">
          <Activity>pickUpAndSetDown</Activity>
          <StopPointRef>390010730</StopPointRef>
          <TimingStatus>PTP</TimingStatus>
        </From>
        <To SequenceNumber="8">
          <Activity>pickUpAndSetDown</Activity>
          <StopPointRef>390010383</StopPointRef>
          <TimingStatus>OTH</TimingStatus>
        </To>
        <RouteLinkRef>RL_13-84A-_-y08-14-O-2-7</RouteLinkRef>
        <RunTime>PT38S</RunTime>
      </JourneyPatternTimingLink>
      <JourneyPatternTimingLink id="JPL_13-84A-_-y08-14-2-O-2-9">
        <From SequenceNumber="8">
          <Activity>pickUpAndSetDown</Activity>
          <StopPointRef>390010383</StopPointRef>
          <TimingStatus>OTH</TimingStatus>
        </From>
        <To SequenceNumber="9">
          <Activity>pickUpAndSetDown</Activity>
          <StopPointRef>390010732</StopPointRef>
          <TimingStatus>PTP</TimingStatus>
        </To>
        <RouteLinkRef>RL_13-84A-_-y08-14-O-2-8</RouteLinkRef>
        <RunTime>PT22S</RunTime>
      </JourneyPatternTimingLink>
      <JourneyPatternTimingLink id="JPL_13-84A-_-y08-14-2-O-2-10">
        <From SequenceNumber="9">
          <Activity>pickUpAndSetDown</Activity>
          <StopPointRef>390010732</StopPointRef>
          <TimingStatus>PTP</TimingStatus>
        </From>
        <To SequenceNumber="10">
          <Activity>pickUpAndSetDown</Activity>
          <StopPointRef>390010786</StopPointRef>
          <TimingStatus>OTH</TimingStatus>
        </To>
        <RouteLinkRef>RL_13-84A-_-y08-14-O-2-9</RouteLinkRef>
        <RunTime>PT9M</RunTime>
      </JourneyPatternTimingLink>
      <JourneyPatternTimingLink id="JPL_13-84A-_-y08-14-2-O-2-11">
        <From SequenceNumber="10">
          <Activity>pickUpAndSetDown</Activity>
          <StopPointRef>390010786</StopPointRef>
          <TimingStatus>OTH</TimingStatus>
        </From>
        <To SequenceNumber="11">
          <Activity>pickUpAndSetDown</Activity>
          <StopPointRef>390010205</StopPointRef>
          <TimingStatus>PTP</TimingStatus>
        </To>
        <RouteLinkRef>RL_13-84A-_-y08-14-O-2-10</RouteLinkRef>
        <RunTime>PT2M</RunTime>
      </JourneyPatternTimingLink>
      <JourneyPatternTimingLink id="JPL_13-84A-_-y08-14-2-O-2-12">
        <From SequenceNumber="11">
          <Activity>pickUpAndSetDown</Activity>
          <StopPointRef>390010205</StopPointRef>
          <TimingStatus>PTP</TimingStatus>
        </From>
        <To SequenceNumber="12">
          <Activity>pickUpAndSetDown</Activity>
          <StopPointRef>390010787</StopPointRef>
          <TimingStatus>OTH</TimingStatus>
        </To>
        <RouteLinkRef>RL_13-84A-_-y08-14-O-2-11</RouteLinkRef>
        <RunTime>PT3M</RunTime>
      </JourneyPatternTimingLink>
      <JourneyPatternTimingLink id="JPL_13-84A-_-y08-14-2-O-2-13">
        <From SequenceNumber="12">
          <Activity>pickUpAndSetDown</Activity>
          <StopPointRef>390010787</StopPointRef>
          <TimingStatus>OTH</TimingStatus>
        </From>
        <To SequenceNumber="13">
          <Activity>pickUpAndSetDown</Activity>
          <StopPointRef>390010280</StopPointRef>
          <TimingStatus>OTH</TimingStatus>
        </To>
        <RouteLinkRef>RL_13-84A-_-y08-14-O-2-12</RouteLinkRef>
        <RunTime>PT3M5S</RunTime>
      </JourneyPatternTimingLink>
      <JourneyPatternTimingLink id="JPL_13-84A-_-y08-14-2-O-2-14">
        <From SequenceNumber="13">
          <Activity>pickUpAndSetDown</Activity>
          <StopPointRef>390010280</StopPointRef>
          <TimingStatus>OTH</TimingStatus>
        </From>
        <To SequenceNumber="14">
          <Activity>pickUpAndSetDown</Activity>
          <StopPointRef>390010265</StopPointRef>
          <TimingStatus>OTH</TimingStatus>
        </To>
        <RouteLinkRef>RL_13-84A-_-y08-14-O-2-13</RouteLinkRef>
        <RunTime>PT1M47S</RunTime>
      </JourneyPatternTimingLink>
      <JourneyPatternTimingLink id="JPL_13-84A-_-y08-14-2-O-2-15">
        <From SequenceNumber="14">
          <Activity>pickUpAndSetDown</Activity>
          <StopPointRef>390010265</StopPointRef>
          <TimingStatus>OTH</TimingStatus>
        </From>
        <To SequenceNumber="15">
          <Activity>pickUpAndSetDown</Activity>
          <StopPointRef>390010255</StopPointRef>
          <TimingStatus>OTH</TimingStatus>
        </To>
        <RouteLinkRef>RL_13-84A-_-y08-14-O-2-14</RouteLinkRef>
        <RunTime>PT1M28S</RunTime>
      </JourneyPatternTimingLink>
      <JourneyPatternTimingLink id="JPL_13-84A-_-y08-14-2-O-2-16">
        <From SequenceNumber="15">
          <Activity>pickUpAndSetDown</Activity>
          <StopPointRef>390010255</StopPointRef>
          <TimingStatus>OTH</TimingStatus>
        </From>
        <To SequenceNumber="16">
          <Activity>pickUpAndSetDown</Activity>
          <StopPointRef>390010695</StopPointRef>
          <TimingStatus>OTH</TimingStatus>
        </To>
        <RouteLinkRef>RL_13-84A-_-y08-14-O-2-15</RouteLinkRef>
        <RunTime>PT17S</RunTime>
      </JourneyPatternTimingLink>
      <JourneyPatternTimingLink id="JPL_13-84A-_-y08-14-2-O-2-17">
        <From SequenceNumber="16">
          <Activity>pickUpAndSetDown</Activity>
          <StopPointRef>390010695</StopPointRef>
          <TimingStatus>OTH</TimingStatus>
        </From>
        <To SequenceNumber="17">
          <Activity>pickUpAndSetDown</Activity>
          <StopPointRef>390010253</StopPointRef>
          <TimingStatus>PTP</TimingStatus>
        </To>
        <RouteLinkRef>RL_13-84A-_-y08-14-O-2-16</RouteLinkRef>
        <RunTime>PT23S</RunTime>
      </JourneyPatternTimingLink>
      <JourneyPatternTimingLink id="JPL_13-84A-_-y08-14-2-O-2-18">
        <From SequenceNumber="17">
          <Activity>pickUpAndSetDown</Activity>
          <StopPointRef>390010253</StopPointRef>
          <TimingStatus>PTP</TimingStatus>
        </From>
        <To SequenceNumber="18">
          <Activity>pickUpAndSetDown</Activity>
          <StopPointRef>390010254</StopPointRef>
          <TimingStatus>OTH</TimingStatus>
        </To>
        <RouteLinkRef>RL_13-84A-_-y08-14-O-2-17</RouteLinkRef>
        <RunTime>PT46S</RunTime>
      </JourneyPatternTimingLink>
      <JourneyPatternTimingLink id="JPL_13-84A-_-y08-14-2-O-2-19">
        <From SequenceNumber="18">
          <Activity>pickUpAndSetDown</Activity>
          <StopPointRef>390010254</StopPointRef>
          <TimingStatus>OTH</TimingStatus>
        </From>
        <To SequenceNumber="19">
          <Activity>pickUpAndSetDown</Activity>
          <StopPointRef>390010696</StopPointRef>
          <TimingStatus>OTH</TimingStatus>
        </To>
        <RouteLinkRef>RL_13-84A-_-y08-14-O-2-18</RouteLinkRef>
        <RunTime>PT46S</RunTime>
      </JourneyPatternTimingLink>
      <JourneyPatternTimingLink id="JPL_13-84A-_-y08-14-2-O-2-20">
        <From SequenceNumber="19">
          <Activity>pickUpAndSetDown</Activity>
          <StopPointRef>390010696</StopPointRef>
          <TimingStatus>OTH</TimingStatus>
        </From>
        <To SequenceNumber="20">
          <Activity>pickUpAndSetDown</Activity>
          <StopPointRef>390010262</StopPointRef>
          <TimingStatus>OTH</TimingStatus>
        </To>
        <RouteLinkRef>RL_13-84A-_-y08-14-O-2-19</RouteLinkRef>
        <RunTime>PT48S</RunTime>
      </JourneyPatternTimingLink>
      <JourneyPatternTimingLink id="JPL_13-84A-_-y08-14-2-O-2-21">
        <From SequenceNumber="20">
          <Activity>pickUpAndSetDown</Activity>
          <StopPointRef>390010262</StopPointRef>
          <TimingStatus>OTH</TimingStatus>
        </From>
        <To SequenceNumber="21">
          <Activity>pickUpAndSetDown</Activity>
          <StopPointRef>390010264</StopPointRef>
          <TimingStatus>OTH</TimingStatus>
        </To>
        <RouteLinkRef>RL_13-84A-_-y08-14-O-2-20</RouteLinkRef>
        <RunTime>PT31S</RunTime>
      </JourneyPatternTimingLink>
      <JourneyPatternTimingLink id="JPL_13-84A-_-y08-14-2-O-2-22">
        <From SequenceNumber="21">
          <Activity>pickUpAndSetDown</Activity>
          <StopPointRef>390010264</StopPointRef>
          <TimingStatus>OTH</TimingStatus>
        </From>
        <To SequenceNumber="22">
          <Activity>pickUpAndSetDown</Activity>
          <StopPointRef>390010866</StopPointRef>
          <TimingStatus>OTH</TimingStatus>
        </To>
        <RouteLinkRef>RL_13-84A-_-y08-14-O-2-21</RouteLinkRef>
        <RunTime>PT20S</RunTime>
      </JourneyPatternTimingLink>
      <JourneyPatternTimingLink id="JPL_13-84A-_-y08-14-2-O-2-23">
        <From SequenceNumber="22">
          <Activity>pickUpAndSetDown</Activity>
          <StopPointRef>390010866</StopPointRef>
          <TimingStatus>OTH</TimingStatus>
        </From>
        <To SequenceNumber="23">
          <Activity>pickUpAndSetDown</Activity>
          <StopPointRef>390010266</StopPointRef>
          <TimingStatus>OTH</TimingStatus>
        </To>
        <RouteLinkRef>RL_13-84A-_-y08-14-O-2-22</RouteLinkRef>
        <RunTime>PT48S</RunTime>
      </JourneyPatternTimingLink>
      <JourneyPatternTimingLink id="JPL_13-84A-_-y08-14-2-O-2-24">
        <From SequenceNumber="23">
          <Activity>pickUpAndSetDown</Activity>
          <StopPointRef>390010266</StopPointRef>
          <TimingStatus>OTH</TimingStatus>
        </From>
        <To SequenceNumber="24">
          <Activity>pickUpAndSetDown</Activity>
          <StopPointRef>390010902</StopPointRef>
          <TimingStatus>OTH</TimingStatus>
        </To>
        <RouteLinkRef>RL_13-84A-_-y08-14-O-2-23</RouteLinkRef>
        <RunTime>PT2M25S</RunTime>
      </JourneyPatternTimingLink>
      <JourneyPatternTimingLink id="JPL_13-84A-_-y08-14-2-O-2-25">
        <From SequenceNumber="24">
          <Activity>pickUpAndSetDown</Activity>
          <StopPointRef>390010902</StopPointRef>
          <TimingStatus>OTH</TimingStatus>
        </From>
        <To SequenceNumber="25">
          <Activity>pickUpAndSetDown</Activity>
          <StopPointRef>390010901</StopPointRef>
          <TimingStatus>PTP</TimingStatus>
        </To>
        <RouteLinkRef>RL_13-84A-_-y08-14-O-2-24</RouteLinkRef>
        <RunTime>PT1M36S</RunTime>
      </JourneyPatternTimingLink>
      <JourneyPatternTimingLink id="JPL_13-84A-_-y08-14-2-O-2-26">
        <From SequenceNumber="25">
          <Activity>pickUpAndSetDown</Activity>
          <StopPointRef>390010901</StopPointRef>
          <TimingStatus>PTP</TimingStatus>
        </From>
        <To SequenceNumber="26">
          <Activity>pickUpAndSetDown</Activity>
          <StopPointRef>390010311</StopPointRef>
          <TimingStatus>OTH</TimingStatus>
        </To>
        <RouteLinkRef>RL_13-84A-_-y08-14-O-2-25</RouteLinkRef>
        <RunTime>PT2M50S</RunTime>
      </JourneyPatternTimingLink>
      <JourneyPatternTimingLink id="JPL_13-84A-_-y08-14-2-O-2-27">
        <From SequenceNumber="26">
          <Activity>pickUpAndSetDown</Activity>
          <StopPointRef>390010311</StopPointRef>
          <TimingStatus>OTH</TimingStatus>
        </From>
        <To SequenceNumber="27">
          <Activity>pickUpAndSetDown</Activity>
          <StopPointRef>390010854</StopPointRef>
          <TimingStatus>OTH</TimingStatus>
        </To>
        <RouteLinkRef>RL_13-84A-_-y08-14-O-2-26</RouteLinkRef>
        <RunTime>PT1M2S</RunTime>
      </JourneyPatternTimingLink>
      <JourneyPatternTimingLink id="JPL_13-84A-_-y08-14-2-O-2-28">
        <From SequenceNumber="27">
          <Activity>pickUpAndSetDown</Activity>
          <StopPointRef>390010854</StopPointRef>
          <TimingStatus>OTH</TimingStatus>
        </From>
        <To SequenceNumber="28">
          <Activity>pickUpAndSetDown</Activity>
          <StopPointRef>390010238</StopPointRef>
          <TimingStatus>OTH</TimingStatus>
        </To>
        <RouteLinkRef>RL_13-84A-_-y08-14-O-2-27</RouteLinkRef>
        <RunTime>PT1M50S</RunTime>
      </JourneyPatternTimingLink>
      <JourneyPatternTimingLink id="JPL_13-84A-_-y08-14-2-O-2-29">
        <From SequenceNumber="28">
          <Activity>pickUpAndSetDown</Activity>
          <StopPointRef>390010238</StopPointRef>
          <TimingStatus>OTH</TimingStatus>
        </From>
        <To SequenceNumber="29">
          <Activity>setDown</Activity>
          <StopPointRef>390011863</StopPointRef>
          <TimingStatus>PTP</TimingStatus>
        </To>
        <RouteLinkRef>RL_13-84A-_-y08-14-O-2-28</RouteLinkRef>
        <RunTime>PT1M18S</RunTime>
      </JourneyPatternTimingLink>
    </JourneyPatternSection>
    <JourneyPatternSection id="JPS_13-84A-_-y08-14-1-1-I">
      <JourneyPatternTimingLink id="JPL_13-84A-_-y08-14-1-I-1-2">
        <From SequenceNumber="1">
          <Activity>pickUp</Activity>
          <StopPointRef>390011863</StopPointRef>
          <TimingStatus>PTP</TimingStatus>
        </From>
        <To SequenceNumber="2">
          <Activity>pickUpAndSetDown</Activity>
          <StopPointRef>390010689</StopPointRef>
          <TimingStatus>OTH</TimingStatus>
        </To>
        <RouteLinkRef>RL_13-84A-_-y08-14-I-1-1</RouteLinkRef>
        <RunTime>PT53S</RunTime>
      </JourneyPatternTimingLink>
      <JourneyPatternTimingLink id="JPL_13-84A-_-y08-14-1-I-1-3">
        <From SequenceNumber="2">
          <Activity>pickUpAndSetDown</Activity>
          <StopPointRef>390010689</StopPointRef>
          <TimingStatus>OTH</TimingStatus>
        </From>
        <To SequenceNumber="3">
          <Activity>pickUpAndSetDown</Activity>
          <StopPointRef>390010237</StopPointRef>
          <TimingStatus>OTH</TimingStatus>
        </To>
        <RouteLinkRef>RL_13-84A-_-y08-14-I-1-2</RouteLinkRef>
        <RunTime>PT40S</RunTime>
      </JourneyPatternTimingLink>
      <JourneyPatternTimingLink id="JPL_13-84A-_-y08-14-1-I-1-4">
        <From SequenceNumber="3">
          <Activity>pickUpAndSetDown</Activity>
          <StopPointRef>390010237</StopPointRef>
          <TimingStatus>OTH</TimingStatus>
        </From>
        <To SequenceNumber="4">
          <Activity>pickUpAndSetDown</Activity>
          <StopPointRef>390010681</StopPointRef>
          <TimingStatus>OTH</TimingStatus>
        </To>
        <RouteLinkRef>RL_13-84A-_-y08-14-I-1-3</RouteLinkRef>
        <RunTime>PT45S</RunTime>
      </JourneyPatternTimingLink>
      <JourneyPatternTimingLink id="JPL_13-84A-_-y08-14-1-I-1-5">
        <From SequenceNumber="4">
          <Activity>pickUpAndSetDown</Activity>
          <StopPointRef>390010681</StopPointRef>
          <TimingStatus>OTH</TimingStatus>
        </From>
        <To SequenceNumber="5">
          <Activity>pickUpAndSetDown</Activity>
          <StopPointRef>390010853</StopPointRef>
          <TimingStatus>OTH</TimingStatus>
        </To>
        <RouteLinkRef>RL_13-84A-_-y08-14-I-1-4</RouteLinkRef>
        <RunTime>PT1M19S</RunTime>
      </JourneyPatternTimingLink>
      <JourneyPatternTimingLink id="JPL_13-84A-_-y08-14-1-I-1-6">
        <From SequenceNumber="5">
          <Activity>pickUpAndSetDown</Activity>
          <StopPointRef>390010853</StopPointRef>
          <TimingStatus>OTH</TimingStatus>
        </From>
        <To SequenceNumber="6">
          <Activity>pickUpAndSetDown</Activity>
          <StopPointRef>390010310</StopPointRef>
          <TimingStatus>OTH</TimingStatus>
        </To>
        <RouteLinkRef>RL_13-84A-_-y08-14-I-1-5</RouteLinkRef>
        <RunTime>PT1M10S</RunTime>
      </JourneyPatternTimingLink>
      <JourneyPatternTimingLink id="JPL_13-84A-_-y08-14-1-I-1-7">
        <From SequenceNumber="6">
          <Activity>pickUpAndSetDown</Activity>
          <StopPointRef>390010310</StopPointRef>
          <TimingStatus>OTH</TimingStatus>
        </From>
        <To SequenceNumber="7">
          <Activity>pickUpAndSetDown</Activity>
          <StopPointRef>390010308</StopPointRef>
          <TimingStatus>OTH</TimingStatus>
        </To>
        <RouteLinkRef>RL_13-84A-_-y08-14-I-1-6</RouteLinkRef>
        <RunTime>PT2M6S</RunTime>
      </JourneyPatternTimingLink>
      <JourneyPatternTimingLink id="JPL_13-84A-_-y08-14-1-I-1-8">
        <From SequenceNumber="7">
          <Activity>pickUpAndSetDown</Activity>
          <StopPointRef>390010308</StopPointRef>
          <TimingStatus>OTH</TimingStatus>
        </From>
        <To SequenceNumber="8">
          <Activity>pickUpAndSetDown</Activity>
          <StopPointRef>390010901</StopPointRef>
          <TimingStatus>PTP</TimingStatus>
        </To>
        <RouteLinkRef>RL_13-84A-_-y08-14-I-1-7</RouteLinkRef>
        <RunTime>PT1M7S</RunTime>
      </JourneyPatternTimingLink>
      <JourneyPatternTimingLink id="JPL_13-84A-_-y08-14-1-I-1-9">
        <From SequenceNumber="8">
          <Activity>pickUpAndSetDown</Activity>
          <StopPointRef>390010901</StopPointRef>
          <TimingStatus>PTP</TimingStatus>
        </From>
        <To SequenceNumber="9">
          <Activity>pickUpAndSetDown</Activity>
          <StopPointRef>390010903</StopPointRef>
          <TimingStatus>OTH</TimingStatus>
        </To>
        <RouteLinkRef>RL_13-84A-_-y08-14-I-1-8</RouteLinkRef>
        <RunTime>PT2M34S</RunTime>
      </JourneyPatternTimingLink>
      <JourneyPatternTimingLink id="JPL_13-84A-_-y08-14-1-I-1-10">
        <From SequenceNumber="9">
          <Activity>pickUpAndSetDown</Activity>
          <StopPointRef>390010903</StopPointRef>
          <TimingStatus>OTH</TimingStatus>
        </From>
        <To SequenceNumber="10">
          <Activity>pickUpAndSetDown</Activity>
          <StopPointRef>390010852</StopPointRef>
          <TimingStatus>OTH</TimingStatus>
        </To>
        <RouteLinkRef>RL_13-84A-_-y08-14-I-1-9</RouteLinkRef>
        <RunTime>PT1M47S</RunTime>
      </JourneyPatternTimingLink>
      <JourneyPatternTimingLink id="JPL_13-84A-_-y08-14-1-I-1-11">
        <From SequenceNumber="10">
          <Activity>pickUpAndSetDown</Activity>
          <StopPointRef>390010852</StopPointRef>
          <TimingStatus>OTH</TimingStatus>
        </From>
        <To SequenceNumber="11">
          <Activity>pickUpAndSetDown</Activity>
          <StopPointRef>390010265</StopPointRef>
          <TimingStatus>OTH</TimingStatus>
        </To>
        <RouteLinkRef>RL_13-84A-_-y08-14-I-1-10</RouteLinkRef>
        <RunTime>PT3M38S</RunTime>
      </JourneyPatternTimingLink>
      <JourneyPatternTimingLink id="JPL_13-84A-_-y08-14-1-I-1-12">
        <From SequenceNumber="11">
          <Activity>pickUpAndSetDown</Activity>
          <StopPointRef>390010265</StopPointRef>
          <TimingStatus>OTH</TimingStatus>
        </From>
        <To SequenceNumber="12">
          <Activity>pickUpAndSetDown</Activity>
          <StopPointRef>390010255</StopPointRef>
          <TimingStatus>OTH</TimingStatus>
        </To>
        <RouteLinkRef>RL_13-84A-_-y08-14-I-1-11</RouteLinkRef>
        <RunTime>PT2M47S</RunTime>
      </JourneyPatternTimingLink>
      <JourneyPatternTimingLink id="JPL_13-84A-_-y08-14-1-I-1-13">
        <From SequenceNumber="12">
          <Activity>pickUpAndSetDown</Activity>
          <StopPointRef>390010255</StopPointRef>
          <TimingStatus>OTH</TimingStatus>
        </From>
        <To SequenceNumber="13">
          <Activity>pickUpAndSetDown</Activity>
          <StopPointRef>390010253</StopPointRef>
          <TimingStatus>PTP</TimingStatus>
        </To>
        <RouteLinkRef>RL_13-84A-_-y08-14-I-1-12</RouteLinkRef>
        <RunTime>PT1M14S</RunTime>
      </JourneyPatternTimingLink>
      <JourneyPatternTimingLink id="JPL_13-84A-_-y08-14-1-I-1-14">
        <From SequenceNumber="13">
          <Activity>pickUpAndSetDown</Activity>
          <StopPointRef>390010253</StopPointRef>
          <TimingStatus>PTP</TimingStatus>
        </From>
        <To SequenceNumber="14">
          <Activity>pickUpAndSetDown</Activity>
          <StopPointRef>390010254</StopPointRef>
          <TimingStatus>OTH</TimingStatus>
        </To>
        <RouteLinkRef>RL_13-84A-_-y08-14-I-1-13</RouteLinkRef>
        <RunTime>PT26S</RunTime>
      </JourneyPatternTimingLink>
      <JourneyPatternTimingLink id="JPL_13-84A-_-y08-14-1-I-1-15">
        <From SequenceNumber="14">
          <Activity>pickUpAndSetDown</Activity>
          <StopPointRef>390010254</StopPointRef>
          <TimingStatus>OTH</TimingStatus>
        </From>
        <To SequenceNumber="15">
          <Activity>pickUpAndSetDown</Activity>
          <StopPointRef>390010696</StopPointRef>
          <TimingStatus>OTH</TimingStatus>
        </To>
        <RouteLinkRef>RL_13-84A-_-y08-14-I-1-14</RouteLinkRef>
        <RunTime>PT26S</RunTime>
      </JourneyPatternTimingLink>
      <JourneyPatternTimingLink id="JPL_13-84A-_-y08-14-1-I-1-16">
        <From SequenceNumber="15">
          <Activity>pickUpAndSetDown</Activity>
          <StopPointRef>390010696</StopPointRef>
          <TimingStatus>OTH</TimingStatus>
        </From>
        <To SequenceNumber="16">
          <Activity>pickUpAndSetDown</Activity>
          <StopPointRef>390010262</StopPointRef>
          <TimingStatus>OTH</TimingStatus>
        </To>
        <RouteLinkRef>RL_13-84A-_-y08-14-I-1-15</RouteLinkRef>
        <RunTime>PT27S</RunTime>
      </JourneyPatternTimingLink>
      <JourneyPatternTimingLink id="JPL_13-84A-_-y08-14-1-I-1-17">
        <From SequenceNumber="16">
          <Activity>pickUpAndSetDown</Activity>
          <StopPointRef>390010262</StopPointRef>
          <TimingStatus>OTH</TimingStatus>
        </From>
        <To SequenceNumber="17">
          <Activity>pickUpAndSetDown</Activity>
          <StopPointRef>390010264</StopPointRef>
          <TimingStatus>OTH</TimingStatus>
        </To>
        <RouteLinkRef>RL_13-84A-_-y08-14-I-1-16</RouteLinkRef>
        <RunTime>PT17S</RunTime>
      </JourneyPatternTimingLink>
      <JourneyPatternTimingLink id="JPL_13-84A-_-y08-14-1-I-1-18">
        <From SequenceNumber="17">
          <Activity>pickUpAndSetDown</Activity>
          <StopPointRef>390010264</StopPointRef>
          <TimingStatus>OTH</TimingStatus>
        </From>
        <To SequenceNumber="18">
          <Activity>pickUpAndSetDown</Activity>
          <StopPointRef>390010866</StopPointRef>
          <TimingStatus>OTH</TimingStatus>
        </To>
        <RouteLinkRef>RL_13-84A-_-y08-14-I-1-17</RouteLinkRef>
        <RunTime>PT11S</RunTime>
      </JourneyPatternTimingLink>
      <JourneyPatternTimingLink id="JPL_13-84A-_-y08-14-1-I-1-19">
        <From SequenceNumber="18">
          <Activity>pickUpAndSetDown</Activity>
          <StopPointRef>390010866</StopPointRef>
          <TimingStatus>OTH</TimingStatus>
        </From>
        <To SequenceNumber="19">
          <Activity>pickUpAndSetDown</Activity>
          <StopPointRef>390010266</StopPointRef>
          <TimingStatus>OTH</TimingStatus>
        </To>
        <RouteLinkRef>RL_13-84A-_-y08-14-I-1-18</RouteLinkRef>
        <RunTime>PT28S</RunTime>
      </JourneyPatternTimingLink>
      <JourneyPatternTimingLink id="JPL_13-84A-_-y08-14-1-I-1-20">
        <From SequenceNumber="19">
          <Activity>pickUpAndSetDown</Activity>
          <StopPointRef>390010266</StopPointRef>
          <TimingStatus>OTH</TimingStatus>
        </From>
        <To SequenceNumber="20">
          <Activity>pickUpAndSetDown</Activity>
          <StopPointRef>390010279</StopPointRef>
          <TimingStatus>OTH</TimingStatus>
        </To>
        <RouteLinkRef>RL_13-84A-_-y08-14-I-1-19</RouteLinkRef>
        <RunTime>PT44S</RunTime>
      </JourneyPatternTimingLink>
      <JourneyPatternTimingLink id="JPL_13-84A-_-y08-14-1-I-1-21">
        <From SequenceNumber="20">
          <Activity>pickUpAndSetDown</Activity>
          <StopPointRef>390010279</StopPointRef>
          <TimingStatus>OTH</TimingStatus>
        </From>
        <To SequenceNumber="21">
          <Activity>pickUpAndSetDown</Activity>
          <StopPointRef>390010788</StopPointRef>
          <TimingStatus>OTH</TimingStatus>
        </To>
        <RouteLinkRef>RL_13-84A-_-y08-14-I-1-20</RouteLinkRef>
        <RunTime>PT2M31S</RunTime>
      </JourneyPatternTimingLink>
      <JourneyPatternTimingLink id="JPL_13-84A-_-y08-14-1-I-1-22">
        <From SequenceNumber="21">
          <Activity>pickUpAndSetDown</Activity>
          <StopPointRef>390010788</StopPointRef>
          <TimingStatus>OTH</TimingStatus>
        </From>
        <To SequenceNumber="22">
          <Activity>pickUpAndSetDown</Activity>
          <StopPointRef>390010206</StopPointRef>
          <TimingStatus>PTP</TimingStatus>
        </To>
        <RouteLinkRef>RL_13-84A-_-y08-14-I-1-21</RouteLinkRef>
        <RunTime>PT1M30S</RunTime>
      </JourneyPatternTimingLink>
      <JourneyPatternTimingLink id="JPL_13-84A-_-y08-14-1-I-1-23">
        <From SequenceNumber="22">
          <Activity>pickUpAndSetDown</Activity>
          <StopPointRef>390010206</StopPointRef>
          <TimingStatus>PTP</TimingStatus>
        </From>
        <To SequenceNumber="23">
          <Activity>pickUpAndSetDown</Activity>
          <StopPointRef>390010203</StopPointRef>
          <TimingStatus>OTH</TimingStatus>
        </To>
        <RouteLinkRef>RL_13-84A-_-y08-14-I-1-22</RouteLinkRef>
        <RunTime>PT1M18S</RunTime>
      </JourneyPatternTimingLink>
      <JourneyPatternTimingLink id="JPL_13-84A-_-y08-14-1-I-1-24">
        <From SequenceNumber="23">
          <Activity>pickUpAndSetDown</Activity>
          <StopPointRef>390010203</StopPointRef>
          <TimingStatus>OTH</TimingStatus>
        </From>
        <To SequenceNumber="24">
          <Activity>pickUpAndSetDown</Activity>
          <StopPointRef>390010785</StopPointRef>
          <TimingStatus>OTH</TimingStatus>
        </To>
        <RouteLinkRef>RL_13-84A-_-y08-14-I-1-23</RouteLinkRef>
        <RunTime>PT1M52S</RunTime>
      </JourneyPatternTimingLink>
      <JourneyPatternTimingLink id="JPL_13-84A-_-y08-14-1-I-1-25">
        <From SequenceNumber="24">
          <Activity>pickUpAndSetDown</Activity>
          <StopPointRef>390010785</StopPointRef>
          <TimingStatus>OTH</TimingStatus>
        </From>
        <To SequenceNumber="25">
          <Activity>pickUpAndSetDown</Activity>
          <StopPointRef>390010732</StopPointRef>
          <TimingStatus>PTP</TimingStatus>
        </To>
        <RouteLinkRef>RL_13-84A-_-y08-14-I-1-24</RouteLinkRef>
        <RunTime>PT10M50S</RunTime>
      </JourneyPatternTimingLink>
      <JourneyPatternTimingLink id="JPL_13-84A-_-y08-14-1-I-1-26">
        <From SequenceNumber="25">
          <Activity>pickUpAndSetDown</Activity>
          <StopPointRef>390010732</StopPointRef>
          <TimingStatus>PTP</TimingStatus>
        </From>
        <To SequenceNumber="26">
          <Activity>pickUpAndSetDown</Activity>
          <StopPointRef>390010384</StopPointRef>
          <TimingStatus>OTH</TimingStatus>
        </To>
        <RouteLinkRef>RL_13-84A-_-y08-14-I-1-25</RouteLinkRef>
        <RunTime>PT1M4S</RunTime>
      </JourneyPatternTimingLink>
      <JourneyPatternTimingLink id="JPL_13-84A-_-y08-14-1-I-1-27">
        <From SequenceNumber="26">
          <Activity>pickUpAndSetDown</Activity>
          <StopPointRef>390010384</StopPointRef>
          <TimingStatus>OTH</TimingStatus>
        </From>
        <To SequenceNumber="27">
          <Activity>pickUpAndSetDown</Activity>
          <StopPointRef>390010731</StopPointRef>
          <TimingStatus>PTP</TimingStatus>
        </To>
        <RouteLinkRef>RL_13-84A-_-y08-14-I-1-26</RouteLinkRef>
        <RunTime>PT1M56S</RunTime>
      </JourneyPatternTimingLink>
      <JourneyPatternTimingLink id="JPL_13-84A-_-y08-14-1-I-1-28">
        <From SequenceNumber="27">
          <Activity>pickUpAndSetDown</Activity>
          <StopPointRef>390010731</StopPointRef>
          <TimingStatus>PTP</TimingStatus>
        </From>
        <To SequenceNumber="28">
          <Activity>pickUpAndSetDown</Activity>
          <StopPointRef>390010726</StopPointRef>
          <TimingStatus>OTH</TimingStatus>
        </To>
        <RouteLinkRef>RL_13-84A-_-y08-14-I-1-27</RouteLinkRef>
        <RunTime>PT1M9S</RunTime>
      </JourneyPatternTimingLink>
      <JourneyPatternTimingLink id="JPL_13-84A-_-y08-14-1-I-1-29">
        <From SequenceNumber="28">
          <Activity>pickUpAndSetDown</Activity>
          <StopPointRef>390010726</StopPointRef>
          <TimingStatus>OTH</TimingStatus>
        </From>
        <To SequenceNumber="29">
          <Activity>pickUpAndSetDown</Activity>
          <StopPointRef>390010727</StopPointRef>
          <TimingStatus>OTH</TimingStatus>
        </To>
        <RouteLinkRef>RL_13-84A-_-y08-14-I-1-28</RouteLinkRef>
        <RunTime>PT16S</RunTime>
      </JourneyPatternTimingLink>
      <JourneyPatternTimingLink id="JPL_13-84A-_-y08-14-1-I-1-30">
        <From SequenceNumber="29">
          <Activity>pickUpAndSetDown</Activity>
          <StopPointRef>390010727</StopPointRef>
          <TimingStatus>OTH</TimingStatus>
        </From>
        <To SequenceNumber="30">
          <Activity>pickUpAndSetDown</Activity>
          <StopPointRef>390010817</StopPointRef>
          <TimingStatus>OTH</TimingStatus>
        </To>
        <RouteLinkRef>RL_13-84A-_-y08-14-I-1-29</RouteLinkRef>
        <RunTime>PT22S</RunTime>
      </JourneyPatternTimingLink>
      <JourneyPatternTimingLink id="JPL_13-84A-_-y08-14-1-I-1-31">
        <From SequenceNumber="30">
          <Activity>pickUpAndSetDown</Activity>
          <StopPointRef>390010817</StopPointRef>
          <TimingStatus>OTH</TimingStatus>
        </From>
        <To SequenceNumber="31">
          <Activity>pickUpAndSetDown</Activity>
          <StopPointRef>390010729</StopPointRef>
          <TimingStatus>PTP</TimingStatus>
        </To>
        <RouteLinkRef>RL_13-84A-_-y08-14-I-1-30</RouteLinkRef>
        <RunTime>PT13S</RunTime>
      </JourneyPatternTimingLink>
      <JourneyPatternTimingLink id="JPL_13-84A-_-y08-14-1-I-1-32">
        <From SequenceNumber="31">
          <Activity>pickUpAndSetDown</Activity>
          <StopPointRef>390010729</StopPointRef>
          <TimingStatus>PTP</TimingStatus>
        </From>
        <To SequenceNumber="32">
          <Activity>pickUpAndSetDown</Activity>
          <StopPointRef>390010101</StopPointRef>
          <TimingStatus>PTP</TimingStatus>
        </To>
        <RouteLinkRef>RL_13-84A-_-y08-14-I-1-31</RouteLinkRef>
        <RunTime>PT2M</RunTime>
      </JourneyPatternTimingLink>
      <JourneyPatternTimingLink id="JPL_13-84A-_-y08-14-1-I-1-33">
        <From SequenceNumber="32">
          <Activity>pickUpAndSetDown</Activity>
          <StopPointRef>390010101</StopPointRef>
          <TimingStatus>PTP</TimingStatus>
        </From>
        <To SequenceNumber="33">
          <Activity>setDown</Activity>
          <StopPointRef>390010103</StopPointRef>
          <TimingStatus>PTP</TimingStatus>
        </To>
        <RouteLinkRef>RL_13-84A-_-y08-14-I-1-32</RouteLinkRef>
        <RunTime>PT2M</RunTime>
      </JourneyPatternTimingLink>
    </JourneyPatternSection>
  </JourneyPatternSections>
  <Operators>
    <Operator id="OId_CHAM">
      <NationalOperatorCode>CHAM</NationalOperatorCode>
      <OperatorCode>CHAM</OperatorCode>
      <OperatorShortName>Chambers</OperatorShortName>
      <OperatorNameOnLicence>Chambers</OperatorNameOnLicence>
      <TradingName>Chambers</TradingName>
    </Operator>
  </Operators>
  <Services>
    <Service>
      <ServiceCode>13-84A-_-y08-14</ServiceCode>
      <PrivateCode>13-84A-_-y08-14</PrivateCode>
      <Lines>
        <Line id="13-84A-_-y08-14">
          <LineName>84A</LineName>
        </Line>
      </Lines>
      <OperatingPeriod>
        <StartDate>2019-11-05</StartDate>
        <EndDate>2020-05-08</EndDate>
      </OperatingPeriod>
      <OperatingProfile>
        <RegularDayType>
          <DaysOfWeek>
            <MondayToFriday />
          </DaysOfWeek>
        </RegularDayType>
        <SpecialDaysOperation>
          <DaysOfNonOperation>
            <DateRange>
              <StartDate>2019-12-24</StartDate>
              <EndDate>2019-12-24</EndDate>
            </DateRange>
            <DateRange>
              <StartDate>2019-12-27</StartDate>
              <EndDate>2019-12-27</EndDate>
            </DateRange>
            <DateRange>
              <StartDate>2019-12-30</StartDate>
              <EndDate>2019-12-31</EndDate>
            </DateRange>
          </DaysOfNonOperation>
        </SpecialDaysOperation>
        <BankHolidayOperation>
          <DaysOfNonOperation>
            <ChristmasDay />
            <BoxingDay />
            <GoodFriday />
            <NewYearsDay />
            <MayDay />
            <EasterMonday />
          </DaysOfNonOperation>
        </BankHolidayOperation>
      </OperatingProfile>
      <RegisteredOperatorRef>OId_CHAM</RegisteredOperatorRef>
      <StopRequirements>
        <NoNewStopsRequired />
      </StopRequirements>
      <Mode>bus</Mode>
      <Description>Honey Tye - Leavenheath - Sudbury</Description>
      <StandardService>
        <Origin>Red Lion</Origin>
        <Destination>Bus Station</Destination>
        <JourneyPattern id="JP_13-84A-_-y08-14-2-O-2">
          <Direction>outbound</Direction>
          <Operational>
            <VehicleType>
              <VehicleTypeCode>WhCh</VehicleTypeCode>
              <Description>Wheelchair Accessible</Description>
            </VehicleType>
          </Operational>
          <RouteRef>R_13-84A-_-y08-14-O-2</RouteRef>
          <JourneyPatternSectionRefs>JPS_13-84A-_-y08-14-2-2-O</JourneyPatternSectionRefs>
        </JourneyPattern>
        <JourneyPattern id="JP_13-84A-_-y08-14-1-I-1">
          <Direction>inbound</Direction>
          <Operational>
            <VehicleType>
              <VehicleTypeCode>WhCh</VehicleTypeCode>
              <Description>Wheelchair Accessible</Description>
            </VehicleType>
          </Operational>
          <RouteRef>R_13-84A-_-y08-14-I-1</RouteRef>
          <JourneyPatternSectionRefs>JPS_13-84A-_-y08-14-1-1-I</JourneyPatternSectionRefs>
        </JourneyPattern>
      </StandardService>
    </Service>
  </Services>
  <VehicleJourneys>
    <VehicleJourney>
      <PrivateCode>suf-13-84A-_-y08-14-7-T0</PrivateCode>
      <Operational>
        <VehicleType>
          <VehicleTypeCode>WhCh</VehicleTypeCode>
          <Description>Wheelchair Accessible</Description>
        </VehicleType>
      </Operational>
      <OperatingProfile>
        <RegularDayType>
          <DaysOfWeek>
            <MondayToFriday />
          </DaysOfWeek>
        </RegularDayType>
        <SpecialDaysOperation>
          <DaysOfNonOperation>
            <DateRange>
              <StartDate>2019-12-20</StartDate>
              <EndDate>2019-12-20</EndDate>
            </DateRange>
            <DateRange>
              <StartDate>2019-12-23</StartDate>
              <EndDate>2019-12-24</EndDate>
            </DateRange>
            <DateRange>
              <StartDate>2019-12-27</StartDate>
              <EndDate>2019-12-27</EndDate>
            </DateRange>
            <DateRange>
              <StartDate>2019-12-30</StartDate>
              <EndDate>2019-12-31</EndDate>
            </DateRange>
            <DateRange>
              <StartDate>2020-01-02</StartDate>
              <EndDate>2020-01-03</EndDate>
            </DateRange>
            <DateRange>
              <StartDate>2020-01-06</StartDate>
              <EndDate>2020-01-06</EndDate>
            </DateRange>
            <DateRange>
              <StartDate>2020-02-17</StartDate>
              <EndDate>2020-02-21</EndDate>
            </DateRange>
            <DateRange>
              <StartDate>2020-04-03</StartDate>
              <EndDate>2020-04-03</EndDate>
            </DateRange>
            <DateRange>
              <StartDate>2020-04-06</StartDate>
              <EndDate>2020-04-09</EndDate>
            </DateRange>
            <DateRange>
              <StartDate>2020-04-14</StartDate>
              <EndDate>2020-04-17</EndDate>
            </DateRange>
          </DaysOfNonOperation>
        </SpecialDaysOperation>
        <BankHolidayOperation>
          <DaysOfNonOperation>
            <ChristmasDay />
            <BoxingDay />
            <GoodFriday />
            <NewYearsDay />
            <MayDay />
            <EasterMonday />
          </DaysOfNonOperation>
        </BankHolidayOperation>
      </OperatingProfile>
      <VehicleJourneyCode>VJ_13-84A-_-y08-14-7-T0</VehicleJourneyCode>
      <ServiceRef>13-84A-_-y08-14</ServiceRef>
      <LineRef>13-84A-_-y08-14</LineRef>
      <JourneyPatternRef>JP_13-84A-_-y08-14-2-O-2</JourneyPatternRef>
      <Note>
        <NoteCode>Sch</NoteCode>
        <NoteText>Schooldays only</NoteText>
      </Note>
      <DepartureTime>08:10:00</DepartureTime>
    </VehicleJourney>
    <VehicleJourney>
      <PrivateCode>suf-13-84A-_-y08-14-23-T0</PrivateCode>
      <Operational>
        <VehicleType>
          <VehicleTypeCode>WhCh</VehicleTypeCode>
          <Description>Wheelchair Accessible</Description>
        </VehicleType>
      </Operational>
      <OperatingProfile>
        <RegularDayType>
          <DaysOfWeek>
            <MondayToFriday />
          </DaysOfWeek>
        </RegularDayType>
        <SpecialDaysOperation>
          <DaysOfNonOperation>
            <DateRange>
              <StartDate>2019-12-20</StartDate>
              <EndDate>2019-12-20</EndDate>
            </DateRange>
            <DateRange>
              <StartDate>2019-12-23</StartDate>
              <EndDate>2019-12-24</EndDate>
            </DateRange>
            <DateRange>
              <StartDate>2019-12-27</StartDate>
              <EndDate>2019-12-27</EndDate>
            </DateRange>
            <DateRange>
              <StartDate>2019-12-30</StartDate>
              <EndDate>2019-12-31</EndDate>
            </DateRange>
            <DateRange>
              <StartDate>2020-01-02</StartDate>
              <EndDate>2020-01-03</EndDate>
            </DateRange>
            <DateRange>
              <StartDate>2020-01-06</StartDate>
              <EndDate>2020-01-06</EndDate>
            </DateRange>
            <DateRange>
              <StartDate>2020-02-17</StartDate>
              <EndDate>2020-02-21</EndDate>
            </DateRange>
            <DateRange>
              <StartDate>2020-04-03</StartDate>
              <EndDate>2020-04-03</EndDate>
            </DateRange>
            <DateRange>
              <StartDate>2020-04-06</StartDate>
              <EndDate>2020-04-09</EndDate>
            </DateRange>
            <DateRange>
              <StartDate>2020-04-14</StartDate>
              <EndDate>2020-04-17</EndDate>
            </DateRange>
          </DaysOfNonOperation>
        </SpecialDaysOperation>
        <BankHolidayOperation>
          <DaysOfNonOperation>
            <ChristmasDay />
            <BoxingDay />
            <GoodFriday />
            <NewYearsDay />
            <MayDay />
            <EasterMonday />
          </DaysOfNonOperation>
        </BankHolidayOperation>
      </OperatingProfile>
      <VehicleJourneyCode>VJ_13-84A-_-y08-14-23-T0</VehicleJourneyCode>
      <ServiceRef>13-84A-_-y08-14</ServiceRef>
      <LineRef>13-84A-_-y08-14</LineRef>
      <JourneyPatternRef>JP_13-84A-_-y08-14-1-I-1</JourneyPatternRef>
      <Note>
        <NoteCode>Sch</NoteCode>
        <NoteText>Schooldays only</NoteText>
      </Note>
      <DepartureTime>15:00:00</DepartureTime>
    </VehicleJourney>
  </VehicleJourneys>
</TransXChange>