<?xml version="1.0" encoding="utf-8"?>
<TransXChange xmlns:xsi="http://www.w3.org/2001/XMLSchema-instance" xmlns:xsd="http://www.w3.org/2001/XMLSchema" xsi:schemaLocation="http://www.transxchange.org.uk/ http://www.transxchange.org.uk/schema/2.5/TransXChange_general.xsd" CreationDateTime="2019-11-07T16:05:55.5386Z" ModificationDateTime="2019-11-07T16:05:55.5386Z" Modification="new" RevisionNumber="3" FileName="suf_13-461-_-y08-1.xml" SchemaVersion="2.5" RegistrationDocument="true" xmlns="http://www.transxchange.org.uk/">
  <StopPoints>
    <AnnotatedStopPointRef>
      <StopPointRef>390010739</StopPointRef>
      <CommonName>Telephone Box</CommonName>
      <Indicator>opp</Indicator>
      <LocalityName>Whatfield</LocalityName>
      <LocalityQualifier>Suffolk</LocalityQualifier>
    </AnnotatedStopPointRef>
    <AnnotatedStopPointRef>
      <StopPointRef>390010458</StopPointRef>
      <CommonName>Elmsett Corner</CommonName>
      <Indicator>opp</Indicator>
      <LocalityName>Whatfield</LocalityName>
      <LocalityQualifier>Suffolk</LocalityQualifier>
    </AnnotatedStopPointRef>
    <AnnotatedStopPointRef>
      <StopPointRef>390010795</StopPointRef>
      <CommonName>Mill Lane</CommonName>
      <Indicator>opp</Indicator>
      <LocalityName>Elmsett</LocalityName>
      <LocalityQualifier>Suffolk</LocalityQualifier>
    </AnnotatedStopPointRef>
    <AnnotatedStopPointRef>
      <StopPointRef>390010455</StopPointRef>
      <CommonName>Bus Shelter</CommonName>
      <LocalityName>Elmsett</LocalityName>
      <LocalityQualifier>Suffolk</LocalityQualifier>
    </AnnotatedStopPointRef>
    <AnnotatedStopPointRef>
      <StopPointRef>390010797</StopPointRef>
      <CommonName>Firtree Farm</CommonName>
      <Indicator>adj</Indicator>
      <LocalityName>Aldham (Suffk)</LocalityName>
      <LocalityQualifier>Suffolk</LocalityQualifier>
    </AnnotatedStopPointRef>
    <AnnotatedStopPointRef>
      <StopPointRef>390010402</StopPointRef>
      <CommonName>Allen Road</CommonName>
      <Indicator>adj</Indicator>
      <LocalityName>Hadleigh (Suffk)</LocalityName>
      <LocalityQualifier>Suffolk</LocalityQualifier>
    </AnnotatedStopPointRef>
    <AnnotatedStopPointRef>
      <StopPointRef>390010401</StopPointRef>
      <CommonName>Morrisons</CommonName>
      <LocalityName>Hadleigh (Suffk)</LocalityName>
      <LocalityQualifier>Suffolk</LocalityQualifier>
    </AnnotatedStopPointRef>
    <AnnotatedStopPointRef>
      <StopPointRef>390010398</StopPointRef>
      <CommonName>Meadows Way</CommonName>
      <Indicator>adj</Indicator>
      <LocalityName>Hadleigh (Suffk)</LocalityName>
      <LocalityQualifier>Suffolk</LocalityQualifier>
    </AnnotatedStopPointRef>
    <AnnotatedStopPointRef>
      <StopPointRef>390010417</StopPointRef>
      <CommonName>High Street Mews</CommonName>
      <Indicator>S-bound</Indicator>
      <LocalityName>Hadleigh (Suffk)</LocalityName>
      <LocalityQualifier>Suffolk</LocalityQualifier>
    </AnnotatedStopPointRef>
    <AnnotatedStopPointRef>
      <StopPointRef>390010387</StopPointRef>
      <CommonName>Bus Station</CommonName>
      <Indicator>Stand D</Indicator>
      <LocalityName>Hadleigh (Suffk)</LocalityName>
      <LocalityQualifier>Suffolk</LocalityQualifier>
    </AnnotatedStopPointRef>
    <AnnotatedStopPointRef>
      <StopPointRef>390010411</StopPointRef>
      <CommonName>Sydney Brown Court</CommonName>
      <Indicator>o/s</Indicator>
      <LocalityName>Hadleigh (Suffk)</LocalityName>
      <LocalityQualifier>Suffolk</LocalityQualifier>
    </AnnotatedStopPointRef>
    <AnnotatedStopPointRef>
      <StopPointRef>390010834</StopPointRef>
      <CommonName>Bourchier Close</CommonName>
      <Indicator>opp</Indicator>
      <LocalityName>Hadleigh (Suffk)</LocalityName>
      <LocalityQualifier>Suffolk</LocalityQualifier>
    </AnnotatedStopPointRef>
    <AnnotatedStopPointRef>
      <StopPointRef>390010426</StopPointRef>
      <CommonName>High School</CommonName>
      <LocalityName>Hadleigh (Suffk)</LocalityName>
      <LocalityQualifier>Suffolk</LocalityQualifier>
    </AnnotatedStopPointRef>
    <AnnotatedStopPointRef>
      <StopPointRef>390010418</StopPointRef>
      <CommonName>Wentworth Close</CommonName>
      <Indicator>opp</Indicator>
      <LocalityName>Hadleigh (Suffk)</LocalityName>
      <LocalityQualifier>Suffolk</LocalityQualifier>
    </AnnotatedStopPointRef>
    <AnnotatedStopPointRef>
      <StopPointRef>390010421</StopPointRef>
      <CommonName>Meriton Rise</CommonName>
      <Indicator>adj</Indicator>
      <LocalityName>Hadleigh (Suffk)</LocalityName>
      <LocalityQualifier>Suffolk</LocalityQualifier>
    </AnnotatedStopPointRef>
    <AnnotatedStopPointRef>
      <StopPointRef>390010423</StopPointRef>
      <CommonName>Woodthorpe Close</CommonName>
      <Indicator>opp</Indicator>
      <LocalityName>Hadleigh (Suffk)</LocalityName>
      <LocalityQualifier>Suffolk</LocalityQualifier>
    </AnnotatedStopPointRef>
    <AnnotatedStopPointRef>
      <StopPointRef>390010424</StopPointRef>
      <CommonName>Woodthorpe Road</CommonName>
      <Indicator>o/s 26</Indicator>
      <LocalityName>Hadleigh (Suffk)</LocalityName>
      <LocalityQualifier>Suffolk</LocalityQualifier>
    </AnnotatedStopPointRef>
    <AnnotatedStopPointRef>
      <StopPointRef>390010429</StopPointRef>
      <CommonName>Clopton Gardens</CommonName>
      <Indicator>adj</Indicator>
      <LocalityName>Hadleigh (Suffk)</LocalityName>
      <LocalityQualifier>Suffolk</LocalityQualifier>
    </AnnotatedStopPointRef>
    <AnnotatedStopPointRef>
      <StopPointRef>390010410</StopPointRef>
      <CommonName>Sydney Brown Court</CommonName>
      <Indicator>opp</Indicator>
      <LocalityName>Hadleigh (Suffk)</LocalityName>
      <LocalityQualifier>Suffolk</LocalityQualifier>
    </AnnotatedStopPointRef>
    <AnnotatedStopPointRef>
      <StopPointRef>390010891</StopPointRef>
      <CommonName>Bus Station</CommonName>
      <Indicator>Stand B</Indicator>
      <LocalityName>Hadleigh (Suffk)</LocalityName>
      <LocalityQualifier>Suffolk</LocalityQualifier>
    </AnnotatedStopPointRef>
    <AnnotatedStopPointRef>
      <StopPointRef>390010416</StopPointRef>
      <CommonName>High Street Mews</CommonName>
      <Indicator>N-bound</Indicator>
      <LocalityName>Hadleigh (Suffk)</LocalityName>
      <LocalityQualifier>Suffolk</LocalityQualifier>
    </AnnotatedStopPointRef>
    <AnnotatedStopPointRef>
      <StopPointRef>390010399</StopPointRef>
      <CommonName>Meadows Way</CommonName>
      <Indicator>opp</Indicator>
      <LocalityName>Hadleigh (Suffk)</LocalityName>
      <LocalityQualifier>Suffolk</LocalityQualifier>
    </AnnotatedStopPointRef>
    <AnnotatedStopPointRef>
      <StopPointRef>390010400</StopPointRef>
      <CommonName>Morrisons</CommonName>
      <LocalityName>Hadleigh (Suffk)</LocalityName>
      <LocalityQualifier>Suffolk</LocalityQualifier>
    </AnnotatedStopPointRef>
    <AnnotatedStopPointRef>
      <StopPointRef>390010403</StopPointRef>
      <CommonName>Allen Road</CommonName>
      <Indicator>opp</Indicator>
      <LocalityName>Hadleigh (Suffk)</LocalityName>
      <LocalityQualifier>Suffolk</LocalityQualifier>
    </AnnotatedStopPointRef>
    <AnnotatedStopPointRef>
      <StopPointRef>390010798</StopPointRef>
      <CommonName>Firtree Farm</CommonName>
      <Indicator>opp</Indicator>
      <LocalityName>Aldham (Suffk)</LocalityName>
      <LocalityQualifier>Suffolk</LocalityQualifier>
    </AnnotatedStopPointRef>
    <AnnotatedStopPointRef>
      <StopPointRef>390010456</StopPointRef>
      <CommonName>Bus Shelter</CommonName>
      <LocalityName>Elmsett</LocalityName>
      <LocalityQualifier>Suffolk</LocalityQualifier>
    </AnnotatedStopPointRef>
    <AnnotatedStopPointRef>
      <StopPointRef>390010796</StopPointRef>
      <CommonName>Mill Lane</CommonName>
      <Indicator>adj</Indicator>
      <LocalityName>Elmsett</LocalityName>
      <LocalityQualifier>Suffolk</LocalityQualifier>
    </AnnotatedStopPointRef>
    <AnnotatedStopPointRef>
      <StopPointRef>390010457</StopPointRef>
      <CommonName>Elmsett Corner</CommonName>
      <Indicator>adj</Indicator>
      <LocalityName>Whatfield</LocalityName>
      <LocalityQualifier>Suffolk</LocalityQualifier>
    </AnnotatedStopPointRef>
    <AnnotatedStopPointRef>
      <StopPointRef>390010740</StopPointRef>
      <CommonName>Telephone Box</CommonName>
      <LocalityName>Whatfield</LocalityName>
      <LocalityQualifier>Suffolk</LocalityQualifier>
    </AnnotatedStopPointRef>
  </StopPoints>
  <RouteSections>
    <RouteSection id="RS_13-461-_-y08-1-I-1">
      <RouteLink id="RL_13-461-_-y08-1-I-1-1">
        <From>
          <StopPointRef>390010891</StopPointRef>
        </From>
        <To>
          <StopPointRef>390010416</StopPointRef>
        </To>
        <Direction>inbound</Direction>
      </RouteLink>
      <RouteLink id="RL_13-461-_-y08-1-I-1-2">
        <From>
          <StopPointRef>390010416</StopPointRef>
        </From>
        <To>
          <StopPointRef>390010399</StopPointRef>
        </To>
        <Direction>inbound</Direction>
      </RouteLink>
      <RouteLink id="RL_13-461-_-y08-1-I-1-3">
        <From>
          <StopPointRef>390010399</StopPointRef>
        </From>
        <To>
          <StopPointRef>390010400</StopPointRef>
        </To>
        <Direction>inbound</Direction>
      </RouteLink>
      <RouteLink id="RL_13-461-_-y08-1-I-1-4">
        <From>
          <StopPointRef>390010400</StopPointRef>
        </From>
        <To>
          <StopPointRef>390010403</StopPointRef>
        </To>
        <Direction>inbound</Direction>
      </RouteLink>
      <RouteLink id="RL_13-461-_-y08-1-I-1-5">
        <From>
          <StopPointRef>390010403</StopPointRef>
        </From>
        <To>
          <StopPointRef>390010798</StopPointRef>
        </To>
        <Direction>inbound</Direction>
      </RouteLink>
      <RouteLink id="RL_13-461-_-y08-1-I-1-6">
        <From>
          <StopPointRef>390010798</StopPointRef>
        </From>
        <To>
          <StopPointRef>390010456</StopPointRef>
        </To>
        <Direction>inbound</Direction>
      </RouteLink>
      <RouteLink id="RL_13-461-_-y08-1-I-1-7">
        <From>
          <StopPointRef>390010456</StopPointRef>
        </From>
        <To>
          <StopPointRef>390010796</StopPointRef>
        </To>
        <Direction>inbound</Direction>
      </RouteLink>
      <RouteLink id="RL_13-461-_-y08-1-I-1-8">
        <From>
          <StopPointRef>390010796</StopPointRef>
        </From>
        <To>
          <StopPointRef>390010457</StopPointRef>
        </To>
        <Direction>inbound</Direction>
      </RouteLink>
      <RouteLink id="RL_13-461-_-y08-1-I-1-9">
        <From>
          <StopPointRef>390010457</StopPointRef>
        </From>
        <To>
          <StopPointRef>390010740</StopPointRef>
        </To>
        <Direction>inbound</Direction>
      </RouteLink>
    </RouteSection>
    <RouteSection id="RS_13-461-_-y08-1-O-5">
      <RouteLink id="RL_13-461-_-y08-1-O-5-1">
        <From>
          <StopPointRef>390010739</StopPointRef>
        </From>
        <To>
          <StopPointRef>390010458</StopPointRef>
        </To>
        <Direction>outbound</Direction>
      </RouteLink>
      <RouteLink id="RL_13-461-_-y08-1-O-5-2">
        <From>
          <StopPointRef>390010458</StopPointRef>
        </From>
        <To>
          <StopPointRef>390010795</StopPointRef>
        </To>
        <Direction>outbound</Direction>
      </RouteLink>
      <RouteLink id="RL_13-461-_-y08-1-O-5-3">
        <From>
          <StopPointRef>390010795</StopPointRef>
        </From>
        <To>
          <StopPointRef>390010455</StopPointRef>
        </To>
        <Direction>outbound</Direction>
      </RouteLink>
      <RouteLink id="RL_13-461-_-y08-1-O-5-4">
        <From>
          <StopPointRef>390010455</StopPointRef>
        </From>
        <To>
          <StopPointRef>390010797</StopPointRef>
        </To>
        <Direction>outbound</Direction>
      </RouteLink>
      <RouteLink id="RL_13-461-_-y08-1-O-5-5">
        <From>
          <StopPointRef>390010797</StopPointRef>
        </From>
        <To>
          <StopPointRef>390010402</StopPointRef>
        </To>
        <Direction>outbound</Direction>
      </RouteLink>
      <RouteLink id="RL_13-461-_-y08-1-O-5-6">
        <From>
          <StopPointRef>390010402</StopPointRef>
        </From>
        <To>
          <StopPointRef>390010401</StopPointRef>
        </To>
        <Direction>outbound</Direction>
      </RouteLink>
      <RouteLink id="RL_13-461-_-y08-1-O-5-7">
        <From>
          <StopPointRef>390010401</StopPointRef>
        </From>
        <To>
          <StopPointRef>390010398</StopPointRef>
        </To>
        <Direction>outbound</Direction>
      </RouteLink>
      <RouteLink id="RL_13-461-_-y08-1-O-5-8">
        <From>
          <StopPointRef>390010398</StopPointRef>
        </From>
        <To>
          <StopPointRef>390010417</StopPointRef>
        </To>
        <Direction>outbound</Direction>
      </RouteLink>
      <RouteLink id="RL_13-461-_-y08-1-O-5-9">
        <From>
          <StopPointRef>390010417</StopPointRef>
        </From>
        <To>
          <StopPointRef>390010387</StopPointRef>
        </To>
        <Direction>outbound</Direction>
      </RouteLink>
      <RouteLink id="RL_13-461-_-y08-1-O-5-10">
        <From>
          <StopPointRef>390010387</StopPointRef>
        </From>
        <To>
          <StopPointRef>390010411</StopPointRef>
        </To>
        <Direction>outbound</Direction>
      </RouteLink>
      <RouteLink id="RL_13-461-_-y08-1-O-5-11">
        <From>
          <StopPointRef>390010411</StopPointRef>
        </From>
        <To>
          <StopPointRef>390010834</StopPointRef>
        </To>
        <Direction>outbound</Direction>
      </RouteLink>
      <RouteLink id="RL_13-461-_-y08-1-O-5-12">
        <From>
          <StopPointRef>390010834</StopPointRef>
        </From>
        <To>
          <StopPointRef>390010426</StopPointRef>
        </To>
        <Direction>outbound</Direction>
      </RouteLink>
      <RouteLink id="RL_13-461-_-y08-1-O-5-13">
        <From>
          <StopPointRef>390010426</StopPointRef>
        </From>
        <To>
          <StopPointRef>390010418</StopPointRef>
        </To>
        <Direction>outbound</Direction>
      </RouteLink>
      <RouteLink id="RL_13-461-_-y08-1-O-5-14">
        <From>
          <StopPointRef>390010418</StopPointRef>
        </From>
        <To>
          <StopPointRef>390010421</StopPointRef>
        </To>
        <Direction>outbound</Direction>
      </RouteLink>
      <RouteLink id="RL_13-461-_-y08-1-O-5-15">
        <From>
          <StopPointRef>390010421</StopPointRef>
        </From>
        <To>
          <StopPointRef>390010423</StopPointRef>
        </To>
        <Direction>outbound</Direction>
      </RouteLink>
      <RouteLink id="RL_13-461-_-y08-1-O-5-16">
        <From>
          <StopPointRef>390010423</StopPointRef>
        </From>
        <To>
          <StopPointRef>390010424</StopPointRef>
        </To>
        <Direction>outbound</Direction>
      </RouteLink>
      <RouteLink id="RL_13-461-_-y08-1-O-5-17">
        <From>
          <StopPointRef>390010424</StopPointRef>
        </From>
        <To>
          <StopPointRef>390010429</StopPointRef>
        </To>
        <Direction>outbound</Direction>
      </RouteLink>
      <RouteLink id="RL_13-461-_-y08-1-O-5-18">
        <From>
          <StopPointRef>390010429</StopPointRef>
        </From>
        <To>
          <StopPointRef>390010410</StopPointRef>
        </To>
        <Direction>outbound</Direction>
      </RouteLink>
      <RouteLink id="RL_13-461-_-y08-1-O-5-19">
        <From>
          <StopPointRef>390010410</StopPointRef>
        </From>
        <To>
          <StopPointRef>390010891</StopPointRef>
        </To>
        <Direction>outbound</Direction>
      </RouteLink>
    </RouteSection>
  </RouteSections>
  <Routes>
    <Route id="R_13-461-_-y08-1-I-1">
      <PrivateCode>R_13-461-_-y08-1-I-1</PrivateCode>
      <Description>Bus Station - Telephone Box</Description>
      <RouteSectionRef>RS_13-461-_-y08-1-I-1</RouteSectionRef>
    </Route>
    <Route id="R_13-461-_-y08-1-O-5">
      <PrivateCode>R_13-461-_-y08-1-O-5</PrivateCode>
      <Description>Telephone Box - Bus Station</Description>
      <RouteSectionRef>RS_13-461-_-y08-1-O-5</RouteSectionRef>
    </Route>
  </Routes>
  <JourneyPatternSections>
    <JourneyPatternSection id="JPS_13-461-_-y08-1-5-5-O">
      <JourneyPatternTimingLink id="JPL_13-461-_-y08-1-5-O-5-2">
        <From SequenceNumber="1">
          <Activity>pickUp</Activity>
          <StopPointRef>390010739</StopPointRef>
          <TimingStatus>PTP</TimingStatus>
        </From>
        <To SequenceNumber="2">
          <Activity>pickUpAndSetDown</Activity>
          <StopPointRef>390010458</StopPointRef>
          <TimingStatus>OTH</TimingStatus>
        </To>
        <RouteLinkRef>RL_13-461-_-y08-1-O-5-1</RouteLinkRef>
        <RunTime>PT23S</RunTime>
      </JourneyPatternTimingLink>
      <JourneyPatternTimingLink id="JPL_13-461-_-y08-1-5-O-5-3">
        <From SequenceNumber="2">
          <Activity>pickUpAndSetDown</Activity>
          <StopPointRef>390010458</StopPointRef>
          <TimingStatus>OTH</TimingStatus>
        </From>
        <To SequenceNumber="3">
          <Activity>pickUpAndSetDown</Activity>
          <StopPointRef>390010795</StopPointRef>
          <TimingStatus>OTH</TimingStatus>
        </To>
        <RouteLinkRef>RL_13-461-_-y08-1-O-5-2</RouteLinkRef>
        <RunTime>PT2M45S</RunTime>
      </JourneyPatternTimingLink>
      <JourneyPatternTimingLink id="JPL_13-461-_-y08-1-5-O-5-4">
        <From SequenceNumber="3">
          <Activity>pickUpAndSetDown</Activity>
          <StopPointRef>390010795</StopPointRef>
          <TimingStatus>OTH</TimingStatus>
        </From>
        <To SequenceNumber="4">
          <Activity>pickUpAndSetDown</Activity>
          <StopPointRef>390010455</StopPointRef>
          <TimingStatus>PTP</TimingStatus>
        </To>
        <RouteLinkRef>RL_13-461-_-y08-1-O-5-3</RouteLinkRef>
        <RunTime>PT52S</RunTime>
      </JourneyPatternTimingLink>
      <JourneyPatternTimingLink id="JPL_13-461-_-y08-1-5-O-5-5">
        <From SequenceNumber="4">
          <Activity>pickUpAndSetDown</Activity>
          <StopPointRef>390010455</StopPointRef>
          <TimingStatus>PTP</TimingStatus>
        </From>
        <To SequenceNumber="5">
          <Activity>pickUpAndSetDown</Activity>
          <StopPointRef>390010797</StopPointRef>
          <TimingStatus>PTP</TimingStatus>
        </To>
        <RouteLinkRef>RL_13-461-_-y08-1-O-5-4</RouteLinkRef>
        <RunTime>PT4M</RunTime>
      </JourneyPatternTimingLink>
      <JourneyPatternTimingLink id="JPL_13-461-_-y08-1-5-O-5-6">
        <From SequenceNumber="5">
          <Activity>pickUpAndSetDown</Activity>
          <StopPointRef>390010797</StopPointRef>
          <TimingStatus>PTP</TimingStatus>
        </From>
        <To SequenceNumber="6">
          <Activity>pickUpAndSetDown</Activity>
          <StopPointRef>390010402</StopPointRef>
          <TimingStatus>OTH</TimingStatus>
        </To>
        <RouteLinkRef>RL_13-461-_-y08-1-O-5-5</RouteLinkRef>
        <RunTime>PT4M30S</RunTime>
      </JourneyPatternTimingLink>
      <JourneyPatternTimingLink id="JPL_13-461-_-y08-1-5-O-5-7">
        <From SequenceNumber="6">
          <Activity>pickUpAndSetDown</Activity>
          <StopPointRef>390010402</StopPointRef>
          <TimingStatus>OTH</TimingStatus>
        </From>
        <To SequenceNumber="7">
          <Activity>pickUpAndSetDown</Activity>
          <StopPointRef>390010401</StopPointRef>
          <TimingStatus>PTP</TimingStatus>
        </To>
        <RouteLinkRef>RL_13-461-_-y08-1-O-5-6</RouteLinkRef>
        <RunTime>PT30S</RunTime>
      </JourneyPatternTimingLink>
      <JourneyPatternTimingLink id="JPL_13-461-_-y08-1-5-O-5-8">
        <From SequenceNumber="7">
          <Activity>pickUpAndSetDown</Activity>
          <StopPointRef>390010401</StopPointRef>
          <TimingStatus>PTP</TimingStatus>
        </From>
        <To SequenceNumber="8">
          <Activity>pickUpAndSetDown</Activity>
          <StopPointRef>390010398</StopPointRef>
          <TimingStatus>OTH</TimingStatus>
        </To>
        <RouteLinkRef>RL_13-461-_-y08-1-O-5-7</RouteLinkRef>
        <RunTime>PT35S</RunTime>
      </JourneyPatternTimingLink>
      <JourneyPatternTimingLink id="JPL_13-461-_-y08-1-5-O-5-9">
        <From SequenceNumber="8">
          <Activity>pickUpAndSetDown</Activity>
          <StopPointRef>390010398</StopPointRef>
          <TimingStatus>OTH</TimingStatus>
        </From>
        <To SequenceNumber="9">
          <Activity>pickUpAndSetDown</Activity>
          <StopPointRef>390010417</StopPointRef>
          <TimingStatus>OTH</TimingStatus>
        </To>
        <RouteLinkRef>RL_13-461-_-y08-1-O-5-8</RouteLinkRef>
        <RunTime>PT28S</RunTime>
      </JourneyPatternTimingLink>
      <JourneyPatternTimingLink id="JPL_13-461-_-y08-1-5-O-5-10">
        <From SequenceNumber="9">
          <Activity>pickUpAndSetDown</Activity>
          <StopPointRef>390010417</StopPointRef>
          <TimingStatus>OTH</TimingStatus>
        </From>
        <To SequenceNumber="10">
          <Activity>pickUpAndSetDown</Activity>
          <StopPointRef>390010387</StopPointRef>
          <TimingStatus>PTP</TimingStatus>
        </To>
        <RouteLinkRef>RL_13-461-_-y08-1-O-5-9</RouteLinkRef>
        <RunTime>PT57S</RunTime>
      </JourneyPatternTimingLink>
      <JourneyPatternTimingLink id="JPL_13-461-_-y08-1-5-O-5-11">
        <From SequenceNumber="10">
          <Activity>pickUpAndSetDown</Activity>
          <StopPointRef>390010387</StopPointRef>
          <TimingStatus>PTP</TimingStatus>
        </From>
        <To SequenceNumber="11">
          <Activity>pickUpAndSetDown</Activity>
          <StopPointRef>390010411</StopPointRef>
          <TimingStatus>OTH</TimingStatus>
        </To>
        <RouteLinkRef>RL_13-461-_-y08-1-O-5-10</RouteLinkRef>
        <RunTime>PT1M30S</RunTime>
      </JourneyPatternTimingLink>
      <JourneyPatternTimingLink id="JPL_13-461-_-y08-1-5-O-5-12">
        <From SequenceNumber="11">
          <Activity>pickUpAndSetDown</Activity>
          <StopPointRef>390010411</StopPointRef>
          <TimingStatus>OTH</TimingStatus>
        </From>
        <To SequenceNumber="12">
          <Activity>pickUpAndSetDown</Activity>
          <StopPointRef>390010834</StopPointRef>
          <TimingStatus>PTP</TimingStatus>
        </To>
        <RouteLinkRef>RL_13-461-_-y08-1-O-5-11</RouteLinkRef>
        <RunTime>PT2M30S</RunTime>
      </JourneyPatternTimingLink>
      <JourneyPatternTimingLink id="JPL_13-461-_-y08-1-5-O-5-13">
        <From SequenceNumber="12">
          <Activity>pickUpAndSetDown</Activity>
          <StopPointRef>390010834</StopPointRef>
          <TimingStatus>PTP</TimingStatus>
        </From>
        <To SequenceNumber="13">
          <Activity>pickUpAndSetDown</Activity>
          <StopPointRef>390010426</StopPointRef>
          <TimingStatus>OTH</TimingStatus>
        </To>
        <RouteLinkRef>RL_13-461-_-y08-1-O-5-12</RouteLinkRef>
        <RunTime>PT1M16S</RunTime>
      </JourneyPatternTimingLink>
      <JourneyPatternTimingLink id="JPL_13-461-_-y08-1-5-O-5-14">
        <From SequenceNumber="13">
          <Activity>pickUpAndSetDown</Activity>
          <StopPointRef>390010426</StopPointRef>
          <TimingStatus>OTH</TimingStatus>
        </From>
        <To SequenceNumber="14">
          <Activity>pickUpAndSetDown</Activity>
          <StopPointRef>390010418</StopPointRef>
          <TimingStatus>OTH</TimingStatus>
        </To>
        <RouteLinkRef>RL_13-461-_-y08-1-O-5-13</RouteLinkRef>
        <RunTime>PT1M22S</RunTime>
      </JourneyPatternTimingLink>
      <JourneyPatternTimingLink id="JPL_13-461-_-y08-1-5-O-5-15">
        <From SequenceNumber="14">
          <Activity>pickUpAndSetDown</Activity>
          <StopPointRef>390010418</StopPointRef>
          <TimingStatus>OTH</TimingStatus>
        </From>
        <To SequenceNumber="15">
          <Activity>pickUpAndSetDown</Activity>
          <StopPointRef>390010421</StopPointRef>
          <TimingStatus>PTP</TimingStatus>
        </To>
        <RouteLinkRef>RL_13-461-_-y08-1-O-5-14</RouteLinkRef>
        <RunTime>PT22S</RunTime>
      </JourneyPatternTimingLink>
      <JourneyPatternTimingLink id="JPL_13-461-_-y08-1-5-O-5-16">
        <From SequenceNumber="15">
          <Activity>pickUpAndSetDown</Activity>
          <StopPointRef>390010421</StopPointRef>
          <TimingStatus>PTP</TimingStatus>
        </From>
        <To SequenceNumber="16">
          <Activity>pickUpAndSetDown</Activity>
          <StopPointRef>390010423</StopPointRef>
          <TimingStatus>OTH</TimingStatus>
        </To>
        <RouteLinkRef>RL_13-461-_-y08-1-O-5-15</RouteLinkRef>
        <RunTime>PT29S</RunTime>
      </JourneyPatternTimingLink>
      <JourneyPatternTimingLink id="JPL_13-461-_-y08-1-5-O-5-17">
        <From SequenceNumber="16">
          <Activity>pickUpAndSetDown</Activity>
          <StopPointRef>390010423</StopPointRef>
          <TimingStatus>OTH</TimingStatus>
        </From>
        <To SequenceNumber="17">
          <Activity>pickUpAndSetDown</Activity>
          <StopPointRef>390010424</StopPointRef>
          <TimingStatus>OTH</TimingStatus>
        </To>
        <RouteLinkRef>RL_13-461-_-y08-1-O-5-16</RouteLinkRef>
        <RunTime>PT33S</RunTime>
      </JourneyPatternTimingLink>
      <JourneyPatternTimingLink id="JPL_13-461-_-y08-1-5-O-5-18">
        <From SequenceNumber="17">
          <Activity>pickUpAndSetDown</Activity>
          <StopPointRef>390010424</StopPointRef>
          <TimingStatus>OTH</TimingStatus>
        </From>
        <To SequenceNumber="18">
          <Activity>pickUpAndSetDown</Activity>
          <StopPointRef>390010429</StopPointRef>
          <TimingStatus>OTH</TimingStatus>
        </To>
        <RouteLinkRef>RL_13-461-_-y08-1-O-5-17</RouteLinkRef>
        <RunTime>PT40S</RunTime>
      </JourneyPatternTimingLink>
      <JourneyPatternTimingLink id="JPL_13-461-_-y08-1-5-O-5-19">
        <From SequenceNumber="18">
          <Activity>pickUpAndSetDown</Activity>
          <StopPointRef>390010429</StopPointRef>
          <TimingStatus>OTH</TimingStatus>
        </From>
        <To SequenceNumber="19">
          <Activity>pickUpAndSetDown</Activity>
          <StopPointRef>390010410</StopPointRef>
          <TimingStatus>OTH</TimingStatus>
        </To>
        <RouteLinkRef>RL_13-461-_-y08-1-O-5-18</RouteLinkRef>
        <RunTime>PT33S</RunTime>
      </JourneyPatternTimingLink>
      <JourneyPatternTimingLink id="JPL_13-461-_-y08-1-5-O-5-20">
        <From SequenceNumber="19">
          <Activity>pickUpAndSetDown</Activity>
          <StopPointRef>390010410</StopPointRef>
          <TimingStatus>OTH</TimingStatus>
        </From>
        <To SequenceNumber="20">
          <Activity>setDown</Activity>
          <StopPointRef>390010891</StopPointRef>
          <TimingStatus>PTP</TimingStatus>
        </To>
        <RouteLinkRef>RL_13-461-_-y08-1-O-5-19</RouteLinkRef>
        <RunTime>PT45S</RunTime>
      </JourneyPatternTimingLink>
    </JourneyPatternSection>
    <JourneyPatternSection id="JPS_13-461-_-y08-1-1-1-I">
      <JourneyPatternTimingLink id="JPL_13-461-_-y08-1-1-I-1-2">
        <From SequenceNumber="1">
          <Activity>pickUp</Activity>
          <StopPointRef>390010891</StopPointRef>
          <TimingStatus>PTP</TimingStatus>
        </From>
        <To SequenceNumber="2">
          <Activity>pickUpAndSetDown</Activity>
          <StopPointRef>390010416</StopPointRef>
          <TimingStatus>OTH</TimingStatus>
        </To>
        <RouteLinkRef>RL_13-461-_-y08-1-I-1-1</RouteLinkRef>
        <RunTime>PT56S</RunTime>
      </JourneyPatternTimingLink>
      <JourneyPatternTimingLink id="JPL_13-461-_-y08-1-1-I-1-3">
        <From SequenceNumber="2">
          <Activity>pickUpAndSetDown</Activity>
          <StopPointRef>390010416</StopPointRef>
          <TimingStatus>OTH</TimingStatus>
        </From>
        <To SequenceNumber="3">
          <Activity>pickUpAndSetDown</Activity>
          <StopPointRef>390010399</StopPointRef>
          <TimingStatus>OTH</TimingStatus>
        </To>
        <RouteLinkRef>RL_13-461-_-y08-1-I-1-2</RouteLinkRef>
        <RunTime>PT32S</RunTime>
      </JourneyPatternTimingLink>
      <JourneyPatternTimingLink id="JPL_13-461-_-y08-1-1-I-1-4">
        <From SequenceNumber="3">
          <Activity>pickUpAndSetDown</Activity>
          <StopPointRef>390010399</StopPointRef>
          <TimingStatus>OTH</TimingStatus>
        </From>
        <To SequenceNumber="4">
          <Activity>pickUpAndSetDown</Activity>
          <StopPointRef>390010400</StopPointRef>
          <TimingStatus>PTP</TimingStatus>
        </To>
        <RouteLinkRef>RL_13-461-_-y08-1-I-1-3</RouteLinkRef>
        <RunTime>PT32S</RunTime>
      </JourneyPatternTimingLink>
      <JourneyPatternTimingLink id="JPL_13-461-_-y08-1-1-I-1-5">
        <From SequenceNumber="4">
          <Activity>pickUpAndSetDown</Activity>
          <StopPointRef>390010400</StopPointRef>
          <TimingStatus>PTP</TimingStatus>
        </From>
        <To SequenceNumber="5">
          <Activity>pickUpAndSetDown</Activity>
          <StopPointRef>390010403</StopPointRef>
          <TimingStatus>OTH</TimingStatus>
        </To>
        <RouteLinkRef>RL_13-461-_-y08-1-I-1-4</RouteLinkRef>
        <RunTime>PT29S</RunTime>
      </JourneyPatternTimingLink>
      <JourneyPatternTimingLink id="JPL_13-461-_-y08-1-1-I-1-6">
        <From SequenceNumber="5">
          <Activity>pickUpAndSetDown</Activity>
          <StopPointRef>390010403</StopPointRef>
          <TimingStatus>OTH</TimingStatus>
        </From>
        <To SequenceNumber="6">
          <Activity>pickUpAndSetDown</Activity>
          <StopPointRef>390010798</StopPointRef>
          <TimingStatus>PTP</TimingStatus>
        </To>
        <RouteLinkRef>RL_13-461-_-y08-1-I-1-5</RouteLinkRef>
        <RunTime>PT4M31S</RunTime>
      </JourneyPatternTimingLink>
      <JourneyPatternTimingLink id="JPL_13-461-_-y08-1-1-I-1-7">
        <From SequenceNumber="6">
          <Activity>pickUpAndSetDown</Activity>
          <StopPointRef>390010798</StopPointRef>
          <TimingStatus>PTP</TimingStatus>
        </From>
        <To SequenceNumber="7">
          <Activity>pickUpAndSetDown</Activity>
          <StopPointRef>390010456</StopPointRef>
          <TimingStatus>PTP</TimingStatus>
        </To>
        <RouteLinkRef>RL_13-461-_-y08-1-I-1-6</RouteLinkRef>
        <RunTime>PT3M</RunTime>
      </JourneyPatternTimingLink>
      <JourneyPatternTimingLink id="JPL_13-461-_-y08-1-1-I-1-8">
        <From SequenceNumber="7">
          <Activity>pickUpAndSetDown</Activity>
          <StopPointRef>390010456</StopPointRef>
          <TimingStatus>PTP</TimingStatus>
        </From>
        <To SequenceNumber="8">
          <Activity>pickUpAndSetDown</Activity>
          <StopPointRef>390010796</StopPointRef>
          <TimingStatus>OTH</TimingStatus>
        </To>
        <RouteLinkRef>RL_13-461-_-y08-1-I-1-7</RouteLinkRef>
        <RunTime>PT52S</RunTime>
      </JourneyPatternTimingLink>
      <JourneyPatternTimingLink id="JPL_13-461-_-y08-1-1-I-1-9">
        <From SequenceNumber="8">
          <Activity>pickUpAndSetDown</Activity>
          <StopPointRef>390010796</StopPointRef>
          <TimingStatus>OTH</TimingStatus>
        </From>
        <To SequenceNumber="9">
          <Activity>pickUpAndSetDown</Activity>
          <StopPointRef>390010457</StopPointRef>
          <TimingStatus>OTH</TimingStatus>
        </To>
        <RouteLinkRef>RL_13-461-_-y08-1-I-1-8</RouteLinkRef>
        <RunTime>PT2M44S</RunTime>
      </JourneyPatternTimingLink>
      <JourneyPatternTimingLink id="JPL_13-461-_-y08-1-1-I-1-10">
        <From SequenceNumber="9">
          <Activity>pickUpAndSetDown</Activity>
          <StopPointRef>390010457</StopPointRef>
          <TimingStatus>OTH</TimingStatus>
        </From>
        <To SequenceNumber="10">
          <Activity>setDown</Activity>
          <StopPointRef>390010740</StopPointRef>
          <TimingStatus>PTP</TimingStatus>
        </To>
        <RouteLinkRef>RL_13-461-_-y08-1-I-1-9</RouteLinkRef>
        <RunTime>PT24S</RunTime>
      </JourneyPatternTimingLink>
    </JourneyPatternSection>
  </JourneyPatternSections>
  <Operators>
    <Operator id="OId_CHAM">
      <NationalOperatorCode>CHAM</NationalOperatorCode>
      <OperatorCode>CHAM</OperatorCode>
      <OperatorShortName>Chambers</OperatorShortName>
      <OperatorNameOnLicence>Chambers</OperatorNameOnLicence>
      <TradingName>Chambers</TradingName>
    </Operator>
  </Operators>
  <Services>
    <Service>
      <ServiceCode>13-461-_-y08-1</ServiceCode>
      <PrivateCode>13-461-_-y08-1</PrivateCode>
      <Lines>
        <Line id="13-461-_-y08-1">
          <LineName>461</LineName>
        </Line>
      </Lines>
      <OperatingPeriod>
        <StartDate>2019-11-05</StartDate>
        <EndDate>2020-05-08</EndDate>
      </OperatingPeriod>
      <OperatingProfile>
        <RegularDayType>
          <DaysOfWeek>
            <MondayToFriday />
          </DaysOfWeek>
        </RegularDayType>
        <SpecialDaysOperation>
          <DaysOfNonOperation>
            <DateRange>
              <StartDate>2019-12-24</StartDate>
              <EndDate>2019-12-24</EndDate>
            </DateRange>
            <DateRange>
              <StartDate>2019-12-27</StartDate>
              <EndDate>2019-12-27</EndDate>
            </DateRange>
            <DateRange>
              <StartDate>2019-12-30</StartDate>
              <EndDate>2019-12-31</EndDate>
            </DateRange>
          </DaysOfNonOperation>
        </SpecialDaysOperation>
        <BankHolidayOperation>
          <DaysOfNonOperation>
            <ChristmasDay />
            <BoxingDay />
            <GoodFriday />
            <NewYearsDay />
            <MayDay />
            <EasterMonday />
          </DaysOfNonOperation>
        </BankHolidayOperation>
      </OperatingProfile>
      <VehicleType>
        <VehicleEquipment>
          <AccessVehicleEquipment>
            <LowFloor>true</LowFloor>
            <Ramp>true</Ramp>
          </AccessVehicleEquipment>
          <WheelchairVehicleEquipment>
            <SuitableFor>wheelchair</SuitableFor>
          </WheelchairVehicleEquipment>
        </VehicleEquipment>
        <WheelchairAccessible>true</WheelchairAccessible>
      </VehicleType>
      <RegisteredOperatorRef>OId_CHAM</RegisteredOperatorRef>
      <StopRequirements>
        <NoNewStopsRequired />
      </StopRequirements>
      <Mode>bus</Mode>
      <Description>Whatfield - Elmsett - Hadleigh</Description>
      <StandardService>
        <Origin>Telephone Box</Origin>
        <Destination>Bus Station</Destination>
        <JourneyPattern id="JP_13-461-_-y08-1-5-O-5">
          <Direction>outbound</Direction>
          <Operational>
            <VehicleType>
              <VehicleTypeCode>WhCh</VehicleTypeCode>
              <Description>Wheelchair Accessible</Description>
            </VehicleType>
          </Operational>
          <RouteRef>R_13-461-_-y08-1-O-5</RouteRef>
          <JourneyPatternSectionRefs>JPS_13-461-_-y08-1-5-5-O</JourneyPatternSectionRefs>
        </JourneyPattern>
        <JourneyPattern id="JP_13-461-_-y08-1-1-I-1">
          <Direction>inbound</Direction>
          <Operational>
            <VehicleType>
              <VehicleTypeCode>WhCh</VehicleTypeCode>
              <Description>Wheelchair Accessible</Description>
            </VehicleType>
          </Operational>
          <RouteRef>R_13-461-_-y08-1-I-1</RouteRef>
          <JourneyPatternSectionRefs>JPS_13-461-_-y08-1-1-1-I</JourneyPatternSectionRefs>
        </JourneyPattern>
      </StandardService>
    </Service>
  </Services>
  <VehicleJourneys>
    <VehicleJourney>
      <PrivateCode>suf-13-461-_-y08-1-1-T0</PrivateCode>
      <Operational>
        <VehicleType>
          <VehicleTypeCode>WhCh</VehicleTypeCode>
          <Description>Wheelchair Accessible</Description>
        </VehicleType>
      </Operational>
      <OperatingProfile>
        <RegularDayType>
          <DaysOfWeek>
            <Wednesday />
          </DaysOfWeek>
        </RegularDayType>
        <BankHolidayOperation>
          <DaysOfNonOperation>
            <AllBankHolidays />
          </DaysOfNonOperation>
        </BankHolidayOperation>
      </OperatingProfile>
      <VehicleJourneyCode>VJ_13-461-_-y08-1-1-T0</VehicleJourneyCode>
      <ServiceRef>13-461-_-y08-1</ServiceRef>
      <LineRef>13-461-_-y08-1</LineRef>
      <JourneyPatternRef>JP_13-461-_-y08-1-5-O-5</JourneyPatternRef>
      <Note>
        <NoteCode>1</NoteCode>
        <NoteText>Sponsored by Suffolk County Council</NoteText>
      </Note>
      <Note>
        <NoteCode>W</NoteCode>
        <NoteText>Operates on Wednesdays</NoteText>
      </Note>
      <DepartureTime>09:15:00</DepartureTime>
    </VehicleJourney>
    <VehicleJourney>
      <PrivateCode>suf-13-461-_-y08-1-6-T0</PrivateCode>
      <Operational>
        <VehicleType>
          <VehicleTypeCode>WhCh</VehicleTypeCode>
          <Description>Wheelchair Accessible</Description>
        </VehicleType>
      </Operational>
      <OperatingProfile>
        <RegularDayType>
          <DaysOfWeek>
            <Wednesday />
          </DaysOfWeek>
        </RegularDayType>
        <BankHolidayOperation>
          <DaysOfNonOperation>
            <AllBankHolidays />
          </DaysOfNonOperation>
        </BankHolidayOperation>
      </OperatingProfile>
      <VehicleJourneyCode>VJ_13-461-_-y08-1-6-T0</VehicleJourneyCode>
      <ServiceRef>13-461-_-y08-1</ServiceRef>
      <LineRef>13-461-_-y08-1</LineRef>
      <JourneyPatternRef>JP_13-461-_-y08-1-1-I-1</JourneyPatternRef>
      <Note>
        <NoteCode>1</NoteCode>
        <NoteText>Sponsored by Suffolk County Council</NoteText>
      </Note>
      <Note>
        <NoteCode>W</NoteCode>
        <NoteText>Operates on Wednesdays</NoteText>
      </Note>
      <DepartureTime>14:22:00</DepartureTime>
    </VehicleJourney>
  </VehicleJourneys>
</TransXChange>