<?xml version="1.0" encoding="utf-8"?>
<TransXChange xmlns:xsi="http://www.w3.org/2001/XMLSchema-instance" xmlns:xsd="http://www.w3.org/2001/XMLSchema" xsi:schemaLocation="http://www.transxchange.org.uk/ http://www.transxchange.org.uk/schema/2.5/TransXChange_general.xsd" CreationDateTime="2019-11-07T16:00:47.189Z" ModificationDateTime="2019-11-07T16:00:47.189Z" Modification="new" RevisionNumber="3" FileName="suf_17-3-_-y08-1.xml" SchemaVersion="2.5" RegistrationDocument="true" xmlns="http://www.transxchange.org.uk/">
  <StopPoints>
    <AnnotatedStopPointRef>
      <StopPointRef>390040596</StopPointRef>
      <CommonName>Argos Store</CommonName>
      <LocalityName>Stowmarket</LocalityName>
      <LocalityQualifier>Suffolk</LocalityQualifier>
    </AnnotatedStopPointRef>
    <AnnotatedStopPointRef>
      <StopPointRef>390040564</StopPointRef>
      <CommonName>Railway Station</CommonName>
      <LocalityName>Stowmarket</LocalityName>
      <LocalityQualifier>Suffolk</LocalityQualifier>
    </AnnotatedStopPointRef>
    <AnnotatedStopPointRef>
      <StopPointRef>390040587</StopPointRef>
      <CommonName>The Little Wellington</CommonName>
      <Indicator>opp</Indicator>
      <LocalityName>Stowmarket</LocalityName>
      <LocalityQualifier>Suffolk</LocalityQualifier>
    </AnnotatedStopPointRef>
    <AnnotatedStopPointRef>
      <StopPointRef>390040567</StopPointRef>
      <CommonName>Laburnham Cottage</CommonName>
      <Indicator>opp</Indicator>
      <LocalityName>Stowupland</LocalityName>
      <LocalityQualifier>Suffolk</LocalityQualifier>
    </AnnotatedStopPointRef>
    <AnnotatedStopPointRef>
      <StopPointRef>390040585</StopPointRef>
      <CommonName>Allotments</CommonName>
      <LocalityName>Stowupland</LocalityName>
      <LocalityQualifier>Suffolk</LocalityQualifier>
    </AnnotatedStopPointRef>
    <AnnotatedStopPointRef>
      <StopPointRef>390040760</StopPointRef>
      <CommonName>Mill Street</CommonName>
      <Indicator>opp</Indicator>
      <LocalityName>Stowupland</LocalityName>
      <LocalityQualifier>Suffolk</LocalityQualifier>
    </AnnotatedStopPointRef>
    <AnnotatedStopPointRef>
      <StopPointRef>390040489</StopPointRef>
      <CommonName>Crown</CommonName>
      <Indicator>adj</Indicator>
      <LocalityName>Stowupland</LocalityName>
      <LocalityQualifier>Suffolk</LocalityQualifier>
    </AnnotatedStopPointRef>
    <AnnotatedStopPointRef>
      <StopPointRef>390040871</StopPointRef>
      <CommonName>Primary School</CommonName>
      <Indicator>o/s</Indicator>
      <LocalityName>Stowupland</LocalityName>
      <LocalityQualifier>Suffolk</LocalityQualifier>
    </AnnotatedStopPointRef>
    <AnnotatedStopPointRef>
      <StopPointRef>390040491</StopPointRef>
      <CommonName>The Street</CommonName>
      <LocalityName>Saxham Street</LocalityName>
      <LocalityQualifier>Suffolk</LocalityQualifier>
    </AnnotatedStopPointRef>
    <AnnotatedStopPointRef>
      <StopPointRef>390040791</StopPointRef>
      <CommonName>Primrose Cottage</CommonName>
      <LocalityName>Forward Green</LocalityName>
      <LocalityQualifier>Suffolk</LocalityQualifier>
    </AnnotatedStopPointRef>
    <AnnotatedStopPointRef>
      <StopPointRef>390040487</StopPointRef>
      <CommonName>Church</CommonName>
      <Indicator>adj</Indicator>
      <LocalityName>Earl Stonham</LocalityName>
      <LocalityQualifier>Suffolk</LocalityQualifier>
    </AnnotatedStopPointRef>
    <AnnotatedStopPointRef>
      <StopPointRef>390040476</StopPointRef>
      <CommonName>Brewery Farm</CommonName>
      <Indicator>opp</Indicator>
      <LocalityName>Little Stonham</LocalityName>
      <LocalityQualifier>Suffolk</LocalityQualifier>
    </AnnotatedStopPointRef>
    <AnnotatedStopPointRef>
      <StopPointRef>390040475</StopPointRef>
      <CommonName>Valley Farm</CommonName>
      <LocalityName>Little Stonham</LocalityName>
      <LocalityQualifier>Suffolk</LocalityQualifier>
    </AnnotatedStopPointRef>
    <AnnotatedStopPointRef>
      <StopPointRef>390040800</StopPointRef>
      <CommonName>Pound Corner</CommonName>
      <Indicator>adj</Indicator>
      <LocalityName>Stonham Aspal</LocalityName>
      <LocalityQualifier>Suffolk</LocalityQualifier>
    </AnnotatedStopPointRef>
    <AnnotatedStopPointRef>
      <StopPointRef>390040482</StopPointRef>
      <CommonName>The Green</CommonName>
      <Indicator>N-bound</Indicator>
      <LocalityName>Mill Green/Stonham A</LocalityName>
      <LocalityQualifier>Suffolk</LocalityQualifier>
    </AnnotatedStopPointRef>
    <AnnotatedStopPointRef>
      <StopPointRef>390040014</StopPointRef>
      <CommonName>High School</CommonName>
      <Indicator>opp</Indicator>
      <LocalityName>Debenham</LocalityName>
      <LocalityQualifier>Suffolk</LocalityQualifier>
    </AnnotatedStopPointRef>
    <AnnotatedStopPointRef>
      <StopPointRef>390040015</StopPointRef>
      <CommonName>Henry Street</CommonName>
      <Indicator>opp</Indicator>
      <LocalityName>Debenham</LocalityName>
      <LocalityQualifier>Suffolk</LocalityQualifier>
    </AnnotatedStopPointRef>
    <AnnotatedStopPointRef>
      <StopPointRef>390040017</StopPointRef>
      <CommonName>Henniker Road</CommonName>
      <Indicator>adj</Indicator>
      <LocalityName>Debenham</LocalityName>
      <LocalityQualifier>Suffolk</LocalityQualifier>
    </AnnotatedStopPointRef>
    <AnnotatedStopPointRef>
      <StopPointRef>390040012</StopPointRef>
      <CommonName>Bus Shelter</CommonName>
      <Indicator>opp</Indicator>
      <LocalityName>Debenham</LocalityName>
      <LocalityQualifier>Suffolk</LocalityQualifier>
    </AnnotatedStopPointRef>
    <AnnotatedStopPointRef>
      <StopPointRef>390040009</StopPointRef>
      <CommonName>The Butts</CommonName>
      <Indicator>adj</Indicator>
      <LocalityName>Debenham</LocalityName>
      <LocalityQualifier>Suffolk</LocalityQualifier>
    </AnnotatedStopPointRef>
    <AnnotatedStopPointRef>
      <StopPointRef>390040033</StopPointRef>
      <CommonName>Church Lane</CommonName>
      <LocalityName>Kenton (Suffk)</LocalityName>
      <LocalityQualifier>Suffolk</LocalityQualifier>
    </AnnotatedStopPointRef>
    <AnnotatedStopPointRef>
      <StopPointRef>390040031</StopPointRef>
      <CommonName>Garneys Close</CommonName>
      <LocalityName>Kenton (Suffk)</LocalityName>
      <LocalityQualifier>Suffolk</LocalityQualifier>
    </AnnotatedStopPointRef>
    <AnnotatedStopPointRef>
      <StopPointRef>390040034</StopPointRef>
      <CommonName>Church Lane</CommonName>
      <LocalityName>Kenton (Suffk)</LocalityName>
      <LocalityQualifier>Suffolk</LocalityQualifier>
    </AnnotatedStopPointRef>
    <AnnotatedStopPointRef>
      <StopPointRef>390040036</StopPointRef>
      <CommonName>The Old Crown</CommonName>
      <LocalityName>Kenton (Suffk)</LocalityName>
      <LocalityQualifier>Suffolk</LocalityQualifier>
    </AnnotatedStopPointRef>
    <AnnotatedStopPointRef>
      <StopPointRef>390040109</StopPointRef>
      <CommonName>Council Houses</CommonName>
      <LocalityName>Monk Soham</LocalityName>
      <LocalityQualifier>Suffolk</LocalityQualifier>
    </AnnotatedStopPointRef>
    <AnnotatedStopPointRef>
      <StopPointRef>390061023</StopPointRef>
      <CommonName>Old School</CommonName>
      <LocalityName>Monk Soham</LocalityName>
      <LocalityQualifier>Suffolk</LocalityQualifier>
    </AnnotatedStopPointRef>
    <AnnotatedStopPointRef>
      <StopPointRef>390040112</StopPointRef>
      <CommonName>Dog Corner</CommonName>
      <Indicator>N-bound</Indicator>
      <LocalityName>Bedfield LittleGreen</LocalityName>
      <LocalityQualifier>Suffolk</LocalityQualifier>
    </AnnotatedStopPointRef>
    <AnnotatedStopPointRef>
      <StopPointRef>390041050</StopPointRef>
      <CommonName>Playing Field</CommonName>
      <LocalityName>Bedfield</LocalityName>
      <LocalityQualifier>Suffolk</LocalityQualifier>
    </AnnotatedStopPointRef>
    <AnnotatedStopPointRef>
      <StopPointRef>390040108</StopPointRef>
      <CommonName>Tannington Road</CommonName>
      <LocalityName>Bedfield</LocalityName>
      <LocalityQualifier>Suffolk</LocalityQualifier>
    </AnnotatedStopPointRef>
    <AnnotatedStopPointRef>
      <StopPointRef>390040106</StopPointRef>
      <CommonName>The Cross</CommonName>
      <Indicator>opp</Indicator>
      <LocalityName>Worlingworth</LocalityName>
      <LocalityQualifier>Suffolk</LocalityQualifier>
    </AnnotatedStopPointRef>
    <AnnotatedStopPointRef>
      <StopPointRef>390040766</StopPointRef>
      <CommonName>Church</CommonName>
      <Indicator>opp</Indicator>
      <LocalityName>Worlingworth</LocalityName>
      <LocalityQualifier>Suffolk</LocalityQualifier>
    </AnnotatedStopPointRef>
    <AnnotatedStopPointRef>
      <StopPointRef>390040105</StopPointRef>
      <CommonName>The Cross</CommonName>
      <Indicator>adj</Indicator>
      <LocalityName>Worlingworth</LocalityName>
      <LocalityQualifier>Suffolk</LocalityQualifier>
    </AnnotatedStopPointRef>
    <AnnotatedStopPointRef>
      <StopPointRef>390041083</StopPointRef>
      <CommonName>Maisies Meadow</CommonName>
      <Indicator>opp</Indicator>
      <LocalityName>Worlingworth</LocalityName>
      <LocalityQualifier>Suffolk</LocalityQualifier>
    </AnnotatedStopPointRef>
    <AnnotatedStopPointRef>
      <StopPointRef>390040104</StopPointRef>
      <CommonName>Letter Box</CommonName>
      <Indicator>adj</Indicator>
      <LocalityName>Worlingworth</LocalityName>
      <LocalityQualifier>Suffolk</LocalityQualifier>
    </AnnotatedStopPointRef>
    <AnnotatedStopPointRef>
      <StopPointRef>390040770</StopPointRef>
      <CommonName>Church Green</CommonName>
      <Indicator>opp</Indicator>
      <LocalityName>Southolt</LocalityName>
      <LocalityQualifier>Suffolk</LocalityQualifier>
    </AnnotatedStopPointRef>
    <AnnotatedStopPointRef>
      <StopPointRef>390040158</StopPointRef>
      <CommonName>Village Sign</CommonName>
      <Indicator>opp</Indicator>
      <LocalityName>Redlingfield</LocalityName>
      <LocalityQualifier>Suffolk</LocalityQualifier>
    </AnnotatedStopPointRef>
    <AnnotatedStopPointRef>
      <StopPointRef>390040157</StopPointRef>
      <CommonName>Village Sign</CommonName>
      <Indicator>adj</Indicator>
      <LocalityName>Redlingfield</LocalityName>
      <LocalityQualifier>Suffolk</LocalityQualifier>
    </AnnotatedStopPointRef>
    <AnnotatedStopPointRef>
      <StopPointRef>390040769</StopPointRef>
      <CommonName>Church Green</CommonName>
      <Indicator>adj</Indicator>
      <LocalityName>Southolt</LocalityName>
      <LocalityQualifier>Suffolk</LocalityQualifier>
    </AnnotatedStopPointRef>
    <AnnotatedStopPointRef>
      <StopPointRef>390040103</StopPointRef>
      <CommonName>Letter Box</CommonName>
      <Indicator>opp</Indicator>
      <LocalityName>Worlingworth</LocalityName>
      <LocalityQualifier>Suffolk</LocalityQualifier>
    </AnnotatedStopPointRef>
    <AnnotatedStopPointRef>
      <StopPointRef>390041082</StopPointRef>
      <CommonName>Maisies Meadow</CommonName>
      <Indicator>adj</Indicator>
      <LocalityName>Worlingworth</LocalityName>
      <LocalityQualifier>Suffolk</LocalityQualifier>
    </AnnotatedStopPointRef>
    <AnnotatedStopPointRef>
      <StopPointRef>390040765</StopPointRef>
      <CommonName>Church</CommonName>
      <Indicator>adj</Indicator>
      <LocalityName>Worlingworth</LocalityName>
      <LocalityQualifier>Suffolk</LocalityQualifier>
    </AnnotatedStopPointRef>
    <AnnotatedStopPointRef>
      <StopPointRef>390040107</StopPointRef>
      <CommonName>Tannington Road</CommonName>
      <LocalityName>Bedfield</LocalityName>
      <LocalityQualifier>Suffolk</LocalityQualifier>
    </AnnotatedStopPointRef>
    <AnnotatedStopPointRef>
      <StopPointRef>390041049</StopPointRef>
      <CommonName>Playing Field</CommonName>
      <LocalityName>Bedfield</LocalityName>
      <LocalityQualifier>Suffolk</LocalityQualifier>
    </AnnotatedStopPointRef>
    <AnnotatedStopPointRef>
      <StopPointRef>390040849</StopPointRef>
      <CommonName>Dog Corner</CommonName>
      <Indicator>S-bound</Indicator>
      <LocalityName>Bedfield LittleGreen</LocalityName>
      <LocalityQualifier>Suffolk</LocalityQualifier>
    </AnnotatedStopPointRef>
    <AnnotatedStopPointRef>
      <StopPointRef>390061024</StopPointRef>
      <CommonName>Old School</CommonName>
      <LocalityName>Monk Soham</LocalityName>
      <LocalityQualifier>Suffolk</LocalityQualifier>
    </AnnotatedStopPointRef>
    <AnnotatedStopPointRef>
      <StopPointRef>390040110</StopPointRef>
      <CommonName>Council Houses</CommonName>
      <LocalityName>Monk Soham</LocalityName>
      <LocalityQualifier>Suffolk</LocalityQualifier>
    </AnnotatedStopPointRef>
    <AnnotatedStopPointRef>
      <StopPointRef>390040035</StopPointRef>
      <CommonName>The Old Crown</CommonName>
      <LocalityName>Kenton (Suffk)</LocalityName>
      <LocalityQualifier>Suffolk</LocalityQualifier>
    </AnnotatedStopPointRef>
    <AnnotatedStopPointRef>
      <StopPointRef>390040010</StopPointRef>
      <CommonName>Gardeners Cottage</CommonName>
      <Indicator>adj</Indicator>
      <LocalityName>Debenham</LocalityName>
      <LocalityQualifier>Suffolk</LocalityQualifier>
    </AnnotatedStopPointRef>
    <AnnotatedStopPointRef>
      <StopPointRef>390040011</StopPointRef>
      <CommonName>Bus Shelter</CommonName>
      <Indicator>o/s</Indicator>
      <LocalityName>Debenham</LocalityName>
      <LocalityQualifier>Suffolk</LocalityQualifier>
    </AnnotatedStopPointRef>
    <AnnotatedStopPointRef>
      <StopPointRef>390040018</StopPointRef>
      <CommonName>Henniker Road</CommonName>
      <Indicator>opp</Indicator>
      <LocalityName>Debenham</LocalityName>
      <LocalityQualifier>Suffolk</LocalityQualifier>
    </AnnotatedStopPointRef>
    <AnnotatedStopPointRef>
      <StopPointRef>390040016</StopPointRef>
      <CommonName>Henry Street</CommonName>
      <Indicator>adj</Indicator>
      <LocalityName>Debenham</LocalityName>
      <LocalityQualifier>Suffolk</LocalityQualifier>
    </AnnotatedStopPointRef>
    <AnnotatedStopPointRef>
      <StopPointRef>390040013</StopPointRef>
      <CommonName>High School</CommonName>
      <Indicator>o/s</Indicator>
      <LocalityName>Debenham</LocalityName>
      <LocalityQualifier>Suffolk</LocalityQualifier>
    </AnnotatedStopPointRef>
    <AnnotatedStopPointRef>
      <StopPointRef>390040481</StopPointRef>
      <CommonName>The Green</CommonName>
      <Indicator>S-bound</Indicator>
      <LocalityName>Mill Green/Stonham A</LocalityName>
      <LocalityQualifier>Suffolk</LocalityQualifier>
    </AnnotatedStopPointRef>
    <AnnotatedStopPointRef>
      <StopPointRef>390040797</StopPointRef>
      <CommonName>Valley Farm</CommonName>
      <Indicator>opp</Indicator>
      <LocalityName>Little Stonham</LocalityName>
      <LocalityQualifier>Suffolk</LocalityQualifier>
    </AnnotatedStopPointRef>
    <AnnotatedStopPointRef>
      <StopPointRef>390040794</StopPointRef>
      <CommonName>Brewery Farm</CommonName>
      <Indicator>adj</Indicator>
      <LocalityName>Little Stonham</LocalityName>
      <LocalityQualifier>Suffolk</LocalityQualifier>
    </AnnotatedStopPointRef>
    <AnnotatedStopPointRef>
      <StopPointRef>390040488</StopPointRef>
      <CommonName>Church</CommonName>
      <Indicator>opp</Indicator>
      <LocalityName>Earl Stonham</LocalityName>
      <LocalityQualifier>Suffolk</LocalityQualifier>
    </AnnotatedStopPointRef>
    <AnnotatedStopPointRef>
      <StopPointRef>390040790</StopPointRef>
      <CommonName>Primrose Cottage</CommonName>
      <LocalityName>Forward Green</LocalityName>
      <LocalityQualifier>Suffolk</LocalityQualifier>
    </AnnotatedStopPointRef>
    <AnnotatedStopPointRef>
      <StopPointRef>390040492</StopPointRef>
      <CommonName>The Street</CommonName>
      <LocalityName>Saxham Street</LocalityName>
      <LocalityQualifier>Suffolk</LocalityQualifier>
    </AnnotatedStopPointRef>
    <AnnotatedStopPointRef>
      <StopPointRef>390040490</StopPointRef>
      <CommonName>Crown</CommonName>
      <Indicator>opp</Indicator>
      <LocalityName>Stowupland</LocalityName>
      <LocalityQualifier>Suffolk</LocalityQualifier>
    </AnnotatedStopPointRef>
    <AnnotatedStopPointRef>
      <StopPointRef>390040598</StopPointRef>
      <CommonName>Cinema</CommonName>
      <LocalityName>Stowmarket</LocalityName>
      <LocalityQualifier>Suffolk</LocalityQualifier>
    </AnnotatedStopPointRef>
  </StopPoints>
  <RouteSections>
    <RouteSection id="RS_17-3-_-y08-1-I-1">
      <RouteLink id="RL_17-3-_-y08-1-I-1-1">
        <From>
          <StopPointRef>390040596</StopPointRef>
        </From>
        <To>
          <StopPointRef>390040564</StopPointRef>
        </To>
        <Direction>inbound</Direction>
      </RouteLink>
      <RouteLink id="RL_17-3-_-y08-1-I-1-2">
        <From>
          <StopPointRef>390040564</StopPointRef>
        </From>
        <To>
          <StopPointRef>390040587</StopPointRef>
        </To>
        <Direction>inbound</Direction>
      </RouteLink>
      <RouteLink id="RL_17-3-_-y08-1-I-1-3">
        <From>
          <StopPointRef>390040587</StopPointRef>
        </From>
        <To>
          <StopPointRef>390040567</StopPointRef>
        </To>
        <Direction>inbound</Direction>
      </RouteLink>
      <RouteLink id="RL_17-3-_-y08-1-I-1-4">
        <From>
          <StopPointRef>390040567</StopPointRef>
        </From>
        <To>
          <StopPointRef>390040585</StopPointRef>
        </To>
        <Direction>inbound</Direction>
      </RouteLink>
      <RouteLink id="RL_17-3-_-y08-1-I-1-5">
        <From>
          <StopPointRef>390040585</StopPointRef>
        </From>
        <To>
          <StopPointRef>390040760</StopPointRef>
        </To>
        <Direction>inbound</Direction>
      </RouteLink>
      <RouteLink id="RL_17-3-_-y08-1-I-1-6">
        <From>
          <StopPointRef>390040760</StopPointRef>
        </From>
        <To>
          <StopPointRef>390040489</StopPointRef>
        </To>
        <Direction>inbound</Direction>
      </RouteLink>
      <RouteLink id="RL_17-3-_-y08-1-I-1-7">
        <From>
          <StopPointRef>390040489</StopPointRef>
        </From>
        <To>
          <StopPointRef>390040871</StopPointRef>
        </To>
        <Direction>inbound</Direction>
      </RouteLink>
      <RouteLink id="RL_17-3-_-y08-1-I-1-8">
        <From>
          <StopPointRef>390040871</StopPointRef>
        </From>
        <To>
          <StopPointRef>390040491</StopPointRef>
        </To>
        <Direction>inbound</Direction>
      </RouteLink>
      <RouteLink id="RL_17-3-_-y08-1-I-1-9">
        <From>
          <StopPointRef>390040491</StopPointRef>
        </From>
        <To>
          <StopPointRef>390040791</StopPointRef>
        </To>
        <Direction>inbound</Direction>
      </RouteLink>
      <RouteLink id="RL_17-3-_-y08-1-I-1-10">
        <From>
          <StopPointRef>390040791</StopPointRef>
        </From>
        <To>
          <StopPointRef>390040487</StopPointRef>
        </To>
        <Direction>inbound</Direction>
      </RouteLink>
      <RouteLink id="RL_17-3-_-y08-1-I-1-11">
        <From>
          <StopPointRef>390040487</StopPointRef>
        </From>
        <To>
          <StopPointRef>390040476</StopPointRef>
        </To>
        <Direction>inbound</Direction>
      </RouteLink>
      <RouteLink id="RL_17-3-_-y08-1-I-1-12">
        <From>
          <StopPointRef>390040476</StopPointRef>
        </From>
        <To>
          <StopPointRef>390040475</StopPointRef>
        </To>
        <Direction>inbound</Direction>
      </RouteLink>
      <RouteLink id="RL_17-3-_-y08-1-I-1-13">
        <From>
          <StopPointRef>390040475</StopPointRef>
        </From>
        <To>
          <StopPointRef>390040800</StopPointRef>
        </To>
        <Direction>inbound</Direction>
      </RouteLink>
      <RouteLink id="RL_17-3-_-y08-1-I-1-14">
        <From>
          <StopPointRef>390040800</StopPointRef>
        </From>
        <To>
          <StopPointRef>390040482</StopPointRef>
        </To>
        <Direction>inbound</Direction>
      </RouteLink>
      <RouteLink id="RL_17-3-_-y08-1-I-1-15">
        <From>
          <StopPointRef>390040482</StopPointRef>
        </From>
        <To>
          <StopPointRef>390040014</StopPointRef>
        </To>
        <Direction>inbound</Direction>
      </RouteLink>
      <RouteLink id="RL_17-3-_-y08-1-I-1-16">
        <From>
          <StopPointRef>390040014</StopPointRef>
        </From>
        <To>
          <StopPointRef>390040015</StopPointRef>
        </To>
        <Direction>inbound</Direction>
      </RouteLink>
      <RouteLink id="RL_17-3-_-y08-1-I-1-17">
        <From>
          <StopPointRef>390040015</StopPointRef>
        </From>
        <To>
          <StopPointRef>390040017</StopPointRef>
        </To>
        <Direction>inbound</Direction>
      </RouteLink>
      <RouteLink id="RL_17-3-_-y08-1-I-1-18">
        <From>
          <StopPointRef>390040017</StopPointRef>
        </From>
        <To>
          <StopPointRef>390040012</StopPointRef>
        </To>
        <Direction>inbound</Direction>
      </RouteLink>
      <RouteLink id="RL_17-3-_-y08-1-I-1-19">
        <From>
          <StopPointRef>390040012</StopPointRef>
        </From>
        <To>
          <StopPointRef>390040009</StopPointRef>
        </To>
        <Direction>inbound</Direction>
      </RouteLink>
      <RouteLink id="RL_17-3-_-y08-1-I-1-20">
        <From>
          <StopPointRef>390040009</StopPointRef>
        </From>
        <To>
          <StopPointRef>390040033</StopPointRef>
        </To>
        <Direction>inbound</Direction>
      </RouteLink>
      <RouteLink id="RL_17-3-_-y08-1-I-1-21">
        <From>
          <StopPointRef>390040033</StopPointRef>
        </From>
        <To>
          <StopPointRef>390040031</StopPointRef>
        </To>
        <Direction>inbound</Direction>
      </RouteLink>
      <RouteLink id="RL_17-3-_-y08-1-I-1-22">
        <From>
          <StopPointRef>390040031</StopPointRef>
        </From>
        <To>
          <StopPointRef>390040034</StopPointRef>
        </To>
        <Direction>inbound</Direction>
      </RouteLink>
      <RouteLink id="RL_17-3-_-y08-1-I-1-23">
        <From>
          <StopPointRef>390040034</StopPointRef>
        </From>
        <To>
          <StopPointRef>390040036</StopPointRef>
        </To>
        <Direction>inbound</Direction>
      </RouteLink>
      <RouteLink id="RL_17-3-_-y08-1-I-1-24">
        <From>
          <StopPointRef>390040036</StopPointRef>
        </From>
        <To>
          <StopPointRef>390040109</StopPointRef>
        </To>
        <Direction>inbound</Direction>
      </RouteLink>
      <RouteLink id="RL_17-3-_-y08-1-I-1-25">
        <From>
          <StopPointRef>390040109</StopPointRef>
        </From>
        <To>
          <StopPointRef>390061023</StopPointRef>
        </To>
        <Direction>inbound</Direction>
      </RouteLink>
      <RouteLink id="RL_17-3-_-y08-1-I-1-26">
        <From>
          <StopPointRef>390061023</StopPointRef>
        </From>
        <To>
          <StopPointRef>390040112</StopPointRef>
        </To>
        <Direction>inbound</Direction>
      </RouteLink>
      <RouteLink id="RL_17-3-_-y08-1-I-1-27">
        <From>
          <StopPointRef>390040112</StopPointRef>
        </From>
        <To>
          <StopPointRef>390041050</StopPointRef>
        </To>
        <Direction>inbound</Direction>
      </RouteLink>
      <RouteLink id="RL_17-3-_-y08-1-I-1-28">
        <From>
          <StopPointRef>390041050</StopPointRef>
        </From>
        <To>
          <StopPointRef>390040108</StopPointRef>
        </To>
        <Direction>inbound</Direction>
      </RouteLink>
      <RouteLink id="RL_17-3-_-y08-1-I-1-29">
        <From>
          <StopPointRef>390040108</StopPointRef>
        </From>
        <To>
          <StopPointRef>390040106</StopPointRef>
        </To>
        <Direction>inbound</Direction>
      </RouteLink>
      <RouteLink id="RL_17-3-_-y08-1-I-1-30">
        <From>
          <StopPointRef>390040106</StopPointRef>
        </From>
        <To>
          <StopPointRef>390040766</StopPointRef>
        </To>
        <Direction>inbound</Direction>
      </RouteLink>
      <RouteLink id="RL_17-3-_-y08-1-I-1-31">
        <From>
          <StopPointRef>390040766</StopPointRef>
        </From>
        <To>
          <StopPointRef>390040105</StopPointRef>
        </To>
        <Direction>inbound</Direction>
      </RouteLink>
      <RouteLink id="RL_17-3-_-y08-1-I-1-32">
        <From>
          <StopPointRef>390040105</StopPointRef>
        </From>
        <To>
          <StopPointRef>390041083</StopPointRef>
        </To>
        <Direction>inbound</Direction>
      </RouteLink>
      <RouteLink id="RL_17-3-_-y08-1-I-1-33">
        <From>
          <StopPointRef>390041083</StopPointRef>
        </From>
        <To>
          <StopPointRef>390040104</StopPointRef>
        </To>
        <Direction>inbound</Direction>
      </RouteLink>
      <RouteLink id="RL_17-3-_-y08-1-I-1-34">
        <From>
          <StopPointRef>390040104</StopPointRef>
        </From>
        <To>
          <StopPointRef>390040770</StopPointRef>
        </To>
        <Direction>inbound</Direction>
      </RouteLink>
      <RouteLink id="RL_17-3-_-y08-1-I-1-35">
        <From>
          <StopPointRef>390040770</StopPointRef>
        </From>
        <To>
          <StopPointRef>390040158</StopPointRef>
        </To>
        <Direction>inbound</Direction>
      </RouteLink>
    </RouteSection>
    <RouteSection id="RS_17-3-_-y08-1-O-2">
      <RouteLink id="RL_17-3-_-y08-1-O-2-1">
        <From>
          <StopPointRef>390040157</StopPointRef>
        </From>
        <To>
          <StopPointRef>390040769</StopPointRef>
        </To>
        <Direction>outbound</Direction>
      </RouteLink>
      <RouteLink id="RL_17-3-_-y08-1-O-2-2">
        <From>
          <StopPointRef>390040769</StopPointRef>
        </From>
        <To>
          <StopPointRef>390040103</StopPointRef>
        </To>
        <Direction>outbound</Direction>
      </RouteLink>
      <RouteLink id="RL_17-3-_-y08-1-O-2-3">
        <From>
          <StopPointRef>390040103</StopPointRef>
        </From>
        <To>
          <StopPointRef>390041082</StopPointRef>
        </To>
        <Direction>outbound</Direction>
      </RouteLink>
      <RouteLink id="RL_17-3-_-y08-1-O-2-4">
        <From>
          <StopPointRef>390041082</StopPointRef>
        </From>
        <To>
          <StopPointRef>390040106</StopPointRef>
        </To>
        <Direction>outbound</Direction>
      </RouteLink>
      <RouteLink id="RL_17-3-_-y08-1-O-2-5">
        <From>
          <StopPointRef>390040106</StopPointRef>
        </From>
        <To>
          <StopPointRef>390040765</StopPointRef>
        </To>
        <Direction>outbound</Direction>
      </RouteLink>
      <RouteLink id="RL_17-3-_-y08-1-O-2-6">
        <From>
          <StopPointRef>390040765</StopPointRef>
        </From>
        <To>
          <StopPointRef>390040105</StopPointRef>
        </To>
        <Direction>outbound</Direction>
      </RouteLink>
      <RouteLink id="RL_17-3-_-y08-1-O-2-7">
        <From>
          <StopPointRef>390040105</StopPointRef>
        </From>
        <To>
          <StopPointRef>390040107</StopPointRef>
        </To>
        <Direction>outbound</Direction>
      </RouteLink>
      <RouteLink id="RL_17-3-_-y08-1-O-2-8">
        <From>
          <StopPointRef>390040107</StopPointRef>
        </From>
        <To>
          <StopPointRef>390041049</StopPointRef>
        </To>
        <Direction>outbound</Direction>
      </RouteLink>
      <RouteLink id="RL_17-3-_-y08-1-O-2-9">
        <From>
          <StopPointRef>390041049</StopPointRef>
        </From>
        <To>
          <StopPointRef>390040849</StopPointRef>
        </To>
        <Direction>outbound</Direction>
      </RouteLink>
      <RouteLink id="RL_17-3-_-y08-1-O-2-10">
        <From>
          <StopPointRef>390040849</StopPointRef>
        </From>
        <To>
          <StopPointRef>390061024</StopPointRef>
        </To>
        <Direction>outbound</Direction>
      </RouteLink>
      <RouteLink id="RL_17-3-_-y08-1-O-2-11">
        <From>
          <StopPointRef>390061024</StopPointRef>
        </From>
        <To>
          <StopPointRef>390040110</StopPointRef>
        </To>
        <Direction>outbound</Direction>
      </RouteLink>
      <RouteLink id="RL_17-3-_-y08-1-O-2-12">
        <From>
          <StopPointRef>390040110</StopPointRef>
        </From>
        <To>
          <StopPointRef>390040035</StopPointRef>
        </To>
        <Direction>outbound</Direction>
      </RouteLink>
      <RouteLink id="RL_17-3-_-y08-1-O-2-13">
        <From>
          <StopPointRef>390040035</StopPointRef>
        </From>
        <To>
          <StopPointRef>390040033</StopPointRef>
        </To>
        <Direction>outbound</Direction>
      </RouteLink>
      <RouteLink id="RL_17-3-_-y08-1-O-2-14">
        <From>
          <StopPointRef>390040033</StopPointRef>
        </From>
        <To>
          <StopPointRef>390040031</StopPointRef>
        </To>
        <Direction>outbound</Direction>
      </RouteLink>
      <RouteLink id="RL_17-3-_-y08-1-O-2-15">
        <From>
          <StopPointRef>390040031</StopPointRef>
        </From>
        <To>
          <StopPointRef>390040034</StopPointRef>
        </To>
        <Direction>outbound</Direction>
      </RouteLink>
      <RouteLink id="RL_17-3-_-y08-1-O-2-16">
        <From>
          <StopPointRef>390040034</StopPointRef>
        </From>
        <To>
          <StopPointRef>390040010</StopPointRef>
        </To>
        <Direction>outbound</Direction>
      </RouteLink>
      <RouteLink id="RL_17-3-_-y08-1-O-2-17">
        <From>
          <StopPointRef>390040010</StopPointRef>
        </From>
        <To>
          <StopPointRef>390040011</StopPointRef>
        </To>
        <Direction>outbound</Direction>
      </RouteLink>
      <RouteLink id="RL_17-3-_-y08-1-O-2-18">
        <From>
          <StopPointRef>390040011</StopPointRef>
        </From>
        <To>
          <StopPointRef>390040018</StopPointRef>
        </To>
        <Direction>outbound</Direction>
      </RouteLink>
      <RouteLink id="RL_17-3-_-y08-1-O-2-19">
        <From>
          <StopPointRef>390040018</StopPointRef>
        </From>
        <To>
          <StopPointRef>390040016</StopPointRef>
        </To>
        <Direction>outbound</Direction>
      </RouteLink>
      <RouteLink id="RL_17-3-_-y08-1-O-2-20">
        <From>
          <StopPointRef>390040016</StopPointRef>
        </From>
        <To>
          <StopPointRef>390040013</StopPointRef>
        </To>
        <Direction>outbound</Direction>
      </RouteLink>
      <RouteLink id="RL_17-3-_-y08-1-O-2-21">
        <From>
          <StopPointRef>390040013</StopPointRef>
        </From>
        <To>
          <StopPointRef>390040481</StopPointRef>
        </To>
        <Direction>outbound</Direction>
      </RouteLink>
      <RouteLink id="RL_17-3-_-y08-1-O-2-22">
        <From>
          <StopPointRef>390040481</StopPointRef>
        </From>
        <To>
          <StopPointRef>390040800</StopPointRef>
        </To>
        <Direction>outbound</Direction>
      </RouteLink>
      <RouteLink id="RL_17-3-_-y08-1-O-2-23">
        <From>
          <StopPointRef>390040800</StopPointRef>
        </From>
        <To>
          <StopPointRef>390040797</StopPointRef>
        </To>
        <Direction>outbound</Direction>
      </RouteLink>
      <RouteLink id="RL_17-3-_-y08-1-O-2-24">
        <From>
          <StopPointRef>390040797</StopPointRef>
        </From>
        <To>
          <StopPointRef>390040794</StopPointRef>
        </To>
        <Direction>outbound</Direction>
      </RouteLink>
      <RouteLink id="RL_17-3-_-y08-1-O-2-25">
        <From>
          <StopPointRef>390040794</StopPointRef>
        </From>
        <To>
          <StopPointRef>390040488</StopPointRef>
        </To>
        <Direction>outbound</Direction>
      </RouteLink>
      <RouteLink id="RL_17-3-_-y08-1-O-2-26">
        <From>
          <StopPointRef>390040488</StopPointRef>
        </From>
        <To>
          <StopPointRef>390040790</StopPointRef>
        </To>
        <Direction>outbound</Direction>
      </RouteLink>
      <RouteLink id="RL_17-3-_-y08-1-O-2-27">
        <From>
          <StopPointRef>390040790</StopPointRef>
        </From>
        <To>
          <StopPointRef>390040492</StopPointRef>
        </To>
        <Direction>outbound</Direction>
      </RouteLink>
      <RouteLink id="RL_17-3-_-y08-1-O-2-28">
        <From>
          <StopPointRef>390040492</StopPointRef>
        </From>
        <To>
          <StopPointRef>390040490</StopPointRef>
        </To>
        <Direction>outbound</Direction>
      </RouteLink>
      <RouteLink id="RL_17-3-_-y08-1-O-2-29">
        <From>
          <StopPointRef>390040490</StopPointRef>
        </From>
        <To>
          <StopPointRef>390040598</StopPointRef>
        </To>
        <Direction>outbound</Direction>
      </RouteLink>
      <RouteLink id="RL_17-3-_-y08-1-O-2-30">
        <From>
          <StopPointRef>390040598</StopPointRef>
        </From>
        <To>
          <StopPointRef>390040596</StopPointRef>
        </To>
        <Direction>outbound</Direction>
      </RouteLink>
    </RouteSection>
  </RouteSections>
  <Routes>
    <Route id="R_17-3-_-y08-1-I-1">
      <PrivateCode>R_17-3-_-y08-1-I-1</PrivateCode>
      <Description>Argos Store - Village Sign</Description>
      <RouteSectionRef>RS_17-3-_-y08-1-I-1</RouteSectionRef>
    </Route>
    <Route id="R_17-3-_-y08-1-O-2">
      <PrivateCode>R_17-3-_-y08-1-O-2</PrivateCode>
      <Description>Village Sign - Argos Store</Description>
      <RouteSectionRef>RS_17-3-_-y08-1-O-2</RouteSectionRef>
    </Route>
  </Routes>
  <JourneyPatternSections>
    <JourneyPatternSection id="JPS_17-3-_-y08-1-1-1-I">
      <JourneyPatternTimingLink id="JPL_17-3-_-y08-1-1-I-1-2">
        <From SequenceNumber="1">
          <Activity>pickUp</Activity>
          <StopPointRef>390040596</StopPointRef>
          <TimingStatus>PTP</TimingStatus>
        </From>
        <To SequenceNumber="2">
          <Activity>pickUpAndSetDown</Activity>
          <StopPointRef>390040564</StopPointRef>
          <TimingStatus>OTH</TimingStatus>
        </To>
        <RouteLinkRef>RL_17-3-_-y08-1-I-1-1</RouteLinkRef>
        <RunTime>PT37S</RunTime>
      </JourneyPatternTimingLink>
      <JourneyPatternTimingLink id="JPL_17-3-_-y08-1-1-I-1-3">
        <From SequenceNumber="2">
          <Activity>pickUpAndSetDown</Activity>
          <StopPointRef>390040564</StopPointRef>
          <TimingStatus>OTH</TimingStatus>
        </From>
        <To SequenceNumber="3">
          <Activity>pickUpAndSetDown</Activity>
          <StopPointRef>390040587</StopPointRef>
          <TimingStatus>OTH</TimingStatus>
        </To>
        <RouteLinkRef>RL_17-3-_-y08-1-I-1-2</RouteLinkRef>
        <RunTime>PT13S</RunTime>
      </JourneyPatternTimingLink>
      <JourneyPatternTimingLink id="JPL_17-3-_-y08-1-1-I-1-4">
        <From SequenceNumber="3">
          <Activity>pickUpAndSetDown</Activity>
          <StopPointRef>390040587</StopPointRef>
          <TimingStatus>OTH</TimingStatus>
        </From>
        <To SequenceNumber="4">
          <Activity>pickUpAndSetDown</Activity>
          <StopPointRef>390040567</StopPointRef>
          <TimingStatus>OTH</TimingStatus>
        </To>
        <RouteLinkRef>RL_17-3-_-y08-1-I-1-3</RouteLinkRef>
        <RunTime>PT47S</RunTime>
      </JourneyPatternTimingLink>
      <JourneyPatternTimingLink id="JPL_17-3-_-y08-1-1-I-1-5">
        <From SequenceNumber="4">
          <Activity>pickUpAndSetDown</Activity>
          <StopPointRef>390040567</StopPointRef>
          <TimingStatus>OTH</TimingStatus>
        </From>
        <To SequenceNumber="5">
          <Activity>pickUpAndSetDown</Activity>
          <StopPointRef>390040585</StopPointRef>
          <TimingStatus>OTH</TimingStatus>
        </To>
        <RouteLinkRef>RL_17-3-_-y08-1-I-1-4</RouteLinkRef>
        <RunTime>PT1M6S</RunTime>
      </JourneyPatternTimingLink>
      <JourneyPatternTimingLink id="JPL_17-3-_-y08-1-1-I-1-6">
        <From SequenceNumber="5">
          <Activity>pickUpAndSetDown</Activity>
          <StopPointRef>390040585</StopPointRef>
          <TimingStatus>OTH</TimingStatus>
        </From>
        <To SequenceNumber="6">
          <Activity>pickUpAndSetDown</Activity>
          <StopPointRef>390040760</StopPointRef>
          <TimingStatus>OTH</TimingStatus>
        </To>
        <RouteLinkRef>RL_17-3-_-y08-1-I-1-5</RouteLinkRef>
        <RunTime>PT40S</RunTime>
      </JourneyPatternTimingLink>
      <JourneyPatternTimingLink id="JPL_17-3-_-y08-1-1-I-1-7">
        <From SequenceNumber="6">
          <Activity>pickUpAndSetDown</Activity>
          <StopPointRef>390040760</StopPointRef>
          <TimingStatus>OTH</TimingStatus>
        </From>
        <To SequenceNumber="7">
          <Activity>pickUpAndSetDown</Activity>
          <StopPointRef>390040489</StopPointRef>
          <TimingStatus>OTH</TimingStatus>
        </To>
        <RouteLinkRef>RL_17-3-_-y08-1-I-1-6</RouteLinkRef>
        <RunTime>PT55S</RunTime>
      </JourneyPatternTimingLink>
      <JourneyPatternTimingLink id="JPL_17-3-_-y08-1-1-I-1-8">
        <From SequenceNumber="7">
          <Activity>pickUpAndSetDown</Activity>
          <StopPointRef>390040489</StopPointRef>
          <TimingStatus>OTH</TimingStatus>
        </From>
        <To SequenceNumber="8">
          <Activity>pickUpAndSetDown</Activity>
          <StopPointRef>390040871</StopPointRef>
          <TimingStatus>OTH</TimingStatus>
        </To>
        <RouteLinkRef>RL_17-3-_-y08-1-I-1-7</RouteLinkRef>
        <RunTime>PT27S</RunTime>
      </JourneyPatternTimingLink>
      <JourneyPatternTimingLink id="JPL_17-3-_-y08-1-1-I-1-9">
        <From SequenceNumber="8">
          <Activity>pickUpAndSetDown</Activity>
          <StopPointRef>390040871</StopPointRef>
          <TimingStatus>OTH</TimingStatus>
        </From>
        <To SequenceNumber="9">
          <Activity>pickUpAndSetDown</Activity>
          <StopPointRef>390040491</StopPointRef>
          <TimingStatus>OTH</TimingStatus>
        </To>
        <RouteLinkRef>RL_17-3-_-y08-1-I-1-8</RouteLinkRef>
        <RunTime>PT1M23S</RunTime>
      </JourneyPatternTimingLink>
      <JourneyPatternTimingLink id="JPL_17-3-_-y08-1-1-I-1-10">
        <From SequenceNumber="9">
          <Activity>pickUpAndSetDown</Activity>
          <StopPointRef>390040491</StopPointRef>
          <TimingStatus>OTH</TimingStatus>
        </From>
        <To SequenceNumber="10">
          <Activity>pickUpAndSetDown</Activity>
          <StopPointRef>390040791</StopPointRef>
          <TimingStatus>OTH</TimingStatus>
        </To>
        <RouteLinkRef>RL_17-3-_-y08-1-I-1-9</RouteLinkRef>
        <RunTime>PT3M4S</RunTime>
      </JourneyPatternTimingLink>
      <JourneyPatternTimingLink id="JPL_17-3-_-y08-1-1-I-1-11">
        <From SequenceNumber="10">
          <Activity>pickUpAndSetDown</Activity>
          <StopPointRef>390040791</StopPointRef>
          <TimingStatus>OTH</TimingStatus>
        </From>
        <To SequenceNumber="11">
          <Activity>pickUpAndSetDown</Activity>
          <StopPointRef>390040487</StopPointRef>
          <TimingStatus>OTH</TimingStatus>
        </To>
        <RouteLinkRef>RL_17-3-_-y08-1-I-1-10</RouteLinkRef>
        <RunTime>PT2M21S</RunTime>
      </JourneyPatternTimingLink>
      <JourneyPatternTimingLink id="JPL_17-3-_-y08-1-1-I-1-12">
        <From SequenceNumber="11">
          <Activity>pickUpAndSetDown</Activity>
          <StopPointRef>390040487</StopPointRef>
          <TimingStatus>OTH</TimingStatus>
        </From>
        <To SequenceNumber="12">
          <Activity>pickUpAndSetDown</Activity>
          <StopPointRef>390040476</StopPointRef>
          <TimingStatus>OTH</TimingStatus>
        </To>
        <RouteLinkRef>RL_17-3-_-y08-1-I-1-11</RouteLinkRef>
        <RunTime>PT1M47S</RunTime>
      </JourneyPatternTimingLink>
      <JourneyPatternTimingLink id="JPL_17-3-_-y08-1-1-I-1-13">
        <From SequenceNumber="12">
          <Activity>pickUpAndSetDown</Activity>
          <StopPointRef>390040476</StopPointRef>
          <TimingStatus>OTH</TimingStatus>
        </From>
        <To SequenceNumber="13">
          <Activity>pickUpAndSetDown</Activity>
          <StopPointRef>390040475</StopPointRef>
          <TimingStatus>OTH</TimingStatus>
        </To>
        <RouteLinkRef>RL_17-3-_-y08-1-I-1-12</RouteLinkRef>
        <RunTime>PT16S</RunTime>
      </JourneyPatternTimingLink>
      <JourneyPatternTimingLink id="JPL_17-3-_-y08-1-1-I-1-14">
        <From SequenceNumber="13">
          <Activity>pickUpAndSetDown</Activity>
          <StopPointRef>390040475</StopPointRef>
          <TimingStatus>OTH</TimingStatus>
        </From>
        <To SequenceNumber="14">
          <Activity>pickUpAndSetDown</Activity>
          <StopPointRef>390040800</StopPointRef>
          <TimingStatus>OTH</TimingStatus>
        </To>
        <RouteLinkRef>RL_17-3-_-y08-1-I-1-13</RouteLinkRef>
        <RunTime>PT2M15S</RunTime>
      </JourneyPatternTimingLink>
      <JourneyPatternTimingLink id="JPL_17-3-_-y08-1-1-I-1-15">
        <From SequenceNumber="14">
          <Activity>pickUpAndSetDown</Activity>
          <StopPointRef>390040800</StopPointRef>
          <TimingStatus>OTH</TimingStatus>
        </From>
        <To SequenceNumber="15">
          <Activity>pickUpAndSetDown</Activity>
          <StopPointRef>390040482</StopPointRef>
          <TimingStatus>OTH</TimingStatus>
        </To>
        <RouteLinkRef>RL_17-3-_-y08-1-I-1-14</RouteLinkRef>
        <RunTime>PT1M24S</RunTime>
      </JourneyPatternTimingLink>
      <JourneyPatternTimingLink id="JPL_17-3-_-y08-1-1-I-1-16">
        <From SequenceNumber="15">
          <Activity>pickUpAndSetDown</Activity>
          <StopPointRef>390040482</StopPointRef>
          <TimingStatus>OTH</TimingStatus>
        </From>
        <To SequenceNumber="16">
          <Activity>pickUpAndSetDown</Activity>
          <StopPointRef>390040014</StopPointRef>
          <TimingStatus>OTH</TimingStatus>
        </To>
        <RouteLinkRef>RL_17-3-_-y08-1-I-1-15</RouteLinkRef>
        <RunTime>PT6M38S</RunTime>
      </JourneyPatternTimingLink>
      <JourneyPatternTimingLink id="JPL_17-3-_-y08-1-1-I-1-17">
        <From SequenceNumber="16">
          <Activity>pickUpAndSetDown</Activity>
          <StopPointRef>390040014</StopPointRef>
          <TimingStatus>OTH</TimingStatus>
        </From>
        <To SequenceNumber="17">
          <Activity>pickUpAndSetDown</Activity>
          <StopPointRef>390040015</StopPointRef>
          <TimingStatus>OTH</TimingStatus>
        </To>
        <RouteLinkRef>RL_17-3-_-y08-1-I-1-16</RouteLinkRef>
        <RunTime>PT16S</RunTime>
      </JourneyPatternTimingLink>
      <JourneyPatternTimingLink id="JPL_17-3-_-y08-1-1-I-1-18">
        <From SequenceNumber="17">
          <Activity>pickUpAndSetDown</Activity>
          <StopPointRef>390040015</StopPointRef>
          <TimingStatus>OTH</TimingStatus>
        </From>
        <To SequenceNumber="18">
          <Activity>pickUpAndSetDown</Activity>
          <StopPointRef>390040017</StopPointRef>
          <TimingStatus>OTH</TimingStatus>
        </To>
        <RouteLinkRef>RL_17-3-_-y08-1-I-1-17</RouteLinkRef>
        <RunTime>PT24S</RunTime>
      </JourneyPatternTimingLink>
      <JourneyPatternTimingLink id="JPL_17-3-_-y08-1-1-I-1-19">
        <From SequenceNumber="18">
          <Activity>pickUpAndSetDown</Activity>
          <StopPointRef>390040017</StopPointRef>
          <TimingStatus>OTH</TimingStatus>
        </From>
        <To SequenceNumber="19">
          <Activity>pickUpAndSetDown</Activity>
          <StopPointRef>390040012</StopPointRef>
          <TimingStatus>PTP</TimingStatus>
        </To>
        <RouteLinkRef>RL_17-3-_-y08-1-I-1-18</RouteLinkRef>
        <RunTime>PT27S</RunTime>
      </JourneyPatternTimingLink>
      <JourneyPatternTimingLink id="JPL_17-3-_-y08-1-1-I-1-20">
        <From SequenceNumber="19">
          <Activity>pickUpAndSetDown</Activity>
          <StopPointRef>390040012</StopPointRef>
          <TimingStatus>PTP</TimingStatus>
        </From>
        <To SequenceNumber="20">
          <Activity>pickUpAndSetDown</Activity>
          <StopPointRef>390040009</StopPointRef>
          <TimingStatus>OTH</TimingStatus>
        </To>
        <RouteLinkRef>RL_17-3-_-y08-1-I-1-19</RouteLinkRef>
        <RunTime>PT21S</RunTime>
      </JourneyPatternTimingLink>
      <JourneyPatternTimingLink id="JPL_17-3-_-y08-1-1-I-1-21">
        <From SequenceNumber="20">
          <Activity>pickUpAndSetDown</Activity>
          <StopPointRef>390040009</StopPointRef>
          <TimingStatus>OTH</TimingStatus>
        </From>
        <To SequenceNumber="21">
          <Activity>pickUpAndSetDown</Activity>
          <StopPointRef>390040033</StopPointRef>
          <TimingStatus>PTP</TimingStatus>
        </To>
        <RouteLinkRef>RL_17-3-_-y08-1-I-1-20</RouteLinkRef>
        <RunTime>PT5M39S</RunTime>
      </JourneyPatternTimingLink>
      <JourneyPatternTimingLink id="JPL_17-3-_-y08-1-1-I-1-22">
        <From SequenceNumber="21">
          <Activity>pickUpAndSetDown</Activity>
          <StopPointRef>390040033</StopPointRef>
          <TimingStatus>PTP</TimingStatus>
        </From>
        <To SequenceNumber="22">
          <Activity>pickUpAndSetDown</Activity>
          <StopPointRef>390040031</StopPointRef>
          <TimingStatus>PTP</TimingStatus>
        </To>
        <RouteLinkRef>RL_17-3-_-y08-1-I-1-21</RouteLinkRef>
        <RunTime>PT2M</RunTime>
      </JourneyPatternTimingLink>
      <JourneyPatternTimingLink id="JPL_17-3-_-y08-1-1-I-1-23">
        <From SequenceNumber="22">
          <Activity>pickUpAndSetDown</Activity>
          <StopPointRef>390040031</StopPointRef>
          <TimingStatus>PTP</TimingStatus>
        </From>
        <To SequenceNumber="23">
          <Activity>pickUpAndSetDown</Activity>
          <StopPointRef>390040034</StopPointRef>
          <TimingStatus>OTH</TimingStatus>
        </To>
        <RouteLinkRef>RL_17-3-_-y08-1-I-1-22</RouteLinkRef>
        <RunTime>PT1M12S</RunTime>
      </JourneyPatternTimingLink>
      <JourneyPatternTimingLink id="JPL_17-3-_-y08-1-1-I-1-24">
        <From SequenceNumber="23">
          <Activity>pickUpAndSetDown</Activity>
          <StopPointRef>390040034</StopPointRef>
          <TimingStatus>OTH</TimingStatus>
        </From>
        <To SequenceNumber="24">
          <Activity>pickUpAndSetDown</Activity>
          <StopPointRef>390040036</StopPointRef>
          <TimingStatus>PTP</TimingStatus>
        </To>
        <RouteLinkRef>RL_17-3-_-y08-1-I-1-23</RouteLinkRef>
        <RunTime>PT48S</RunTime>
      </JourneyPatternTimingLink>
      <JourneyPatternTimingLink id="JPL_17-3-_-y08-1-1-I-1-25">
        <From SequenceNumber="24">
          <Activity>pickUpAndSetDown</Activity>
          <StopPointRef>390040036</StopPointRef>
          <TimingStatus>PTP</TimingStatus>
        </From>
        <To SequenceNumber="25">
          <Activity>pickUpAndSetDown</Activity>
          <StopPointRef>390040109</StopPointRef>
          <TimingStatus>PTP</TimingStatus>
        </To>
        <RouteLinkRef>RL_17-3-_-y08-1-I-1-24</RouteLinkRef>
        <RunTime>PT3M</RunTime>
      </JourneyPatternTimingLink>
      <JourneyPatternTimingLink id="JPL_17-3-_-y08-1-1-I-1-26">
        <From SequenceNumber="25">
          <Activity>pickUpAndSetDown</Activity>
          <StopPointRef>390040109</StopPointRef>
          <TimingStatus>PTP</TimingStatus>
        </From>
        <To SequenceNumber="26">
          <Activity>pickUpAndSetDown</Activity>
          <StopPointRef>390061023</StopPointRef>
          <TimingStatus>PTP</TimingStatus>
        </To>
        <RouteLinkRef>RL_17-3-_-y08-1-I-1-25</RouteLinkRef>
        <RunTime>PT3M</RunTime>
      </JourneyPatternTimingLink>
      <JourneyPatternTimingLink id="JPL_17-3-_-y08-1-1-I-1-27">
        <From SequenceNumber="26">
          <Activity>pickUpAndSetDown</Activity>
          <StopPointRef>390061023</StopPointRef>
          <TimingStatus>PTP</TimingStatus>
        </From>
        <To SequenceNumber="27">
          <Activity>pickUpAndSetDown</Activity>
          <StopPointRef>390040112</StopPointRef>
          <TimingStatus>PTP</TimingStatus>
        </To>
        <RouteLinkRef>RL_17-3-_-y08-1-I-1-26</RouteLinkRef>
        <RunTime>PT3M</RunTime>
      </JourneyPatternTimingLink>
      <JourneyPatternTimingLink id="JPL_17-3-_-y08-1-1-I-1-28">
        <From SequenceNumber="27">
          <Activity>pickUpAndSetDown</Activity>
          <StopPointRef>390040112</StopPointRef>
          <TimingStatus>PTP</TimingStatus>
        </From>
        <To SequenceNumber="28">
          <Activity>pickUpAndSetDown</Activity>
          <StopPointRef>390041050</StopPointRef>
          <TimingStatus>PTP</TimingStatus>
        </To>
        <RouteLinkRef>RL_17-3-_-y08-1-I-1-27</RouteLinkRef>
        <RunTime>PT2M</RunTime>
      </JourneyPatternTimingLink>
      <JourneyPatternTimingLink id="JPL_17-3-_-y08-1-1-I-1-29">
        <From SequenceNumber="28">
          <Activity>pickUpAndSetDown</Activity>
          <StopPointRef>390041050</StopPointRef>
          <TimingStatus>PTP</TimingStatus>
        </From>
        <To SequenceNumber="29">
          <Activity>pickUpAndSetDown</Activity>
          <StopPointRef>390040108</StopPointRef>
          <TimingStatus>PTP</TimingStatus>
        </To>
        <RouteLinkRef>RL_17-3-_-y08-1-I-1-28</RouteLinkRef>
        <RunTime>PT2M</RunTime>
      </JourneyPatternTimingLink>
      <JourneyPatternTimingLink id="JPL_17-3-_-y08-1-1-I-1-30">
        <From SequenceNumber="29">
          <Activity>pickUpAndSetDown</Activity>
          <StopPointRef>390040108</StopPointRef>
          <TimingStatus>PTP</TimingStatus>
        </From>
        <To SequenceNumber="30">
          <Activity>pickUpAndSetDown</Activity>
          <StopPointRef>390040106</StopPointRef>
          <TimingStatus>PTP</TimingStatus>
        </To>
        <RouteLinkRef>RL_17-3-_-y08-1-I-1-29</RouteLinkRef>
        <RunTime>PT4M</RunTime>
      </JourneyPatternTimingLink>
      <JourneyPatternTimingLink id="JPL_17-3-_-y08-1-1-I-1-31">
        <From SequenceNumber="30">
          <Activity>pickUpAndSetDown</Activity>
          <StopPointRef>390040106</StopPointRef>
          <TimingStatus>PTP</TimingStatus>
        </From>
        <To SequenceNumber="31">
          <Activity>pickUpAndSetDown</Activity>
          <StopPointRef>390040766</StopPointRef>
          <TimingStatus>PTP</TimingStatus>
        </To>
        <RouteLinkRef>RL_17-3-_-y08-1-I-1-30</RouteLinkRef>
        <RunTime>PT2M</RunTime>
      </JourneyPatternTimingLink>
      <JourneyPatternTimingLink id="JPL_17-3-_-y08-1-1-I-1-32">
        <From SequenceNumber="31">
          <Activity>pickUpAndSetDown</Activity>
          <StopPointRef>390040766</StopPointRef>
          <TimingStatus>PTP</TimingStatus>
        </From>
        <To SequenceNumber="32">
          <Activity>pickUpAndSetDown</Activity>
          <StopPointRef>390040105</StopPointRef>
          <TimingStatus>OTH</TimingStatus>
        </To>
        <RouteLinkRef>RL_17-3-_-y08-1-I-1-31</RouteLinkRef>
        <RunTime>PT1M30S</RunTime>
      </JourneyPatternTimingLink>
      <JourneyPatternTimingLink id="JPL_17-3-_-y08-1-1-I-1-33">
        <From SequenceNumber="32">
          <Activity>pickUpAndSetDown</Activity>
          <StopPointRef>390040105</StopPointRef>
          <TimingStatus>OTH</TimingStatus>
        </From>
        <To SequenceNumber="33">
          <Activity>pickUpAndSetDown</Activity>
          <StopPointRef>390041083</StopPointRef>
          <TimingStatus>OTH</TimingStatus>
        </To>
        <RouteLinkRef>RL_17-3-_-y08-1-I-1-32</RouteLinkRef>
        <RunTime>PT1M1S</RunTime>
      </JourneyPatternTimingLink>
      <JourneyPatternTimingLink id="JPL_17-3-_-y08-1-1-I-1-34">
        <From SequenceNumber="33">
          <Activity>pickUpAndSetDown</Activity>
          <StopPointRef>390041083</StopPointRef>
          <TimingStatus>OTH</TimingStatus>
        </From>
        <To SequenceNumber="34">
          <Activity>pickUpAndSetDown</Activity>
          <StopPointRef>390040104</StopPointRef>
          <TimingStatus>PTP</TimingStatus>
        </To>
        <RouteLinkRef>RL_17-3-_-y08-1-I-1-33</RouteLinkRef>
        <RunTime>PT1M29S</RunTime>
      </JourneyPatternTimingLink>
      <JourneyPatternTimingLink id="JPL_17-3-_-y08-1-1-I-1-35">
        <From SequenceNumber="34">
          <Activity>pickUpAndSetDown</Activity>
          <StopPointRef>390040104</StopPointRef>
          <TimingStatus>PTP</TimingStatus>
        </From>
        <To SequenceNumber="35">
          <Activity>pickUpAndSetDown</Activity>
          <StopPointRef>390040770</StopPointRef>
          <TimingStatus>PTP</TimingStatus>
        </To>
        <RouteLinkRef>RL_17-3-_-y08-1-I-1-34</RouteLinkRef>
        <RunTime>PT3M</RunTime>
      </JourneyPatternTimingLink>
      <JourneyPatternTimingLink id="JPL_17-3-_-y08-1-1-I-1-36">
        <From SequenceNumber="35">
          <Activity>pickUpAndSetDown</Activity>
          <StopPointRef>390040770</StopPointRef>
          <TimingStatus>PTP</TimingStatus>
        </From>
        <To SequenceNumber="36">
          <Activity>setDown</Activity>
          <StopPointRef>390040158</StopPointRef>
          <TimingStatus>PTP</TimingStatus>
        </To>
        <RouteLinkRef>RL_17-3-_-y08-1-I-1-35</RouteLinkRef>
        <RunTime>PT4M</RunTime>
      </JourneyPatternTimingLink>
    </JourneyPatternSection>
    <JourneyPatternSection id="JPS_17-3-_-y08-1-2-2-O">
      <JourneyPatternTimingLink id="JPL_17-3-_-y08-1-2-O-2-2">
        <From SequenceNumber="1">
          <Activity>pickUp</Activity>
          <StopPointRef>390040157</StopPointRef>
          <TimingStatus>PTP</TimingStatus>
        </From>
        <To SequenceNumber="2">
          <Activity>pickUpAndSetDown</Activity>
          <StopPointRef>390040769</StopPointRef>
          <TimingStatus>PTP</TimingStatus>
        </To>
        <RouteLinkRef>RL_17-3-_-y08-1-O-2-1</RouteLinkRef>
        <RunTime>PT4M</RunTime>
      </JourneyPatternTimingLink>
      <JourneyPatternTimingLink id="JPL_17-3-_-y08-1-2-O-2-3">
        <From SequenceNumber="2">
          <Activity>pickUpAndSetDown</Activity>
          <StopPointRef>390040769</StopPointRef>
          <TimingStatus>PTP</TimingStatus>
        </From>
        <To SequenceNumber="3">
          <Activity>pickUpAndSetDown</Activity>
          <StopPointRef>390040103</StopPointRef>
          <TimingStatus>PTP</TimingStatus>
        </To>
        <RouteLinkRef>RL_17-3-_-y08-1-O-2-2</RouteLinkRef>
        <RunTime>PT3M</RunTime>
      </JourneyPatternTimingLink>
      <JourneyPatternTimingLink id="JPL_17-3-_-y08-1-2-O-2-4">
        <From SequenceNumber="3">
          <Activity>pickUpAndSetDown</Activity>
          <StopPointRef>390040103</StopPointRef>
          <TimingStatus>PTP</TimingStatus>
        </From>
        <To SequenceNumber="4">
          <Activity>pickUpAndSetDown</Activity>
          <StopPointRef>390041082</StopPointRef>
          <TimingStatus>OTH</TimingStatus>
        </To>
        <RouteLinkRef>RL_17-3-_-y08-1-O-2-3</RouteLinkRef>
        <RunTime>PT1M29S</RunTime>
      </JourneyPatternTimingLink>
      <JourneyPatternTimingLink id="JPL_17-3-_-y08-1-2-O-2-5">
        <From SequenceNumber="4">
          <Activity>pickUpAndSetDown</Activity>
          <StopPointRef>390041082</StopPointRef>
          <TimingStatus>OTH</TimingStatus>
        </From>
        <To SequenceNumber="5">
          <Activity>pickUpAndSetDown</Activity>
          <StopPointRef>390040106</StopPointRef>
          <TimingStatus>OTH</TimingStatus>
        </To>
        <RouteLinkRef>RL_17-3-_-y08-1-O-2-4</RouteLinkRef>
        <RunTime>PT1M3S</RunTime>
      </JourneyPatternTimingLink>
      <JourneyPatternTimingLink id="JPL_17-3-_-y08-1-2-O-2-6">
        <From SequenceNumber="5">
          <Activity>pickUpAndSetDown</Activity>
          <StopPointRef>390040106</StopPointRef>
          <TimingStatus>OTH</TimingStatus>
        </From>
        <To SequenceNumber="6">
          <Activity>pickUpAndSetDown</Activity>
          <StopPointRef>390040765</StopPointRef>
          <TimingStatus>PTP</TimingStatus>
        </To>
        <RouteLinkRef>RL_17-3-_-y08-1-O-2-5</RouteLinkRef>
        <RunTime>PT1M28S</RunTime>
      </JourneyPatternTimingLink>
      <JourneyPatternTimingLink id="JPL_17-3-_-y08-1-2-O-2-7">
        <From SequenceNumber="6">
          <Activity>pickUpAndSetDown</Activity>
          <StopPointRef>390040765</StopPointRef>
          <TimingStatus>PTP</TimingStatus>
        </From>
        <To SequenceNumber="7">
          <Activity>pickUpAndSetDown</Activity>
          <StopPointRef>390040105</StopPointRef>
          <TimingStatus>PTP</TimingStatus>
        </To>
        <RouteLinkRef>RL_17-3-_-y08-1-O-2-6</RouteLinkRef>
        <RunTime>PT2M</RunTime>
      </JourneyPatternTimingLink>
      <JourneyPatternTimingLink id="JPL_17-3-_-y08-1-2-O-2-8">
        <From SequenceNumber="7">
          <Activity>pickUpAndSetDown</Activity>
          <StopPointRef>390040105</StopPointRef>
          <TimingStatus>PTP</TimingStatus>
        </From>
        <To SequenceNumber="8">
          <Activity>pickUpAndSetDown</Activity>
          <StopPointRef>390040107</StopPointRef>
          <TimingStatus>PTP</TimingStatus>
        </To>
        <RouteLinkRef>RL_17-3-_-y08-1-O-2-7</RouteLinkRef>
        <RunTime>PT4M</RunTime>
      </JourneyPatternTimingLink>
      <JourneyPatternTimingLink id="JPL_17-3-_-y08-1-2-O-2-9">
        <From SequenceNumber="8">
          <Activity>pickUpAndSetDown</Activity>
          <StopPointRef>390040107</StopPointRef>
          <TimingStatus>PTP</TimingStatus>
        </From>
        <To SequenceNumber="9">
          <Activity>pickUpAndSetDown</Activity>
          <StopPointRef>390041049</StopPointRef>
          <TimingStatus>PTP</TimingStatus>
        </To>
        <RouteLinkRef>RL_17-3-_-y08-1-O-2-8</RouteLinkRef>
        <RunTime>PT2M</RunTime>
      </JourneyPatternTimingLink>
      <JourneyPatternTimingLink id="JPL_17-3-_-y08-1-2-O-2-10">
        <From SequenceNumber="9">
          <Activity>pickUpAndSetDown</Activity>
          <StopPointRef>390041049</StopPointRef>
          <TimingStatus>PTP</TimingStatus>
        </From>
        <To SequenceNumber="10">
          <Activity>pickUpAndSetDown</Activity>
          <StopPointRef>390040849</StopPointRef>
          <TimingStatus>PTP</TimingStatus>
        </To>
        <RouteLinkRef>RL_17-3-_-y08-1-O-2-9</RouteLinkRef>
        <RunTime>PT2M</RunTime>
      </JourneyPatternTimingLink>
      <JourneyPatternTimingLink id="JPL_17-3-_-y08-1-2-O-2-11">
        <From SequenceNumber="10">
          <Activity>pickUpAndSetDown</Activity>
          <StopPointRef>390040849</StopPointRef>
          <TimingStatus>PTP</TimingStatus>
        </From>
        <To SequenceNumber="11">
          <Activity>pickUpAndSetDown</Activity>
          <StopPointRef>390061024</StopPointRef>
          <TimingStatus>PTP</TimingStatus>
        </To>
        <RouteLinkRef>RL_17-3-_-y08-1-O-2-10</RouteLinkRef>
        <RunTime>PT3M</RunTime>
      </JourneyPatternTimingLink>
      <JourneyPatternTimingLink id="JPL_17-3-_-y08-1-2-O-2-12">
        <From SequenceNumber="11">
          <Activity>pickUpAndSetDown</Activity>
          <StopPointRef>390061024</StopPointRef>
          <TimingStatus>PTP</TimingStatus>
        </From>
        <To SequenceNumber="12">
          <Activity>pickUpAndSetDown</Activity>
          <StopPointRef>390040110</StopPointRef>
          <TimingStatus>PTP</TimingStatus>
        </To>
        <RouteLinkRef>RL_17-3-_-y08-1-O-2-11</RouteLinkRef>
        <RunTime>PT3M</RunTime>
      </JourneyPatternTimingLink>
      <JourneyPatternTimingLink id="JPL_17-3-_-y08-1-2-O-2-13">
        <From SequenceNumber="12">
          <Activity>pickUpAndSetDown</Activity>
          <StopPointRef>390040110</StopPointRef>
          <TimingStatus>PTP</TimingStatus>
        </From>
        <To SequenceNumber="13">
          <Activity>pickUpAndSetDown</Activity>
          <StopPointRef>390040035</StopPointRef>
          <TimingStatus>PTP</TimingStatus>
        </To>
        <RouteLinkRef>RL_17-3-_-y08-1-O-2-12</RouteLinkRef>
        <RunTime>PT3M</RunTime>
      </JourneyPatternTimingLink>
      <JourneyPatternTimingLink id="JPL_17-3-_-y08-1-2-O-2-14">
        <From SequenceNumber="13">
          <Activity>pickUpAndSetDown</Activity>
          <StopPointRef>390040035</StopPointRef>
          <TimingStatus>PTP</TimingStatus>
        </From>
        <To SequenceNumber="14">
          <Activity>pickUpAndSetDown</Activity>
          <StopPointRef>390040033</StopPointRef>
          <TimingStatus>OTH</TimingStatus>
        </To>
        <RouteLinkRef>RL_17-3-_-y08-1-O-2-13</RouteLinkRef>
        <RunTime>PT50S</RunTime>
      </JourneyPatternTimingLink>
      <JourneyPatternTimingLink id="JPL_17-3-_-y08-1-2-O-2-15">
        <From SequenceNumber="14">
          <Activity>pickUpAndSetDown</Activity>
          <StopPointRef>390040033</StopPointRef>
          <TimingStatus>OTH</TimingStatus>
        </From>
        <To SequenceNumber="15">
          <Activity>pickUpAndSetDown</Activity>
          <StopPointRef>390040031</StopPointRef>
          <TimingStatus>PTP</TimingStatus>
        </To>
        <RouteLinkRef>RL_17-3-_-y08-1-O-2-14</RouteLinkRef>
        <RunTime>PT1M10S</RunTime>
      </JourneyPatternTimingLink>
      <JourneyPatternTimingLink id="JPL_17-3-_-y08-1-2-O-2-16">
        <From SequenceNumber="15">
          <Activity>pickUpAndSetDown</Activity>
          <StopPointRef>390040031</StopPointRef>
          <TimingStatus>PTP</TimingStatus>
        </From>
        <To SequenceNumber="16">
          <Activity>pickUpAndSetDown</Activity>
          <StopPointRef>390040034</StopPointRef>
          <TimingStatus>PTP</TimingStatus>
        </To>
        <RouteLinkRef>RL_17-3-_-y08-1-O-2-15</RouteLinkRef>
        <RunTime>PT2M</RunTime>
      </JourneyPatternTimingLink>
      <JourneyPatternTimingLink id="JPL_17-3-_-y08-1-2-O-2-17">
        <From SequenceNumber="16">
          <Activity>pickUpAndSetDown</Activity>
          <StopPointRef>390040034</StopPointRef>
          <TimingStatus>PTP</TimingStatus>
        </From>
        <To SequenceNumber="17">
          <Activity>pickUpAndSetDown</Activity>
          <StopPointRef>390040010</StopPointRef>
          <TimingStatus>OTH</TimingStatus>
        </To>
        <RouteLinkRef>RL_17-3-_-y08-1-O-2-16</RouteLinkRef>
        <RunTime>PT5M37S</RunTime>
      </JourneyPatternTimingLink>
      <JourneyPatternTimingLink id="JPL_17-3-_-y08-1-2-O-2-18">
        <From SequenceNumber="17">
          <Activity>pickUpAndSetDown</Activity>
          <StopPointRef>390040010</StopPointRef>
          <TimingStatus>OTH</TimingStatus>
        </From>
        <To SequenceNumber="18">
          <Activity>pickUpAndSetDown</Activity>
          <StopPointRef>390040011</StopPointRef>
          <TimingStatus>PTP</TimingStatus>
        </To>
        <RouteLinkRef>RL_17-3-_-y08-1-O-2-17</RouteLinkRef>
        <RunTime>PT23S</RunTime>
      </JourneyPatternTimingLink>
      <JourneyPatternTimingLink id="JPL_17-3-_-y08-1-2-O-2-19">
        <From SequenceNumber="18">
          <Activity>pickUpAndSetDown</Activity>
          <StopPointRef>390040011</StopPointRef>
          <TimingStatus>PTP</TimingStatus>
        </From>
        <To SequenceNumber="19">
          <Activity>pickUpAndSetDown</Activity>
          <StopPointRef>390040018</StopPointRef>
          <TimingStatus>OTH</TimingStatus>
        </To>
        <RouteLinkRef>RL_17-3-_-y08-1-O-2-18</RouteLinkRef>
        <RunTime>PT27S</RunTime>
      </JourneyPatternTimingLink>
      <JourneyPatternTimingLink id="JPL_17-3-_-y08-1-2-O-2-20">
        <From SequenceNumber="19">
          <Activity>pickUpAndSetDown</Activity>
          <StopPointRef>390040018</StopPointRef>
          <TimingStatus>OTH</TimingStatus>
        </From>
        <To SequenceNumber="20">
          <Activity>pickUpAndSetDown</Activity>
          <StopPointRef>390040016</StopPointRef>
          <TimingStatus>OTH</TimingStatus>
        </To>
        <RouteLinkRef>RL_17-3-_-y08-1-O-2-19</RouteLinkRef>
        <RunTime>PT20S</RunTime>
      </JourneyPatternTimingLink>
      <JourneyPatternTimingLink id="JPL_17-3-_-y08-1-2-O-2-21">
        <From SequenceNumber="20">
          <Activity>pickUpAndSetDown</Activity>
          <StopPointRef>390040016</StopPointRef>
          <TimingStatus>OTH</TimingStatus>
        </From>
        <To SequenceNumber="21">
          <Activity>pickUpAndSetDown</Activity>
          <StopPointRef>390040013</StopPointRef>
          <TimingStatus>OTH</TimingStatus>
        </To>
        <RouteLinkRef>RL_17-3-_-y08-1-O-2-20</RouteLinkRef>
        <RunTime>PT20S</RunTime>
      </JourneyPatternTimingLink>
      <JourneyPatternTimingLink id="JPL_17-3-_-y08-1-2-O-2-22">
        <From SequenceNumber="21">
          <Activity>pickUpAndSetDown</Activity>
          <StopPointRef>390040013</StopPointRef>
          <TimingStatus>OTH</TimingStatus>
        </From>
        <To SequenceNumber="22">
          <Activity>pickUpAndSetDown</Activity>
          <StopPointRef>390040481</StopPointRef>
          <TimingStatus>OTH</TimingStatus>
        </To>
        <RouteLinkRef>RL_17-3-_-y08-1-O-2-21</RouteLinkRef>
        <RunTime>PT6M33S</RunTime>
      </JourneyPatternTimingLink>
      <JourneyPatternTimingLink id="JPL_17-3-_-y08-1-2-O-2-23">
        <From SequenceNumber="22">
          <Activity>pickUpAndSetDown</Activity>
          <StopPointRef>390040481</StopPointRef>
          <TimingStatus>OTH</TimingStatus>
        </From>
        <To SequenceNumber="23">
          <Activity>pickUpAndSetDown</Activity>
          <StopPointRef>390040800</StopPointRef>
          <TimingStatus>OTH</TimingStatus>
        </To>
        <RouteLinkRef>RL_17-3-_-y08-1-O-2-22</RouteLinkRef>
        <RunTime>PT1M25S</RunTime>
      </JourneyPatternTimingLink>
      <JourneyPatternTimingLink id="JPL_17-3-_-y08-1-2-O-2-24">
        <From SequenceNumber="23">
          <Activity>pickUpAndSetDown</Activity>
          <StopPointRef>390040800</StopPointRef>
          <TimingStatus>OTH</TimingStatus>
        </From>
        <To SequenceNumber="24">
          <Activity>pickUpAndSetDown</Activity>
          <StopPointRef>390040797</StopPointRef>
          <TimingStatus>OTH</TimingStatus>
        </To>
        <RouteLinkRef>RL_17-3-_-y08-1-O-2-23</RouteLinkRef>
        <RunTime>PT2M15S</RunTime>
      </JourneyPatternTimingLink>
      <JourneyPatternTimingLink id="JPL_17-3-_-y08-1-2-O-2-25">
        <From SequenceNumber="24">
          <Activity>pickUpAndSetDown</Activity>
          <StopPointRef>390040797</StopPointRef>
          <TimingStatus>OTH</TimingStatus>
        </From>
        <To SequenceNumber="25">
          <Activity>pickUpAndSetDown</Activity>
          <StopPointRef>390040794</StopPointRef>
          <TimingStatus>OTH</TimingStatus>
        </To>
        <RouteLinkRef>RL_17-3-_-y08-1-O-2-24</RouteLinkRef>
        <RunTime>PT15S</RunTime>
      </JourneyPatternTimingLink>
      <JourneyPatternTimingLink id="JPL_17-3-_-y08-1-2-O-2-26">
        <From SequenceNumber="25">
          <Activity>pickUpAndSetDown</Activity>
          <StopPointRef>390040794</StopPointRef>
          <TimingStatus>OTH</TimingStatus>
        </From>
        <To SequenceNumber="26">
          <Activity>pickUpAndSetDown</Activity>
          <StopPointRef>390040488</StopPointRef>
          <TimingStatus>OTH</TimingStatus>
        </To>
        <RouteLinkRef>RL_17-3-_-y08-1-O-2-25</RouteLinkRef>
        <RunTime>PT1M47S</RunTime>
      </JourneyPatternTimingLink>
      <JourneyPatternTimingLink id="JPL_17-3-_-y08-1-2-O-2-27">
        <From SequenceNumber="26">
          <Activity>pickUpAndSetDown</Activity>
          <StopPointRef>390040488</StopPointRef>
          <TimingStatus>OTH</TimingStatus>
        </From>
        <To SequenceNumber="27">
          <Activity>pickUpAndSetDown</Activity>
          <StopPointRef>390040790</StopPointRef>
          <TimingStatus>OTH</TimingStatus>
        </To>
        <RouteLinkRef>RL_17-3-_-y08-1-O-2-26</RouteLinkRef>
        <RunTime>PT2M19S</RunTime>
      </JourneyPatternTimingLink>
      <JourneyPatternTimingLink id="JPL_17-3-_-y08-1-2-O-2-28">
        <From SequenceNumber="27">
          <Activity>pickUpAndSetDown</Activity>
          <StopPointRef>390040790</StopPointRef>
          <TimingStatus>OTH</TimingStatus>
        </From>
        <To SequenceNumber="28">
          <Activity>pickUpAndSetDown</Activity>
          <StopPointRef>390040492</StopPointRef>
          <TimingStatus>OTH</TimingStatus>
        </To>
        <RouteLinkRef>RL_17-3-_-y08-1-O-2-27</RouteLinkRef>
        <RunTime>PT3M2S</RunTime>
      </JourneyPatternTimingLink>
      <JourneyPatternTimingLink id="JPL_17-3-_-y08-1-2-O-2-29">
        <From SequenceNumber="28">
          <Activity>pickUpAndSetDown</Activity>
          <StopPointRef>390040492</StopPointRef>
          <TimingStatus>OTH</TimingStatus>
        </From>
        <To SequenceNumber="29">
          <Activity>pickUpAndSetDown</Activity>
          <StopPointRef>390040490</StopPointRef>
          <TimingStatus>OTH</TimingStatus>
        </To>
        <RouteLinkRef>RL_17-3-_-y08-1-O-2-28</RouteLinkRef>
        <RunTime>PT1M49S</RunTime>
      </JourneyPatternTimingLink>
      <JourneyPatternTimingLink id="JPL_17-3-_-y08-1-2-O-2-30">
        <From SequenceNumber="29">
          <Activity>pickUpAndSetDown</Activity>
          <StopPointRef>390040490</StopPointRef>
          <TimingStatus>OTH</TimingStatus>
        </From>
        <To SequenceNumber="30">
          <Activity>pickUpAndSetDown</Activity>
          <StopPointRef>390040598</StopPointRef>
          <TimingStatus>OTH</TimingStatus>
        </To>
        <RouteLinkRef>RL_17-3-_-y08-1-O-2-29</RouteLinkRef>
        <RunTime>PT3M58S</RunTime>
      </JourneyPatternTimingLink>
      <JourneyPatternTimingLink id="JPL_17-3-_-y08-1-2-O-2-31">
        <From SequenceNumber="30">
          <Activity>pickUpAndSetDown</Activity>
          <StopPointRef>390040598</StopPointRef>
          <TimingStatus>OTH</TimingStatus>
        </From>
        <To SequenceNumber="31">
          <Activity>setDown</Activity>
          <StopPointRef>390040596</StopPointRef>
          <TimingStatus>PTP</TimingStatus>
        </To>
        <RouteLinkRef>RL_17-3-_-y08-1-O-2-30</RouteLinkRef>
        <RunTime>PT30S</RunTime>
      </JourneyPatternTimingLink>
    </JourneyPatternSection>
  </JourneyPatternSections>
  <Operators>
    <Operator id="OId_730HS">
      <NationalOperatorCode>HSCT</NationalOperatorCode>
      <OperatorCode>730HS</OperatorCode>
      <OperatorShortName>High Suffolk Community </OperatorShortName>
      <OperatorNameOnLicence>High Suffolk Community Transport</OperatorNameOnLicence>
      <TradingName>High Suffolk Community Transport</TradingName>
    </Operator>
  </Operators>
  <Services>
    <Service>
      <ServiceCode>17-3-_-y08-1</ServiceCode>
      <PrivateCode>17-3-_-y08-1</PrivateCode>
      <Lines>
        <Line id="17-3-_-y08-1">
          <LineName>3</LineName>
        </Line>
      </Lines>
      <OperatingPeriod>
        <StartDate>2019-11-05</StartDate>
        <EndDate>2020-05-08</EndDate>
      </OperatingPeriod>
      <OperatingProfile>
        <RegularDayType>
          <DaysOfWeek>
            <Thursday />
          </DaysOfWeek>
        </RegularDayType>
      </OperatingProfile>
      <RegisteredOperatorRef>OId_730HS</RegisteredOperatorRef>
      <StopRequirements>
        <NoNewStopsRequired />
      </StopRequirements>
      <Mode>bus</Mode>
      <Description>Redlingfield - Worlingworth - Debenham - Stowmarket</Description>
      <StandardService>
        <Origin>Village Sign</Origin>
        <Destination>Argos Store</Destination>
        <JourneyPattern id="JP_17-3-_-y08-1-1-I-1">
          <Direction>inbound</Direction>
          <RouteRef>R_17-3-_-y08-1-I-1</RouteRef>
          <JourneyPatternSectionRefs>JPS_17-3-_-y08-1-1-1-I</JourneyPatternSectionRefs>
        </JourneyPattern>
        <JourneyPattern id="JP_17-3-_-y08-1-2-O-2">
          <Direction>outbound</Direction>
          <RouteRef>R_17-3-_-y08-1-O-2</RouteRef>
          <JourneyPatternSectionRefs>JPS_17-3-_-y08-1-2-2-O</JourneyPatternSectionRefs>
        </JourneyPattern>
      </StandardService>
    </Service>
  </Services>
  <VehicleJourneys>
    <VehicleJourney>
      <PrivateCode>suf-17-3-_-y08-1-1-T0</PrivateCode>
      <OperatingProfile>
        <RegularDayType>
          <DaysOfWeek>
            <Thursday />
          </DaysOfWeek>
        </RegularDayType>
        <BankHolidayOperation>
          <DaysOfNonOperation>
            <AllBankHolidays />
          </DaysOfNonOperation>
        </BankHolidayOperation>
      </OperatingProfile>
      <VehicleJourneyCode>VJ_17-3-_-y08-1-1-T0</VehicleJourneyCode>
      <ServiceRef>17-3-_-y08-1</ServiceRef>
      <LineRef>17-3-_-y08-1</LineRef>
      <JourneyPatternRef>JP_17-3-_-y08-1-1-I-1</JourneyPatternRef>
      <Note>
        <NoteCode>Th</NoteCode>
        <NoteText>Operates on Thursdays</NoteText>
      </Note>
      <DepartureTime>13:10:00</DepartureTime>
    </VehicleJourney>
    <VehicleJourney>
      <PrivateCode>suf-17-3-_-y08-1-2-T0</PrivateCode>
      <OperatingProfile>
        <RegularDayType>
          <DaysOfWeek>
            <Thursday />
          </DaysOfWeek>
        </RegularDayType>
        <BankHolidayOperation>
          <DaysOfNonOperation>
            <AllBankHolidays />
          </DaysOfNonOperation>
        </BankHolidayOperation>
      </OperatingProfile>
      <VehicleJourneyCode>VJ_17-3-_-y08-1-2-T0</VehicleJourneyCode>
      <ServiceRef>17-3-_-y08-1</ServiceRef>
      <LineRef>17-3-_-y08-1</LineRef>
      <JourneyPatternRef>JP_17-3-_-y08-1-2-O-2</JourneyPatternRef>
      <Note>
        <NoteCode>Th</NoteCode>
        <NoteText>Operates on Thursdays</NoteText>
      </Note>
      <DepartureTime>09:31:00</DepartureTime>
    </VehicleJourney>
  </VehicleJourneys>
</TransXChange>