<?xml version="1.0" encoding="utf-8"?>
<TransXChange xmlns:xsi="http://www.w3.org/2001/XMLSchema-instance" xmlns:xsd="http://www.w3.org/2001/XMLSchema" xsi:schemaLocation="http://www.transxchange.org.uk/ http://www.transxchange.org.uk/schema/2.5/TransXChange_general.xsd" CreationDateTime="2019-11-07T16:06:16.193Z" ModificationDateTime="2019-11-07T16:06:16.193Z" Modification="new" RevisionNumber="3" FileName="suf_12-86A-_-y08-4.xml" SchemaVersion="2.5" RegistrationDocument="true" xmlns="http://www.transxchange.org.uk/">
  <StopPoints>
    <AnnotatedStopPointRef>
      <StopPointRef>390020028</StopPointRef>
      <CommonName>Tesco Main Entrance</CommonName>
      <LocalityName>Brandon (Suffk)</LocalityName>
      <LocalityQualifier>Suffolk</LocalityQualifier>
    </AnnotatedStopPointRef>
    <AnnotatedStopPointRef>
      <StopPointRef>390020030</StopPointRef>
      <CommonName>Sweden Place</CommonName>
      <LocalityName>Brandon (Suffk)</LocalityName>
      <LocalityQualifier>Suffolk</LocalityQualifier>
    </AnnotatedStopPointRef>
    <AnnotatedStopPointRef>
      <StopPointRef>390020027</StopPointRef>
      <CommonName>Highbury Road</CommonName>
      <LocalityName>Brandon (Suffk)</LocalityName>
      <LocalityQualifier>Suffolk</LocalityQualifier>
    </AnnotatedStopPointRef>
    <AnnotatedStopPointRef>
      <StopPointRef>390020010</StopPointRef>
      <CommonName>Mile End</CommonName>
      <Indicator>N-bound</Indicator>
      <LocalityName>Brandon (Suffk)</LocalityName>
      <LocalityQualifier>Suffolk</LocalityQualifier>
    </AnnotatedStopPointRef>
    <AnnotatedStopPointRef>
      <StopPointRef>390020013</StopPointRef>
      <CommonName>Pond Lane</CommonName>
      <Indicator>N-bound</Indicator>
      <LocalityName>Brandon (Suffk)</LocalityName>
      <LocalityQualifier>Suffolk</LocalityQualifier>
    </AnnotatedStopPointRef>
    <AnnotatedStopPointRef>
      <StopPointRef>390020022</StopPointRef>
      <CommonName>Manor Road</CommonName>
      <LocalityName>Brandon (Suffk)</LocalityName>
      <LocalityQualifier>Suffolk</LocalityQualifier>
    </AnnotatedStopPointRef>
    <AnnotatedStopPointRef>
      <StopPointRef>390020024</StopPointRef>
      <CommonName>Church Close</CommonName>
      <LocalityName>Brandon (Suffk)</LocalityName>
      <LocalityQualifier>Suffolk</LocalityQualifier>
    </AnnotatedStopPointRef>
    <AnnotatedStopPointRef>
      <StopPointRef>390020031</StopPointRef>
      <CommonName>Sweden Place</CommonName>
      <LocalityName>Brandon (Suffk)</LocalityName>
      <LocalityQualifier>Suffolk</LocalityQualifier>
    </AnnotatedStopPointRef>
    <AnnotatedStopPointRef>
      <StopPointRef>390020029</StopPointRef>
      <CommonName>Tesco Main Entrance</CommonName>
      <LocalityName>Brandon (Suffk)</LocalityName>
      <LocalityQualifier>Suffolk</LocalityQualifier>
    </AnnotatedStopPointRef>
    <AnnotatedStopPointRef>
      <StopPointRef>390020032</StopPointRef>
      <CommonName>Old Forge Court</CommonName>
      <Indicator>opp</Indicator>
      <LocalityName>Brandon (Suffk)</LocalityName>
      <LocalityQualifier>Suffolk</LocalityQualifier>
    </AnnotatedStopPointRef>
    <AnnotatedStopPointRef>
      <StopPointRef>390020424</StopPointRef>
      <CommonName>Lode Street</CommonName>
      <Indicator>adj</Indicator>
      <LocalityName>Brandon (Suffk)</LocalityName>
      <LocalityQualifier>Suffolk</LocalityQualifier>
    </AnnotatedStopPointRef>
    <AnnotatedStopPointRef>
      <StopPointRef>390020065</StopPointRef>
      <CommonName>Knappers Way</CommonName>
      <Indicator>opp</Indicator>
      <LocalityName>Brandon (Suffk)</LocalityName>
      <LocalityQualifier>Suffolk</LocalityQualifier>
    </AnnotatedStopPointRef>
    <AnnotatedStopPointRef>
      <StopPointRef>390020063</StopPointRef>
      <CommonName>Lingheath Road</CommonName>
      <Indicator>opp</Indicator>
      <LocalityName>Brandon (Suffk)</LocalityName>
      <LocalityQualifier>Suffolk</LocalityQualifier>
    </AnnotatedStopPointRef>
    <AnnotatedStopPointRef>
      <StopPointRef>390020055</StopPointRef>
      <CommonName>Heron Avenue Path</CommonName>
      <Indicator>opp</Indicator>
      <LocalityName>Brandon (Suffk)</LocalityName>
      <LocalityQualifier>Suffolk</LocalityQualifier>
    </AnnotatedStopPointRef>
    <AnnotatedStopPointRef>
      <StopPointRef>390020073</StopPointRef>
      <CommonName>Thetford Lodge</CommonName>
      <Indicator>opp</Indicator>
      <LocalityName>Santon Downham</LocalityName>
      <LocalityQualifier>Suffolk</LocalityQualifier>
    </AnnotatedStopPointRef>
    <AnnotatedStopPointRef>
      <StopPointRef>2900T3999</StopPointRef>
      <CommonName>Canterbury Way</CommonName>
      <Indicator>adj</Indicator>
      <LocalityName>Thetford (Norfk)</LocalityName>
      <LocalityQualifier>Norfolk</LocalityQualifier>
    </AnnotatedStopPointRef>
    <AnnotatedStopPointRef>
      <StopPointRef>2900T39143</StopPointRef>
      <CommonName>Bus Interchange</CommonName>
      <Indicator>Stand C</Indicator>
      <LocalityName>Thetford (Norfk)</LocalityName>
      <LocalityQualifier>Norfolk</LocalityQualifier>
    </AnnotatedStopPointRef>
    <AnnotatedStopPointRef>
      <StopPointRef>2900T39117</StopPointRef>
      <CommonName>Queensway</CommonName>
      <Indicator>opp</Indicator>
      <LocalityName>Thetford (Norfk)</LocalityName>
      <LocalityQualifier>Norfolk</LocalityQualifier>
    </AnnotatedStopPointRef>
    <AnnotatedStopPointRef>
      <StopPointRef>2900T39152</StopPointRef>
      <CommonName>Bracken Road</CommonName>
      <Indicator>opp</Indicator>
      <LocalityName>Thetford (Norfk)</LocalityName>
      <LocalityQualifier>Norfolk</LocalityQualifier>
    </AnnotatedStopPointRef>
    <AnnotatedStopPointRef>
      <StopPointRef>390050027</StopPointRef>
      <CommonName>RAF Camp</CommonName>
      <Indicator>opp</Indicator>
      <LocalityName>Barnham (Suffk)</LocalityName>
      <LocalityQualifier>Suffolk</LocalityQualifier>
    </AnnotatedStopPointRef>
    <AnnotatedStopPointRef>
      <StopPointRef>390020366</StopPointRef>
      <CommonName>Mill Lane</CommonName>
      <Indicator>adj</Indicator>
      <LocalityName>Barnham (Suffk)</LocalityName>
      <LocalityQualifier>Suffolk</LocalityQualifier>
    </AnnotatedStopPointRef>
    <AnnotatedStopPointRef>
      <StopPointRef>390050028</StopPointRef>
      <CommonName>School</CommonName>
      <LocalityName>Barnham (Suffk)</LocalityName>
      <LocalityQualifier>Suffolk</LocalityQualifier>
    </AnnotatedStopPointRef>
    <AnnotatedStopPointRef>
      <StopPointRef>390050589</StopPointRef>
      <CommonName>Rymer Farm</CommonName>
      <Indicator>adj</Indicator>
      <LocalityName>Rymer Point</LocalityName>
      <LocalityQualifier>Suffolk</LocalityQualifier>
    </AnnotatedStopPointRef>
    <AnnotatedStopPointRef>
      <StopPointRef>390050588</StopPointRef>
      <CommonName>Sevenhills Lane</CommonName>
      <Indicator>adj</Indicator>
      <LocalityName>Seven Hills</LocalityName>
      <LocalityQualifier>Suffolk</LocalityQualifier>
    </AnnotatedStopPointRef>
    <AnnotatedStopPointRef>
      <StopPointRef>390050578</StopPointRef>
      <CommonName>The Cadogan</CommonName>
      <LocalityName>Ingham (Suffk)</LocalityName>
      <LocalityQualifier>Suffolk</LocalityQualifier>
    </AnnotatedStopPointRef>
    <AnnotatedStopPointRef>
      <StopPointRef>390051267</StopPointRef>
      <CommonName>St Bartholomew's Church</CommonName>
      <LocalityName>Ingham (Suffk)</LocalityName>
      <LocalityQualifier>Suffolk</LocalityQualifier>
    </AnnotatedStopPointRef>
    <AnnotatedStopPointRef>
      <StopPointRef>390050579</StopPointRef>
      <CommonName>Timworth Farm</CommonName>
      <Indicator>adj</Indicator>
      <LocalityName>Timworth</LocalityName>
      <LocalityQualifier>Suffolk</LocalityQualifier>
    </AnnotatedStopPointRef>
    <AnnotatedStopPointRef>
      <StopPointRef>390050648</StopPointRef>
      <CommonName>Oak Close</CommonName>
      <LocalityName>Fornham St Genevieve</LocalityName>
      <LocalityQualifier>Suffolk</LocalityQualifier>
    </AnnotatedStopPointRef>
    <AnnotatedStopPointRef>
      <StopPointRef>390051265</StopPointRef>
      <CommonName>Village Sign</CommonName>
      <LocalityName>Fornham St Martin</LocalityName>
      <LocalityQualifier>Suffolk</LocalityQualifier>
    </AnnotatedStopPointRef>
    <AnnotatedStopPointRef>
      <StopPointRef>390050651</StopPointRef>
      <CommonName>The Woolpack</CommonName>
      <Indicator>opp</Indicator>
      <LocalityName>Fornham St Martin</LocalityName>
      <LocalityQualifier>Suffolk</LocalityQualifier>
    </AnnotatedStopPointRef>
    <AnnotatedStopPointRef>
      <StopPointRef>390051204</StopPointRef>
      <CommonName>Barton Hill</CommonName>
      <LocalityName>Fornham St Martin</LocalityName>
      <LocalityQualifier>Suffolk</LocalityQualifier>
    </AnnotatedStopPointRef>
    <AnnotatedStopPointRef>
      <StopPointRef>390050811</StopPointRef>
      <CommonName>Philip Road</CommonName>
      <LocalityName>Bury St Edmunds</LocalityName>
      <LocalityQualifier>Suffolk</LocalityQualifier>
    </AnnotatedStopPointRef>
    <AnnotatedStopPointRef>
      <StopPointRef>390051025</StopPointRef>
      <CommonName>St Benedicts Catholic School</CommonName>
      <Indicator>o/s</Indicator>
      <LocalityName>Bury St Edmunds</LocalityName>
      <LocalityQualifier>Suffolk</LocalityQualifier>
    </AnnotatedStopPointRef>
    <AnnotatedStopPointRef>
      <StopPointRef>390050849</StopPointRef>
      <CommonName>West Suffolk House</CommonName>
      <LocalityName>Bury St Edmunds</LocalityName>
      <LocalityQualifier>Suffolk</LocalityQualifier>
    </AnnotatedStopPointRef>
    <AnnotatedStopPointRef>
      <StopPointRef>390050851</StopPointRef>
      <CommonName>ASDA</CommonName>
      <LocalityName>Bury St Edmunds</LocalityName>
      <LocalityQualifier>Suffolk</LocalityQualifier>
    </AnnotatedStopPointRef>
    <AnnotatedStopPointRef>
      <StopPointRef>390059006</StopPointRef>
      <CommonName>Hutton Close</CommonName>
      <LocalityName>Bury St Edmunds</LocalityName>
      <LocalityQualifier>Suffolk</LocalityQualifier>
    </AnnotatedStopPointRef>
    <AnnotatedStopPointRef>
      <StopPointRef>390050874</StopPointRef>
      <CommonName>Westley Road</CommonName>
      <Indicator>opp</Indicator>
      <LocalityName>Bury St Edmunds</LocalityName>
      <LocalityQualifier>Suffolk</LocalityQualifier>
    </AnnotatedStopPointRef>
    <AnnotatedStopPointRef>
      <StopPointRef>390050873</StopPointRef>
      <CommonName>West Suffolk College</CommonName>
      <Indicator>adj</Indicator>
      <LocalityName>Bury St Edmunds</LocalityName>
      <LocalityQualifier>Suffolk</LocalityQualifier>
    </AnnotatedStopPointRef>
    <AnnotatedStopPointRef>
      <StopPointRef>390050871</StopPointRef>
      <CommonName>Springfield Road</CommonName>
      <Indicator>adj</Indicator>
      <LocalityName>Bury St Edmunds</LocalityName>
      <LocalityQualifier>Suffolk</LocalityQualifier>
    </AnnotatedStopPointRef>
    <AnnotatedStopPointRef>
      <StopPointRef>390050787</StopPointRef>
      <CommonName>Bus Station</CommonName>
      <Indicator>Stand 2</Indicator>
      <LocalityName>Bury St Edmunds</LocalityName>
      <LocalityQualifier>Suffolk</LocalityQualifier>
    </AnnotatedStopPointRef>
  </StopPoints>
  <RouteSections>
    <RouteSection id="RS_12-86A-_-y08-4-O-1">
      <RouteLink id="RL_12-86A-_-y08-4-O-1-1">
        <From>
          <StopPointRef>390020028</StopPointRef>
        </From>
        <To>
          <StopPointRef>390020030</StopPointRef>
        </To>
        <Direction>outbound</Direction>
      </RouteLink>
      <RouteLink id="RL_12-86A-_-y08-4-O-1-2">
        <From>
          <StopPointRef>390020030</StopPointRef>
        </From>
        <To>
          <StopPointRef>390020027</StopPointRef>
        </To>
        <Direction>outbound</Direction>
      </RouteLink>
      <RouteLink id="RL_12-86A-_-y08-4-O-1-3">
        <From>
          <StopPointRef>390020027</StopPointRef>
        </From>
        <To>
          <StopPointRef>390020010</StopPointRef>
        </To>
        <Direction>outbound</Direction>
      </RouteLink>
      <RouteLink id="RL_12-86A-_-y08-4-O-1-4">
        <From>
          <StopPointRef>390020010</StopPointRef>
        </From>
        <To>
          <StopPointRef>390020013</StopPointRef>
        </To>
        <Direction>outbound</Direction>
      </RouteLink>
      <RouteLink id="RL_12-86A-_-y08-4-O-1-5">
        <From>
          <StopPointRef>390020013</StopPointRef>
        </From>
        <To>
          <StopPointRef>390020022</StopPointRef>
        </To>
        <Direction>outbound</Direction>
      </RouteLink>
      <RouteLink id="RL_12-86A-_-y08-4-O-1-6">
        <From>
          <StopPointRef>390020022</StopPointRef>
        </From>
        <To>
          <StopPointRef>390020024</StopPointRef>
        </To>
        <Direction>outbound</Direction>
      </RouteLink>
      <RouteLink id="RL_12-86A-_-y08-4-O-1-7">
        <From>
          <StopPointRef>390020024</StopPointRef>
        </From>
        <To>
          <StopPointRef>390020031</StopPointRef>
        </To>
        <Direction>outbound</Direction>
      </RouteLink>
      <RouteLink id="RL_12-86A-_-y08-4-O-1-8">
        <From>
          <StopPointRef>390020031</StopPointRef>
        </From>
        <To>
          <StopPointRef>390020029</StopPointRef>
        </To>
        <Direction>outbound</Direction>
      </RouteLink>
      <RouteLink id="RL_12-86A-_-y08-4-O-1-9">
        <From>
          <StopPointRef>390020029</StopPointRef>
        </From>
        <To>
          <StopPointRef>390020024</StopPointRef>
        </To>
        <Direction>outbound</Direction>
      </RouteLink>
      <RouteLink id="RL_12-86A-_-y08-4-O-1-10">
        <From>
          <StopPointRef>390020024</StopPointRef>
        </From>
        <To>
          <StopPointRef>390020031</StopPointRef>
        </To>
        <Direction>outbound</Direction>
      </RouteLink>
      <RouteLink id="RL_12-86A-_-y08-4-O-1-11">
        <From>
          <StopPointRef>390020031</StopPointRef>
        </From>
        <To>
          <StopPointRef>390020029</StopPointRef>
        </To>
        <Direction>outbound</Direction>
      </RouteLink>
      <RouteLink id="RL_12-86A-_-y08-4-O-1-12">
        <From>
          <StopPointRef>390020029</StopPointRef>
        </From>
        <To>
          <StopPointRef>390020032</StopPointRef>
        </To>
        <Direction>outbound</Direction>
      </RouteLink>
      <RouteLink id="RL_12-86A-_-y08-4-O-1-13">
        <From>
          <StopPointRef>390020032</StopPointRef>
        </From>
        <To>
          <StopPointRef>390020424</StopPointRef>
        </To>
        <Direction>outbound</Direction>
      </RouteLink>
      <RouteLink id="RL_12-86A-_-y08-4-O-1-14">
        <From>
          <StopPointRef>390020424</StopPointRef>
        </From>
        <To>
          <StopPointRef>390020065</StopPointRef>
        </To>
        <Direction>outbound</Direction>
      </RouteLink>
      <RouteLink id="RL_12-86A-_-y08-4-O-1-15">
        <From>
          <StopPointRef>390020065</StopPointRef>
        </From>
        <To>
          <StopPointRef>390020063</StopPointRef>
        </To>
        <Direction>outbound</Direction>
      </RouteLink>
      <RouteLink id="RL_12-86A-_-y08-4-O-1-16">
        <From>
          <StopPointRef>390020063</StopPointRef>
        </From>
        <To>
          <StopPointRef>390020055</StopPointRef>
        </To>
        <Direction>outbound</Direction>
      </RouteLink>
      <RouteLink id="RL_12-86A-_-y08-4-O-1-17">
        <From>
          <StopPointRef>390020055</StopPointRef>
        </From>
        <To>
          <StopPointRef>390020073</StopPointRef>
        </To>
        <Direction>outbound</Direction>
      </RouteLink>
      <RouteLink id="RL_12-86A-_-y08-4-O-1-18">
        <From>
          <StopPointRef>390020073</StopPointRef>
        </From>
        <To>
          <StopPointRef>2900T3999</StopPointRef>
        </To>
        <Direction>outbound</Direction>
      </RouteLink>
      <RouteLink id="RL_12-86A-_-y08-4-O-1-19">
        <From>
          <StopPointRef>2900T3999</StopPointRef>
        </From>
        <To>
          <StopPointRef>2900T39143</StopPointRef>
        </To>
        <Direction>outbound</Direction>
      </RouteLink>
      <RouteLink id="RL_12-86A-_-y08-4-O-1-20">
        <From>
          <StopPointRef>2900T39143</StopPointRef>
        </From>
        <To>
          <StopPointRef>2900T39117</StopPointRef>
        </To>
        <Direction>outbound</Direction>
      </RouteLink>
      <RouteLink id="RL_12-86A-_-y08-4-O-1-21">
        <From>
          <StopPointRef>2900T39117</StopPointRef>
        </From>
        <To>
          <StopPointRef>2900T39152</StopPointRef>
        </To>
        <Direction>outbound</Direction>
      </RouteLink>
      <RouteLink id="RL_12-86A-_-y08-4-O-1-22">
        <From>
          <StopPointRef>2900T39152</StopPointRef>
        </From>
        <To>
          <StopPointRef>390050027</StopPointRef>
        </To>
        <Direction>outbound</Direction>
      </RouteLink>
      <RouteLink id="RL_12-86A-_-y08-4-O-1-23">
        <From>
          <StopPointRef>390050027</StopPointRef>
        </From>
        <To>
          <StopPointRef>390020366</StopPointRef>
        </To>
        <Direction>outbound</Direction>
      </RouteLink>
      <RouteLink id="RL_12-86A-_-y08-4-O-1-24">
        <From>
          <StopPointRef>390020366</StopPointRef>
        </From>
        <To>
          <StopPointRef>390050028</StopPointRef>
        </To>
        <Direction>outbound</Direction>
      </RouteLink>
      <RouteLink id="RL_12-86A-_-y08-4-O-1-25">
        <From>
          <StopPointRef>390050028</StopPointRef>
        </From>
        <To>
          <StopPointRef>390050589</StopPointRef>
        </To>
        <Direction>outbound</Direction>
      </RouteLink>
      <RouteLink id="RL_12-86A-_-y08-4-O-1-26">
        <From>
          <StopPointRef>390050589</StopPointRef>
        </From>
        <To>
          <StopPointRef>390050588</StopPointRef>
        </To>
        <Direction>outbound</Direction>
      </RouteLink>
      <RouteLink id="RL_12-86A-_-y08-4-O-1-27">
        <From>
          <StopPointRef>390050588</StopPointRef>
        </From>
        <To>
          <StopPointRef>390050578</StopPointRef>
        </To>
        <Direction>outbound</Direction>
      </RouteLink>
      <RouteLink id="RL_12-86A-_-y08-4-O-1-28">
        <From>
          <StopPointRef>390050578</StopPointRef>
        </From>
        <To>
          <StopPointRef>390051267</StopPointRef>
        </To>
        <Direction>outbound</Direction>
      </RouteLink>
      <RouteLink id="RL_12-86A-_-y08-4-O-1-29">
        <From>
          <StopPointRef>390051267</StopPointRef>
        </From>
        <To>
          <StopPointRef>390050579</StopPointRef>
        </To>
        <Direction>outbound</Direction>
      </RouteLink>
      <RouteLink id="RL_12-86A-_-y08-4-O-1-30">
        <From>
          <StopPointRef>390050579</StopPointRef>
        </From>
        <To>
          <StopPointRef>390050648</StopPointRef>
        </To>
        <Direction>outbound</Direction>
      </RouteLink>
      <RouteLink id="RL_12-86A-_-y08-4-O-1-31">
        <From>
          <StopPointRef>390050648</StopPointRef>
        </From>
        <To>
          <StopPointRef>390051265</StopPointRef>
        </To>
        <Direction>outbound</Direction>
      </RouteLink>
      <RouteLink id="RL_12-86A-_-y08-4-O-1-32">
        <From>
          <StopPointRef>390051265</StopPointRef>
        </From>
        <To>
          <StopPointRef>390050651</StopPointRef>
        </To>
        <Direction>outbound</Direction>
      </RouteLink>
      <RouteLink id="RL_12-86A-_-y08-4-O-1-33">
        <From>
          <StopPointRef>390050651</StopPointRef>
        </From>
        <To>
          <StopPointRef>390051204</StopPointRef>
        </To>
        <Direction>outbound</Direction>
      </RouteLink>
      <RouteLink id="RL_12-86A-_-y08-4-O-1-34">
        <From>
          <StopPointRef>390051204</StopPointRef>
        </From>
        <To>
          <StopPointRef>390050811</StopPointRef>
        </To>
        <Direction>outbound</Direction>
      </RouteLink>
      <RouteLink id="RL_12-86A-_-y08-4-O-1-35">
        <From>
          <StopPointRef>390050811</StopPointRef>
        </From>
        <To>
          <StopPointRef>390051025</StopPointRef>
        </To>
        <Direction>outbound</Direction>
      </RouteLink>
      <RouteLink id="RL_12-86A-_-y08-4-O-1-36">
        <From>
          <StopPointRef>390051025</StopPointRef>
        </From>
        <To>
          <StopPointRef>390050849</StopPointRef>
        </To>
        <Direction>outbound</Direction>
      </RouteLink>
      <RouteLink id="RL_12-86A-_-y08-4-O-1-37">
        <From>
          <StopPointRef>390050849</StopPointRef>
        </From>
        <To>
          <StopPointRef>390050851</StopPointRef>
        </To>
        <Direction>outbound</Direction>
      </RouteLink>
      <RouteLink id="RL_12-86A-_-y08-4-O-1-38">
        <From>
          <StopPointRef>390050851</StopPointRef>
        </From>
        <To>
          <StopPointRef>390059006</StopPointRef>
        </To>
        <Direction>outbound</Direction>
      </RouteLink>
      <RouteLink id="RL_12-86A-_-y08-4-O-1-39">
        <From>
          <StopPointRef>390059006</StopPointRef>
        </From>
        <To>
          <StopPointRef>390050874</StopPointRef>
        </To>
        <Direction>outbound</Direction>
      </RouteLink>
      <RouteLink id="RL_12-86A-_-y08-4-O-1-40">
        <From>
          <StopPointRef>390050874</StopPointRef>
        </From>
        <To>
          <StopPointRef>390050873</StopPointRef>
        </To>
        <Direction>outbound</Direction>
      </RouteLink>
      <RouteLink id="RL_12-86A-_-y08-4-O-1-41">
        <From>
          <StopPointRef>390050873</StopPointRef>
        </From>
        <To>
          <StopPointRef>390050871</StopPointRef>
        </To>
        <Direction>outbound</Direction>
      </RouteLink>
      <RouteLink id="RL_12-86A-_-y08-4-O-1-42">
        <From>
          <StopPointRef>390050871</StopPointRef>
        </From>
        <To>
          <StopPointRef>390050787</StopPointRef>
        </To>
        <Direction>outbound</Direction>
      </RouteLink>
    </RouteSection>
  </RouteSections>
  <Routes>
    <Route id="R_12-86A-_-y08-4-O-1">
      <PrivateCode>R_12-86A-_-y08-4-O-1</PrivateCode>
      <Description>Tesco Main Entrance - Bus Station</Description>
      <RouteSectionRef>RS_12-86A-_-y08-4-O-1</RouteSectionRef>
    </Route>
  </Routes>
  <JourneyPatternSections>
    <JourneyPatternSection id="JPS_12-86A-_-y08-4-1-1-O">
      <JourneyPatternTimingLink id="JPL_12-86A-_-y08-4-1-O-1-2">
        <From SequenceNumber="1">
          <Activity>pickUp</Activity>
          <StopPointRef>390020028</StopPointRef>
          <TimingStatus>PTP</TimingStatus>
        </From>
        <To SequenceNumber="2">
          <Activity>pickUpAndSetDown</Activity>
          <StopPointRef>390020030</StopPointRef>
          <TimingStatus>OTH</TimingStatus>
        </To>
        <RouteLinkRef>RL_12-86A-_-y08-4-O-1-1</RouteLinkRef>
        <RunTime>PT44S</RunTime>
      </JourneyPatternTimingLink>
      <JourneyPatternTimingLink id="JPL_12-86A-_-y08-4-1-O-1-3">
        <From SequenceNumber="2">
          <Activity>pickUpAndSetDown</Activity>
          <StopPointRef>390020030</StopPointRef>
          <TimingStatus>OTH</TimingStatus>
        </From>
        <To SequenceNumber="3">
          <Activity>pickUpAndSetDown</Activity>
          <StopPointRef>390020027</StopPointRef>
          <TimingStatus>OTH</TimingStatus>
        </To>
        <RouteLinkRef>RL_12-86A-_-y08-4-O-1-2</RouteLinkRef>
        <RunTime>PT1M32S</RunTime>
      </JourneyPatternTimingLink>
      <JourneyPatternTimingLink id="JPL_12-86A-_-y08-4-1-O-1-4">
        <From SequenceNumber="3">
          <Activity>pickUpAndSetDown</Activity>
          <StopPointRef>390020027</StopPointRef>
          <TimingStatus>OTH</TimingStatus>
        </From>
        <To SequenceNumber="4">
          <Activity>pickUpAndSetDown</Activity>
          <StopPointRef>390020010</StopPointRef>
          <TimingStatus>PTP</TimingStatus>
        </To>
        <RouteLinkRef>RL_12-86A-_-y08-4-O-1-3</RouteLinkRef>
        <RunTime>PT44S</RunTime>
      </JourneyPatternTimingLink>
      <JourneyPatternTimingLink id="JPL_12-86A-_-y08-4-1-O-1-5">
        <From SequenceNumber="4">
          <Activity>pickUpAndSetDown</Activity>
          <StopPointRef>390020010</StopPointRef>
          <TimingStatus>PTP</TimingStatus>
        </From>
        <To SequenceNumber="5">
          <Activity>pickUpAndSetDown</Activity>
          <StopPointRef>390020013</StopPointRef>
          <TimingStatus>PTP</TimingStatus>
        </To>
        <RouteLinkRef>RL_12-86A-_-y08-4-O-1-4</RouteLinkRef>
        <RunTime>PT1M</RunTime>
      </JourneyPatternTimingLink>
      <JourneyPatternTimingLink id="JPL_12-86A-_-y08-4-1-O-1-6">
        <From SequenceNumber="5">
          <Activity>pickUpAndSetDown</Activity>
          <StopPointRef>390020013</StopPointRef>
          <TimingStatus>PTP</TimingStatus>
        </From>
        <To SequenceNumber="6">
          <Activity>pickUpAndSetDown</Activity>
          <StopPointRef>390020022</StopPointRef>
          <TimingStatus>OTH</TimingStatus>
        </To>
        <RouteLinkRef>RL_12-86A-_-y08-4-O-1-5</RouteLinkRef>
        <RunTime>PT42S</RunTime>
      </JourneyPatternTimingLink>
      <JourneyPatternTimingLink id="JPL_12-86A-_-y08-4-1-O-1-7">
        <From SequenceNumber="6">
          <Activity>pickUpAndSetDown</Activity>
          <StopPointRef>390020022</StopPointRef>
          <TimingStatus>OTH</TimingStatus>
        </From>
        <To SequenceNumber="7">
          <Activity>pickUpAndSetDown</Activity>
          <StopPointRef>390020024</StopPointRef>
          <TimingStatus>PTP</TimingStatus>
        </To>
        <RouteLinkRef>RL_12-86A-_-y08-4-O-1-6</RouteLinkRef>
        <RunTime>PT1M18S</RunTime>
      </JourneyPatternTimingLink>
      <JourneyPatternTimingLink id="JPL_12-86A-_-y08-4-1-O-1-8">
        <From SequenceNumber="7">
          <Activity>pickUpAndSetDown</Activity>
          <StopPointRef>390020024</StopPointRef>
          <TimingStatus>PTP</TimingStatus>
        </From>
        <To SequenceNumber="8">
          <Activity>pickUpAndSetDown</Activity>
          <StopPointRef>390020031</StopPointRef>
          <TimingStatus>OTH</TimingStatus>
        </To>
        <RouteLinkRef>RL_12-86A-_-y08-4-O-1-7</RouteLinkRef>
        <RunTime>PT23S</RunTime>
      </JourneyPatternTimingLink>
      <JourneyPatternTimingLink id="JPL_12-86A-_-y08-4-1-O-1-9">
        <From SequenceNumber="8">
          <Activity>pickUpAndSetDown</Activity>
          <StopPointRef>390020031</StopPointRef>
          <TimingStatus>OTH</TimingStatus>
        </From>
        <To SequenceNumber="9">
          <Activity>pickUpAndSetDown</Activity>
          <StopPointRef>390020029</StopPointRef>
          <TimingStatus>OTH</TimingStatus>
        </To>
        <RouteLinkRef>RL_12-86A-_-y08-4-O-1-8</RouteLinkRef>
        <RunTime>PT40S</RunTime>
      </JourneyPatternTimingLink>
      <JourneyPatternTimingLink id="JPL_12-86A-_-y08-4-1-O-1-10">
        <From SequenceNumber="9">
          <Activity>pickUpAndSetDown</Activity>
          <StopPointRef>390020029</StopPointRef>
          <TimingStatus>OTH</TimingStatus>
        </From>
        <To SequenceNumber="10">
          <Activity>pickUpAndSetDown</Activity>
          <StopPointRef>390020024</StopPointRef>
          <TimingStatus>OTH</TimingStatus>
        </To>
        <RouteLinkRef>RL_12-86A-_-y08-4-O-1-9</RouteLinkRef>
        <RunTime>PT53S</RunTime>
      </JourneyPatternTimingLink>
      <JourneyPatternTimingLink id="JPL_12-86A-_-y08-4-1-O-1-11">
        <From SequenceNumber="10">
          <Activity>pickUpAndSetDown</Activity>
          <StopPointRef>390020024</StopPointRef>
          <TimingStatus>OTH</TimingStatus>
        </From>
        <To SequenceNumber="11">
          <Activity>pickUpAndSetDown</Activity>
          <StopPointRef>390020031</StopPointRef>
          <TimingStatus>OTH</TimingStatus>
        </To>
        <RouteLinkRef>RL_12-86A-_-y08-4-O-1-10</RouteLinkRef>
        <RunTime>PT23S</RunTime>
      </JourneyPatternTimingLink>
      <JourneyPatternTimingLink id="JPL_12-86A-_-y08-4-1-O-1-12">
        <From SequenceNumber="11">
          <Activity>pickUpAndSetDown</Activity>
          <StopPointRef>390020031</StopPointRef>
          <TimingStatus>OTH</TimingStatus>
        </From>
        <To SequenceNumber="12">
          <Activity>pickUpAndSetDown</Activity>
          <StopPointRef>390020029</StopPointRef>
          <TimingStatus>OTH</TimingStatus>
        </To>
        <RouteLinkRef>RL_12-86A-_-y08-4-O-1-11</RouteLinkRef>
        <RunTime>PT40S</RunTime>
      </JourneyPatternTimingLink>
      <JourneyPatternTimingLink id="JPL_12-86A-_-y08-4-1-O-1-13">
        <From SequenceNumber="12">
          <Activity>pickUpAndSetDown</Activity>
          <StopPointRef>390020029</StopPointRef>
          <TimingStatus>OTH</TimingStatus>
        </From>
        <To SequenceNumber="13">
          <Activity>pickUpAndSetDown</Activity>
          <StopPointRef>390020032</StopPointRef>
          <TimingStatus>PTP</TimingStatus>
        </To>
        <RouteLinkRef>RL_12-86A-_-y08-4-O-1-12</RouteLinkRef>
        <RunTime>PT1M1S</RunTime>
      </JourneyPatternTimingLink>
      <JourneyPatternTimingLink id="JPL_12-86A-_-y08-4-1-O-1-14">
        <From SequenceNumber="13">
          <Activity>pickUpAndSetDown</Activity>
          <StopPointRef>390020032</StopPointRef>
          <TimingStatus>PTP</TimingStatus>
        </From>
        <To SequenceNumber="14">
          <Activity>pickUpAndSetDown</Activity>
          <StopPointRef>390020424</StopPointRef>
          <TimingStatus>OTH</TimingStatus>
        </To>
        <RouteLinkRef>RL_12-86A-_-y08-4-O-1-13</RouteLinkRef>
        <RunTime>PT1M25S</RunTime>
      </JourneyPatternTimingLink>
      <JourneyPatternTimingLink id="JPL_12-86A-_-y08-4-1-O-1-15">
        <From SequenceNumber="14">
          <Activity>pickUpAndSetDown</Activity>
          <StopPointRef>390020424</StopPointRef>
          <TimingStatus>OTH</TimingStatus>
        </From>
        <To SequenceNumber="15">
          <Activity>pickUpAndSetDown</Activity>
          <StopPointRef>390020065</StopPointRef>
          <TimingStatus>OTH</TimingStatus>
        </To>
        <RouteLinkRef>RL_12-86A-_-y08-4-O-1-14</RouteLinkRef>
        <RunTime>PT1M23S</RunTime>
      </JourneyPatternTimingLink>
      <JourneyPatternTimingLink id="JPL_12-86A-_-y08-4-1-O-1-16">
        <From SequenceNumber="15">
          <Activity>pickUpAndSetDown</Activity>
          <StopPointRef>390020065</StopPointRef>
          <TimingStatus>OTH</TimingStatus>
        </From>
        <To SequenceNumber="16">
          <Activity>pickUpAndSetDown</Activity>
          <StopPointRef>390020063</StopPointRef>
          <TimingStatus>PTP</TimingStatus>
        </To>
        <RouteLinkRef>RL_12-86A-_-y08-4-O-1-15</RouteLinkRef>
        <RunTime>PT3M12S</RunTime>
      </JourneyPatternTimingLink>
      <JourneyPatternTimingLink id="JPL_12-86A-_-y08-4-1-O-1-17">
        <From SequenceNumber="16">
          <Activity>pickUpAndSetDown</Activity>
          <StopPointRef>390020063</StopPointRef>
          <TimingStatus>PTP</TimingStatus>
        </From>
        <To SequenceNumber="17">
          <Activity>pickUpAndSetDown</Activity>
          <StopPointRef>390020055</StopPointRef>
          <TimingStatus>OTH</TimingStatus>
        </To>
        <RouteLinkRef>RL_12-86A-_-y08-4-O-1-16</RouteLinkRef>
        <RunTime>PT23S</RunTime>
      </JourneyPatternTimingLink>
      <JourneyPatternTimingLink id="JPL_12-86A-_-y08-4-1-O-1-18">
        <From SequenceNumber="17">
          <Activity>pickUpAndSetDown</Activity>
          <StopPointRef>390020055</StopPointRef>
          <TimingStatus>OTH</TimingStatus>
        </From>
        <To SequenceNumber="18">
          <Activity>pickUpAndSetDown</Activity>
          <StopPointRef>390020073</StopPointRef>
          <TimingStatus>OTH</TimingStatus>
        </To>
        <RouteLinkRef>RL_12-86A-_-y08-4-O-1-17</RouteLinkRef>
        <RunTime>PT6M28S</RunTime>
      </JourneyPatternTimingLink>
      <JourneyPatternTimingLink id="JPL_12-86A-_-y08-4-1-O-1-19">
        <From SequenceNumber="18">
          <Activity>pickUpAndSetDown</Activity>
          <StopPointRef>390020073</StopPointRef>
          <TimingStatus>OTH</TimingStatus>
        </From>
        <To SequenceNumber="19">
          <Activity>pickUpAndSetDown</Activity>
          <StopPointRef>2900T3999</StopPointRef>
          <TimingStatus>OTH</TimingStatus>
        </To>
        <RouteLinkRef>RL_12-86A-_-y08-4-O-1-18</RouteLinkRef>
        <RunTime>PT10M7S</RunTime>
      </JourneyPatternTimingLink>
      <JourneyPatternTimingLink id="JPL_12-86A-_-y08-4-1-O-1-20">
        <From SequenceNumber="19">
          <Activity>pickUpAndSetDown</Activity>
          <StopPointRef>2900T3999</StopPointRef>
          <TimingStatus>OTH</TimingStatus>
        </From>
        <To SequenceNumber="20">
          <Activity>pickUpAndSetDown</Activity>
          <StopPointRef>2900T39143</StopPointRef>
          <TimingStatus>PTP</TimingStatus>
        </To>
        <RouteLinkRef>RL_12-86A-_-y08-4-O-1-19</RouteLinkRef>
        <RunTime>PT2M2S</RunTime>
      </JourneyPatternTimingLink>
      <JourneyPatternTimingLink id="JPL_12-86A-_-y08-4-1-O-1-21">
        <From SequenceNumber="20">
          <Activity>pickUpAndSetDown</Activity>
          <StopPointRef>2900T39143</StopPointRef>
          <TimingStatus>PTP</TimingStatus>
        </From>
        <To SequenceNumber="21">
          <Activity>pickUpAndSetDown</Activity>
          <StopPointRef>2900T39117</StopPointRef>
          <TimingStatus>PTP</TimingStatus>
        </To>
        <RouteLinkRef>RL_12-86A-_-y08-4-O-1-20</RouteLinkRef>
        <RunTime>PT5M</RunTime>
      </JourneyPatternTimingLink>
      <JourneyPatternTimingLink id="JPL_12-86A-_-y08-4-1-O-1-22">
        <From SequenceNumber="21">
          <Activity>pickUpAndSetDown</Activity>
          <StopPointRef>2900T39117</StopPointRef>
          <TimingStatus>PTP</TimingStatus>
        </From>
        <To SequenceNumber="22">
          <Activity>pickUpAndSetDown</Activity>
          <StopPointRef>2900T39152</StopPointRef>
          <TimingStatus>OTH</TimingStatus>
        </To>
        <RouteLinkRef>RL_12-86A-_-y08-4-O-1-21</RouteLinkRef>
        <RunTime>PT43S</RunTime>
      </JourneyPatternTimingLink>
      <JourneyPatternTimingLink id="JPL_12-86A-_-y08-4-1-O-1-23">
        <From SequenceNumber="22">
          <Activity>pickUpAndSetDown</Activity>
          <StopPointRef>2900T39152</StopPointRef>
          <TimingStatus>OTH</TimingStatus>
        </From>
        <To SequenceNumber="23">
          <Activity>pickUpAndSetDown</Activity>
          <StopPointRef>390050027</StopPointRef>
          <TimingStatus>OTH</TimingStatus>
        </To>
        <RouteLinkRef>RL_12-86A-_-y08-4-O-1-22</RouteLinkRef>
        <RunTime>PT2M49S</RunTime>
      </JourneyPatternTimingLink>
      <JourneyPatternTimingLink id="JPL_12-86A-_-y08-4-1-O-1-24">
        <From SequenceNumber="23">
          <Activity>pickUpAndSetDown</Activity>
          <StopPointRef>390050027</StopPointRef>
          <TimingStatus>OTH</TimingStatus>
        </From>
        <To SequenceNumber="24">
          <Activity>pickUpAndSetDown</Activity>
          <StopPointRef>390020366</StopPointRef>
          <TimingStatus>OTH</TimingStatus>
        </To>
        <RouteLinkRef>RL_12-86A-_-y08-4-O-1-23</RouteLinkRef>
        <RunTime>PT2M21S</RunTime>
      </JourneyPatternTimingLink>
      <JourneyPatternTimingLink id="JPL_12-86A-_-y08-4-1-O-1-25">
        <From SequenceNumber="24">
          <Activity>pickUpAndSetDown</Activity>
          <StopPointRef>390020366</StopPointRef>
          <TimingStatus>OTH</TimingStatus>
        </From>
        <To SequenceNumber="25">
          <Activity>pickUpAndSetDown</Activity>
          <StopPointRef>390050028</StopPointRef>
          <TimingStatus>PTP</TimingStatus>
        </To>
        <RouteLinkRef>RL_12-86A-_-y08-4-O-1-24</RouteLinkRef>
        <RunTime>PT7S</RunTime>
      </JourneyPatternTimingLink>
      <JourneyPatternTimingLink id="JPL_12-86A-_-y08-4-1-O-1-26">
        <From SequenceNumber="25">
          <Activity>pickUpAndSetDown</Activity>
          <StopPointRef>390050028</StopPointRef>
          <TimingStatus>PTP</TimingStatus>
        </From>
        <To SequenceNumber="26">
          <Activity>pickUpAndSetDown</Activity>
          <StopPointRef>390050589</StopPointRef>
          <TimingStatus>OTH</TimingStatus>
        </To>
        <RouteLinkRef>RL_12-86A-_-y08-4-O-1-25</RouteLinkRef>
        <RunTime>PT3M26S</RunTime>
      </JourneyPatternTimingLink>
      <JourneyPatternTimingLink id="JPL_12-86A-_-y08-4-1-O-1-27">
        <From SequenceNumber="26">
          <Activity>pickUpAndSetDown</Activity>
          <StopPointRef>390050589</StopPointRef>
          <TimingStatus>OTH</TimingStatus>
        </From>
        <To SequenceNumber="27">
          <Activity>pickUpAndSetDown</Activity>
          <StopPointRef>390050588</StopPointRef>
          <TimingStatus>OTH</TimingStatus>
        </To>
        <RouteLinkRef>RL_12-86A-_-y08-4-O-1-26</RouteLinkRef>
        <RunTime>PT2M27S</RunTime>
      </JourneyPatternTimingLink>
      <JourneyPatternTimingLink id="JPL_12-86A-_-y08-4-1-O-1-28">
        <From SequenceNumber="27">
          <Activity>pickUpAndSetDown</Activity>
          <StopPointRef>390050588</StopPointRef>
          <TimingStatus>OTH</TimingStatus>
        </From>
        <To SequenceNumber="28">
          <Activity>pickUpAndSetDown</Activity>
          <StopPointRef>390050578</StopPointRef>
          <TimingStatus>PTP</TimingStatus>
        </To>
        <RouteLinkRef>RL_12-86A-_-y08-4-O-1-27</RouteLinkRef>
        <RunTime>PT3M7S</RunTime>
      </JourneyPatternTimingLink>
      <JourneyPatternTimingLink id="JPL_12-86A-_-y08-4-1-O-1-29">
        <From SequenceNumber="28">
          <Activity>pickUpAndSetDown</Activity>
          <StopPointRef>390050578</StopPointRef>
          <TimingStatus>PTP</TimingStatus>
        </From>
        <To SequenceNumber="29">
          <Activity>pickUpAndSetDown</Activity>
          <StopPointRef>390051267</StopPointRef>
          <TimingStatus>OTH</TimingStatus>
        </To>
        <RouteLinkRef>RL_12-86A-_-y08-4-O-1-28</RouteLinkRef>
        <RunTime>PT18S</RunTime>
      </JourneyPatternTimingLink>
      <JourneyPatternTimingLink id="JPL_12-86A-_-y08-4-1-O-1-30">
        <From SequenceNumber="29">
          <Activity>pickUpAndSetDown</Activity>
          <StopPointRef>390051267</StopPointRef>
          <TimingStatus>OTH</TimingStatus>
        </From>
        <To SequenceNumber="30">
          <Activity>pickUpAndSetDown</Activity>
          <StopPointRef>390050579</StopPointRef>
          <TimingStatus>OTH</TimingStatus>
        </To>
        <RouteLinkRef>RL_12-86A-_-y08-4-O-1-29</RouteLinkRef>
        <RunTime>PT1M38S</RunTime>
      </JourneyPatternTimingLink>
      <JourneyPatternTimingLink id="JPL_12-86A-_-y08-4-1-O-1-31">
        <From SequenceNumber="30">
          <Activity>pickUpAndSetDown</Activity>
          <StopPointRef>390050579</StopPointRef>
          <TimingStatus>OTH</TimingStatus>
        </From>
        <To SequenceNumber="31">
          <Activity>pickUpAndSetDown</Activity>
          <StopPointRef>390050648</StopPointRef>
          <TimingStatus>PTP</TimingStatus>
        </To>
        <RouteLinkRef>RL_12-86A-_-y08-4-O-1-30</RouteLinkRef>
        <RunTime>PT2M4S</RunTime>
      </JourneyPatternTimingLink>
      <JourneyPatternTimingLink id="JPL_12-86A-_-y08-4-1-O-1-32">
        <From SequenceNumber="31">
          <Activity>pickUpAndSetDown</Activity>
          <StopPointRef>390050648</StopPointRef>
          <TimingStatus>PTP</TimingStatus>
        </From>
        <To SequenceNumber="32">
          <Activity>pickUpAndSetDown</Activity>
          <StopPointRef>390051265</StopPointRef>
          <TimingStatus>OTH</TimingStatus>
        </To>
        <RouteLinkRef>RL_12-86A-_-y08-4-O-1-31</RouteLinkRef>
        <RunTime>PT28S</RunTime>
      </JourneyPatternTimingLink>
      <JourneyPatternTimingLink id="JPL_12-86A-_-y08-4-1-O-1-33">
        <From SequenceNumber="32">
          <Activity>pickUpAndSetDown</Activity>
          <StopPointRef>390051265</StopPointRef>
          <TimingStatus>OTH</TimingStatus>
        </From>
        <To SequenceNumber="33">
          <Activity>pickUpAndSetDown</Activity>
          <StopPointRef>390050651</StopPointRef>
          <TimingStatus>PTP</TimingStatus>
        </To>
        <RouteLinkRef>RL_12-86A-_-y08-4-O-1-32</RouteLinkRef>
        <RunTime>PT32S</RunTime>
      </JourneyPatternTimingLink>
      <JourneyPatternTimingLink id="JPL_12-86A-_-y08-4-1-O-1-34">
        <From SequenceNumber="33">
          <Activity>pickUpAndSetDown</Activity>
          <StopPointRef>390050651</StopPointRef>
          <TimingStatus>PTP</TimingStatus>
        </From>
        <To SequenceNumber="34">
          <Activity>pickUpAndSetDown</Activity>
          <StopPointRef>390051204</StopPointRef>
          <TimingStatus>OTH</TimingStatus>
        </To>
        <RouteLinkRef>RL_12-86A-_-y08-4-O-1-33</RouteLinkRef>
        <RunTime>PT3M56S</RunTime>
      </JourneyPatternTimingLink>
      <JourneyPatternTimingLink id="JPL_12-86A-_-y08-4-1-O-1-35">
        <From SequenceNumber="34">
          <Activity>pickUpAndSetDown</Activity>
          <StopPointRef>390051204</StopPointRef>
          <TimingStatus>OTH</TimingStatus>
        </From>
        <To SequenceNumber="35">
          <Activity>pickUpAndSetDown</Activity>
          <StopPointRef>390050811</StopPointRef>
          <TimingStatus>OTH</TimingStatus>
        </To>
        <RouteLinkRef>RL_12-86A-_-y08-4-O-1-34</RouteLinkRef>
        <RunTime>PT2M32S</RunTime>
      </JourneyPatternTimingLink>
      <JourneyPatternTimingLink id="JPL_12-86A-_-y08-4-1-O-1-36">
        <From SequenceNumber="35">
          <Activity>pickUpAndSetDown</Activity>
          <StopPointRef>390050811</StopPointRef>
          <TimingStatus>OTH</TimingStatus>
        </From>
        <To SequenceNumber="36">
          <Activity>pickUpAndSetDown</Activity>
          <StopPointRef>390051025</StopPointRef>
          <TimingStatus>PTP</TimingStatus>
        </To>
        <RouteLinkRef>RL_12-86A-_-y08-4-O-1-35</RouteLinkRef>
        <RunTime>PT2M32S</RunTime>
      </JourneyPatternTimingLink>
      <JourneyPatternTimingLink id="JPL_12-86A-_-y08-4-1-O-1-37">
        <From SequenceNumber="36">
          <Activity>pickUpAndSetDown</Activity>
          <StopPointRef>390051025</StopPointRef>
          <TimingStatus>PTP</TimingStatus>
        </From>
        <To SequenceNumber="37">
          <Activity>pickUpAndSetDown</Activity>
          <StopPointRef>390050849</StopPointRef>
          <TimingStatus>OTH</TimingStatus>
        </To>
        <RouteLinkRef>RL_12-86A-_-y08-4-O-1-36</RouteLinkRef>
        <RunTime>PT7M26S</RunTime>
      </JourneyPatternTimingLink>
      <JourneyPatternTimingLink id="JPL_12-86A-_-y08-4-1-O-1-38">
        <From SequenceNumber="37">
          <Activity>pickUpAndSetDown</Activity>
          <StopPointRef>390050849</StopPointRef>
          <TimingStatus>OTH</TimingStatus>
        </From>
        <To SequenceNumber="38">
          <Activity>pickUpAndSetDown</Activity>
          <StopPointRef>390050851</StopPointRef>
          <TimingStatus>OTH</TimingStatus>
        </To>
        <RouteLinkRef>RL_12-86A-_-y08-4-O-1-37</RouteLinkRef>
        <RunTime>PT3M12S</RunTime>
      </JourneyPatternTimingLink>
      <JourneyPatternTimingLink id="JPL_12-86A-_-y08-4-1-O-1-39">
        <From SequenceNumber="38">
          <Activity>pickUpAndSetDown</Activity>
          <StopPointRef>390050851</StopPointRef>
          <TimingStatus>OTH</TimingStatus>
        </From>
        <To SequenceNumber="39">
          <Activity>pickUpAndSetDown</Activity>
          <StopPointRef>390059006</StopPointRef>
          <TimingStatus>OTH</TimingStatus>
        </To>
        <RouteLinkRef>RL_12-86A-_-y08-4-O-1-38</RouteLinkRef>
        <RunTime>PT1M41S</RunTime>
      </JourneyPatternTimingLink>
      <JourneyPatternTimingLink id="JPL_12-86A-_-y08-4-1-O-1-40">
        <From SequenceNumber="39">
          <Activity>pickUpAndSetDown</Activity>
          <StopPointRef>390059006</StopPointRef>
          <TimingStatus>OTH</TimingStatus>
        </From>
        <To SequenceNumber="40">
          <Activity>pickUpAndSetDown</Activity>
          <StopPointRef>390050874</StopPointRef>
          <TimingStatus>OTH</TimingStatus>
        </To>
        <RouteLinkRef>RL_12-86A-_-y08-4-O-1-39</RouteLinkRef>
        <RunTime>PT5M19S</RunTime>
      </JourneyPatternTimingLink>
      <JourneyPatternTimingLink id="JPL_12-86A-_-y08-4-1-O-1-41">
        <From SequenceNumber="40">
          <Activity>pickUpAndSetDown</Activity>
          <StopPointRef>390050874</StopPointRef>
          <TimingStatus>OTH</TimingStatus>
        </From>
        <To SequenceNumber="41">
          <Activity>pickUpAndSetDown</Activity>
          <StopPointRef>390050873</StopPointRef>
          <TimingStatus>PTP</TimingStatus>
        </To>
        <RouteLinkRef>RL_12-86A-_-y08-4-O-1-40</RouteLinkRef>
        <RunTime>PT1M22S</RunTime>
      </JourneyPatternTimingLink>
      <JourneyPatternTimingLink id="JPL_12-86A-_-y08-4-1-O-1-42">
        <From SequenceNumber="41">
          <Activity>pickUpAndSetDown</Activity>
          <StopPointRef>390050873</StopPointRef>
          <TimingStatus>PTP</TimingStatus>
        </From>
        <To SequenceNumber="42">
          <Activity>pickUpAndSetDown</Activity>
          <StopPointRef>390050871</StopPointRef>
          <TimingStatus>OTH</TimingStatus>
        </To>
        <RouteLinkRef>RL_12-86A-_-y08-4-O-1-41</RouteLinkRef>
        <RunTime>PT3M15S</RunTime>
      </JourneyPatternTimingLink>
      <JourneyPatternTimingLink id="JPL_12-86A-_-y08-4-1-O-1-43">
        <From SequenceNumber="42">
          <Activity>pickUpAndSetDown</Activity>
          <StopPointRef>390050871</StopPointRef>
          <TimingStatus>OTH</TimingStatus>
        </From>
        <To SequenceNumber="43">
          <Activity>setDown</Activity>
          <StopPointRef>390050787</StopPointRef>
          <TimingStatus>PTP</TimingStatus>
        </To>
        <RouteLinkRef>RL_12-86A-_-y08-4-O-1-42</RouteLinkRef>
        <RunTime>PT3M45S</RunTime>
      </JourneyPatternTimingLink>
    </JourneyPatternSection>
  </JourneyPatternSections>
  <Operators>
    <Operator id="OId_712CS">
      <NationalOperatorCode>CSVC</NationalOperatorCode>
      <OperatorCode>712CS</OperatorCode>
      <OperatorShortName>Coach Services</OperatorShortName>
      <OperatorNameOnLicence>Coach Services</OperatorNameOnLicence>
      <TradingName>Coach Services</TradingName>
    </Operator>
  </Operators>
  <Services>
    <Service>
      <ServiceCode>12-86A-_-y08-4</ServiceCode>
      <PrivateCode>12-86A-_-y08-4</PrivateCode>
      <Lines>
        <Line id="12-86A-_-y08-4">
          <LineName>86A</LineName>
        </Line>
      </Lines>
      <OperatingPeriod>
        <StartDate>2019-11-05</StartDate>
        <EndDate>2020-05-08</EndDate>
      </OperatingPeriod>
      <OperatingProfile>
        <RegularDayType>
          <DaysOfWeek>
            <MondayToFriday />
          </DaysOfWeek>
        </RegularDayType>
        <SpecialDaysOperation>
          <DaysOfNonOperation>
            <DateRange>
              <StartDate>2019-12-24</StartDate>
              <EndDate>2019-12-24</EndDate>
            </DateRange>
            <DateRange>
              <StartDate>2019-12-27</StartDate>
              <EndDate>2019-12-27</EndDate>
            </DateRange>
            <DateRange>
              <StartDate>2019-12-30</StartDate>
              <EndDate>2019-12-31</EndDate>
            </DateRange>
          </DaysOfNonOperation>
        </SpecialDaysOperation>
        <BankHolidayOperation>
          <DaysOfNonOperation>
            <ChristmasDay />
            <BoxingDay />
            <GoodFriday />
            <NewYearsDay />
            <MayDay />
            <EasterMonday />
          </DaysOfNonOperation>
        </BankHolidayOperation>
      </OperatingProfile>
      <RegisteredOperatorRef>OId_712CS</RegisteredOperatorRef>
      <StopRequirements>
        <NoNewStopsRequired />
      </StopRequirements>
      <Mode>bus</Mode>
      <Description>Brandon - Thetford - Bury St Edmunds</Description>
      <StandardService>
        <Origin>Tesco Main Entrance</Origin>
        <Destination>Bus Station</Destination>
        <JourneyPattern id="JP_12-86A-_-y08-4-1-O-1">
          <Direction>outbound</Direction>
          <RouteRef>R_12-86A-_-y08-4-O-1</RouteRef>
          <JourneyPatternSectionRefs>JPS_12-86A-_-y08-4-1-1-O</JourneyPatternSectionRefs>
        </JourneyPattern>
      </StandardService>
    </Service>
  </Services>
  <VehicleJourneys>
    <VehicleJourney>
      <PrivateCode>suf-12-86A-_-y08-4-46-T0</PrivateCode>
      <OperatingProfile>
        <RegularDayType>
          <DaysOfWeek>
            <MondayToFriday />
          </DaysOfWeek>
        </RegularDayType>
        <SpecialDaysOperation>
          <DaysOfNonOperation>
            <DateRange>
              <StartDate>2019-12-20</StartDate>
              <EndDate>2019-12-20</EndDate>
            </DateRange>
            <DateRange>
              <StartDate>2019-12-23</StartDate>
              <EndDate>2019-12-24</EndDate>
            </DateRange>
            <DateRange>
              <StartDate>2019-12-27</StartDate>
              <EndDate>2019-12-27</EndDate>
            </DateRange>
            <DateRange>
              <StartDate>2019-12-30</StartDate>
              <EndDate>2019-12-31</EndDate>
            </DateRange>
            <DateRange>
              <StartDate>2020-01-02</StartDate>
              <EndDate>2020-01-03</EndDate>
            </DateRange>
            <DateRange>
              <StartDate>2020-01-06</StartDate>
              <EndDate>2020-01-06</EndDate>
            </DateRange>
            <DateRange>
              <StartDate>2020-02-17</StartDate>
              <EndDate>2020-02-21</EndDate>
            </DateRange>
            <DateRange>
              <StartDate>2020-04-03</StartDate>
              <EndDate>2020-04-03</EndDate>
            </DateRange>
            <DateRange>
              <StartDate>2020-04-06</StartDate>
              <EndDate>2020-04-09</EndDate>
            </DateRange>
            <DateRange>
              <StartDate>2020-04-14</StartDate>
              <EndDate>2020-04-17</EndDate>
            </DateRange>
          </DaysOfNonOperation>
        </SpecialDaysOperation>
        <BankHolidayOperation>
          <DaysOfNonOperation>
            <ChristmasDay />
            <BoxingDay />
            <GoodFriday />
            <NewYearsDay />
            <MayDay />
            <EasterMonday />
          </DaysOfNonOperation>
        </BankHolidayOperation>
      </OperatingProfile>
      <VehicleJourneyCode>VJ_12-86A-_-y08-4-46-T0</VehicleJourneyCode>
      <ServiceRef>12-86A-_-y08-4</ServiceRef>
      <LineRef>12-86A-_-y08-4</LineRef>
      <JourneyPatternRef>JP_12-86A-_-y08-4-1-O-1</JourneyPatternRef>
      <Note>
        <NoteCode>Sch</NoteCode>
        <NoteText>Schooldays only</NoteText>
      </Note>
      <DepartureTime>07:25:00</DepartureTime>
      <VehicleJourneyTimingLink id="suf-12-86A-_-y08-4-46-T01">
        <JourneyPatternTimingLinkRef>JPL_12-86A-_-y08-4-1-O-1-2</JourneyPatternTimingLinkRef>
        <To />
      </VehicleJourneyTimingLink>
      <VehicleJourneyTimingLink id="suf-12-86A-_-y08-4-46-T02">
        <JourneyPatternTimingLinkRef>JPL_12-86A-_-y08-4-1-O-1-3</JourneyPatternTimingLinkRef>
        <From />
        <To />
      </VehicleJourneyTimingLink>
      <VehicleJourneyTimingLink id="suf-12-86A-_-y08-4-46-T03">
        <JourneyPatternTimingLinkRef>JPL_12-86A-_-y08-4-1-O-1-4</JourneyPatternTimingLinkRef>
        <From />
      </VehicleJourneyTimingLink>
      <VehicleJourneyTimingLink id="suf-12-86A-_-y08-4-46-T04">
        <JourneyPatternTimingLinkRef>JPL_12-86A-_-y08-4-1-O-1-6</JourneyPatternTimingLinkRef>
        <To />
      </VehicleJourneyTimingLink>
      <VehicleJourneyTimingLink id="suf-12-86A-_-y08-4-46-T05">
        <JourneyPatternTimingLinkRef>JPL_12-86A-_-y08-4-1-O-1-7</JourneyPatternTimingLinkRef>
        <From />
      </VehicleJourneyTimingLink>
      <VehicleJourneyTimingLink id="suf-12-86A-_-y08-4-46-T06">
        <JourneyPatternTimingLinkRef>JPL_12-86A-_-y08-4-1-O-1-8</JourneyPatternTimingLinkRef>
        <To />
      </VehicleJourneyTimingLink>
      <VehicleJourneyTimingLink id="suf-12-86A-_-y08-4-46-T07">
        <JourneyPatternTimingLinkRef>JPL_12-86A-_-y08-4-1-O-1-9</JourneyPatternTimingLinkRef>
        <From />
        <To />
      </VehicleJourneyTimingLink>
      <VehicleJourneyTimingLink id="suf-12-86A-_-y08-4-46-T08">
        <JourneyPatternTimingLinkRef>JPL_12-86A-_-y08-4-1-O-1-10</JourneyPatternTimingLinkRef>
        <From />
      </VehicleJourneyTimingLink>
      <VehicleJourneyTimingLink id="suf-12-86A-_-y08-4-46-T09">
        <JourneyPatternTimingLinkRef>JPL_12-86A-_-y08-4-1-O-1-11</JourneyPatternTimingLinkRef>
        <To />
      </VehicleJourneyTimingLink>
      <VehicleJourneyTimingLink id="suf-12-86A-_-y08-4-46-T010">
        <JourneyPatternTimingLinkRef>JPL_12-86A-_-y08-4-1-O-1-12</JourneyPatternTimingLinkRef>
        <From />
        <To />
      </VehicleJourneyTimingLink>
      <VehicleJourneyTimingLink id="suf-12-86A-_-y08-4-46-T011">
        <JourneyPatternTimingLinkRef>JPL_12-86A-_-y08-4-1-O-1-13</JourneyPatternTimingLinkRef>
        <From />
      </VehicleJourneyTimingLink>
      <VehicleJourneyTimingLink id="suf-12-86A-_-y08-4-46-T012">
        <JourneyPatternTimingLinkRef>JPL_12-86A-_-y08-4-1-O-1-14</JourneyPatternTimingLinkRef>
        <To />
      </VehicleJourneyTimingLink>
      <VehicleJourneyTimingLink id="suf-12-86A-_-y08-4-46-T013">
        <JourneyPatternTimingLinkRef>JPL_12-86A-_-y08-4-1-O-1-15</JourneyPatternTimingLinkRef>
        <From />
        <To />
      </VehicleJourneyTimingLink>
      <VehicleJourneyTimingLink id="suf-12-86A-_-y08-4-46-T014">
        <JourneyPatternTimingLinkRef>JPL_12-86A-_-y08-4-1-O-1-16</JourneyPatternTimingLinkRef>
        <From />
      </VehicleJourneyTimingLink>
      <VehicleJourneyTimingLink id="suf-12-86A-_-y08-4-46-T015">
        <JourneyPatternTimingLinkRef>JPL_12-86A-_-y08-4-1-O-1-17</JourneyPatternTimingLinkRef>
        <To />
      </VehicleJourneyTimingLink>
      <VehicleJourneyTimingLink id="suf-12-86A-_-y08-4-46-T016">
        <JourneyPatternTimingLinkRef>JPL_12-86A-_-y08-4-1-O-1-18</JourneyPatternTimingLinkRef>
        <From />
      </VehicleJourneyTimingLink>
      <VehicleJourneyTimingLink id="suf-12-86A-_-y08-4-46-T017">
        <JourneyPatternTimingLinkRef>JPL_12-86A-_-y08-4-1-O-1-34</JourneyPatternTimingLinkRef>
        <To />
      </VehicleJourneyTimingLink>
      <VehicleJourneyTimingLink id="suf-12-86A-_-y08-4-46-T018">
        <JourneyPatternTimingLinkRef>JPL_12-86A-_-y08-4-1-O-1-35</JourneyPatternTimingLinkRef>
        <From />
        <To />
      </VehicleJourneyTimingLink>
      <VehicleJourneyTimingLink id="suf-12-86A-_-y08-4-46-T019">
        <JourneyPatternTimingLinkRef>JPL_12-86A-_-y08-4-1-O-1-36</JourneyPatternTimingLinkRef>
        <From />
      </VehicleJourneyTimingLink>
      <VehicleJourneyTimingLink id="suf-12-86A-_-y08-4-46-T020">
        <JourneyPatternTimingLinkRef>JPL_12-86A-_-y08-4-1-O-1-37</JourneyPatternTimingLinkRef>
        <To />
      </VehicleJourneyTimingLink>
      <VehicleJourneyTimingLink id="suf-12-86A-_-y08-4-46-T021">
        <JourneyPatternTimingLinkRef>JPL_12-86A-_-y08-4-1-O-1-38</JourneyPatternTimingLinkRef>
        <From />
        <To />
      </VehicleJourneyTimingLink>
      <VehicleJourneyTimingLink id="suf-12-86A-_-y08-4-46-T022">
        <JourneyPatternTimingLinkRef>JPL_12-86A-_-y08-4-1-O-1-39</JourneyPatternTimingLinkRef>
        <From />
        <To />
      </VehicleJourneyTimingLink>
      <VehicleJourneyTimingLink id="suf-12-86A-_-y08-4-46-T023">
        <JourneyPatternTimingLinkRef>JPL_12-86A-_-y08-4-1-O-1-40</JourneyPatternTimingLinkRef>
        <From />
        <To />
      </VehicleJourneyTimingLink>
      <VehicleJourneyTimingLink id="suf-12-86A-_-y08-4-46-T024">
        <JourneyPatternTimingLinkRef>JPL_12-86A-_-y08-4-1-O-1-41</JourneyPatternTimingLinkRef>
        <From />
      </VehicleJourneyTimingLink>
      <VehicleJourneyTimingLink id="suf-12-86A-_-y08-4-46-T025">
        <JourneyPatternTimingLinkRef>JPL_12-86A-_-y08-4-1-O-1-42</JourneyPatternTimingLinkRef>
        <To />
      </VehicleJourneyTimingLink>
      <VehicleJourneyTimingLink id="suf-12-86A-_-y08-4-46-T026">
        <JourneyPatternTimingLinkRef>JPL_12-86A-_-y08-4-1-O-1-43</JourneyPatternTimingLinkRef>
        <From />
      </VehicleJourneyTimingLink>
    </VehicleJourney>
  </VehicleJourneys>
</TransXChange>