<?xml version="1.0" encoding="utf-8"?>
<TransXChange xmlns:xsi="http://www.w3.org/2001/XMLSchema-instance" xmlns:xsd="http://www.w3.org/2001/XMLSchema" xsi:schemaLocation="http://www.transxchange.org.uk/ http://www.transxchange.org.uk/schema/2.5/TransXChange_general.xsd" CreationDateTime="2019-11-07T16:05:30.563Z" ModificationDateTime="2019-11-07T16:05:30.563Z" Modification="new" RevisionNumber="3" FileName="suf_14-310-_-y08-4.xml" SchemaVersion="2.5" RegistrationDocument="true" xmlns="http://www.transxchange.org.uk/">
  <StopPoints>
    <AnnotatedStopPointRef>
      <StopPointRef>390020466</StopPointRef>
      <CommonName>Fielden Way</CommonName>
      <LocalityName>Newmarket (Suffk)</LocalityName>
      <LocalityQualifier>Suffolk</LocalityQualifier>
    </AnnotatedStopPointRef>
    <AnnotatedStopPointRef>
      <StopPointRef>390020349</StopPointRef>
      <CommonName>Roseberry Way</CommonName>
      <Indicator>opp</Indicator>
      <LocalityName>Newmarket (Suffk)</LocalityName>
      <LocalityQualifier>Suffolk</LocalityQualifier>
    </AnnotatedStopPointRef>
    <AnnotatedStopPointRef>
      <StopPointRef>390020270</StopPointRef>
      <CommonName>Halifax Way</CommonName>
      <Indicator>adj</Indicator>
      <LocalityName>Newmarket (Suffk)</LocalityName>
      <LocalityQualifier>Suffolk</LocalityQualifier>
    </AnnotatedStopPointRef>
    <AnnotatedStopPointRef>
      <StopPointRef>390020268</StopPointRef>
      <CommonName>Primary School</CommonName>
      <Indicator>opp</Indicator>
      <LocalityName>Newmarket (Suffk)</LocalityName>
      <LocalityQualifier>Suffolk</LocalityQualifier>
    </AnnotatedStopPointRef>
    <AnnotatedStopPointRef>
      <StopPointRef>390020264</StopPointRef>
      <CommonName>Windsor Road</CommonName>
      <Indicator>adj</Indicator>
      <LocalityName>Newmarket (Suffk)</LocalityName>
      <LocalityQualifier>Suffolk</LocalityQualifier>
    </AnnotatedStopPointRef>
    <AnnotatedStopPointRef>
      <StopPointRef>390020267</StopPointRef>
      <CommonName>Valley Way Stores</CommonName>
      <LocalityName>Newmarket (Suffk)</LocalityName>
      <LocalityQualifier>Suffolk</LocalityQualifier>
    </AnnotatedStopPointRef>
    <AnnotatedStopPointRef>
      <StopPointRef>390020356</StopPointRef>
      <CommonName>Manderston Road</CommonName>
      <Indicator>opp</Indicator>
      <LocalityName>Newmarket (Suffk)</LocalityName>
      <LocalityQualifier>Suffolk</LocalityQualifier>
    </AnnotatedStopPointRef>
    <AnnotatedStopPointRef>
      <StopPointRef>390020201</StopPointRef>
      <CommonName>School</CommonName>
      <Indicator>adj</Indicator>
      <LocalityName>Newmarket (Suffk)</LocalityName>
      <LocalityQualifier>Suffolk</LocalityQualifier>
    </AnnotatedStopPointRef>
    <AnnotatedStopPointRef>
      <StopPointRef>390020187</StopPointRef>
      <CommonName>New Astley Club</CommonName>
      <Indicator>adj</Indicator>
      <LocalityName>Newmarket (Suffk)</LocalityName>
      <LocalityQualifier>Suffolk</LocalityQualifier>
    </AnnotatedStopPointRef>
    <AnnotatedStopPointRef>
      <StopPointRef>390020334</StopPointRef>
      <CommonName>The Guineas Bus Station</CommonName>
      <Indicator>Bay 1</Indicator>
      <LocalityName>Newmarket (Suffk)</LocalityName>
      <LocalityQualifier>Suffolk</LocalityQualifier>
    </AnnotatedStopPointRef>
    <AnnotatedStopPointRef>
      <StopPointRef>390020213</StopPointRef>
      <CommonName>St Agnes Church</CommonName>
      <Indicator>adj</Indicator>
      <LocalityName>Newmarket (Suffk)</LocalityName>
      <LocalityQualifier>Suffolk</LocalityQualifier>
    </AnnotatedStopPointRef>
    <AnnotatedStopPointRef>
      <StopPointRef>390020216</StopPointRef>
      <CommonName>Abington Place</CommonName>
      <Indicator>opp</Indicator>
      <LocalityName>Newmarket (Suffk)</LocalityName>
      <LocalityQualifier>Suffolk</LocalityQualifier>
    </AnnotatedStopPointRef>
    <AnnotatedStopPointRef>
      <StopPointRef>390020342</StopPointRef>
      <CommonName>Business Park</CommonName>
      <Indicator>opp</Indicator>
      <LocalityName>Kentford</LocalityName>
      <LocalityQualifier>Suffolk</LocalityQualifier>
    </AnnotatedStopPointRef>
    <AnnotatedStopPointRef>
      <StopPointRef>390020133</StopPointRef>
      <CommonName>The Bell</CommonName>
      <Indicator>adj</Indicator>
      <LocalityName>Kentford</LocalityName>
      <LocalityQualifier>Suffolk</LocalityQualifier>
    </AnnotatedStopPointRef>
    <AnnotatedStopPointRef>
      <StopPointRef>390020468</StopPointRef>
      <CommonName>Orchard Place</CommonName>
      <LocalityName>Kentford</LocalityName>
      <LocalityQualifier>Suffolk</LocalityQualifier>
    </AnnotatedStopPointRef>
    <AnnotatedStopPointRef>
      <StopPointRef>390020132</StopPointRef>
      <CommonName>The Cock</CommonName>
      <Indicator>opp</Indicator>
      <LocalityName>Kentford</LocalityName>
      <LocalityQualifier>Suffolk</LocalityQualifier>
    </AnnotatedStopPointRef>
    <AnnotatedStopPointRef>
      <StopPointRef>390020392</StopPointRef>
      <CommonName>Flint Cottages</CommonName>
      <LocalityName>Kentford</LocalityName>
      <LocalityQualifier>Suffolk</LocalityQualifier>
    </AnnotatedStopPointRef>
    <AnnotatedStopPointRef>
      <StopPointRef>390050854</StopPointRef>
      <CommonName>Cavendish Road</CommonName>
      <Indicator>adj</Indicator>
      <LocalityName>Bury St Edmunds</LocalityName>
      <LocalityQualifier>Suffolk</LocalityQualifier>
    </AnnotatedStopPointRef>
    <AnnotatedStopPointRef>
      <StopPointRef>390050852</StopPointRef>
      <CommonName>ASDA</CommonName>
      <LocalityName>Bury St Edmunds</LocalityName>
      <LocalityQualifier>Suffolk</LocalityQualifier>
    </AnnotatedStopPointRef>
    <AnnotatedStopPointRef>
      <StopPointRef>390050850</StopPointRef>
      <CommonName>West Suffolk House</CommonName>
      <LocalityName>Bury St Edmunds</LocalityName>
      <LocalityQualifier>Suffolk</LocalityQualifier>
    </AnnotatedStopPointRef>
    <AnnotatedStopPointRef>
      <StopPointRef>390051144</StopPointRef>
      <CommonName>Leisure Centre</CommonName>
      <LocalityName>Bury St Edmunds</LocalityName>
      <LocalityQualifier>Suffolk</LocalityQualifier>
    </AnnotatedStopPointRef>
    <AnnotatedStopPointRef>
      <StopPointRef>390051025</StopPointRef>
      <CommonName>St Benedicts Catholic School</CommonName>
      <Indicator>o/s</Indicator>
      <LocalityName>Bury St Edmunds</LocalityName>
      <LocalityQualifier>Suffolk</LocalityQualifier>
    </AnnotatedStopPointRef>
    <AnnotatedStopPointRef>
      <StopPointRef>390051260</StopPointRef>
      <CommonName>Leisure Centre</CommonName>
      <LocalityName>Bury St Edmunds</LocalityName>
      <LocalityQualifier>Suffolk</LocalityQualifier>
    </AnnotatedStopPointRef>
    <AnnotatedStopPointRef>
      <StopPointRef>390050849</StopPointRef>
      <CommonName>West Suffolk House</CommonName>
      <LocalityName>Bury St Edmunds</LocalityName>
      <LocalityQualifier>Suffolk</LocalityQualifier>
    </AnnotatedStopPointRef>
    <AnnotatedStopPointRef>
      <StopPointRef>390050851</StopPointRef>
      <CommonName>ASDA</CommonName>
      <LocalityName>Bury St Edmunds</LocalityName>
      <LocalityQualifier>Suffolk</LocalityQualifier>
    </AnnotatedStopPointRef>
    <AnnotatedStopPointRef>
      <StopPointRef>390059006</StopPointRef>
      <CommonName>Hutton Close</CommonName>
      <LocalityName>Bury St Edmunds</LocalityName>
      <LocalityQualifier>Suffolk</LocalityQualifier>
    </AnnotatedStopPointRef>
    <AnnotatedStopPointRef>
      <StopPointRef>390050874</StopPointRef>
      <CommonName>Westley Road</CommonName>
      <Indicator>opp</Indicator>
      <LocalityName>Bury St Edmunds</LocalityName>
      <LocalityQualifier>Suffolk</LocalityQualifier>
    </AnnotatedStopPointRef>
    <AnnotatedStopPointRef>
      <StopPointRef>390050873</StopPointRef>
      <CommonName>West Suffolk College</CommonName>
      <Indicator>adj</Indicator>
      <LocalityName>Bury St Edmunds</LocalityName>
      <LocalityQualifier>Suffolk</LocalityQualifier>
    </AnnotatedStopPointRef>
    <AnnotatedStopPointRef>
      <StopPointRef>390050871</StopPointRef>
      <CommonName>Springfield Road</CommonName>
      <Indicator>adj</Indicator>
      <LocalityName>Bury St Edmunds</LocalityName>
      <LocalityQualifier>Suffolk</LocalityQualifier>
    </AnnotatedStopPointRef>
    <AnnotatedStopPointRef>
      <StopPointRef>390050904</StopPointRef>
      <CommonName>Parkway Bus Layby</CommonName>
      <LocalityName>Bury St Edmunds</LocalityName>
      <LocalityQualifier>Suffolk</LocalityQualifier>
    </AnnotatedStopPointRef>
    <AnnotatedStopPointRef>
      <StopPointRef>390050872</StopPointRef>
      <CommonName>Springfield Road</CommonName>
      <Indicator>opp</Indicator>
      <LocalityName>Bury St Edmunds</LocalityName>
      <LocalityQualifier>Suffolk</LocalityQualifier>
    </AnnotatedStopPointRef>
    <AnnotatedStopPointRef>
      <StopPointRef>390050875</StopPointRef>
      <CommonName>West Suffolk College</CommonName>
      <Indicator>opp</Indicator>
      <LocalityName>Bury St Edmunds</LocalityName>
      <LocalityQualifier>Suffolk</LocalityQualifier>
    </AnnotatedStopPointRef>
    <AnnotatedStopPointRef>
      <StopPointRef>390051150</StopPointRef>
      <CommonName>Denham Close</CommonName>
      <Indicator>adj</Indicator>
      <LocalityName>Bury St Edmunds</LocalityName>
      <LocalityQualifier>Suffolk</LocalityQualifier>
    </AnnotatedStopPointRef>
    <AnnotatedStopPointRef>
      <StopPointRef>390050853</StopPointRef>
      <CommonName>Cavendish Road</CommonName>
      <Indicator>opp</Indicator>
      <LocalityName>Bury St Edmunds</LocalityName>
      <LocalityQualifier>Suffolk</LocalityQualifier>
    </AnnotatedStopPointRef>
    <AnnotatedStopPointRef>
      <StopPointRef>390020393</StopPointRef>
      <CommonName>Flint Cottages</CommonName>
      <LocalityName>Kentford</LocalityName>
      <LocalityQualifier>Suffolk</LocalityQualifier>
    </AnnotatedStopPointRef>
    <AnnotatedStopPointRef>
      <StopPointRef>390020131</StopPointRef>
      <CommonName>The Cock</CommonName>
      <Indicator>adj</Indicator>
      <LocalityName>Kentford</LocalityName>
      <LocalityQualifier>Suffolk</LocalityQualifier>
    </AnnotatedStopPointRef>
    <AnnotatedStopPointRef>
      <StopPointRef>390020469</StopPointRef>
      <CommonName>Orchard Place</CommonName>
      <LocalityName>Kentford</LocalityName>
      <LocalityQualifier>Suffolk</LocalityQualifier>
    </AnnotatedStopPointRef>
    <AnnotatedStopPointRef>
      <StopPointRef>390020134</StopPointRef>
      <CommonName>The Bell</CommonName>
      <Indicator>opp</Indicator>
      <LocalityName>Kentford</LocalityName>
      <LocalityQualifier>Suffolk</LocalityQualifier>
    </AnnotatedStopPointRef>
    <AnnotatedStopPointRef>
      <StopPointRef>390020135</StopPointRef>
      <CommonName>Post Office</CommonName>
      <LocalityName>Kentford</LocalityName>
      <LocalityQualifier>Suffolk</LocalityQualifier>
    </AnnotatedStopPointRef>
    <AnnotatedStopPointRef>
      <StopPointRef>390020137</StopPointRef>
      <CommonName>Crossroads</CommonName>
      <Indicator>W-bound</Indicator>
      <LocalityName>Moulton (Suffk)</LocalityName>
      <LocalityQualifier>Suffolk</LocalityQualifier>
    </AnnotatedStopPointRef>
    <AnnotatedStopPointRef>
      <StopPointRef>390020455</StopPointRef>
      <CommonName>Lark Hill</CommonName>
      <LocalityName>Moulton (Suffk)</LocalityName>
      <LocalityQualifier>Suffolk</LocalityQualifier>
    </AnnotatedStopPointRef>
    <AnnotatedStopPointRef>
      <StopPointRef>390020188</StopPointRef>
      <CommonName>New Astley Club</CommonName>
      <Indicator>opp</Indicator>
      <LocalityName>Newmarket (Suffk)</LocalityName>
      <LocalityQualifier>Suffolk</LocalityQualifier>
    </AnnotatedStopPointRef>
    <AnnotatedStopPointRef>
      <StopPointRef>390020202</StopPointRef>
      <CommonName>School</CommonName>
      <Indicator>opp</Indicator>
      <LocalityName>Newmarket (Suffk)</LocalityName>
      <LocalityQualifier>Suffolk</LocalityQualifier>
    </AnnotatedStopPointRef>
    <AnnotatedStopPointRef>
      <StopPointRef>390020355</StopPointRef>
      <CommonName>Manderston Road</CommonName>
      <Indicator>adj</Indicator>
      <LocalityName>Newmarket (Suffk)</LocalityName>
      <LocalityQualifier>Suffolk</LocalityQualifier>
    </AnnotatedStopPointRef>
    <AnnotatedStopPointRef>
      <StopPointRef>390020266</StopPointRef>
      <CommonName>Valley Way Stores</CommonName>
      <LocalityName>Newmarket (Suffk)</LocalityName>
      <LocalityQualifier>Suffolk</LocalityQualifier>
    </AnnotatedStopPointRef>
    <AnnotatedStopPointRef>
      <StopPointRef>390020265</StopPointRef>
      <CommonName>Windsor Road</CommonName>
      <Indicator>opp</Indicator>
      <LocalityName>Newmarket (Suffk)</LocalityName>
      <LocalityQualifier>Suffolk</LocalityQualifier>
    </AnnotatedStopPointRef>
    <AnnotatedStopPointRef>
      <StopPointRef>390020269</StopPointRef>
      <CommonName>Primary School</CommonName>
      <Indicator>nr</Indicator>
      <LocalityName>Newmarket (Suffk)</LocalityName>
      <LocalityQualifier>Suffolk</LocalityQualifier>
    </AnnotatedStopPointRef>
    <AnnotatedStopPointRef>
      <StopPointRef>390020271</StopPointRef>
      <CommonName>Halifax Way</CommonName>
      <Indicator>opp</Indicator>
      <LocalityName>Newmarket (Suffk)</LocalityName>
      <LocalityQualifier>Suffolk</LocalityQualifier>
    </AnnotatedStopPointRef>
    <AnnotatedStopPointRef>
      <StopPointRef>390020350</StopPointRef>
      <CommonName>Fielden Way</CommonName>
      <LocalityName>Newmarket (Suffk)</LocalityName>
      <LocalityQualifier>Suffolk</LocalityQualifier>
    </AnnotatedStopPointRef>
    <AnnotatedStopPointRef>
      <StopPointRef>390020219</StopPointRef>
      <CommonName>Depot Road</CommonName>
      <LocalityName>Newmarket (Suffk)</LocalityName>
      <LocalityQualifier>Suffolk</LocalityQualifier>
    </AnnotatedStopPointRef>
    <AnnotatedStopPointRef>
      <StopPointRef>390020254</StopPointRef>
      <CommonName>Croft Road</CommonName>
      <Indicator>o/s 47</Indicator>
      <LocalityName>Newmarket (Suffk)</LocalityName>
      <LocalityQualifier>Suffolk</LocalityQualifier>
    </AnnotatedStopPointRef>
    <AnnotatedStopPointRef>
      <StopPointRef>390020256</StopPointRef>
      <CommonName>Doug Smith Close</CommonName>
      <Indicator>adj</Indicator>
      <LocalityName>Newmarket (Suffk)</LocalityName>
      <LocalityQualifier>Suffolk</LocalityQualifier>
    </AnnotatedStopPointRef>
    <AnnotatedStopPointRef>
      <StopPointRef>390020259</StopPointRef>
      <CommonName>Elliot Close</CommonName>
      <Indicator>opp</Indicator>
      <LocalityName>Newmarket (Suffk)</LocalityName>
      <LocalityQualifier>Suffolk</LocalityQualifier>
    </AnnotatedStopPointRef>
    <AnnotatedStopPointRef>
      <StopPointRef>390020260</StopPointRef>
      <CommonName>Wragg Drive</CommonName>
      <Indicator>opp</Indicator>
      <LocalityName>Newmarket (Suffk)</LocalityName>
      <LocalityQualifier>Suffolk</LocalityQualifier>
    </AnnotatedStopPointRef>
    <AnnotatedStopPointRef>
      <StopPointRef>390020252</StopPointRef>
      <CommonName>St Felix School</CommonName>
      <Indicator>o/s</Indicator>
      <LocalityName>Newmarket (Suffk)</LocalityName>
      <LocalityQualifier>Suffolk</LocalityQualifier>
    </AnnotatedStopPointRef>
    <AnnotatedStopPointRef>
      <StopPointRef>390020224</StopPointRef>
      <CommonName>Kings Court</CommonName>
      <LocalityName>Newmarket (Suffk)</LocalityName>
      <LocalityQualifier>Suffolk</LocalityQualifier>
    </AnnotatedStopPointRef>
    <AnnotatedStopPointRef>
      <StopPointRef>390020445</StopPointRef>
      <CommonName>Victoria Way</CommonName>
      <LocalityName>Newmarket (Suffk)</LocalityName>
      <LocalityQualifier>Suffolk</LocalityQualifier>
    </AnnotatedStopPointRef>
    <AnnotatedStopPointRef>
      <StopPointRef>390020251</StopPointRef>
      <CommonName>Studlands Park Avenue</CommonName>
      <Indicator>opp</Indicator>
      <LocalityName>Newmarket (Suffk)</LocalityName>
      <LocalityQualifier>Suffolk</LocalityQualifier>
    </AnnotatedStopPointRef>
    <AnnotatedStopPointRef>
      <StopPointRef>390020237</StopPointRef>
      <CommonName>Brickfield Stud</CommonName>
      <Indicator>opp</Indicator>
      <LocalityName>Newmarket (Suffk)</LocalityName>
      <LocalityQualifier>Suffolk</LocalityQualifier>
    </AnnotatedStopPointRef>
    <AnnotatedStopPointRef>
      <StopPointRef>390020239</StopPointRef>
      <CommonName>St Martins Church</CommonName>
      <LocalityName>Exning</LocalityName>
      <LocalityQualifier>Suffolk</LocalityQualifier>
    </AnnotatedStopPointRef>
  </StopPoints>
  <RouteSections>
    <RouteSection id="RS_14-310-_-y08-4-I-1">
      <RouteLink id="RL_14-310-_-y08-4-I-1-1">
        <From>
          <StopPointRef>390020466</StopPointRef>
        </From>
        <To>
          <StopPointRef>390020349</StopPointRef>
        </To>
        <Direction>inbound</Direction>
      </RouteLink>
      <RouteLink id="RL_14-310-_-y08-4-I-1-2">
        <From>
          <StopPointRef>390020349</StopPointRef>
        </From>
        <To>
          <StopPointRef>390020270</StopPointRef>
        </To>
        <Direction>inbound</Direction>
      </RouteLink>
      <RouteLink id="RL_14-310-_-y08-4-I-1-3">
        <From>
          <StopPointRef>390020270</StopPointRef>
        </From>
        <To>
          <StopPointRef>390020268</StopPointRef>
        </To>
        <Direction>inbound</Direction>
      </RouteLink>
      <RouteLink id="RL_14-310-_-y08-4-I-1-4">
        <From>
          <StopPointRef>390020268</StopPointRef>
        </From>
        <To>
          <StopPointRef>390020264</StopPointRef>
        </To>
        <Direction>inbound</Direction>
      </RouteLink>
      <RouteLink id="RL_14-310-_-y08-4-I-1-5">
        <From>
          <StopPointRef>390020264</StopPointRef>
        </From>
        <To>
          <StopPointRef>390020267</StopPointRef>
        </To>
        <Direction>inbound</Direction>
      </RouteLink>
      <RouteLink id="RL_14-310-_-y08-4-I-1-6">
        <From>
          <StopPointRef>390020267</StopPointRef>
        </From>
        <To>
          <StopPointRef>390020356</StopPointRef>
        </To>
        <Direction>inbound</Direction>
      </RouteLink>
      <RouteLink id="RL_14-310-_-y08-4-I-1-7">
        <From>
          <StopPointRef>390020356</StopPointRef>
        </From>
        <To>
          <StopPointRef>390020201</StopPointRef>
        </To>
        <Direction>inbound</Direction>
      </RouteLink>
      <RouteLink id="RL_14-310-_-y08-4-I-1-8">
        <From>
          <StopPointRef>390020201</StopPointRef>
        </From>
        <To>
          <StopPointRef>390020187</StopPointRef>
        </To>
        <Direction>inbound</Direction>
      </RouteLink>
      <RouteLink id="RL_14-310-_-y08-4-I-1-9">
        <From>
          <StopPointRef>390020187</StopPointRef>
        </From>
        <To>
          <StopPointRef>390020334</StopPointRef>
        </To>
        <Direction>inbound</Direction>
      </RouteLink>
      <RouteLink id="RL_14-310-_-y08-4-I-1-10">
        <From>
          <StopPointRef>390020334</StopPointRef>
        </From>
        <To>
          <StopPointRef>390020213</StopPointRef>
        </To>
        <Direction>inbound</Direction>
      </RouteLink>
      <RouteLink id="RL_14-310-_-y08-4-I-1-11">
        <From>
          <StopPointRef>390020213</StopPointRef>
        </From>
        <To>
          <StopPointRef>390020216</StopPointRef>
        </To>
        <Direction>inbound</Direction>
      </RouteLink>
      <RouteLink id="RL_14-310-_-y08-4-I-1-12">
        <From>
          <StopPointRef>390020216</StopPointRef>
        </From>
        <To>
          <StopPointRef>390020342</StopPointRef>
        </To>
        <Direction>inbound</Direction>
      </RouteLink>
      <RouteLink id="RL_14-310-_-y08-4-I-1-13">
        <From>
          <StopPointRef>390020342</StopPointRef>
        </From>
        <To>
          <StopPointRef>390020133</StopPointRef>
        </To>
        <Direction>inbound</Direction>
      </RouteLink>
      <RouteLink id="RL_14-310-_-y08-4-I-1-14">
        <From>
          <StopPointRef>390020133</StopPointRef>
        </From>
        <To>
          <StopPointRef>390020468</StopPointRef>
        </To>
        <Direction>inbound</Direction>
      </RouteLink>
      <RouteLink id="RL_14-310-_-y08-4-I-1-15">
        <From>
          <StopPointRef>390020468</StopPointRef>
        </From>
        <To>
          <StopPointRef>390020132</StopPointRef>
        </To>
        <Direction>inbound</Direction>
      </RouteLink>
      <RouteLink id="RL_14-310-_-y08-4-I-1-16">
        <From>
          <StopPointRef>390020132</StopPointRef>
        </From>
        <To>
          <StopPointRef>390020392</StopPointRef>
        </To>
        <Direction>inbound</Direction>
      </RouteLink>
      <RouteLink id="RL_14-310-_-y08-4-I-1-17">
        <From>
          <StopPointRef>390020392</StopPointRef>
        </From>
        <To>
          <StopPointRef>390050854</StopPointRef>
        </To>
        <Direction>inbound</Direction>
      </RouteLink>
      <RouteLink id="RL_14-310-_-y08-4-I-1-18">
        <From>
          <StopPointRef>390050854</StopPointRef>
        </From>
        <To>
          <StopPointRef>390050852</StopPointRef>
        </To>
        <Direction>inbound</Direction>
      </RouteLink>
      <RouteLink id="RL_14-310-_-y08-4-I-1-19">
        <From>
          <StopPointRef>390050852</StopPointRef>
        </From>
        <To>
          <StopPointRef>390050850</StopPointRef>
        </To>
        <Direction>inbound</Direction>
      </RouteLink>
      <RouteLink id="RL_14-310-_-y08-4-I-1-20">
        <From>
          <StopPointRef>390050850</StopPointRef>
        </From>
        <To>
          <StopPointRef>390051144</StopPointRef>
        </To>
        <Direction>inbound</Direction>
      </RouteLink>
      <RouteLink id="RL_14-310-_-y08-4-I-1-21">
        <From>
          <StopPointRef>390051144</StopPointRef>
        </From>
        <To>
          <StopPointRef>390051025</StopPointRef>
        </To>
        <Direction>inbound</Direction>
      </RouteLink>
      <RouteLink id="RL_14-310-_-y08-4-I-1-22">
        <From>
          <StopPointRef>390051025</StopPointRef>
        </From>
        <To>
          <StopPointRef>390051260</StopPointRef>
        </To>
        <Direction>inbound</Direction>
      </RouteLink>
      <RouteLink id="RL_14-310-_-y08-4-I-1-23">
        <From>
          <StopPointRef>390051260</StopPointRef>
        </From>
        <To>
          <StopPointRef>390050849</StopPointRef>
        </To>
        <Direction>inbound</Direction>
      </RouteLink>
      <RouteLink id="RL_14-310-_-y08-4-I-1-24">
        <From>
          <StopPointRef>390050849</StopPointRef>
        </From>
        <To>
          <StopPointRef>390050851</StopPointRef>
        </To>
        <Direction>inbound</Direction>
      </RouteLink>
      <RouteLink id="RL_14-310-_-y08-4-I-1-25">
        <From>
          <StopPointRef>390050851</StopPointRef>
        </From>
        <To>
          <StopPointRef>390059006</StopPointRef>
        </To>
        <Direction>inbound</Direction>
      </RouteLink>
      <RouteLink id="RL_14-310-_-y08-4-I-1-26">
        <From>
          <StopPointRef>390059006</StopPointRef>
        </From>
        <To>
          <StopPointRef>390050874</StopPointRef>
        </To>
        <Direction>inbound</Direction>
      </RouteLink>
      <RouteLink id="RL_14-310-_-y08-4-I-1-27">
        <From>
          <StopPointRef>390050874</StopPointRef>
        </From>
        <To>
          <StopPointRef>390050873</StopPointRef>
        </To>
        <Direction>inbound</Direction>
      </RouteLink>
      <RouteLink id="RL_14-310-_-y08-4-I-1-28">
        <From>
          <StopPointRef>390050873</StopPointRef>
        </From>
        <To>
          <StopPointRef>390050871</StopPointRef>
        </To>
        <Direction>inbound</Direction>
      </RouteLink>
      <RouteLink id="RL_14-310-_-y08-4-I-1-29">
        <From>
          <StopPointRef>390050871</StopPointRef>
        </From>
        <To>
          <StopPointRef>390050904</StopPointRef>
        </To>
        <Direction>inbound</Direction>
      </RouteLink>
    </RouteSection>
    <RouteSection id="RS_14-310-_-y08-4-O-2">
      <RouteLink id="RL_14-310-_-y08-4-O-2-1">
        <From>
          <StopPointRef>390050904</StopPointRef>
        </From>
        <To>
          <StopPointRef>390050872</StopPointRef>
        </To>
        <Direction>outbound</Direction>
      </RouteLink>
      <RouteLink id="RL_14-310-_-y08-4-O-2-2">
        <From>
          <StopPointRef>390050872</StopPointRef>
        </From>
        <To>
          <StopPointRef>390050875</StopPointRef>
        </To>
        <Direction>outbound</Direction>
      </RouteLink>
      <RouteLink id="RL_14-310-_-y08-4-O-2-3">
        <From>
          <StopPointRef>390050875</StopPointRef>
        </From>
        <To>
          <StopPointRef>390051150</StopPointRef>
        </To>
        <Direction>outbound</Direction>
      </RouteLink>
      <RouteLink id="RL_14-310-_-y08-4-O-2-4">
        <From>
          <StopPointRef>390051150</StopPointRef>
        </From>
        <To>
          <StopPointRef>390050852</StopPointRef>
        </To>
        <Direction>outbound</Direction>
      </RouteLink>
      <RouteLink id="RL_14-310-_-y08-4-O-2-5">
        <From>
          <StopPointRef>390050852</StopPointRef>
        </From>
        <To>
          <StopPointRef>390050850</StopPointRef>
        </To>
        <Direction>outbound</Direction>
      </RouteLink>
      <RouteLink id="RL_14-310-_-y08-4-O-2-6">
        <From>
          <StopPointRef>390050850</StopPointRef>
        </From>
        <To>
          <StopPointRef>390051144</StopPointRef>
        </To>
        <Direction>outbound</Direction>
      </RouteLink>
      <RouteLink id="RL_14-310-_-y08-4-O-2-7">
        <From>
          <StopPointRef>390051144</StopPointRef>
        </From>
        <To>
          <StopPointRef>390051025</StopPointRef>
        </To>
        <Direction>outbound</Direction>
      </RouteLink>
      <RouteLink id="RL_14-310-_-y08-4-O-2-8">
        <From>
          <StopPointRef>390051025</StopPointRef>
        </From>
        <To>
          <StopPointRef>390051260</StopPointRef>
        </To>
        <Direction>outbound</Direction>
      </RouteLink>
      <RouteLink id="RL_14-310-_-y08-4-O-2-9">
        <From>
          <StopPointRef>390051260</StopPointRef>
        </From>
        <To>
          <StopPointRef>390050849</StopPointRef>
        </To>
        <Direction>outbound</Direction>
      </RouteLink>
      <RouteLink id="RL_14-310-_-y08-4-O-2-10">
        <From>
          <StopPointRef>390050849</StopPointRef>
        </From>
        <To>
          <StopPointRef>390050851</StopPointRef>
        </To>
        <Direction>outbound</Direction>
      </RouteLink>
      <RouteLink id="RL_14-310-_-y08-4-O-2-11">
        <From>
          <StopPointRef>390050851</StopPointRef>
        </From>
        <To>
          <StopPointRef>390050853</StopPointRef>
        </To>
        <Direction>outbound</Direction>
      </RouteLink>
      <RouteLink id="RL_14-310-_-y08-4-O-2-12">
        <From>
          <StopPointRef>390050853</StopPointRef>
        </From>
        <To>
          <StopPointRef>390020393</StopPointRef>
        </To>
        <Direction>outbound</Direction>
      </RouteLink>
      <RouteLink id="RL_14-310-_-y08-4-O-2-13">
        <From>
          <StopPointRef>390020393</StopPointRef>
        </From>
        <To>
          <StopPointRef>390020131</StopPointRef>
        </To>
        <Direction>outbound</Direction>
      </RouteLink>
      <RouteLink id="RL_14-310-_-y08-4-O-2-14">
        <From>
          <StopPointRef>390020131</StopPointRef>
        </From>
        <To>
          <StopPointRef>390020469</StopPointRef>
        </To>
        <Direction>outbound</Direction>
      </RouteLink>
      <RouteLink id="RL_14-310-_-y08-4-O-2-15">
        <From>
          <StopPointRef>390020469</StopPointRef>
        </From>
        <To>
          <StopPointRef>390020134</StopPointRef>
        </To>
        <Direction>outbound</Direction>
      </RouteLink>
      <RouteLink id="RL_14-310-_-y08-4-O-2-16">
        <From>
          <StopPointRef>390020134</StopPointRef>
        </From>
        <To>
          <StopPointRef>390020135</StopPointRef>
        </To>
        <Direction>outbound</Direction>
      </RouteLink>
      <RouteLink id="RL_14-310-_-y08-4-O-2-17">
        <From>
          <StopPointRef>390020135</StopPointRef>
        </From>
        <To>
          <StopPointRef>390020137</StopPointRef>
        </To>
        <Direction>outbound</Direction>
      </RouteLink>
      <RouteLink id="RL_14-310-_-y08-4-O-2-18">
        <From>
          <StopPointRef>390020137</StopPointRef>
        </From>
        <To>
          <StopPointRef>390020455</StopPointRef>
        </To>
        <Direction>outbound</Direction>
      </RouteLink>
      <RouteLink id="RL_14-310-_-y08-4-O-2-19">
        <From>
          <StopPointRef>390020455</StopPointRef>
        </From>
        <To>
          <StopPointRef>390020334</StopPointRef>
        </To>
        <Direction>outbound</Direction>
      </RouteLink>
      <RouteLink id="RL_14-310-_-y08-4-O-2-20">
        <From>
          <StopPointRef>390020334</StopPointRef>
        </From>
        <To>
          <StopPointRef>390020188</StopPointRef>
        </To>
        <Direction>outbound</Direction>
      </RouteLink>
      <RouteLink id="RL_14-310-_-y08-4-O-2-21">
        <From>
          <StopPointRef>390020188</StopPointRef>
        </From>
        <To>
          <StopPointRef>390020202</StopPointRef>
        </To>
        <Direction>outbound</Direction>
      </RouteLink>
      <RouteLink id="RL_14-310-_-y08-4-O-2-22">
        <From>
          <StopPointRef>390020202</StopPointRef>
        </From>
        <To>
          <StopPointRef>390020355</StopPointRef>
        </To>
        <Direction>outbound</Direction>
      </RouteLink>
      <RouteLink id="RL_14-310-_-y08-4-O-2-23">
        <From>
          <StopPointRef>390020355</StopPointRef>
        </From>
        <To>
          <StopPointRef>390020266</StopPointRef>
        </To>
        <Direction>outbound</Direction>
      </RouteLink>
      <RouteLink id="RL_14-310-_-y08-4-O-2-24">
        <From>
          <StopPointRef>390020266</StopPointRef>
        </From>
        <To>
          <StopPointRef>390020265</StopPointRef>
        </To>
        <Direction>outbound</Direction>
      </RouteLink>
      <RouteLink id="RL_14-310-_-y08-4-O-2-25">
        <From>
          <StopPointRef>390020265</StopPointRef>
        </From>
        <To>
          <StopPointRef>390020269</StopPointRef>
        </To>
        <Direction>outbound</Direction>
      </RouteLink>
      <RouteLink id="RL_14-310-_-y08-4-O-2-26">
        <From>
          <StopPointRef>390020269</StopPointRef>
        </From>
        <To>
          <StopPointRef>390020271</StopPointRef>
        </To>
        <Direction>outbound</Direction>
      </RouteLink>
      <RouteLink id="RL_14-310-_-y08-4-O-2-27">
        <From>
          <StopPointRef>390020271</StopPointRef>
        </From>
        <To>
          <StopPointRef>390020350</StopPointRef>
        </To>
        <Direction>outbound</Direction>
      </RouteLink>
      <RouteLink id="RL_14-310-_-y08-4-O-2-28">
        <From>
          <StopPointRef>390020350</StopPointRef>
        </From>
        <To>
          <StopPointRef>390020219</StopPointRef>
        </To>
        <Direction>outbound</Direction>
      </RouteLink>
      <RouteLink id="RL_14-310-_-y08-4-O-2-29">
        <From>
          <StopPointRef>390020219</StopPointRef>
        </From>
        <To>
          <StopPointRef>390020254</StopPointRef>
        </To>
        <Direction>outbound</Direction>
      </RouteLink>
      <RouteLink id="RL_14-310-_-y08-4-O-2-30">
        <From>
          <StopPointRef>390020254</StopPointRef>
        </From>
        <To>
          <StopPointRef>390020256</StopPointRef>
        </To>
        <Direction>outbound</Direction>
      </RouteLink>
      <RouteLink id="RL_14-310-_-y08-4-O-2-31">
        <From>
          <StopPointRef>390020256</StopPointRef>
        </From>
        <To>
          <StopPointRef>390020259</StopPointRef>
        </To>
        <Direction>outbound</Direction>
      </RouteLink>
      <RouteLink id="RL_14-310-_-y08-4-O-2-32">
        <From>
          <StopPointRef>390020259</StopPointRef>
        </From>
        <To>
          <StopPointRef>390020260</StopPointRef>
        </To>
        <Direction>outbound</Direction>
      </RouteLink>
      <RouteLink id="RL_14-310-_-y08-4-O-2-33">
        <From>
          <StopPointRef>390020260</StopPointRef>
        </From>
        <To>
          <StopPointRef>390020252</StopPointRef>
        </To>
        <Direction>outbound</Direction>
      </RouteLink>
      <RouteLink id="RL_14-310-_-y08-4-O-2-34">
        <From>
          <StopPointRef>390020252</StopPointRef>
        </From>
        <To>
          <StopPointRef>390020224</StopPointRef>
        </To>
        <Direction>outbound</Direction>
      </RouteLink>
      <RouteLink id="RL_14-310-_-y08-4-O-2-35">
        <From>
          <StopPointRef>390020224</StopPointRef>
        </From>
        <To>
          <StopPointRef>390020445</StopPointRef>
        </To>
        <Direction>outbound</Direction>
      </RouteLink>
      <RouteLink id="RL_14-310-_-y08-4-O-2-36">
        <From>
          <StopPointRef>390020445</StopPointRef>
        </From>
        <To>
          <StopPointRef>390020251</StopPointRef>
        </To>
        <Direction>outbound</Direction>
      </RouteLink>
      <RouteLink id="RL_14-310-_-y08-4-O-2-37">
        <From>
          <StopPointRef>390020251</StopPointRef>
        </From>
        <To>
          <StopPointRef>390020237</StopPointRef>
        </To>
        <Direction>outbound</Direction>
      </RouteLink>
      <RouteLink id="RL_14-310-_-y08-4-O-2-38">
        <From>
          <StopPointRef>390020237</StopPointRef>
        </From>
        <To>
          <StopPointRef>390020239</StopPointRef>
        </To>
        <Direction>outbound</Direction>
      </RouteLink>
    </RouteSection>
  </RouteSections>
  <Routes>
    <Route id="R_14-310-_-y08-4-I-1">
      <PrivateCode>R_14-310-_-y08-4-I-1</PrivateCode>
      <Description>Fielden Way - Parkway Bus Layby</Description>
      <RouteSectionRef>RS_14-310-_-y08-4-I-1</RouteSectionRef>
    </Route>
    <Route id="R_14-310-_-y08-4-O-2">
      <PrivateCode>R_14-310-_-y08-4-O-2</PrivateCode>
      <Description>Parkway Bus Layby - St Martins Church</Description>
      <RouteSectionRef>RS_14-310-_-y08-4-O-2</RouteSectionRef>
    </Route>
  </Routes>
  <JourneyPatternSections>
    <JourneyPatternSection id="JPS_14-310-_-y08-4-2-2-O">
      <JourneyPatternTimingLink id="JPL_14-310-_-y08-4-2-O-2-2">
        <From SequenceNumber="1">
          <Activity>pickUp</Activity>
          <StopPointRef>390050904</StopPointRef>
          <TimingStatus>PTP</TimingStatus>
        </From>
        <To SequenceNumber="2">
          <Activity>pickUpAndSetDown</Activity>
          <StopPointRef>390050872</StopPointRef>
          <TimingStatus>OTH</TimingStatus>
        </To>
        <RouteLinkRef>RL_14-310-_-y08-4-O-2-1</RouteLinkRef>
        <RunTime>PT3M30S</RunTime>
      </JourneyPatternTimingLink>
      <JourneyPatternTimingLink id="JPL_14-310-_-y08-4-2-O-2-3">
        <From SequenceNumber="2">
          <Activity>pickUpAndSetDown</Activity>
          <StopPointRef>390050872</StopPointRef>
          <TimingStatus>OTH</TimingStatus>
        </From>
        <To SequenceNumber="3">
          <Activity>pickUpAndSetDown</Activity>
          <StopPointRef>390050875</StopPointRef>
          <TimingStatus>OTH</TimingStatus>
        </To>
        <RouteLinkRef>RL_14-310-_-y08-4-O-2-2</RouteLinkRef>
        <RunTime>PT1M59S</RunTime>
      </JourneyPatternTimingLink>
      <JourneyPatternTimingLink id="JPL_14-310-_-y08-4-2-O-2-4">
        <From SequenceNumber="3">
          <Activity>pickUpAndSetDown</Activity>
          <StopPointRef>390050875</StopPointRef>
          <TimingStatus>OTH</TimingStatus>
        </From>
        <To SequenceNumber="4">
          <Activity>pickUpAndSetDown</Activity>
          <StopPointRef>390051150</StopPointRef>
          <TimingStatus>OTH</TimingStatus>
        </To>
        <RouteLinkRef>RL_14-310-_-y08-4-O-2-3</RouteLinkRef>
        <RunTime>PT1M30S</RunTime>
      </JourneyPatternTimingLink>
      <JourneyPatternTimingLink id="JPL_14-310-_-y08-4-2-O-2-5">
        <From SequenceNumber="4">
          <Activity>pickUpAndSetDown</Activity>
          <StopPointRef>390051150</StopPointRef>
          <TimingStatus>OTH</TimingStatus>
        </From>
        <To SequenceNumber="5">
          <Activity>pickUpAndSetDown</Activity>
          <StopPointRef>390050852</StopPointRef>
          <TimingStatus>OTH</TimingStatus>
        </To>
        <RouteLinkRef>RL_14-310-_-y08-4-O-2-4</RouteLinkRef>
        <RunTime>PT2M20S</RunTime>
      </JourneyPatternTimingLink>
      <JourneyPatternTimingLink id="JPL_14-310-_-y08-4-2-O-2-6">
        <From SequenceNumber="5">
          <Activity>pickUpAndSetDown</Activity>
          <StopPointRef>390050852</StopPointRef>
          <TimingStatus>OTH</TimingStatus>
        </From>
        <To SequenceNumber="6">
          <Activity>pickUpAndSetDown</Activity>
          <StopPointRef>390050850</StopPointRef>
          <TimingStatus>OTH</TimingStatus>
        </To>
        <RouteLinkRef>RL_14-310-_-y08-4-O-2-5</RouteLinkRef>
        <RunTime>PT1M51S</RunTime>
      </JourneyPatternTimingLink>
      <JourneyPatternTimingLink id="JPL_14-310-_-y08-4-2-O-2-7">
        <From SequenceNumber="6">
          <Activity>pickUpAndSetDown</Activity>
          <StopPointRef>390050850</StopPointRef>
          <TimingStatus>OTH</TimingStatus>
        </From>
        <To SequenceNumber="7">
          <Activity>pickUpAndSetDown</Activity>
          <StopPointRef>390051144</StopPointRef>
          <TimingStatus>OTH</TimingStatus>
        </To>
        <RouteLinkRef>RL_14-310-_-y08-4-O-2-6</RouteLinkRef>
        <RunTime>PT54S</RunTime>
      </JourneyPatternTimingLink>
      <JourneyPatternTimingLink id="JPL_14-310-_-y08-4-2-O-2-8">
        <From SequenceNumber="7">
          <Activity>pickUpAndSetDown</Activity>
          <StopPointRef>390051144</StopPointRef>
          <TimingStatus>OTH</TimingStatus>
        </From>
        <To SequenceNumber="8">
          <Activity>pickUpAndSetDown</Activity>
          <StopPointRef>390051025</StopPointRef>
          <TimingStatus>PTP</TimingStatus>
        </To>
        <RouteLinkRef>RL_14-310-_-y08-4-O-2-7</RouteLinkRef>
        <RunTime>PT2M56S</RunTime>
      </JourneyPatternTimingLink>
      <JourneyPatternTimingLink id="JPL_14-310-_-y08-4-2-O-2-9">
        <From SequenceNumber="8">
          <Activity>pickUpAndSetDown</Activity>
          <StopPointRef>390051025</StopPointRef>
          <TimingStatus>PTP</TimingStatus>
        </From>
        <To SequenceNumber="9">
          <Activity>pickUpAndSetDown</Activity>
          <StopPointRef>390051260</StopPointRef>
          <TimingStatus>OTH</TimingStatus>
        </To>
        <RouteLinkRef>RL_14-310-_-y08-4-O-2-8</RouteLinkRef>
        <RunTime>PT1M19S</RunTime>
      </JourneyPatternTimingLink>
      <JourneyPatternTimingLink id="JPL_14-310-_-y08-4-2-O-2-10">
        <From SequenceNumber="9">
          <Activity>pickUpAndSetDown</Activity>
          <StopPointRef>390051260</StopPointRef>
          <TimingStatus>OTH</TimingStatus>
        </From>
        <To SequenceNumber="10">
          <Activity>pickUpAndSetDown</Activity>
          <StopPointRef>390050849</StopPointRef>
          <TimingStatus>PTP</TimingStatus>
        </To>
        <RouteLinkRef>RL_14-310-_-y08-4-O-2-9</RouteLinkRef>
        <RunTime>PT41S</RunTime>
      </JourneyPatternTimingLink>
      <JourneyPatternTimingLink id="JPL_14-310-_-y08-4-2-O-2-11">
        <From SequenceNumber="10">
          <Activity>pickUpAndSetDown</Activity>
          <StopPointRef>390050849</StopPointRef>
          <TimingStatus>PTP</TimingStatus>
        </From>
        <To SequenceNumber="11">
          <Activity>pickUpAndSetDown</Activity>
          <StopPointRef>390050851</StopPointRef>
          <TimingStatus>OTH</TimingStatus>
        </To>
        <RouteLinkRef>RL_14-310-_-y08-4-O-2-10</RouteLinkRef>
        <RunTime>PT20S</RunTime>
      </JourneyPatternTimingLink>
      <JourneyPatternTimingLink id="JPL_14-310-_-y08-4-2-O-2-12">
        <From SequenceNumber="11">
          <Activity>pickUpAndSetDown</Activity>
          <StopPointRef>390050851</StopPointRef>
          <TimingStatus>OTH</TimingStatus>
        </From>
        <To SequenceNumber="12">
          <Activity>pickUpAndSetDown</Activity>
          <StopPointRef>390050853</StopPointRef>
          <TimingStatus>OTH</TimingStatus>
        </To>
        <RouteLinkRef>RL_14-310-_-y08-4-O-2-11</RouteLinkRef>
        <RunTime>PT16S</RunTime>
      </JourneyPatternTimingLink>
      <JourneyPatternTimingLink id="JPL_14-310-_-y08-4-2-O-2-13">
        <From SequenceNumber="12">
          <Activity>pickUpAndSetDown</Activity>
          <StopPointRef>390050853</StopPointRef>
          <TimingStatus>OTH</TimingStatus>
        </From>
        <To SequenceNumber="13">
          <Activity>pickUpAndSetDown</Activity>
          <StopPointRef>390020393</StopPointRef>
          <TimingStatus>OTH</TimingStatus>
        </To>
        <RouteLinkRef>RL_14-310-_-y08-4-O-2-12</RouteLinkRef>
        <RunTime>PT11M46S</RunTime>
      </JourneyPatternTimingLink>
      <JourneyPatternTimingLink id="JPL_14-310-_-y08-4-2-O-2-14">
        <From SequenceNumber="13">
          <Activity>pickUpAndSetDown</Activity>
          <StopPointRef>390020393</StopPointRef>
          <TimingStatus>OTH</TimingStatus>
        </From>
        <To SequenceNumber="14">
          <Activity>pickUpAndSetDown</Activity>
          <StopPointRef>390020131</StopPointRef>
          <TimingStatus>PTP</TimingStatus>
        </To>
        <RouteLinkRef>RL_14-310-_-y08-4-O-2-13</RouteLinkRef>
        <RunTime>PT38S</RunTime>
      </JourneyPatternTimingLink>
      <JourneyPatternTimingLink id="JPL_14-310-_-y08-4-2-O-2-15">
        <From SequenceNumber="14">
          <Activity>pickUpAndSetDown</Activity>
          <StopPointRef>390020131</StopPointRef>
          <TimingStatus>PTP</TimingStatus>
        </From>
        <To SequenceNumber="15">
          <Activity>pickUpAndSetDown</Activity>
          <StopPointRef>390020469</StopPointRef>
          <TimingStatus>OTH</TimingStatus>
        </To>
        <RouteLinkRef>RL_14-310-_-y08-4-O-2-14</RouteLinkRef>
        <RunTime>PT57S</RunTime>
      </JourneyPatternTimingLink>
      <JourneyPatternTimingLink id="JPL_14-310-_-y08-4-2-O-2-16">
        <From SequenceNumber="15">
          <Activity>pickUpAndSetDown</Activity>
          <StopPointRef>390020469</StopPointRef>
          <TimingStatus>OTH</TimingStatus>
        </From>
        <To SequenceNumber="16">
          <Activity>pickUpAndSetDown</Activity>
          <StopPointRef>390020134</StopPointRef>
          <TimingStatus>PTP</TimingStatus>
        </To>
        <RouteLinkRef>RL_14-310-_-y08-4-O-2-15</RouteLinkRef>
        <RunTime>PT1M3S</RunTime>
      </JourneyPatternTimingLink>
      <JourneyPatternTimingLink id="JPL_14-310-_-y08-4-2-O-2-17">
        <From SequenceNumber="16">
          <Activity>pickUpAndSetDown</Activity>
          <StopPointRef>390020134</StopPointRef>
          <TimingStatus>PTP</TimingStatus>
        </From>
        <To SequenceNumber="17">
          <Activity>pickUpAndSetDown</Activity>
          <StopPointRef>390020135</StopPointRef>
          <TimingStatus>OTH</TimingStatus>
        </To>
        <RouteLinkRef>RL_14-310-_-y08-4-O-2-16</RouteLinkRef>
        <RunTime>PT11S</RunTime>
      </JourneyPatternTimingLink>
      <JourneyPatternTimingLink id="JPL_14-310-_-y08-4-2-O-2-18">
        <From SequenceNumber="17">
          <Activity>pickUpAndSetDown</Activity>
          <StopPointRef>390020135</StopPointRef>
          <TimingStatus>OTH</TimingStatus>
        </From>
        <To SequenceNumber="18">
          <Activity>pickUpAndSetDown</Activity>
          <StopPointRef>390020137</StopPointRef>
          <TimingStatus>PTP</TimingStatus>
        </To>
        <RouteLinkRef>RL_14-310-_-y08-4-O-2-17</RouteLinkRef>
        <RunTime>PT2M49S</RunTime>
      </JourneyPatternTimingLink>
      <JourneyPatternTimingLink id="JPL_14-310-_-y08-4-2-O-2-19">
        <From SequenceNumber="18">
          <Activity>pickUpAndSetDown</Activity>
          <StopPointRef>390020137</StopPointRef>
          <TimingStatus>PTP</TimingStatus>
        </From>
        <To SequenceNumber="19">
          <Activity>pickUpAndSetDown</Activity>
          <StopPointRef>390020455</StopPointRef>
          <TimingStatus>OTH</TimingStatus>
        </To>
        <RouteLinkRef>RL_14-310-_-y08-4-O-2-18</RouteLinkRef>
        <RunTime>PT1M</RunTime>
      </JourneyPatternTimingLink>
      <JourneyPatternTimingLink id="JPL_14-310-_-y08-4-2-O-2-20">
        <From SequenceNumber="19">
          <Activity>pickUpAndSetDown</Activity>
          <StopPointRef>390020455</StopPointRef>
          <TimingStatus>OTH</TimingStatus>
        </From>
        <To SequenceNumber="20">
          <Activity>pickUpAndSetDown</Activity>
          <StopPointRef>390020334</StopPointRef>
          <TimingStatus>PTP</TimingStatus>
        </To>
        <RouteLinkRef>RL_14-310-_-y08-4-O-2-19</RouteLinkRef>
        <RunTime>PT9M</RunTime>
      </JourneyPatternTimingLink>
      <JourneyPatternTimingLink id="JPL_14-310-_-y08-4-2-O-2-21">
        <From SequenceNumber="20">
          <Activity>pickUpAndSetDown</Activity>
          <StopPointRef>390020334</StopPointRef>
          <TimingStatus>PTP</TimingStatus>
        </From>
        <To SequenceNumber="21">
          <Activity>pickUpAndSetDown</Activity>
          <StopPointRef>390020188</StopPointRef>
          <TimingStatus>OTH</TimingStatus>
        </To>
        <RouteLinkRef>RL_14-310-_-y08-4-O-2-20</RouteLinkRef>
        <RunTime>PT29S</RunTime>
      </JourneyPatternTimingLink>
      <JourneyPatternTimingLink id="JPL_14-310-_-y08-4-2-O-2-22">
        <From SequenceNumber="21">
          <Activity>pickUpAndSetDown</Activity>
          <StopPointRef>390020188</StopPointRef>
          <TimingStatus>OTH</TimingStatus>
        </From>
        <To SequenceNumber="22">
          <Activity>pickUpAndSetDown</Activity>
          <StopPointRef>390020202</StopPointRef>
          <TimingStatus>OTH</TimingStatus>
        </To>
        <RouteLinkRef>RL_14-310-_-y08-4-O-2-21</RouteLinkRef>
        <RunTime>PT2M14S</RunTime>
      </JourneyPatternTimingLink>
      <JourneyPatternTimingLink id="JPL_14-310-_-y08-4-2-O-2-23">
        <From SequenceNumber="22">
          <Activity>pickUpAndSetDown</Activity>
          <StopPointRef>390020202</StopPointRef>
          <TimingStatus>OTH</TimingStatus>
        </From>
        <To SequenceNumber="23">
          <Activity>pickUpAndSetDown</Activity>
          <StopPointRef>390020355</StopPointRef>
          <TimingStatus>OTH</TimingStatus>
        </To>
        <RouteLinkRef>RL_14-310-_-y08-4-O-2-22</RouteLinkRef>
        <RunTime>PT52S</RunTime>
      </JourneyPatternTimingLink>
      <JourneyPatternTimingLink id="JPL_14-310-_-y08-4-2-O-2-24">
        <From SequenceNumber="23">
          <Activity>pickUpAndSetDown</Activity>
          <StopPointRef>390020355</StopPointRef>
          <TimingStatus>OTH</TimingStatus>
        </From>
        <To SequenceNumber="24">
          <Activity>pickUpAndSetDown</Activity>
          <StopPointRef>390020266</StopPointRef>
          <TimingStatus>PTP</TimingStatus>
        </To>
        <RouteLinkRef>RL_14-310-_-y08-4-O-2-23</RouteLinkRef>
        <RunTime>PT1M25S</RunTime>
      </JourneyPatternTimingLink>
      <JourneyPatternTimingLink id="JPL_14-310-_-y08-4-2-O-2-25">
        <From SequenceNumber="24">
          <Activity>pickUpAndSetDown</Activity>
          <StopPointRef>390020266</StopPointRef>
          <TimingStatus>PTP</TimingStatus>
        </From>
        <To SequenceNumber="25">
          <Activity>pickUpAndSetDown</Activity>
          <StopPointRef>390020265</StopPointRef>
          <TimingStatus>OTH</TimingStatus>
        </To>
        <RouteLinkRef>RL_14-310-_-y08-4-O-2-24</RouteLinkRef>
        <RunTime>PT2M19S</RunTime>
      </JourneyPatternTimingLink>
      <JourneyPatternTimingLink id="JPL_14-310-_-y08-4-2-O-2-26">
        <From SequenceNumber="25">
          <Activity>pickUpAndSetDown</Activity>
          <StopPointRef>390020265</StopPointRef>
          <TimingStatus>OTH</TimingStatus>
        </From>
        <To SequenceNumber="26">
          <Activity>pickUpAndSetDown</Activity>
          <StopPointRef>390020269</StopPointRef>
          <TimingStatus>OTH</TimingStatus>
        </To>
        <RouteLinkRef>RL_14-310-_-y08-4-O-2-25</RouteLinkRef>
        <RunTime>PT54S</RunTime>
      </JourneyPatternTimingLink>
      <JourneyPatternTimingLink id="JPL_14-310-_-y08-4-2-O-2-27">
        <From SequenceNumber="26">
          <Activity>pickUpAndSetDown</Activity>
          <StopPointRef>390020269</StopPointRef>
          <TimingStatus>OTH</TimingStatus>
        </From>
        <To SequenceNumber="27">
          <Activity>pickUpAndSetDown</Activity>
          <StopPointRef>390020271</StopPointRef>
          <TimingStatus>OTH</TimingStatus>
        </To>
        <RouteLinkRef>RL_14-310-_-y08-4-O-2-26</RouteLinkRef>
        <RunTime>PT2M8S</RunTime>
      </JourneyPatternTimingLink>
      <JourneyPatternTimingLink id="JPL_14-310-_-y08-4-2-O-2-28">
        <From SequenceNumber="27">
          <Activity>pickUpAndSetDown</Activity>
          <StopPointRef>390020271</StopPointRef>
          <TimingStatus>OTH</TimingStatus>
        </From>
        <To SequenceNumber="28">
          <Activity>pickUpAndSetDown</Activity>
          <StopPointRef>390020350</StopPointRef>
          <TimingStatus>PTP</TimingStatus>
        </To>
        <RouteLinkRef>RL_14-310-_-y08-4-O-2-27</RouteLinkRef>
        <RunTime>PT1M39S</RunTime>
      </JourneyPatternTimingLink>
      <JourneyPatternTimingLink id="JPL_14-310-_-y08-4-2-O-2-29">
        <From SequenceNumber="28">
          <Activity>pickUpAndSetDown</Activity>
          <StopPointRef>390020350</StopPointRef>
          <TimingStatus>PTP</TimingStatus>
        </From>
        <To SequenceNumber="29">
          <Activity>pickUpAndSetDown</Activity>
          <StopPointRef>390020219</StopPointRef>
          <TimingStatus>OTH</TimingStatus>
        </To>
        <RouteLinkRef>RL_14-310-_-y08-4-O-2-28</RouteLinkRef>
        <RunTime>PT1M12S</RunTime>
      </JourneyPatternTimingLink>
      <JourneyPatternTimingLink id="JPL_14-310-_-y08-4-2-O-2-30">
        <From SequenceNumber="29">
          <Activity>pickUpAndSetDown</Activity>
          <StopPointRef>390020219</StopPointRef>
          <TimingStatus>OTH</TimingStatus>
        </From>
        <To SequenceNumber="30">
          <Activity>pickUpAndSetDown</Activity>
          <StopPointRef>390020254</StopPointRef>
          <TimingStatus>PTP</TimingStatus>
        </To>
        <RouteLinkRef>RL_14-310-_-y08-4-O-2-29</RouteLinkRef>
        <RunTime>PT48S</RunTime>
      </JourneyPatternTimingLink>
      <JourneyPatternTimingLink id="JPL_14-310-_-y08-4-2-O-2-31">
        <From SequenceNumber="30">
          <Activity>pickUpAndSetDown</Activity>
          <StopPointRef>390020254</StopPointRef>
          <TimingStatus>PTP</TimingStatus>
        </From>
        <To SequenceNumber="31">
          <Activity>pickUpAndSetDown</Activity>
          <StopPointRef>390020256</StopPointRef>
          <TimingStatus>OTH</TimingStatus>
        </To>
        <RouteLinkRef>RL_14-310-_-y08-4-O-2-30</RouteLinkRef>
        <RunTime>PT1M9S</RunTime>
      </JourneyPatternTimingLink>
      <JourneyPatternTimingLink id="JPL_14-310-_-y08-4-2-O-2-32">
        <From SequenceNumber="31">
          <Activity>pickUpAndSetDown</Activity>
          <StopPointRef>390020256</StopPointRef>
          <TimingStatus>OTH</TimingStatus>
        </From>
        <To SequenceNumber="32">
          <Activity>pickUpAndSetDown</Activity>
          <StopPointRef>390020259</StopPointRef>
          <TimingStatus>PTP</TimingStatus>
        </To>
        <RouteLinkRef>RL_14-310-_-y08-4-O-2-31</RouteLinkRef>
        <RunTime>PT51S</RunTime>
      </JourneyPatternTimingLink>
      <JourneyPatternTimingLink id="JPL_14-310-_-y08-4-2-O-2-33">
        <From SequenceNumber="32">
          <Activity>pickUpAndSetDown</Activity>
          <StopPointRef>390020259</StopPointRef>
          <TimingStatus>PTP</TimingStatus>
        </From>
        <To SequenceNumber="33">
          <Activity>pickUpAndSetDown</Activity>
          <StopPointRef>390020260</StopPointRef>
          <TimingStatus>OTH</TimingStatus>
        </To>
        <RouteLinkRef>RL_14-310-_-y08-4-O-2-32</RouteLinkRef>
        <RunTime>PT16S</RunTime>
      </JourneyPatternTimingLink>
      <JourneyPatternTimingLink id="JPL_14-310-_-y08-4-2-O-2-34">
        <From SequenceNumber="33">
          <Activity>pickUpAndSetDown</Activity>
          <StopPointRef>390020260</StopPointRef>
          <TimingStatus>OTH</TimingStatus>
        </From>
        <To SequenceNumber="34">
          <Activity>pickUpAndSetDown</Activity>
          <StopPointRef>390020252</StopPointRef>
          <TimingStatus>OTH</TimingStatus>
        </To>
        <RouteLinkRef>RL_14-310-_-y08-4-O-2-33</RouteLinkRef>
        <RunTime>PT46S</RunTime>
      </JourneyPatternTimingLink>
      <JourneyPatternTimingLink id="JPL_14-310-_-y08-4-2-O-2-35">
        <From SequenceNumber="34">
          <Activity>pickUpAndSetDown</Activity>
          <StopPointRef>390020252</StopPointRef>
          <TimingStatus>OTH</TimingStatus>
        </From>
        <To SequenceNumber="35">
          <Activity>pickUpAndSetDown</Activity>
          <StopPointRef>390020224</StopPointRef>
          <TimingStatus>PTP</TimingStatus>
        </To>
        <RouteLinkRef>RL_14-310-_-y08-4-O-2-34</RouteLinkRef>
        <RunTime>PT58S</RunTime>
      </JourneyPatternTimingLink>
      <JourneyPatternTimingLink id="JPL_14-310-_-y08-4-2-O-2-36">
        <From SequenceNumber="35">
          <Activity>pickUpAndSetDown</Activity>
          <StopPointRef>390020224</StopPointRef>
          <TimingStatus>PTP</TimingStatus>
        </From>
        <To SequenceNumber="36">
          <Activity>pickUpAndSetDown</Activity>
          <StopPointRef>390020445</StopPointRef>
          <TimingStatus>OTH</TimingStatus>
        </To>
        <RouteLinkRef>RL_14-310-_-y08-4-O-2-35</RouteLinkRef>
        <RunTime>PT1M22S</RunTime>
      </JourneyPatternTimingLink>
      <JourneyPatternTimingLink id="JPL_14-310-_-y08-4-2-O-2-37">
        <From SequenceNumber="36">
          <Activity>pickUpAndSetDown</Activity>
          <StopPointRef>390020445</StopPointRef>
          <TimingStatus>OTH</TimingStatus>
        </From>
        <To SequenceNumber="37">
          <Activity>pickUpAndSetDown</Activity>
          <StopPointRef>390020251</StopPointRef>
          <TimingStatus>PTP</TimingStatus>
        </To>
        <RouteLinkRef>RL_14-310-_-y08-4-O-2-36</RouteLinkRef>
        <RunTime>PT38S</RunTime>
      </JourneyPatternTimingLink>
      <JourneyPatternTimingLink id="JPL_14-310-_-y08-4-2-O-2-38">
        <From SequenceNumber="37">
          <Activity>pickUpAndSetDown</Activity>
          <StopPointRef>390020251</StopPointRef>
          <TimingStatus>PTP</TimingStatus>
        </From>
        <To SequenceNumber="38">
          <Activity>pickUpAndSetDown</Activity>
          <StopPointRef>390020237</StopPointRef>
          <TimingStatus>OTH</TimingStatus>
        </To>
        <RouteLinkRef>RL_14-310-_-y08-4-O-2-37</RouteLinkRef>
        <RunTime>PT2M10S</RunTime>
      </JourneyPatternTimingLink>
      <JourneyPatternTimingLink id="JPL_14-310-_-y08-4-2-O-2-39">
        <From SequenceNumber="38">
          <Activity>pickUpAndSetDown</Activity>
          <StopPointRef>390020237</StopPointRef>
          <TimingStatus>OTH</TimingStatus>
        </From>
        <To SequenceNumber="39">
          <Activity>setDown</Activity>
          <StopPointRef>390020239</StopPointRef>
          <TimingStatus>PTP</TimingStatus>
        </To>
        <RouteLinkRef>RL_14-310-_-y08-4-O-2-38</RouteLinkRef>
        <RunTime>PT2M50S</RunTime>
      </JourneyPatternTimingLink>
    </JourneyPatternSection>
    <JourneyPatternSection id="JPS_14-310-_-y08-4-1-1-I">
      <JourneyPatternTimingLink id="JPL_14-310-_-y08-4-1-I-1-2">
        <From SequenceNumber="1">
          <Activity>pickUp</Activity>
          <StopPointRef>390020466</StopPointRef>
          <TimingStatus>PTP</TimingStatus>
        </From>
        <To SequenceNumber="2">
          <Activity>pickUpAndSetDown</Activity>
          <StopPointRef>390020349</StopPointRef>
          <TimingStatus>OTH</TimingStatus>
        </To>
        <RouteLinkRef>RL_14-310-_-y08-4-I-1-1</RouteLinkRef>
        <RunTime>PT45S</RunTime>
      </JourneyPatternTimingLink>
      <JourneyPatternTimingLink id="JPL_14-310-_-y08-4-1-I-1-3">
        <From SequenceNumber="2">
          <Activity>pickUpAndSetDown</Activity>
          <StopPointRef>390020349</StopPointRef>
          <TimingStatus>OTH</TimingStatus>
        </From>
        <To SequenceNumber="3">
          <Activity>pickUpAndSetDown</Activity>
          <StopPointRef>390020270</StopPointRef>
          <TimingStatus>OTH</TimingStatus>
        </To>
        <RouteLinkRef>RL_14-310-_-y08-4-I-1-2</RouteLinkRef>
        <RunTime>PT20S</RunTime>
      </JourneyPatternTimingLink>
      <JourneyPatternTimingLink id="JPL_14-310-_-y08-4-1-I-1-4">
        <From SequenceNumber="3">
          <Activity>pickUpAndSetDown</Activity>
          <StopPointRef>390020270</StopPointRef>
          <TimingStatus>OTH</TimingStatus>
        </From>
        <To SequenceNumber="4">
          <Activity>pickUpAndSetDown</Activity>
          <StopPointRef>390020268</StopPointRef>
          <TimingStatus>OTH</TimingStatus>
        </To>
        <RouteLinkRef>RL_14-310-_-y08-4-I-1-3</RouteLinkRef>
        <RunTime>PT1M32S</RunTime>
      </JourneyPatternTimingLink>
      <JourneyPatternTimingLink id="JPL_14-310-_-y08-4-1-I-1-5">
        <From SequenceNumber="4">
          <Activity>pickUpAndSetDown</Activity>
          <StopPointRef>390020268</StopPointRef>
          <TimingStatus>OTH</TimingStatus>
        </From>
        <To SequenceNumber="5">
          <Activity>pickUpAndSetDown</Activity>
          <StopPointRef>390020264</StopPointRef>
          <TimingStatus>OTH</TimingStatus>
        </To>
        <RouteLinkRef>RL_14-310-_-y08-4-I-1-4</RouteLinkRef>
        <RunTime>PT40S</RunTime>
      </JourneyPatternTimingLink>
      <JourneyPatternTimingLink id="JPL_14-310-_-y08-4-1-I-1-6">
        <From SequenceNumber="5">
          <Activity>pickUpAndSetDown</Activity>
          <StopPointRef>390020264</StopPointRef>
          <TimingStatus>OTH</TimingStatus>
        </From>
        <To SequenceNumber="6">
          <Activity>pickUpAndSetDown</Activity>
          <StopPointRef>390020267</StopPointRef>
          <TimingStatus>PTP</TimingStatus>
        </To>
        <RouteLinkRef>RL_14-310-_-y08-4-I-1-5</RouteLinkRef>
        <RunTime>PT1M43S</RunTime>
      </JourneyPatternTimingLink>
      <JourneyPatternTimingLink id="JPL_14-310-_-y08-4-1-I-1-7">
        <From SequenceNumber="6">
          <Activity>pickUpAndSetDown</Activity>
          <StopPointRef>390020267</StopPointRef>
          <TimingStatus>PTP</TimingStatus>
        </From>
        <To SequenceNumber="7">
          <Activity>pickUpAndSetDown</Activity>
          <StopPointRef>390020356</StopPointRef>
          <TimingStatus>OTH</TimingStatus>
        </To>
        <RouteLinkRef>RL_14-310-_-y08-4-I-1-6</RouteLinkRef>
        <RunTime>PT1M10S</RunTime>
      </JourneyPatternTimingLink>
      <JourneyPatternTimingLink id="JPL_14-310-_-y08-4-1-I-1-8">
        <From SequenceNumber="7">
          <Activity>pickUpAndSetDown</Activity>
          <StopPointRef>390020356</StopPointRef>
          <TimingStatus>OTH</TimingStatus>
        </From>
        <To SequenceNumber="8">
          <Activity>pickUpAndSetDown</Activity>
          <StopPointRef>390020201</StopPointRef>
          <TimingStatus>OTH</TimingStatus>
        </To>
        <RouteLinkRef>RL_14-310-_-y08-4-I-1-7</RouteLinkRef>
        <RunTime>PT54S</RunTime>
      </JourneyPatternTimingLink>
      <JourneyPatternTimingLink id="JPL_14-310-_-y08-4-1-I-1-9">
        <From SequenceNumber="8">
          <Activity>pickUpAndSetDown</Activity>
          <StopPointRef>390020201</StopPointRef>
          <TimingStatus>OTH</TimingStatus>
        </From>
        <To SequenceNumber="9">
          <Activity>pickUpAndSetDown</Activity>
          <StopPointRef>390020187</StopPointRef>
          <TimingStatus>OTH</TimingStatus>
        </To>
        <RouteLinkRef>RL_14-310-_-y08-4-I-1-8</RouteLinkRef>
        <RunTime>PT2M27S</RunTime>
      </JourneyPatternTimingLink>
      <JourneyPatternTimingLink id="JPL_14-310-_-y08-4-1-I-1-10">
        <From SequenceNumber="9">
          <Activity>pickUpAndSetDown</Activity>
          <StopPointRef>390020187</StopPointRef>
          <TimingStatus>OTH</TimingStatus>
        </From>
        <To SequenceNumber="10">
          <Activity>pickUpAndSetDown</Activity>
          <StopPointRef>390020334</StopPointRef>
          <TimingStatus>PTP</TimingStatus>
        </To>
        <RouteLinkRef>RL_14-310-_-y08-4-I-1-9</RouteLinkRef>
        <RunTime>PT29S</RunTime>
      </JourneyPatternTimingLink>
      <JourneyPatternTimingLink id="JPL_14-310-_-y08-4-1-I-1-11">
        <From SequenceNumber="10">
          <Activity>pickUpAndSetDown</Activity>
          <StopPointRef>390020334</StopPointRef>
          <TimingStatus>PTP</TimingStatus>
        </From>
        <To SequenceNumber="11">
          <Activity>pickUpAndSetDown</Activity>
          <StopPointRef>390020213</StopPointRef>
          <TimingStatus>OTH</TimingStatus>
        </To>
        <RouteLinkRef>RL_14-310-_-y08-4-I-1-10</RouteLinkRef>
        <RunTime>PT1M6S</RunTime>
      </JourneyPatternTimingLink>
      <JourneyPatternTimingLink id="JPL_14-310-_-y08-4-1-I-1-12">
        <From SequenceNumber="11">
          <Activity>pickUpAndSetDown</Activity>
          <StopPointRef>390020213</StopPointRef>
          <TimingStatus>OTH</TimingStatus>
        </From>
        <To SequenceNumber="12">
          <Activity>pickUpAndSetDown</Activity>
          <StopPointRef>390020216</StopPointRef>
          <TimingStatus>OTH</TimingStatus>
        </To>
        <RouteLinkRef>RL_14-310-_-y08-4-I-1-11</RouteLinkRef>
        <RunTime>PT57S</RunTime>
      </JourneyPatternTimingLink>
      <JourneyPatternTimingLink id="JPL_14-310-_-y08-4-1-I-1-13">
        <From SequenceNumber="12">
          <Activity>pickUpAndSetDown</Activity>
          <StopPointRef>390020216</StopPointRef>
          <TimingStatus>OTH</TimingStatus>
        </From>
        <To SequenceNumber="13">
          <Activity>pickUpAndSetDown</Activity>
          <StopPointRef>390020342</StopPointRef>
          <TimingStatus>OTH</TimingStatus>
        </To>
        <RouteLinkRef>RL_14-310-_-y08-4-I-1-12</RouteLinkRef>
        <RunTime>PT7M36S</RunTime>
      </JourneyPatternTimingLink>
      <JourneyPatternTimingLink id="JPL_14-310-_-y08-4-1-I-1-14">
        <From SequenceNumber="13">
          <Activity>pickUpAndSetDown</Activity>
          <StopPointRef>390020342</StopPointRef>
          <TimingStatus>OTH</TimingStatus>
        </From>
        <To SequenceNumber="14">
          <Activity>pickUpAndSetDown</Activity>
          <StopPointRef>390020133</StopPointRef>
          <TimingStatus>PTP</TimingStatus>
        </To>
        <RouteLinkRef>RL_14-310-_-y08-4-I-1-13</RouteLinkRef>
        <RunTime>PT21S</RunTime>
      </JourneyPatternTimingLink>
      <JourneyPatternTimingLink id="JPL_14-310-_-y08-4-1-I-1-15">
        <From SequenceNumber="14">
          <Activity>pickUpAndSetDown</Activity>
          <StopPointRef>390020133</StopPointRef>
          <TimingStatus>PTP</TimingStatus>
        </From>
        <To SequenceNumber="15">
          <Activity>pickUpAndSetDown</Activity>
          <StopPointRef>390020468</StopPointRef>
          <TimingStatus>OTH</TimingStatus>
        </To>
        <RouteLinkRef>RL_14-310-_-y08-4-I-1-14</RouteLinkRef>
        <RunTime>PT59S</RunTime>
      </JourneyPatternTimingLink>
      <JourneyPatternTimingLink id="JPL_14-310-_-y08-4-1-I-1-16">
        <From SequenceNumber="15">
          <Activity>pickUpAndSetDown</Activity>
          <StopPointRef>390020468</StopPointRef>
          <TimingStatus>OTH</TimingStatus>
        </From>
        <To SequenceNumber="16">
          <Activity>pickUpAndSetDown</Activity>
          <StopPointRef>390020132</StopPointRef>
          <TimingStatus>PTP</TimingStatus>
        </To>
        <RouteLinkRef>RL_14-310-_-y08-4-I-1-15</RouteLinkRef>
        <RunTime>PT1M1S</RunTime>
      </JourneyPatternTimingLink>
      <JourneyPatternTimingLink id="JPL_14-310-_-y08-4-1-I-1-17">
        <From SequenceNumber="16">
          <Activity>pickUpAndSetDown</Activity>
          <StopPointRef>390020132</StopPointRef>
          <TimingStatus>PTP</TimingStatus>
        </From>
        <To SequenceNumber="17">
          <Activity>pickUpAndSetDown</Activity>
          <StopPointRef>390020392</StopPointRef>
          <TimingStatus>OTH</TimingStatus>
        </To>
        <RouteLinkRef>RL_14-310-_-y08-4-I-1-16</RouteLinkRef>
        <RunTime>PT1M5S</RunTime>
      </JourneyPatternTimingLink>
      <JourneyPatternTimingLink id="JPL_14-310-_-y08-4-1-I-1-18">
        <From SequenceNumber="17">
          <Activity>pickUpAndSetDown</Activity>
          <StopPointRef>390020392</StopPointRef>
          <TimingStatus>OTH</TimingStatus>
        </From>
        <To SequenceNumber="18">
          <Activity>pickUpAndSetDown</Activity>
          <StopPointRef>390050854</StopPointRef>
          <TimingStatus>OTH</TimingStatus>
        </To>
        <RouteLinkRef>RL_14-310-_-y08-4-I-1-17</RouteLinkRef>
        <RunTime>PT20M28S</RunTime>
      </JourneyPatternTimingLink>
      <JourneyPatternTimingLink id="JPL_14-310-_-y08-4-1-I-1-19">
        <From SequenceNumber="18">
          <Activity>pickUpAndSetDown</Activity>
          <StopPointRef>390050854</StopPointRef>
          <TimingStatus>OTH</TimingStatus>
        </From>
        <To SequenceNumber="19">
          <Activity>pickUpAndSetDown</Activity>
          <StopPointRef>390050852</StopPointRef>
          <TimingStatus>OTH</TimingStatus>
        </To>
        <RouteLinkRef>RL_14-310-_-y08-4-I-1-18</RouteLinkRef>
        <RunTime>PT29S</RunTime>
      </JourneyPatternTimingLink>
      <JourneyPatternTimingLink id="JPL_14-310-_-y08-4-1-I-1-20">
        <From SequenceNumber="19">
          <Activity>pickUpAndSetDown</Activity>
          <StopPointRef>390050852</StopPointRef>
          <TimingStatus>OTH</TimingStatus>
        </From>
        <To SequenceNumber="20">
          <Activity>pickUpAndSetDown</Activity>
          <StopPointRef>390050850</StopPointRef>
          <TimingStatus>OTH</TimingStatus>
        </To>
        <RouteLinkRef>RL_14-310-_-y08-4-I-1-19</RouteLinkRef>
        <RunTime>PT39S</RunTime>
      </JourneyPatternTimingLink>
      <JourneyPatternTimingLink id="JPL_14-310-_-y08-4-1-I-1-21">
        <From SequenceNumber="20">
          <Activity>pickUpAndSetDown</Activity>
          <StopPointRef>390050850</StopPointRef>
          <TimingStatus>OTH</TimingStatus>
        </From>
        <To SequenceNumber="21">
          <Activity>pickUpAndSetDown</Activity>
          <StopPointRef>390051144</StopPointRef>
          <TimingStatus>PTP</TimingStatus>
        </To>
        <RouteLinkRef>RL_14-310-_-y08-4-I-1-20</RouteLinkRef>
        <RunTime>PT19S</RunTime>
      </JourneyPatternTimingLink>
      <JourneyPatternTimingLink id="JPL_14-310-_-y08-4-1-I-1-22">
        <From SequenceNumber="21">
          <Activity>pickUpAndSetDown</Activity>
          <StopPointRef>390051144</StopPointRef>
          <TimingStatus>PTP</TimingStatus>
        </From>
        <To SequenceNumber="22">
          <Activity>pickUpAndSetDown</Activity>
          <StopPointRef>390051025</StopPointRef>
          <TimingStatus>PTP</TimingStatus>
        </To>
        <RouteLinkRef>RL_14-310-_-y08-4-I-1-21</RouteLinkRef>
        <RunTime>PT5M</RunTime>
      </JourneyPatternTimingLink>
      <JourneyPatternTimingLink id="JPL_14-310-_-y08-4-1-I-1-23">
        <From SequenceNumber="22">
          <Activity>pickUpAndSetDown</Activity>
          <StopPointRef>390051025</StopPointRef>
          <TimingStatus>PTP</TimingStatus>
        </From>
        <To SequenceNumber="23">
          <Activity>pickUpAndSetDown</Activity>
          <StopPointRef>390051260</StopPointRef>
          <TimingStatus>OTH</TimingStatus>
        </To>
        <RouteLinkRef>RL_14-310-_-y08-4-I-1-22</RouteLinkRef>
        <RunTime>PT1M19S</RunTime>
      </JourneyPatternTimingLink>
      <JourneyPatternTimingLink id="JPL_14-310-_-y08-4-1-I-1-24">
        <From SequenceNumber="23">
          <Activity>pickUpAndSetDown</Activity>
          <StopPointRef>390051260</StopPointRef>
          <TimingStatus>OTH</TimingStatus>
        </From>
        <To SequenceNumber="24">
          <Activity>pickUpAndSetDown</Activity>
          <StopPointRef>390050849</StopPointRef>
          <TimingStatus>OTH</TimingStatus>
        </To>
        <RouteLinkRef>RL_14-310-_-y08-4-I-1-23</RouteLinkRef>
        <RunTime>PT41S</RunTime>
      </JourneyPatternTimingLink>
      <JourneyPatternTimingLink id="JPL_14-310-_-y08-4-1-I-1-25">
        <From SequenceNumber="24">
          <Activity>pickUpAndSetDown</Activity>
          <StopPointRef>390050849</StopPointRef>
          <TimingStatus>OTH</TimingStatus>
        </From>
        <To SequenceNumber="25">
          <Activity>pickUpAndSetDown</Activity>
          <StopPointRef>390050851</StopPointRef>
          <TimingStatus>OTH</TimingStatus>
        </To>
        <RouteLinkRef>RL_14-310-_-y08-4-I-1-24</RouteLinkRef>
        <RunTime>PT50S</RunTime>
      </JourneyPatternTimingLink>
      <JourneyPatternTimingLink id="JPL_14-310-_-y08-4-1-I-1-26">
        <From SequenceNumber="25">
          <Activity>pickUpAndSetDown</Activity>
          <StopPointRef>390050851</StopPointRef>
          <TimingStatus>OTH</TimingStatus>
        </From>
        <To SequenceNumber="26">
          <Activity>pickUpAndSetDown</Activity>
          <StopPointRef>390059006</StopPointRef>
          <TimingStatus>OTH</TimingStatus>
        </To>
        <RouteLinkRef>RL_14-310-_-y08-4-I-1-25</RouteLinkRef>
        <RunTime>PT26S</RunTime>
      </JourneyPatternTimingLink>
      <JourneyPatternTimingLink id="JPL_14-310-_-y08-4-1-I-1-27">
        <From SequenceNumber="26">
          <Activity>pickUpAndSetDown</Activity>
          <StopPointRef>390059006</StopPointRef>
          <TimingStatus>OTH</TimingStatus>
        </From>
        <To SequenceNumber="27">
          <Activity>pickUpAndSetDown</Activity>
          <StopPointRef>390050874</StopPointRef>
          <TimingStatus>OTH</TimingStatus>
        </To>
        <RouteLinkRef>RL_14-310-_-y08-4-I-1-26</RouteLinkRef>
        <RunTime>PT1M22S</RunTime>
      </JourneyPatternTimingLink>
      <JourneyPatternTimingLink id="JPL_14-310-_-y08-4-1-I-1-28">
        <From SequenceNumber="27">
          <Activity>pickUpAndSetDown</Activity>
          <StopPointRef>390050874</StopPointRef>
          <TimingStatus>OTH</TimingStatus>
        </From>
        <To SequenceNumber="28">
          <Activity>pickUpAndSetDown</Activity>
          <StopPointRef>390050873</StopPointRef>
          <TimingStatus>PTP</TimingStatus>
        </To>
        <RouteLinkRef>RL_14-310-_-y08-4-I-1-27</RouteLinkRef>
        <RunTime>PT22S</RunTime>
      </JourneyPatternTimingLink>
      <JourneyPatternTimingLink id="JPL_14-310-_-y08-4-1-I-1-29">
        <From SequenceNumber="28">
          <Activity>pickUpAndSetDown</Activity>
          <StopPointRef>390050873</StopPointRef>
          <TimingStatus>PTP</TimingStatus>
        </From>
        <To SequenceNumber="29">
          <Activity>pickUpAndSetDown</Activity>
          <StopPointRef>390050871</StopPointRef>
          <TimingStatus>OTH</TimingStatus>
        </To>
        <RouteLinkRef>RL_14-310-_-y08-4-I-1-28</RouteLinkRef>
        <RunTime>PT1M31S</RunTime>
      </JourneyPatternTimingLink>
      <JourneyPatternTimingLink id="JPL_14-310-_-y08-4-1-I-1-30">
        <From SequenceNumber="29">
          <Activity>pickUpAndSetDown</Activity>
          <StopPointRef>390050871</StopPointRef>
          <TimingStatus>OTH</TimingStatus>
        </From>
        <To SequenceNumber="30">
          <Activity>setDown</Activity>
          <StopPointRef>390050904</StopPointRef>
          <TimingStatus>PTP</TimingStatus>
        </To>
        <RouteLinkRef>RL_14-310-_-y08-4-I-1-29</RouteLinkRef>
        <RunTime>PT3M29S</RunTime>
      </JourneyPatternTimingLink>
    </JourneyPatternSection>
  </JourneyPatternSections>
  <Operators>
    <Operator id="OId_716TS">
      <NationalOperatorCode>SCCT</NationalOperatorCode>
      <OperatorCode>716TS</OperatorCode>
      <OperatorShortName>Suffolk Norse</OperatorShortName>
      <OperatorNameOnLicence>Suffolk Norse</OperatorNameOnLicence>
      <TradingName>Suffolk Norse</TradingName>
    </Operator>
  </Operators>
  <Services>
    <Service>
      <ServiceCode>14-310-_-y08-4</ServiceCode>
      <PrivateCode>14-310-_-y08-4</PrivateCode>
      <Lines>
        <Line id="14-310-_-y08-4">
          <LineName>310</LineName>
        </Line>
      </Lines>
      <OperatingPeriod>
        <StartDate>2019-11-05</StartDate>
        <EndDate>2020-05-08</EndDate>
      </OperatingPeriod>
      <OperatingProfile>
        <RegularDayType>
          <DaysOfWeek>
            <MondayToFriday />
          </DaysOfWeek>
        </RegularDayType>
        <SpecialDaysOperation>
          <DaysOfNonOperation>
            <DateRange>
              <StartDate>2019-12-24</StartDate>
              <EndDate>2019-12-24</EndDate>
            </DateRange>
            <DateRange>
              <StartDate>2019-12-27</StartDate>
              <EndDate>2019-12-27</EndDate>
            </DateRange>
            <DateRange>
              <StartDate>2019-12-30</StartDate>
              <EndDate>2019-12-31</EndDate>
            </DateRange>
          </DaysOfNonOperation>
        </SpecialDaysOperation>
        <BankHolidayOperation>
          <DaysOfNonOperation>
            <ChristmasDay />
            <BoxingDay />
            <GoodFriday />
            <NewYearsDay />
            <MayDay />
            <EasterMonday />
          </DaysOfNonOperation>
        </BankHolidayOperation>
      </OperatingProfile>
      <RegisteredOperatorRef>OId_716TS</RegisteredOperatorRef>
      <StopRequirements>
        <NoNewStopsRequired />
      </StopRequirements>
      <Mode>bus</Mode>
      <Description>Bury St Edmunds - Newmarket - Exning</Description>
      <StandardService>
        <Origin>Parkway Bus Layby</Origin>
        <Destination>St Martins Church</Destination>
        <JourneyPattern id="JP_14-310-_-y08-4-2-O-2">
          <Direction>outbound</Direction>
          <Operational>
            <VehicleType>
              <VehicleTypeCode>NoWhCh</VehicleTypeCode>
              <Description>No Wheelchair Access</Description>
            </VehicleType>
          </Operational>
          <RouteRef>R_14-310-_-y08-4-O-2</RouteRef>
          <JourneyPatternSectionRefs>JPS_14-310-_-y08-4-2-2-O</JourneyPatternSectionRefs>
        </JourneyPattern>
        <JourneyPattern id="JP_14-310-_-y08-4-1-I-1">
          <Direction>inbound</Direction>
          <Operational>
            <VehicleType>
              <VehicleTypeCode>NoWhCh</VehicleTypeCode>
              <Description>No Wheelchair Access</Description>
            </VehicleType>
          </Operational>
          <RouteRef>R_14-310-_-y08-4-I-1</RouteRef>
          <JourneyPatternSectionRefs>JPS_14-310-_-y08-4-1-1-I</JourneyPatternSectionRefs>
        </JourneyPattern>
      </StandardService>
    </Service>
  </Services>
  <VehicleJourneys>
    <VehicleJourney>
      <PrivateCode>suf-14-310-_-y08-4-1-T0</PrivateCode>
      <Operational>
        <VehicleType>
          <VehicleTypeCode>NoWhCh</VehicleTypeCode>
          <Description>No Wheelchair Access</Description>
        </VehicleType>
      </Operational>
      <OperatingProfile>
        <RegularDayType>
          <DaysOfWeek>
            <MondayToFriday />
          </DaysOfWeek>
        </RegularDayType>
        <SpecialDaysOperation>
          <DaysOfNonOperation>
            <DateRange>
              <StartDate>2019-12-20</StartDate>
              <EndDate>2019-12-20</EndDate>
            </DateRange>
            <DateRange>
              <StartDate>2019-12-23</StartDate>
              <EndDate>2019-12-24</EndDate>
            </DateRange>
            <DateRange>
              <StartDate>2019-12-27</StartDate>
              <EndDate>2019-12-27</EndDate>
            </DateRange>
            <DateRange>
              <StartDate>2019-12-30</StartDate>
              <EndDate>2019-12-31</EndDate>
            </DateRange>
            <DateRange>
              <StartDate>2020-01-02</StartDate>
              <EndDate>2020-01-03</EndDate>
            </DateRange>
            <DateRange>
              <StartDate>2020-01-06</StartDate>
              <EndDate>2020-01-06</EndDate>
            </DateRange>
            <DateRange>
              <StartDate>2020-02-17</StartDate>
              <EndDate>2020-02-21</EndDate>
            </DateRange>
            <DateRange>
              <StartDate>2020-04-03</StartDate>
              <EndDate>2020-04-03</EndDate>
            </DateRange>
            <DateRange>
              <StartDate>2020-04-06</StartDate>
              <EndDate>2020-04-09</EndDate>
            </DateRange>
            <DateRange>
              <StartDate>2020-04-14</StartDate>
              <EndDate>2020-04-17</EndDate>
            </DateRange>
          </DaysOfNonOperation>
        </SpecialDaysOperation>
        <BankHolidayOperation>
          <DaysOfNonOperation>
            <ChristmasDay />
            <BoxingDay />
            <GoodFriday />
            <NewYearsDay />
            <MayDay />
            <EasterMonday />
          </DaysOfNonOperation>
        </BankHolidayOperation>
      </OperatingProfile>
      <VehicleJourneyCode>VJ_14-310-_-y08-4-1-T0</VehicleJourneyCode>
      <ServiceRef>14-310-_-y08-4</ServiceRef>
      <LineRef>14-310-_-y08-4</LineRef>
      <JourneyPatternRef>JP_14-310-_-y08-4-2-O-2</JourneyPatternRef>
      <Note>
        <NoteCode>1</NoteCode>
        <NoteText>Sponsored by Suffolk County Council</NoteText>
      </Note>
      <Note>
        <NoteCode>Sch</NoteCode>
        <NoteText>Schooldays only</NoteText>
      </Note>
      <DepartureTime>15:40:00</DepartureTime>
    </VehicleJourney>
    <VehicleJourney>
      <PrivateCode>suf-14-310-_-y08-4-2-T0</PrivateCode>
      <Operational>
        <VehicleType>
          <VehicleTypeCode>NoWhCh</VehicleTypeCode>
          <Description>No Wheelchair Access</Description>
        </VehicleType>
      </Operational>
      <OperatingProfile>
        <RegularDayType>
          <DaysOfWeek>
            <MondayToFriday />
          </DaysOfWeek>
        </RegularDayType>
        <SpecialDaysOperation>
          <DaysOfNonOperation>
            <DateRange>
              <StartDate>2019-12-20</StartDate>
              <EndDate>2019-12-20</EndDate>
            </DateRange>
            <DateRange>
              <StartDate>2019-12-23</StartDate>
              <EndDate>2019-12-24</EndDate>
            </DateRange>
            <DateRange>
              <StartDate>2019-12-27</StartDate>
              <EndDate>2019-12-27</EndDate>
            </DateRange>
            <DateRange>
              <StartDate>2019-12-30</StartDate>
              <EndDate>2019-12-31</EndDate>
            </DateRange>
            <DateRange>
              <StartDate>2020-01-02</StartDate>
              <EndDate>2020-01-03</EndDate>
            </DateRange>
            <DateRange>
              <StartDate>2020-01-06</StartDate>
              <EndDate>2020-01-06</EndDate>
            </DateRange>
            <DateRange>
              <StartDate>2020-02-17</StartDate>
              <EndDate>2020-02-21</EndDate>
            </DateRange>
            <DateRange>
              <StartDate>2020-04-03</StartDate>
              <EndDate>2020-04-03</EndDate>
            </DateRange>
            <DateRange>
              <StartDate>2020-04-06</StartDate>
              <EndDate>2020-04-09</EndDate>
            </DateRange>
            <DateRange>
              <StartDate>2020-04-14</StartDate>
              <EndDate>2020-04-17</EndDate>
            </DateRange>
          </DaysOfNonOperation>
        </SpecialDaysOperation>
        <BankHolidayOperation>
          <DaysOfNonOperation>
            <ChristmasDay />
            <BoxingDay />
            <GoodFriday />
            <NewYearsDay />
            <MayDay />
            <EasterMonday />
          </DaysOfNonOperation>
        </BankHolidayOperation>
      </OperatingProfile>
      <VehicleJourneyCode>VJ_14-310-_-y08-4-2-T0</VehicleJourneyCode>
      <ServiceRef>14-310-_-y08-4</ServiceRef>
      <LineRef>14-310-_-y08-4</LineRef>
      <JourneyPatternRef>JP_14-310-_-y08-4-1-I-1</JourneyPatternRef>
      <Note>
        <NoteCode>1</NoteCode>
        <NoteText>Sponsored by Suffolk County Council</NoteText>
      </Note>
      <Note>
        <NoteCode>Sch</NoteCode>
        <NoteText>Schooldays only</NoteText>
      </Note>
      <DepartureTime>07:40:00</DepartureTime>
    </VehicleJourney>
  </VehicleJourneys>
</TransXChange>