<?xml version="1.0" encoding="utf-8"?>
<TransXChange xmlns:xsi="http://www.w3.org/2001/XMLSchema-instance" xmlns:xsd="http://www.w3.org/2001/XMLSchema" xsi:schemaLocation="http://www.transxchange.org.uk/ http://www.transxchange.org.uk/schema/2.5/TransXChange_general.xsd" CreationDateTime="2019-11-07T16:05:56.3966Z" ModificationDateTime="2019-11-07T16:05:56.3966Z" Modification="new" RevisionNumber="3" FileName="suf_13-752-A-y08-2.xml" SchemaVersion="2.5" RegistrationDocument="true" xmlns="http://www.transxchange.org.uk/">
  <StopPoints>
    <AnnotatedStopPointRef>
      <StopPointRef>390010094</StopPointRef>
      <CommonName>Church</CommonName>
      <LocalityName>Bures (Suffolk)</LocalityName>
      <LocalityQualifier>Suffolk</LocalityQualifier>
    </AnnotatedStopPointRef>
    <AnnotatedStopPointRef>
      <StopPointRef>150027011013</StopPointRef>
      <CommonName>Colchester Road</CommonName>
      <Indicator>SE-bound</Indicator>
      <LocalityName>Bures (Essex)</LocalityName>
      <LocalityQualifier>Essex</LocalityQualifier>
    </AnnotatedStopPointRef>
    <AnnotatedStopPointRef>
      <StopPointRef>1500270110Y1</StopPointRef>
      <CommonName>Hall Road</CommonName>
      <Indicator>opp</Indicator>
      <LocalityName>Mount Bures</LocalityName>
      <LocalityQualifier>Essex</LocalityQualifier>
    </AnnotatedStopPointRef>
    <AnnotatedStopPointRef>
      <StopPointRef>150027011010</StopPointRef>
      <CommonName>Peartree Hill</CommonName>
      <Indicator>opp</Indicator>
      <LocalityName>Wormingford</LocalityName>
      <LocalityQualifier>Essex</LocalityQualifier>
    </AnnotatedStopPointRef>
    <AnnotatedStopPointRef>
      <StopPointRef>1500270110Y9</StopPointRef>
      <CommonName>Hillcroft Farm</CommonName>
      <Indicator>o/s</Indicator>
      <LocalityName>Wormingford</LocalityName>
      <LocalityQualifier>Essex</LocalityQualifier>
    </AnnotatedStopPointRef>
    <AnnotatedStopPointRef>
      <StopPointRef>1500IM2540</StopPointRef>
      <CommonName>Church Road</CommonName>
      <Indicator>opp</Indicator>
      <LocalityName>Wormingford</LocalityName>
      <LocalityQualifier>Essex</LocalityQualifier>
    </AnnotatedStopPointRef>
    <AnnotatedStopPointRef>
      <StopPointRef>1500270110Y6</StopPointRef>
      <CommonName>Little Horkesley Road</CommonName>
      <Indicator>adj</Indicator>
      <LocalityName>Wormingford</LocalityName>
      <LocalityQualifier>Essex</LocalityQualifier>
    </AnnotatedStopPointRef>
    <AnnotatedStopPointRef>
      <StopPointRef>150027011005</StopPointRef>
      <CommonName>Main Road</CommonName>
      <Indicator>adj</Indicator>
      <LocalityName>Wormingford</LocalityName>
      <LocalityQualifier>Essex</LocalityQualifier>
    </AnnotatedStopPointRef>
    <AnnotatedStopPointRef>
      <StopPointRef>1500270110Y4</StopPointRef>
      <CommonName>Hall Road Cottages</CommonName>
      <Indicator>opp</Indicator>
      <LocalityName>West Bergholt</LocalityName>
      <LocalityQualifier>Essex</LocalityQualifier>
    </AnnotatedStopPointRef>
    <AnnotatedStopPointRef>
      <StopPointRef>1500270110Y3</StopPointRef>
      <CommonName>The Crescent</CommonName>
      <Indicator>adj</Indicator>
      <LocalityName>West Bergholt</LocalityName>
      <LocalityQualifier>Essex</LocalityQualifier>
    </AnnotatedStopPointRef>
    <AnnotatedStopPointRef>
      <StopPointRef>1500IM1161B</StopPointRef>
      <CommonName>Treble Tile</CommonName>
      <Indicator>Opp</Indicator>
      <LocalityName>West Bergholt</LocalityName>
      <LocalityQualifier>Essex</LocalityQualifier>
    </AnnotatedStopPointRef>
    <AnnotatedStopPointRef>
      <StopPointRef>150033097003</StopPointRef>
      <CommonName>Armoury Road</CommonName>
      <Indicator>adj</Indicator>
      <LocalityName>West Bergholt</LocalityName>
      <LocalityQualifier>Essex</LocalityQualifier>
    </AnnotatedStopPointRef>
    <AnnotatedStopPointRef>
      <StopPointRef>150033097001</StopPointRef>
      <CommonName>A12 Bridge</CommonName>
      <Indicator>E-bound</Indicator>
      <LocalityName>West Bergholt</LocalityName>
      <LocalityQualifier>Essex</LocalityQualifier>
    </AnnotatedStopPointRef>
    <AnnotatedStopPointRef>
      <StopPointRef>1500IM2482</StopPointRef>
      <CommonName>Bakers Lane</CommonName>
      <Indicator>opp</Indicator>
      <LocalityName>Colchester</LocalityName>
      <LocalityQualifier>Essex</LocalityQualifier>
    </AnnotatedStopPointRef>
    <AnnotatedStopPointRef>
      <StopPointRef>150033096009</StopPointRef>
      <CommonName>Golf Club</CommonName>
      <Indicator>o/s</Indicator>
      <LocalityName>Colchester</LocalityName>
      <LocalityQualifier>Essex</LocalityQualifier>
    </AnnotatedStopPointRef>
    <AnnotatedStopPointRef>
      <StopPointRef>150033096006</StopPointRef>
      <CommonName>Warwick Bailey Close</CommonName>
      <Indicator>opp</Indicator>
      <LocalityName>Colchester</LocalityName>
      <LocalityQualifier>Essex</LocalityQualifier>
    </AnnotatedStopPointRef>
    <AnnotatedStopPointRef>
      <StopPointRef>150033096004</StopPointRef>
      <CommonName>Tufnell Way</CommonName>
      <Indicator>opp</Indicator>
      <LocalityName>Colchester</LocalityName>
      <LocalityQualifier>Essex</LocalityQualifier>
    </AnnotatedStopPointRef>
    <AnnotatedStopPointRef>
      <StopPointRef>150033096002</StopPointRef>
      <CommonName>Enid Way</CommonName>
      <Indicator>adj</Indicator>
      <LocalityName>Colchester</LocalityName>
      <LocalityQualifier>Essex</LocalityQualifier>
    </AnnotatedStopPointRef>
    <AnnotatedStopPointRef>
      <StopPointRef>1500IM1359</StopPointRef>
      <CommonName>Railway Station Layby</CommonName>
      <LocalityName>Colchester</LocalityName>
      <LocalityQualifier>Essex</LocalityQualifier>
    </AnnotatedStopPointRef>
    <AnnotatedStopPointRef>
      <StopPointRef>150033039001</StopPointRef>
      <CommonName>The Albert</CommonName>
      <Indicator>o/s</Indicator>
      <LocalityName>Colchester</LocalityName>
      <LocalityQualifier>Essex</LocalityQualifier>
    </AnnotatedStopPointRef>
    <AnnotatedStopPointRef>
      <StopPointRef>1500AA7</StopPointRef>
      <CommonName>Causton Road</CommonName>
      <Indicator>adj</Indicator>
      <LocalityName>Colchester</LocalityName>
      <LocalityQualifier>Essex</LocalityQualifier>
    </AnnotatedStopPointRef>
    <AnnotatedStopPointRef>
      <StopPointRef>150033039006</StopPointRef>
      <CommonName>Middleborough</CommonName>
      <Indicator>S-bound</Indicator>
      <LocalityName>Colchester</LocalityName>
      <LocalityQualifier>Essex</LocalityQualifier>
    </AnnotatedStopPointRef>
    <AnnotatedStopPointRef>
      <StopPointRef>150033037002</StopPointRef>
      <CommonName>High Street</CommonName>
      <Indicator>Stop Fb</Indicator>
      <LocalityName>Colchester Town Cent</LocalityName>
      <LocalityQualifier>Essex</LocalityQualifier>
    </AnnotatedStopPointRef>
    <AnnotatedStopPointRef>
      <StopPointRef>15003303800D</StopPointRef>
      <CommonName>Osborne Street</CommonName>
      <LocalityName>Colchester Town Cent</LocalityName>
      <LocalityQualifier>Essex</LocalityQualifier>
    </AnnotatedStopPointRef>
  </StopPoints>
  <RouteSections>
    <RouteSection id="RS_13-752-A-y08-2-I-1">
      <RouteLink id="RL_13-752-A-y08-2-I-1-1">
        <From>
          <StopPointRef>390010094</StopPointRef>
        </From>
        <To>
          <StopPointRef>150027011013</StopPointRef>
        </To>
        <Direction>inbound</Direction>
      </RouteLink>
      <RouteLink id="RL_13-752-A-y08-2-I-1-2">
        <From>
          <StopPointRef>150027011013</StopPointRef>
        </From>
        <To>
          <StopPointRef>1500270110Y1</StopPointRef>
        </To>
        <Direction>inbound</Direction>
      </RouteLink>
      <RouteLink id="RL_13-752-A-y08-2-I-1-3">
        <From>
          <StopPointRef>1500270110Y1</StopPointRef>
        </From>
        <To>
          <StopPointRef>150027011010</StopPointRef>
        </To>
        <Direction>inbound</Direction>
      </RouteLink>
      <RouteLink id="RL_13-752-A-y08-2-I-1-4">
        <From>
          <StopPointRef>150027011010</StopPointRef>
        </From>
        <To>
          <StopPointRef>1500270110Y9</StopPointRef>
        </To>
        <Direction>inbound</Direction>
      </RouteLink>
      <RouteLink id="RL_13-752-A-y08-2-I-1-5">
        <From>
          <StopPointRef>1500270110Y9</StopPointRef>
        </From>
        <To>
          <StopPointRef>1500IM2540</StopPointRef>
        </To>
        <Direction>inbound</Direction>
      </RouteLink>
      <RouteLink id="RL_13-752-A-y08-2-I-1-6">
        <From>
          <StopPointRef>1500IM2540</StopPointRef>
        </From>
        <To>
          <StopPointRef>1500270110Y6</StopPointRef>
        </To>
        <Direction>inbound</Direction>
      </RouteLink>
      <RouteLink id="RL_13-752-A-y08-2-I-1-7">
        <From>
          <StopPointRef>1500270110Y6</StopPointRef>
        </From>
        <To>
          <StopPointRef>150027011005</StopPointRef>
        </To>
        <Direction>inbound</Direction>
      </RouteLink>
      <RouteLink id="RL_13-752-A-y08-2-I-1-8">
        <From>
          <StopPointRef>150027011005</StopPointRef>
        </From>
        <To>
          <StopPointRef>1500270110Y4</StopPointRef>
        </To>
        <Direction>inbound</Direction>
      </RouteLink>
      <RouteLink id="RL_13-752-A-y08-2-I-1-9">
        <From>
          <StopPointRef>1500270110Y4</StopPointRef>
        </From>
        <To>
          <StopPointRef>1500270110Y3</StopPointRef>
        </To>
        <Direction>inbound</Direction>
      </RouteLink>
      <RouteLink id="RL_13-752-A-y08-2-I-1-10">
        <From>
          <StopPointRef>1500270110Y3</StopPointRef>
        </From>
        <To>
          <StopPointRef>1500IM1161B</StopPointRef>
        </To>
        <Direction>inbound</Direction>
      </RouteLink>
      <RouteLink id="RL_13-752-A-y08-2-I-1-11">
        <From>
          <StopPointRef>1500IM1161B</StopPointRef>
        </From>
        <To>
          <StopPointRef>150033097003</StopPointRef>
        </To>
        <Direction>inbound</Direction>
      </RouteLink>
      <RouteLink id="RL_13-752-A-y08-2-I-1-12">
        <From>
          <StopPointRef>150033097003</StopPointRef>
        </From>
        <To>
          <StopPointRef>150033097001</StopPointRef>
        </To>
        <Direction>inbound</Direction>
      </RouteLink>
      <RouteLink id="RL_13-752-A-y08-2-I-1-13">
        <From>
          <StopPointRef>150033097001</StopPointRef>
        </From>
        <To>
          <StopPointRef>1500IM2482</StopPointRef>
        </To>
        <Direction>inbound</Direction>
      </RouteLink>
      <RouteLink id="RL_13-752-A-y08-2-I-1-14">
        <From>
          <StopPointRef>1500IM2482</StopPointRef>
        </From>
        <To>
          <StopPointRef>150033096009</StopPointRef>
        </To>
        <Direction>inbound</Direction>
      </RouteLink>
      <RouteLink id="RL_13-752-A-y08-2-I-1-15">
        <From>
          <StopPointRef>150033096009</StopPointRef>
        </From>
        <To>
          <StopPointRef>150033096006</StopPointRef>
        </To>
        <Direction>inbound</Direction>
      </RouteLink>
      <RouteLink id="RL_13-752-A-y08-2-I-1-16">
        <From>
          <StopPointRef>150033096006</StopPointRef>
        </From>
        <To>
          <StopPointRef>150033096004</StopPointRef>
        </To>
        <Direction>inbound</Direction>
      </RouteLink>
      <RouteLink id="RL_13-752-A-y08-2-I-1-17">
        <From>
          <StopPointRef>150033096004</StopPointRef>
        </From>
        <To>
          <StopPointRef>150033096002</StopPointRef>
        </To>
        <Direction>inbound</Direction>
      </RouteLink>
      <RouteLink id="RL_13-752-A-y08-2-I-1-18">
        <From>
          <StopPointRef>150033096002</StopPointRef>
        </From>
        <To>
          <StopPointRef>1500IM1359</StopPointRef>
        </To>
        <Direction>inbound</Direction>
      </RouteLink>
      <RouteLink id="RL_13-752-A-y08-2-I-1-19">
        <From>
          <StopPointRef>1500IM1359</StopPointRef>
        </From>
        <To>
          <StopPointRef>150033039001</StopPointRef>
        </To>
        <Direction>inbound</Direction>
      </RouteLink>
      <RouteLink id="RL_13-752-A-y08-2-I-1-20">
        <From>
          <StopPointRef>150033039001</StopPointRef>
        </From>
        <To>
          <StopPointRef>1500AA7</StopPointRef>
        </To>
        <Direction>inbound</Direction>
      </RouteLink>
      <RouteLink id="RL_13-752-A-y08-2-I-1-21">
        <From>
          <StopPointRef>1500AA7</StopPointRef>
        </From>
        <To>
          <StopPointRef>150033039006</StopPointRef>
        </To>
        <Direction>inbound</Direction>
      </RouteLink>
      <RouteLink id="RL_13-752-A-y08-2-I-1-22">
        <From>
          <StopPointRef>150033039006</StopPointRef>
        </From>
        <To>
          <StopPointRef>150033037002</StopPointRef>
        </To>
        <Direction>inbound</Direction>
      </RouteLink>
      <RouteLink id="RL_13-752-A-y08-2-I-1-23">
        <From>
          <StopPointRef>150033037002</StopPointRef>
        </From>
        <To>
          <StopPointRef>15003303800D</StopPointRef>
        </To>
        <Direction>inbound</Direction>
      </RouteLink>
    </RouteSection>
  </RouteSections>
  <Routes>
    <Route id="R_13-752-A-y08-2-I-1">
      <PrivateCode>R_13-752-A-y08-2-I-1</PrivateCode>
      <Description>Church - Osborne Street</Description>
      <RouteSectionRef>RS_13-752-A-y08-2-I-1</RouteSectionRef>
    </Route>
  </Routes>
  <JourneyPatternSections>
    <JourneyPatternSection id="JPS_13-752-A-y08-2-1-1-I">
      <JourneyPatternTimingLink id="JPL_13-752-A-y08-2-1-I-1-2">
        <From SequenceNumber="1">
          <Activity>pickUp</Activity>
          <StopPointRef>390010094</StopPointRef>
          <TimingStatus>PTP</TimingStatus>
        </From>
        <To SequenceNumber="2">
          <Activity>pickUpAndSetDown</Activity>
          <StopPointRef>150027011013</StopPointRef>
          <TimingStatus>OTH</TimingStatus>
        </To>
        <RouteLinkRef>RL_13-752-A-y08-2-I-1-1</RouteLinkRef>
        <RunTime>PT35S</RunTime>
      </JourneyPatternTimingLink>
      <JourneyPatternTimingLink id="JPL_13-752-A-y08-2-1-I-1-3">
        <From SequenceNumber="2">
          <Activity>pickUpAndSetDown</Activity>
          <StopPointRef>150027011013</StopPointRef>
          <TimingStatus>OTH</TimingStatus>
        </From>
        <To SequenceNumber="3">
          <Activity>pickUpAndSetDown</Activity>
          <StopPointRef>1500270110Y1</StopPointRef>
          <TimingStatus>OTH</TimingStatus>
        </To>
        <RouteLinkRef>RL_13-752-A-y08-2-I-1-2</RouteLinkRef>
        <RunTime>PT55S</RunTime>
      </JourneyPatternTimingLink>
      <JourneyPatternTimingLink id="JPL_13-752-A-y08-2-1-I-1-4">
        <From SequenceNumber="3">
          <Activity>pickUpAndSetDown</Activity>
          <StopPointRef>1500270110Y1</StopPointRef>
          <TimingStatus>OTH</TimingStatus>
        </From>
        <To SequenceNumber="4">
          <Activity>pickUpAndSetDown</Activity>
          <StopPointRef>150027011010</StopPointRef>
          <TimingStatus>OTH</TimingStatus>
        </To>
        <RouteLinkRef>RL_13-752-A-y08-2-I-1-3</RouteLinkRef>
        <RunTime>PT1M5S</RunTime>
      </JourneyPatternTimingLink>
      <JourneyPatternTimingLink id="JPL_13-752-A-y08-2-1-I-1-5">
        <From SequenceNumber="4">
          <Activity>pickUpAndSetDown</Activity>
          <StopPointRef>150027011010</StopPointRef>
          <TimingStatus>OTH</TimingStatus>
        </From>
        <To SequenceNumber="5">
          <Activity>pickUpAndSetDown</Activity>
          <StopPointRef>1500270110Y9</StopPointRef>
          <TimingStatus>OTH</TimingStatus>
        </To>
        <RouteLinkRef>RL_13-752-A-y08-2-I-1-4</RouteLinkRef>
        <RunTime>PT1M57S</RunTime>
      </JourneyPatternTimingLink>
      <JourneyPatternTimingLink id="JPL_13-752-A-y08-2-1-I-1-6">
        <From SequenceNumber="5">
          <Activity>pickUpAndSetDown</Activity>
          <StopPointRef>1500270110Y9</StopPointRef>
          <TimingStatus>OTH</TimingStatus>
        </From>
        <To SequenceNumber="6">
          <Activity>pickUpAndSetDown</Activity>
          <StopPointRef>1500IM2540</StopPointRef>
          <TimingStatus>PTP</TimingStatus>
        </To>
        <RouteLinkRef>RL_13-752-A-y08-2-I-1-5</RouteLinkRef>
        <RunTime>PT28S</RunTime>
      </JourneyPatternTimingLink>
      <JourneyPatternTimingLink id="JPL_13-752-A-y08-2-1-I-1-7">
        <From SequenceNumber="6">
          <Activity>pickUpAndSetDown</Activity>
          <StopPointRef>1500IM2540</StopPointRef>
          <TimingStatus>PTP</TimingStatus>
        </From>
        <To SequenceNumber="7">
          <Activity>pickUpAndSetDown</Activity>
          <StopPointRef>1500270110Y6</StopPointRef>
          <TimingStatus>OTH</TimingStatus>
        </To>
        <RouteLinkRef>RL_13-752-A-y08-2-I-1-6</RouteLinkRef>
        <RunTime>PT1M20S</RunTime>
      </JourneyPatternTimingLink>
      <JourneyPatternTimingLink id="JPL_13-752-A-y08-2-1-I-1-8">
        <From SequenceNumber="7">
          <Activity>pickUpAndSetDown</Activity>
          <StopPointRef>1500270110Y6</StopPointRef>
          <TimingStatus>OTH</TimingStatus>
        </From>
        <To SequenceNumber="8">
          <Activity>pickUpAndSetDown</Activity>
          <StopPointRef>150027011005</StopPointRef>
          <TimingStatus>OTH</TimingStatus>
        </To>
        <RouteLinkRef>RL_13-752-A-y08-2-I-1-7</RouteLinkRef>
        <RunTime>PT1M56S</RunTime>
      </JourneyPatternTimingLink>
      <JourneyPatternTimingLink id="JPL_13-752-A-y08-2-1-I-1-9">
        <From SequenceNumber="8">
          <Activity>pickUpAndSetDown</Activity>
          <StopPointRef>150027011005</StopPointRef>
          <TimingStatus>OTH</TimingStatus>
        </From>
        <To SequenceNumber="9">
          <Activity>pickUpAndSetDown</Activity>
          <StopPointRef>1500270110Y4</StopPointRef>
          <TimingStatus>OTH</TimingStatus>
        </To>
        <RouteLinkRef>RL_13-752-A-y08-2-I-1-8</RouteLinkRef>
        <RunTime>PT3M44S</RunTime>
      </JourneyPatternTimingLink>
      <JourneyPatternTimingLink id="JPL_13-752-A-y08-2-1-I-1-10">
        <From SequenceNumber="9">
          <Activity>pickUpAndSetDown</Activity>
          <StopPointRef>1500270110Y4</StopPointRef>
          <TimingStatus>OTH</TimingStatus>
        </From>
        <To SequenceNumber="10">
          <Activity>pickUpAndSetDown</Activity>
          <StopPointRef>1500270110Y3</StopPointRef>
          <TimingStatus>OTH</TimingStatus>
        </To>
        <RouteLinkRef>RL_13-752-A-y08-2-I-1-9</RouteLinkRef>
        <RunTime>PT36S</RunTime>
      </JourneyPatternTimingLink>
      <JourneyPatternTimingLink id="JPL_13-752-A-y08-2-1-I-1-11">
        <From SequenceNumber="10">
          <Activity>pickUpAndSetDown</Activity>
          <StopPointRef>1500270110Y3</StopPointRef>
          <TimingStatus>OTH</TimingStatus>
        </From>
        <To SequenceNumber="11">
          <Activity>pickUpAndSetDown</Activity>
          <StopPointRef>1500IM1161B</StopPointRef>
          <TimingStatus>PTP</TimingStatus>
        </To>
        <RouteLinkRef>RL_13-752-A-y08-2-I-1-10</RouteLinkRef>
        <RunTime>PT24S</RunTime>
      </JourneyPatternTimingLink>
      <JourneyPatternTimingLink id="JPL_13-752-A-y08-2-1-I-1-12">
        <From SequenceNumber="11">
          <Activity>pickUpAndSetDown</Activity>
          <StopPointRef>1500IM1161B</StopPointRef>
          <TimingStatus>PTP</TimingStatus>
        </From>
        <To SequenceNumber="12">
          <Activity>pickUpAndSetDown</Activity>
          <StopPointRef>150033097003</StopPointRef>
          <TimingStatus>OTH</TimingStatus>
        </To>
        <RouteLinkRef>RL_13-752-A-y08-2-I-1-11</RouteLinkRef>
        <RunTime>PT1M9S</RunTime>
      </JourneyPatternTimingLink>
      <JourneyPatternTimingLink id="JPL_13-752-A-y08-2-1-I-1-13">
        <From SequenceNumber="12">
          <Activity>pickUpAndSetDown</Activity>
          <StopPointRef>150033097003</StopPointRef>
          <TimingStatus>OTH</TimingStatus>
        </From>
        <To SequenceNumber="13">
          <Activity>pickUpAndSetDown</Activity>
          <StopPointRef>150033097001</StopPointRef>
          <TimingStatus>OTH</TimingStatus>
        </To>
        <RouteLinkRef>RL_13-752-A-y08-2-I-1-12</RouteLinkRef>
        <RunTime>PT1M7S</RunTime>
      </JourneyPatternTimingLink>
      <JourneyPatternTimingLink id="JPL_13-752-A-y08-2-1-I-1-14">
        <From SequenceNumber="13">
          <Activity>pickUpAndSetDown</Activity>
          <StopPointRef>150033097001</StopPointRef>
          <TimingStatus>OTH</TimingStatus>
        </From>
        <To SequenceNumber="14">
          <Activity>pickUpAndSetDown</Activity>
          <StopPointRef>1500IM2482</StopPointRef>
          <TimingStatus>OTH</TimingStatus>
        </To>
        <RouteLinkRef>RL_13-752-A-y08-2-I-1-13</RouteLinkRef>
        <RunTime>PT1M19S</RunTime>
      </JourneyPatternTimingLink>
      <JourneyPatternTimingLink id="JPL_13-752-A-y08-2-1-I-1-15">
        <From SequenceNumber="14">
          <Activity>pickUpAndSetDown</Activity>
          <StopPointRef>1500IM2482</StopPointRef>
          <TimingStatus>OTH</TimingStatus>
        </From>
        <To SequenceNumber="15">
          <Activity>pickUpAndSetDown</Activity>
          <StopPointRef>150033096009</StopPointRef>
          <TimingStatus>OTH</TimingStatus>
        </To>
        <RouteLinkRef>RL_13-752-A-y08-2-I-1-14</RouteLinkRef>
        <RunTime>PT46S</RunTime>
      </JourneyPatternTimingLink>
      <JourneyPatternTimingLink id="JPL_13-752-A-y08-2-1-I-1-16">
        <From SequenceNumber="15">
          <Activity>pickUpAndSetDown</Activity>
          <StopPointRef>150033096009</StopPointRef>
          <TimingStatus>OTH</TimingStatus>
        </From>
        <To SequenceNumber="16">
          <Activity>pickUpAndSetDown</Activity>
          <StopPointRef>150033096006</StopPointRef>
          <TimingStatus>OTH</TimingStatus>
        </To>
        <RouteLinkRef>RL_13-752-A-y08-2-I-1-15</RouteLinkRef>
        <RunTime>PT45S</RunTime>
      </JourneyPatternTimingLink>
      <JourneyPatternTimingLink id="JPL_13-752-A-y08-2-1-I-1-17">
        <From SequenceNumber="16">
          <Activity>pickUpAndSetDown</Activity>
          <StopPointRef>150033096006</StopPointRef>
          <TimingStatus>OTH</TimingStatus>
        </From>
        <To SequenceNumber="17">
          <Activity>pickUpAndSetDown</Activity>
          <StopPointRef>150033096004</StopPointRef>
          <TimingStatus>OTH</TimingStatus>
        </To>
        <RouteLinkRef>RL_13-752-A-y08-2-I-1-16</RouteLinkRef>
        <RunTime>PT18S</RunTime>
      </JourneyPatternTimingLink>
      <JourneyPatternTimingLink id="JPL_13-752-A-y08-2-1-I-1-18">
        <From SequenceNumber="17">
          <Activity>pickUpAndSetDown</Activity>
          <StopPointRef>150033096004</StopPointRef>
          <TimingStatus>OTH</TimingStatus>
        </From>
        <To SequenceNumber="18">
          <Activity>pickUpAndSetDown</Activity>
          <StopPointRef>150033096002</StopPointRef>
          <TimingStatus>OTH</TimingStatus>
        </To>
        <RouteLinkRef>RL_13-752-A-y08-2-I-1-17</RouteLinkRef>
        <RunTime>PT36S</RunTime>
      </JourneyPatternTimingLink>
      <JourneyPatternTimingLink id="JPL_13-752-A-y08-2-1-I-1-19">
        <From SequenceNumber="18">
          <Activity>pickUpAndSetDown</Activity>
          <StopPointRef>150033096002</StopPointRef>
          <TimingStatus>OTH</TimingStatus>
        </From>
        <To SequenceNumber="19">
          <Activity>pickUpAndSetDown</Activity>
          <StopPointRef>1500IM1359</StopPointRef>
          <TimingStatus>PTP</TimingStatus>
        </To>
        <RouteLinkRef>RL_13-752-A-y08-2-I-1-18</RouteLinkRef>
        <RunTime>PT1M</RunTime>
      </JourneyPatternTimingLink>
      <JourneyPatternTimingLink id="JPL_13-752-A-y08-2-1-I-1-20">
        <From SequenceNumber="19">
          <Activity>pickUpAndSetDown</Activity>
          <StopPointRef>1500IM1359</StopPointRef>
          <TimingStatus>PTP</TimingStatus>
        </From>
        <To SequenceNumber="20">
          <Activity>pickUpAndSetDown</Activity>
          <StopPointRef>150033039001</StopPointRef>
          <TimingStatus>OTH</TimingStatus>
        </To>
        <RouteLinkRef>RL_13-752-A-y08-2-I-1-19</RouteLinkRef>
        <RunTime>PT1M19S</RunTime>
      </JourneyPatternTimingLink>
      <JourneyPatternTimingLink id="JPL_13-752-A-y08-2-1-I-1-21">
        <From SequenceNumber="20">
          <Activity>pickUpAndSetDown</Activity>
          <StopPointRef>150033039001</StopPointRef>
          <TimingStatus>OTH</TimingStatus>
        </From>
        <To SequenceNumber="21">
          <Activity>pickUpAndSetDown</Activity>
          <StopPointRef>1500AA7</StopPointRef>
          <TimingStatus>OTH</TimingStatus>
        </To>
        <RouteLinkRef>RL_13-752-A-y08-2-I-1-20</RouteLinkRef>
        <RunTime>PT39S</RunTime>
      </JourneyPatternTimingLink>
      <JourneyPatternTimingLink id="JPL_13-752-A-y08-2-1-I-1-22">
        <From SequenceNumber="21">
          <Activity>pickUpAndSetDown</Activity>
          <StopPointRef>1500AA7</StopPointRef>
          <TimingStatus>OTH</TimingStatus>
        </From>
        <To SequenceNumber="22">
          <Activity>pickUpAndSetDown</Activity>
          <StopPointRef>150033039006</StopPointRef>
          <TimingStatus>OTH</TimingStatus>
        </To>
        <RouteLinkRef>RL_13-752-A-y08-2-I-1-21</RouteLinkRef>
        <RunTime>PT39S</RunTime>
      </JourneyPatternTimingLink>
      <JourneyPatternTimingLink id="JPL_13-752-A-y08-2-1-I-1-23">
        <From SequenceNumber="22">
          <Activity>pickUpAndSetDown</Activity>
          <StopPointRef>150033039006</StopPointRef>
          <TimingStatus>OTH</TimingStatus>
        </From>
        <To SequenceNumber="23">
          <Activity>pickUpAndSetDown</Activity>
          <StopPointRef>150033037002</StopPointRef>
          <TimingStatus>PTP</TimingStatus>
        </To>
        <RouteLinkRef>RL_13-752-A-y08-2-I-1-22</RouteLinkRef>
        <RunTime>PT1M23S</RunTime>
      </JourneyPatternTimingLink>
      <JourneyPatternTimingLink id="JPL_13-752-A-y08-2-1-I-1-24">
        <From SequenceNumber="23">
          <Activity>pickUpAndSetDown</Activity>
          <StopPointRef>150033037002</StopPointRef>
          <TimingStatus>PTP</TimingStatus>
        </From>
        <To SequenceNumber="24">
          <Activity>setDown</Activity>
          <StopPointRef>15003303800D</StopPointRef>
          <TimingStatus>PTP</TimingStatus>
        </To>
        <RouteLinkRef>RL_13-752-A-y08-2-I-1-23</RouteLinkRef>
        <RunTime>PT6M</RunTime>
      </JourneyPatternTimingLink>
    </JourneyPatternSection>
  </JourneyPatternSections>
  <Operators>
    <Operator id="OId_CHAM">
      <NationalOperatorCode>CHAM</NationalOperatorCode>
      <OperatorCode>CHAM</OperatorCode>
      <OperatorShortName>Chambers</OperatorShortName>
      <OperatorNameOnLicence>Chambers</OperatorNameOnLicence>
      <TradingName>Chambers</TradingName>
    </Operator>
  </Operators>
  <Services>
    <Service>
      <ServiceCode>13-752-A-y08-2</ServiceCode>
      <PrivateCode>13-752-A-y08-2</PrivateCode>
      <Lines>
        <Line id="13-752-A-y08-2">
          <LineName>752</LineName>
        </Line>
      </Lines>
      <OperatingPeriod>
        <StartDate>2019-11-05</StartDate>
        <EndDate>2020-05-08</EndDate>
      </OperatingPeriod>
      <OperatingProfile>
        <RegularDayType>
          <DaysOfWeek>
            <MondayToFriday />
          </DaysOfWeek>
        </RegularDayType>
        <SpecialDaysOperation>
          <DaysOfNonOperation>
            <DateRange>
              <StartDate>2019-12-24</StartDate>
              <EndDate>2019-12-24</EndDate>
            </DateRange>
            <DateRange>
              <StartDate>2019-12-27</StartDate>
              <EndDate>2019-12-27</EndDate>
            </DateRange>
            <DateRange>
              <StartDate>2019-12-30</StartDate>
              <EndDate>2019-12-31</EndDate>
            </DateRange>
          </DaysOfNonOperation>
        </SpecialDaysOperation>
        <BankHolidayOperation>
          <DaysOfNonOperation>
            <ChristmasDay />
            <BoxingDay />
            <GoodFriday />
            <NewYearsDay />
            <MayDay />
            <EasterMonday />
          </DaysOfNonOperation>
        </BankHolidayOperation>
      </OperatingProfile>
      <RegisteredOperatorRef>OId_CHAM</RegisteredOperatorRef>
      <StopRequirements>
        <NoNewStopsRequired />
      </StopRequirements>
      <Mode>bus</Mode>
      <Description>Bures - Colchester</Description>
      <StandardService>
        <Origin>Church</Origin>
        <Destination>Osborne Street</Destination>
        <JourneyPattern id="JP_13-752-A-y08-2-1-I-1">
          <Direction>inbound</Direction>
          <Operational>
            <VehicleType>
              <VehicleTypeCode>WhCh</VehicleTypeCode>
              <Description>Wheelchair Accessible</Description>
            </VehicleType>
          </Operational>
          <RouteRef>R_13-752-A-y08-2-I-1</RouteRef>
          <JourneyPatternSectionRefs>JPS_13-752-A-y08-2-1-1-I</JourneyPatternSectionRefs>
        </JourneyPattern>
      </StandardService>
    </Service>
  </Services>
  <VehicleJourneys>
    <VehicleJourney>
      <PrivateCode>suf-13-752-A-y08-2-3-T0</PrivateCode>
      <Operational>
        <VehicleType>
          <VehicleTypeCode>WhCh</VehicleTypeCode>
          <Description>Wheelchair Accessible</Description>
        </VehicleType>
      </Operational>
      <OperatingProfile>
        <RegularDayType>
          <DaysOfWeek>
            <MondayToFriday />
          </DaysOfWeek>
        </RegularDayType>
        <SpecialDaysOperation>
          <DaysOfNonOperation>
            <DateRange>
              <StartDate>2019-12-20</StartDate>
              <EndDate>2019-12-20</EndDate>
            </DateRange>
            <DateRange>
              <StartDate>2019-12-23</StartDate>
              <EndDate>2019-12-24</EndDate>
            </DateRange>
            <DateRange>
              <StartDate>2019-12-27</StartDate>
              <EndDate>2019-12-27</EndDate>
            </DateRange>
            <DateRange>
              <StartDate>2019-12-30</StartDate>
              <EndDate>2019-12-31</EndDate>
            </DateRange>
            <DateRange>
              <StartDate>2020-01-02</StartDate>
              <EndDate>2020-01-03</EndDate>
            </DateRange>
            <DateRange>
              <StartDate>2020-01-06</StartDate>
              <EndDate>2020-01-06</EndDate>
            </DateRange>
            <DateRange>
              <StartDate>2020-02-17</StartDate>
              <EndDate>2020-02-21</EndDate>
            </DateRange>
            <DateRange>
              <StartDate>2020-04-03</StartDate>
              <EndDate>2020-04-03</EndDate>
            </DateRange>
            <DateRange>
              <StartDate>2020-04-06</StartDate>
              <EndDate>2020-04-09</EndDate>
            </DateRange>
            <DateRange>
              <StartDate>2020-04-14</StartDate>
              <EndDate>2020-04-17</EndDate>
            </DateRange>
          </DaysOfNonOperation>
        </SpecialDaysOperation>
        <BankHolidayOperation>
          <DaysOfNonOperation>
            <ChristmasDay />
            <BoxingDay />
            <GoodFriday />
            <NewYearsDay />
            <MayDay />
            <EasterMonday />
          </DaysOfNonOperation>
        </BankHolidayOperation>
      </OperatingProfile>
      <VehicleJourneyCode>VJ_13-752-A-y08-2-3-T0</VehicleJourneyCode>
      <ServiceRef>13-752-A-y08-2</ServiceRef>
      <LineRef>13-752-A-y08-2</LineRef>
      <JourneyPatternRef>JP_13-752-A-y08-2-1-I-1</JourneyPatternRef>
      <Note>
        <NoteCode>Sch</NoteCode>
        <NoteText>Schooldays only</NoteText>
      </Note>
      <DepartureTime>17:14:00</DepartureTime>
    </VehicleJourney>
  </VehicleJourneys>
</TransXChange>