<?xml version="1.0" encoding="utf-8"?>
<TransXChange xmlns:xsi="http://www.w3.org/2001/XMLSchema-instance" xmlns:xsd="http://www.w3.org/2001/XMLSchema" xsi:schemaLocation="http://www.transxchange.org.uk/ http://www.transxchange.org.uk/schema/2.5/TransXChange_general.xsd" CreationDateTime="2019-11-07T16:04:27.6794Z" ModificationDateTime="2019-11-07T16:04:27.6794Z" Modification="new" RevisionNumber="3" FileName="suf_1-918-_-y08-1.xml" SchemaVersion="2.5" RegistrationDocument="true" xmlns="http://www.transxchange.org.uk/">
  <StopPoints>
    <AnnotatedStopPointRef>
      <StopPointRef>390060563</StopPointRef>
      <CommonName>Farlingaye School</CommonName>
      <Indicator>o/s</Indicator>
      <LocalityName>Woodbridge (Suffolk)</LocalityName>
      <LocalityQualifier>Suffolk</LocalityQualifier>
    </AnnotatedStopPointRef>
    <AnnotatedStopPointRef>
      <StopPointRef>390061203</StopPointRef>
      <CommonName>Bredfield Road</CommonName>
      <LocalityName>Melton (Suffk)</LocalityName>
      <LocalityQualifier>Suffolk</LocalityQualifier>
    </AnnotatedStopPointRef>
    <AnnotatedStopPointRef>
      <StopPointRef>390061132</StopPointRef>
      <CommonName>Hall Farm Road</CommonName>
      <Indicator>adj</Indicator>
      <LocalityName>Melton (Suffk)</LocalityName>
      <LocalityQualifier>Suffolk</LocalityQualifier>
    </AnnotatedStopPointRef>
    <AnnotatedStopPointRef>
      <StopPointRef>390061200</StopPointRef>
      <CommonName>Church View Close</CommonName>
      <LocalityName>Melton (Suffk)</LocalityName>
      <LocalityQualifier>Suffolk</LocalityQualifier>
    </AnnotatedStopPointRef>
    <AnnotatedStopPointRef>
      <StopPointRef>390060593</StopPointRef>
      <CommonName>Railway Station</CommonName>
      <Indicator>opp</Indicator>
      <LocalityName>Melton (Suffk)</LocalityName>
      <LocalityQualifier>Suffolk</LocalityQualifier>
    </AnnotatedStopPointRef>
    <AnnotatedStopPointRef>
      <StopPointRef>390060587</StopPointRef>
      <CommonName>Bus Shelter</CommonName>
      <Indicator>opp</Indicator>
      <LocalityName>Bromeswell</LocalityName>
      <LocalityQualifier>Suffolk</LocalityQualifier>
    </AnnotatedStopPointRef>
    <AnnotatedStopPointRef>
      <StopPointRef>390060590</StopPointRef>
      <CommonName>Stores</CommonName>
      <Indicator>adj</Indicator>
      <LocalityName>Eyke</LocalityName>
      <LocalityQualifier>Suffolk</LocalityQualifier>
    </AnnotatedStopPointRef>
    <AnnotatedStopPointRef>
      <StopPointRef>390060133</StopPointRef>
      <CommonName>Red House</CommonName>
      <LocalityName>Rendlesham</LocalityName>
      <LocalityQualifier>Suffolk</LocalityQualifier>
    </AnnotatedStopPointRef>
    <AnnotatedStopPointRef>
      <StopPointRef>390060150</StopPointRef>
      <CommonName>Tower Field Rd Shelter</CommonName>
      <LocalityName>Rendlesham</LocalityName>
      <LocalityQualifier>Suffolk</LocalityQualifier>
    </AnnotatedStopPointRef>
    <AnnotatedStopPointRef>
      <StopPointRef>390060153</StopPointRef>
      <CommonName>Spring Close</CommonName>
      <LocalityName>Rendlesham</LocalityName>
      <LocalityQualifier>Suffolk</LocalityQualifier>
    </AnnotatedStopPointRef>
    <AnnotatedStopPointRef>
      <StopPointRef>390060155</StopPointRef>
      <CommonName>Fountain Road</CommonName>
      <LocalityName>Rendlesham</LocalityName>
      <LocalityQualifier>Suffolk</LocalityQualifier>
    </AnnotatedStopPointRef>
    <AnnotatedStopPointRef>
      <StopPointRef>390061134</StopPointRef>
      <CommonName>Doctors Surgery</CommonName>
      <Indicator>opp</Indicator>
      <LocalityName>Rendlesham</LocalityName>
      <LocalityQualifier>Suffolk</LocalityQualifier>
    </AnnotatedStopPointRef>
    <AnnotatedStopPointRef>
      <StopPointRef>390061136</StopPointRef>
      <CommonName>Magnolia Drive</CommonName>
      <LocalityName>Rendlesham</LocalityName>
      <LocalityQualifier>Suffolk</LocalityQualifier>
    </AnnotatedStopPointRef>
    <AnnotatedStopPointRef>
      <StopPointRef>390061138</StopPointRef>
      <CommonName>Sycamore Drive</CommonName>
      <LocalityName>Rendlesham</LocalityName>
      <LocalityQualifier>Suffolk</LocalityQualifier>
    </AnnotatedStopPointRef>
    <AnnotatedStopPointRef>
      <StopPointRef>390060165</StopPointRef>
      <CommonName>Rockford House</CommonName>
      <Indicator>adj</Indicator>
      <LocalityName>Rendlesham</LocalityName>
      <LocalityQualifier>Suffolk</LocalityQualifier>
    </AnnotatedStopPointRef>
    <AnnotatedStopPointRef>
      <StopPointRef>390060166</StopPointRef>
      <CommonName>Rockford House</CommonName>
      <Indicator>opp</Indicator>
      <LocalityName>Rendlesham</LocalityName>
      <LocalityQualifier>Suffolk</LocalityQualifier>
    </AnnotatedStopPointRef>
    <AnnotatedStopPointRef>
      <StopPointRef>390061139</StopPointRef>
      <CommonName>Sycamore Drive</CommonName>
      <LocalityName>Rendlesham</LocalityName>
      <LocalityQualifier>Suffolk</LocalityQualifier>
    </AnnotatedStopPointRef>
    <AnnotatedStopPointRef>
      <StopPointRef>390061137</StopPointRef>
      <CommonName>Magnolia Drive</CommonName>
      <LocalityName>Rendlesham</LocalityName>
      <LocalityQualifier>Suffolk</LocalityQualifier>
    </AnnotatedStopPointRef>
    <AnnotatedStopPointRef>
      <StopPointRef>390061135</StopPointRef>
      <CommonName>Doctors Surgery</CommonName>
      <LocalityName>Rendlesham</LocalityName>
      <LocalityQualifier>Suffolk</LocalityQualifier>
    </AnnotatedStopPointRef>
    <AnnotatedStopPointRef>
      <StopPointRef>390060156</StopPointRef>
      <CommonName>Fountain Road</CommonName>
      <LocalityName>Rendlesham</LocalityName>
      <LocalityQualifier>Suffolk</LocalityQualifier>
    </AnnotatedStopPointRef>
    <AnnotatedStopPointRef>
      <StopPointRef>390060154</StopPointRef>
      <CommonName>Spring Close</CommonName>
      <LocalityName>Rendlesham</LocalityName>
      <LocalityQualifier>Suffolk</LocalityQualifier>
    </AnnotatedStopPointRef>
    <AnnotatedStopPointRef>
      <StopPointRef>390060152</StopPointRef>
      <CommonName>Abbey Close</CommonName>
      <Indicator>S-bound</Indicator>
      <LocalityName>Rendlesham</LocalityName>
      <LocalityQualifier>Suffolk</LocalityQualifier>
    </AnnotatedStopPointRef>
    <AnnotatedStopPointRef>
      <StopPointRef>390060149</StopPointRef>
      <CommonName>Tower Field Rd Shelter</CommonName>
      <LocalityName>Rendlesham</LocalityName>
      <LocalityQualifier>Suffolk</LocalityQualifier>
    </AnnotatedStopPointRef>
    <AnnotatedStopPointRef>
      <StopPointRef>390060132</StopPointRef>
      <CommonName>Red House</CommonName>
      <LocalityName>Rendlesham</LocalityName>
      <LocalityQualifier>Suffolk</LocalityQualifier>
    </AnnotatedStopPointRef>
    <AnnotatedStopPointRef>
      <StopPointRef>390060591</StopPointRef>
      <CommonName>Stores</CommonName>
      <LocalityName>Eyke</LocalityName>
      <LocalityQualifier>Suffolk</LocalityQualifier>
    </AnnotatedStopPointRef>
    <AnnotatedStopPointRef>
      <StopPointRef>390060586</StopPointRef>
      <CommonName>Bus Shelter</CommonName>
      <Indicator>o/s</Indicator>
      <LocalityName>Bromeswell</LocalityName>
      <LocalityQualifier>Suffolk</LocalityQualifier>
    </AnnotatedStopPointRef>
    <AnnotatedStopPointRef>
      <StopPointRef>390060594</StopPointRef>
      <CommonName>Railway Station</CommonName>
      <Indicator>adj</Indicator>
      <LocalityName>Melton (Suffk)</LocalityName>
      <LocalityQualifier>Suffolk</LocalityQualifier>
    </AnnotatedStopPointRef>
    <AnnotatedStopPointRef>
      <StopPointRef>390061201</StopPointRef>
      <CommonName>Church View Close</CommonName>
      <LocalityName>Melton (Suffk)</LocalityName>
      <LocalityQualifier>Suffolk</LocalityQualifier>
    </AnnotatedStopPointRef>
    <AnnotatedStopPointRef>
      <StopPointRef>390061133</StopPointRef>
      <CommonName>Hall Farm Road</CommonName>
      <LocalityName>Melton (Suffk)</LocalityName>
      <LocalityQualifier>Suffolk</LocalityQualifier>
    </AnnotatedStopPointRef>
    <AnnotatedStopPointRef>
      <StopPointRef>390061202</StopPointRef>
      <CommonName>Bredfield Road</CommonName>
      <LocalityName>Melton (Suffk)</LocalityName>
      <LocalityQualifier>Suffolk</LocalityQualifier>
    </AnnotatedStopPointRef>
  </StopPoints>
  <RouteSections>
    <RouteSection id="RS_1-918-_-y08-1-I-1">
      <RouteLink id="RL_1-918-_-y08-1-I-1-1">
        <From>
          <StopPointRef>390060563</StopPointRef>
        </From>
        <To>
          <StopPointRef>390061203</StopPointRef>
        </To>
        <Direction>inbound</Direction>
      </RouteLink>
      <RouteLink id="RL_1-918-_-y08-1-I-1-2">
        <From>
          <StopPointRef>390061203</StopPointRef>
        </From>
        <To>
          <StopPointRef>390061132</StopPointRef>
        </To>
        <Direction>inbound</Direction>
      </RouteLink>
      <RouteLink id="RL_1-918-_-y08-1-I-1-3">
        <From>
          <StopPointRef>390061132</StopPointRef>
        </From>
        <To>
          <StopPointRef>390061200</StopPointRef>
        </To>
        <Direction>inbound</Direction>
      </RouteLink>
      <RouteLink id="RL_1-918-_-y08-1-I-1-4">
        <From>
          <StopPointRef>390061200</StopPointRef>
        </From>
        <To>
          <StopPointRef>390060593</StopPointRef>
        </To>
        <Direction>inbound</Direction>
      </RouteLink>
      <RouteLink id="RL_1-918-_-y08-1-I-1-5">
        <From>
          <StopPointRef>390060593</StopPointRef>
        </From>
        <To>
          <StopPointRef>390060587</StopPointRef>
        </To>
        <Direction>inbound</Direction>
      </RouteLink>
      <RouteLink id="RL_1-918-_-y08-1-I-1-6">
        <From>
          <StopPointRef>390060587</StopPointRef>
        </From>
        <To>
          <StopPointRef>390060590</StopPointRef>
        </To>
        <Direction>inbound</Direction>
      </RouteLink>
      <RouteLink id="RL_1-918-_-y08-1-I-1-7">
        <From>
          <StopPointRef>390060590</StopPointRef>
        </From>
        <To>
          <StopPointRef>390060133</StopPointRef>
        </To>
        <Direction>inbound</Direction>
      </RouteLink>
      <RouteLink id="RL_1-918-_-y08-1-I-1-8">
        <From>
          <StopPointRef>390060133</StopPointRef>
        </From>
        <To>
          <StopPointRef>390060150</StopPointRef>
        </To>
        <Direction>inbound</Direction>
      </RouteLink>
      <RouteLink id="RL_1-918-_-y08-1-I-1-9">
        <From>
          <StopPointRef>390060150</StopPointRef>
        </From>
        <To>
          <StopPointRef>390060153</StopPointRef>
        </To>
        <Direction>inbound</Direction>
      </RouteLink>
      <RouteLink id="RL_1-918-_-y08-1-I-1-10">
        <From>
          <StopPointRef>390060153</StopPointRef>
        </From>
        <To>
          <StopPointRef>390060155</StopPointRef>
        </To>
        <Direction>inbound</Direction>
      </RouteLink>
      <RouteLink id="RL_1-918-_-y08-1-I-1-11">
        <From>
          <StopPointRef>390060155</StopPointRef>
        </From>
        <To>
          <StopPointRef>390061134</StopPointRef>
        </To>
        <Direction>inbound</Direction>
      </RouteLink>
      <RouteLink id="RL_1-918-_-y08-1-I-1-12">
        <From>
          <StopPointRef>390061134</StopPointRef>
        </From>
        <To>
          <StopPointRef>390061136</StopPointRef>
        </To>
        <Direction>inbound</Direction>
      </RouteLink>
      <RouteLink id="RL_1-918-_-y08-1-I-1-13">
        <From>
          <StopPointRef>390061136</StopPointRef>
        </From>
        <To>
          <StopPointRef>390061138</StopPointRef>
        </To>
        <Direction>inbound</Direction>
      </RouteLink>
      <RouteLink id="RL_1-918-_-y08-1-I-1-14">
        <From>
          <StopPointRef>390061138</StopPointRef>
        </From>
        <To>
          <StopPointRef>390060165</StopPointRef>
        </To>
        <Direction>inbound</Direction>
      </RouteLink>
    </RouteSection>
    <RouteSection id="RS_1-918-_-y08-1-O-2">
      <RouteLink id="RL_1-918-_-y08-1-O-2-1">
        <From>
          <StopPointRef>390060166</StopPointRef>
        </From>
        <To>
          <StopPointRef>390061139</StopPointRef>
        </To>
        <Direction>outbound</Direction>
      </RouteLink>
      <RouteLink id="RL_1-918-_-y08-1-O-2-2">
        <From>
          <StopPointRef>390061139</StopPointRef>
        </From>
        <To>
          <StopPointRef>390061137</StopPointRef>
        </To>
        <Direction>outbound</Direction>
      </RouteLink>
      <RouteLink id="RL_1-918-_-y08-1-O-2-3">
        <From>
          <StopPointRef>390061137</StopPointRef>
        </From>
        <To>
          <StopPointRef>390061135</StopPointRef>
        </To>
        <Direction>outbound</Direction>
      </RouteLink>
      <RouteLink id="RL_1-918-_-y08-1-O-2-4">
        <From>
          <StopPointRef>390061135</StopPointRef>
        </From>
        <To>
          <StopPointRef>390060156</StopPointRef>
        </To>
        <Direction>outbound</Direction>
      </RouteLink>
      <RouteLink id="RL_1-918-_-y08-1-O-2-5">
        <From>
          <StopPointRef>390060156</StopPointRef>
        </From>
        <To>
          <StopPointRef>390060154</StopPointRef>
        </To>
        <Direction>outbound</Direction>
      </RouteLink>
      <RouteLink id="RL_1-918-_-y08-1-O-2-6">
        <From>
          <StopPointRef>390060154</StopPointRef>
        </From>
        <To>
          <StopPointRef>390060152</StopPointRef>
        </To>
        <Direction>outbound</Direction>
      </RouteLink>
      <RouteLink id="RL_1-918-_-y08-1-O-2-7">
        <From>
          <StopPointRef>390060152</StopPointRef>
        </From>
        <To>
          <StopPointRef>390060149</StopPointRef>
        </To>
        <Direction>outbound</Direction>
      </RouteLink>
      <RouteLink id="RL_1-918-_-y08-1-O-2-8">
        <From>
          <StopPointRef>390060149</StopPointRef>
        </From>
        <To>
          <StopPointRef>390060132</StopPointRef>
        </To>
        <Direction>outbound</Direction>
      </RouteLink>
      <RouteLink id="RL_1-918-_-y08-1-O-2-9">
        <From>
          <StopPointRef>390060132</StopPointRef>
        </From>
        <To>
          <StopPointRef>390060591</StopPointRef>
        </To>
        <Direction>outbound</Direction>
      </RouteLink>
      <RouteLink id="RL_1-918-_-y08-1-O-2-10">
        <From>
          <StopPointRef>390060591</StopPointRef>
        </From>
        <To>
          <StopPointRef>390060586</StopPointRef>
        </To>
        <Direction>outbound</Direction>
      </RouteLink>
      <RouteLink id="RL_1-918-_-y08-1-O-2-11">
        <From>
          <StopPointRef>390060586</StopPointRef>
        </From>
        <To>
          <StopPointRef>390060594</StopPointRef>
        </To>
        <Direction>outbound</Direction>
      </RouteLink>
      <RouteLink id="RL_1-918-_-y08-1-O-2-12">
        <From>
          <StopPointRef>390060594</StopPointRef>
        </From>
        <To>
          <StopPointRef>390061201</StopPointRef>
        </To>
        <Direction>outbound</Direction>
      </RouteLink>
      <RouteLink id="RL_1-918-_-y08-1-O-2-13">
        <From>
          <StopPointRef>390061201</StopPointRef>
        </From>
        <To>
          <StopPointRef>390061133</StopPointRef>
        </To>
        <Direction>outbound</Direction>
      </RouteLink>
      <RouteLink id="RL_1-918-_-y08-1-O-2-14">
        <From>
          <StopPointRef>390061133</StopPointRef>
        </From>
        <To>
          <StopPointRef>390061202</StopPointRef>
        </To>
        <Direction>outbound</Direction>
      </RouteLink>
      <RouteLink id="RL_1-918-_-y08-1-O-2-15">
        <From>
          <StopPointRef>390061202</StopPointRef>
        </From>
        <To>
          <StopPointRef>390060563</StopPointRef>
        </To>
        <Direction>outbound</Direction>
      </RouteLink>
    </RouteSection>
  </RouteSections>
  <Routes>
    <Route id="R_1-918-_-y08-1-I-1">
      <PrivateCode>R_1-918-_-y08-1-I-1</PrivateCode>
      <Description>Farlingaye School - Rockford House</Description>
      <RouteSectionRef>RS_1-918-_-y08-1-I-1</RouteSectionRef>
    </Route>
    <Route id="R_1-918-_-y08-1-O-2">
      <PrivateCode>R_1-918-_-y08-1-O-2</PrivateCode>
      <Description>Rockford House - Farlingaye School</Description>
      <RouteSectionRef>RS_1-918-_-y08-1-O-2</RouteSectionRef>
    </Route>
  </Routes>
  <JourneyPatternSections>
    <JourneyPatternSection id="JPS_1-918-_-y08-1-2-2-O">
      <JourneyPatternTimingLink id="JPL_1-918-_-y08-1-2-O-2-2">
        <From SequenceNumber="1">
          <Activity>pickUp</Activity>
          <StopPointRef>390060166</StopPointRef>
          <TimingStatus>PTP</TimingStatus>
        </From>
        <To SequenceNumber="2">
          <Activity>pickUpAndSetDown</Activity>
          <StopPointRef>390061139</StopPointRef>
          <TimingStatus>PPT</TimingStatus>
        </To>
        <RouteLinkRef>RL_1-918-_-y08-1-O-2-1</RouteLinkRef>
        <RunTime>PT1M13S</RunTime>
      </JourneyPatternTimingLink>
      <JourneyPatternTimingLink id="JPL_1-918-_-y08-1-2-O-2-3">
        <From SequenceNumber="2">
          <Activity>pickUpAndSetDown</Activity>
          <StopPointRef>390061139</StopPointRef>
          <TimingStatus>PPT</TimingStatus>
        </From>
        <To SequenceNumber="3">
          <Activity>pickUpAndSetDown</Activity>
          <StopPointRef>390061137</StopPointRef>
          <TimingStatus>PTP</TimingStatus>
        </To>
        <RouteLinkRef>RL_1-918-_-y08-1-O-2-2</RouteLinkRef>
        <RunTime>PT47S</RunTime>
      </JourneyPatternTimingLink>
      <JourneyPatternTimingLink id="JPL_1-918-_-y08-1-2-O-2-4">
        <From SequenceNumber="3">
          <Activity>pickUpAndSetDown</Activity>
          <StopPointRef>390061137</StopPointRef>
          <TimingStatus>PTP</TimingStatus>
        </From>
        <To SequenceNumber="4">
          <Activity>pickUpAndSetDown</Activity>
          <StopPointRef>390061135</StopPointRef>
          <TimingStatus>PTP</TimingStatus>
        </To>
        <RouteLinkRef>RL_1-918-_-y08-1-O-2-3</RouteLinkRef>
        <RunTime>PT2M</RunTime>
      </JourneyPatternTimingLink>
      <JourneyPatternTimingLink id="JPL_1-918-_-y08-1-2-O-2-5">
        <From SequenceNumber="4">
          <Activity>pickUpAndSetDown</Activity>
          <StopPointRef>390061135</StopPointRef>
          <TimingStatus>PTP</TimingStatus>
        </From>
        <To SequenceNumber="5">
          <Activity>pickUpAndSetDown</Activity>
          <StopPointRef>390060156</StopPointRef>
          <TimingStatus>PPT</TimingStatus>
        </To>
        <RouteLinkRef>RL_1-918-_-y08-1-O-2-4</RouteLinkRef>
        <RunTime>PT50S</RunTime>
      </JourneyPatternTimingLink>
      <JourneyPatternTimingLink id="JPL_1-918-_-y08-1-2-O-2-6">
        <From SequenceNumber="5">
          <Activity>pickUpAndSetDown</Activity>
          <StopPointRef>390060156</StopPointRef>
          <TimingStatus>PPT</TimingStatus>
        </From>
        <To SequenceNumber="6">
          <Activity>pickUpAndSetDown</Activity>
          <StopPointRef>390060154</StopPointRef>
          <TimingStatus>PTP</TimingStatus>
        </To>
        <RouteLinkRef>RL_1-918-_-y08-1-O-2-5</RouteLinkRef>
        <RunTime>PT1M10S</RunTime>
      </JourneyPatternTimingLink>
      <JourneyPatternTimingLink id="JPL_1-918-_-y08-1-2-O-2-7">
        <From SequenceNumber="6">
          <Activity>pickUpAndSetDown</Activity>
          <StopPointRef>390060154</StopPointRef>
          <TimingStatus>PTP</TimingStatus>
        </From>
        <To SequenceNumber="7">
          <Activity>pickUpAndSetDown</Activity>
          <StopPointRef>390060152</StopPointRef>
          <TimingStatus>PPT</TimingStatus>
        </To>
        <RouteLinkRef>RL_1-918-_-y08-1-O-2-6</RouteLinkRef>
        <RunTime>PT1M2S</RunTime>
      </JourneyPatternTimingLink>
      <JourneyPatternTimingLink id="JPL_1-918-_-y08-1-2-O-2-8">
        <From SequenceNumber="7">
          <Activity>pickUpAndSetDown</Activity>
          <StopPointRef>390060152</StopPointRef>
          <TimingStatus>PPT</TimingStatus>
        </From>
        <To SequenceNumber="8">
          <Activity>pickUpAndSetDown</Activity>
          <StopPointRef>390060149</StopPointRef>
          <TimingStatus>PTP</TimingStatus>
        </To>
        <RouteLinkRef>RL_1-918-_-y08-1-O-2-7</RouteLinkRef>
        <RunTime>PT58S</RunTime>
      </JourneyPatternTimingLink>
      <JourneyPatternTimingLink id="JPL_1-918-_-y08-1-2-O-2-9">
        <From SequenceNumber="8">
          <Activity>pickUpAndSetDown</Activity>
          <StopPointRef>390060149</StopPointRef>
          <TimingStatus>PTP</TimingStatus>
        </From>
        <To SequenceNumber="9">
          <Activity>pickUpAndSetDown</Activity>
          <StopPointRef>390060132</StopPointRef>
          <TimingStatus>OTH</TimingStatus>
        </To>
        <RouteLinkRef>RL_1-918-_-y08-1-O-2-8</RouteLinkRef>
        <RunTime>PT49S</RunTime>
      </JourneyPatternTimingLink>
      <JourneyPatternTimingLink id="JPL_1-918-_-y08-1-2-O-2-10">
        <From SequenceNumber="9">
          <Activity>pickUpAndSetDown</Activity>
          <StopPointRef>390060132</StopPointRef>
          <TimingStatus>OTH</TimingStatus>
        </From>
        <To SequenceNumber="10">
          <Activity>pickUpAndSetDown</Activity>
          <StopPointRef>390060591</StopPointRef>
          <TimingStatus>OTH</TimingStatus>
        </To>
        <RouteLinkRef>RL_1-918-_-y08-1-O-2-9</RouteLinkRef>
        <RunTime>PT3M16S</RunTime>
      </JourneyPatternTimingLink>
      <JourneyPatternTimingLink id="JPL_1-918-_-y08-1-2-O-2-11">
        <From SequenceNumber="10">
          <Activity>pickUpAndSetDown</Activity>
          <StopPointRef>390060591</StopPointRef>
          <TimingStatus>OTH</TimingStatus>
        </From>
        <To SequenceNumber="11">
          <Activity>pickUpAndSetDown</Activity>
          <StopPointRef>390060586</StopPointRef>
          <TimingStatus>OTH</TimingStatus>
        </To>
        <RouteLinkRef>RL_1-918-_-y08-1-O-2-10</RouteLinkRef>
        <RunTime>PT3M53S</RunTime>
      </JourneyPatternTimingLink>
      <JourneyPatternTimingLink id="JPL_1-918-_-y08-1-2-O-2-12">
        <From SequenceNumber="11">
          <Activity>pickUpAndSetDown</Activity>
          <StopPointRef>390060586</StopPointRef>
          <TimingStatus>OTH</TimingStatus>
        </From>
        <To SequenceNumber="12">
          <Activity>pickUpAndSetDown</Activity>
          <StopPointRef>390060594</StopPointRef>
          <TimingStatus>OTH</TimingStatus>
        </To>
        <RouteLinkRef>RL_1-918-_-y08-1-O-2-11</RouteLinkRef>
        <RunTime>PT3M18S</RunTime>
      </JourneyPatternTimingLink>
      <JourneyPatternTimingLink id="JPL_1-918-_-y08-1-2-O-2-13">
        <From SequenceNumber="12">
          <Activity>pickUpAndSetDown</Activity>
          <StopPointRef>390060594</StopPointRef>
          <TimingStatus>OTH</TimingStatus>
        </From>
        <To SequenceNumber="13">
          <Activity>pickUpAndSetDown</Activity>
          <StopPointRef>390061201</StopPointRef>
          <TimingStatus>OTH</TimingStatus>
        </To>
        <RouteLinkRef>RL_1-918-_-y08-1-O-2-12</RouteLinkRef>
        <RunTime>PT35S</RunTime>
      </JourneyPatternTimingLink>
      <JourneyPatternTimingLink id="JPL_1-918-_-y08-1-2-O-2-14">
        <From SequenceNumber="13">
          <Activity>pickUpAndSetDown</Activity>
          <StopPointRef>390061201</StopPointRef>
          <TimingStatus>OTH</TimingStatus>
        </From>
        <To SequenceNumber="14">
          <Activity>pickUpAndSetDown</Activity>
          <StopPointRef>390061133</StopPointRef>
          <TimingStatus>OTH</TimingStatus>
        </To>
        <RouteLinkRef>RL_1-918-_-y08-1-O-2-13</RouteLinkRef>
        <RunTime>PT1M6S</RunTime>
      </JourneyPatternTimingLink>
      <JourneyPatternTimingLink id="JPL_1-918-_-y08-1-2-O-2-15">
        <From SequenceNumber="14">
          <Activity>pickUpAndSetDown</Activity>
          <StopPointRef>390061133</StopPointRef>
          <TimingStatus>OTH</TimingStatus>
        </From>
        <To SequenceNumber="15">
          <Activity>pickUpAndSetDown</Activity>
          <StopPointRef>390061202</StopPointRef>
          <TimingStatus>OTH</TimingStatus>
        </To>
        <RouteLinkRef>RL_1-918-_-y08-1-O-2-14</RouteLinkRef>
        <RunTime>PT1M37S</RunTime>
      </JourneyPatternTimingLink>
      <JourneyPatternTimingLink id="JPL_1-918-_-y08-1-2-O-2-16">
        <From SequenceNumber="15">
          <Activity>pickUpAndSetDown</Activity>
          <StopPointRef>390061202</StopPointRef>
          <TimingStatus>OTH</TimingStatus>
        </From>
        <To SequenceNumber="16">
          <Activity>setDown</Activity>
          <StopPointRef>390060563</StopPointRef>
          <TimingStatus>PTP</TimingStatus>
        </To>
        <RouteLinkRef>RL_1-918-_-y08-1-O-2-15</RouteLinkRef>
        <RunTime>PT1M26S</RunTime>
      </JourneyPatternTimingLink>
    </JourneyPatternSection>
    <JourneyPatternSection id="JPS_1-918-_-y08-1-1-1-I">
      <JourneyPatternTimingLink id="JPL_1-918-_-y08-1-1-I-1-2">
        <From SequenceNumber="1">
          <Activity>pickUp</Activity>
          <StopPointRef>390060563</StopPointRef>
          <TimingStatus>PTP</TimingStatus>
        </From>
        <To SequenceNumber="2">
          <Activity>pickUpAndSetDown</Activity>
          <StopPointRef>390061203</StopPointRef>
          <TimingStatus>OTH</TimingStatus>
        </To>
        <RouteLinkRef>RL_1-918-_-y08-1-I-1-1</RouteLinkRef>
        <RunTime>PT1M35S</RunTime>
      </JourneyPatternTimingLink>
      <JourneyPatternTimingLink id="JPL_1-918-_-y08-1-1-I-1-3">
        <From SequenceNumber="2">
          <Activity>pickUpAndSetDown</Activity>
          <StopPointRef>390061203</StopPointRef>
          <TimingStatus>OTH</TimingStatus>
        </From>
        <To SequenceNumber="3">
          <Activity>pickUpAndSetDown</Activity>
          <StopPointRef>390061132</StopPointRef>
          <TimingStatus>OTH</TimingStatus>
        </To>
        <RouteLinkRef>RL_1-918-_-y08-1-I-1-2</RouteLinkRef>
        <RunTime>PT1M17S</RunTime>
      </JourneyPatternTimingLink>
      <JourneyPatternTimingLink id="JPL_1-918-_-y08-1-1-I-1-4">
        <From SequenceNumber="3">
          <Activity>pickUpAndSetDown</Activity>
          <StopPointRef>390061132</StopPointRef>
          <TimingStatus>OTH</TimingStatus>
        </From>
        <To SequenceNumber="4">
          <Activity>pickUpAndSetDown</Activity>
          <StopPointRef>390061200</StopPointRef>
          <TimingStatus>OTH</TimingStatus>
        </To>
        <RouteLinkRef>RL_1-918-_-y08-1-I-1-3</RouteLinkRef>
        <RunTime>PT1M5S</RunTime>
      </JourneyPatternTimingLink>
      <JourneyPatternTimingLink id="JPL_1-918-_-y08-1-1-I-1-5">
        <From SequenceNumber="4">
          <Activity>pickUpAndSetDown</Activity>
          <StopPointRef>390061200</StopPointRef>
          <TimingStatus>OTH</TimingStatus>
        </From>
        <To SequenceNumber="5">
          <Activity>pickUpAndSetDown</Activity>
          <StopPointRef>390060593</StopPointRef>
          <TimingStatus>OTH</TimingStatus>
        </To>
        <RouteLinkRef>RL_1-918-_-y08-1-I-1-4</RouteLinkRef>
        <RunTime>PT25S</RunTime>
      </JourneyPatternTimingLink>
      <JourneyPatternTimingLink id="JPL_1-918-_-y08-1-1-I-1-6">
        <From SequenceNumber="5">
          <Activity>pickUpAndSetDown</Activity>
          <StopPointRef>390060593</StopPointRef>
          <TimingStatus>OTH</TimingStatus>
        </From>
        <To SequenceNumber="6">
          <Activity>pickUpAndSetDown</Activity>
          <StopPointRef>390060587</StopPointRef>
          <TimingStatus>OTH</TimingStatus>
        </To>
        <RouteLinkRef>RL_1-918-_-y08-1-I-1-5</RouteLinkRef>
        <RunTime>PT3M7S</RunTime>
      </JourneyPatternTimingLink>
      <JourneyPatternTimingLink id="JPL_1-918-_-y08-1-1-I-1-7">
        <From SequenceNumber="6">
          <Activity>pickUpAndSetDown</Activity>
          <StopPointRef>390060587</StopPointRef>
          <TimingStatus>OTH</TimingStatus>
        </From>
        <To SequenceNumber="7">
          <Activity>pickUpAndSetDown</Activity>
          <StopPointRef>390060590</StopPointRef>
          <TimingStatus>OTH</TimingStatus>
        </To>
        <RouteLinkRef>RL_1-918-_-y08-1-I-1-6</RouteLinkRef>
        <RunTime>PT3M42S</RunTime>
      </JourneyPatternTimingLink>
      <JourneyPatternTimingLink id="JPL_1-918-_-y08-1-1-I-1-8">
        <From SequenceNumber="7">
          <Activity>pickUpAndSetDown</Activity>
          <StopPointRef>390060590</StopPointRef>
          <TimingStatus>OTH</TimingStatus>
        </From>
        <To SequenceNumber="8">
          <Activity>pickUpAndSetDown</Activity>
          <StopPointRef>390060133</StopPointRef>
          <TimingStatus>OTH</TimingStatus>
        </To>
        <RouteLinkRef>RL_1-918-_-y08-1-I-1-7</RouteLinkRef>
        <RunTime>PT3M4S</RunTime>
      </JourneyPatternTimingLink>
      <JourneyPatternTimingLink id="JPL_1-918-_-y08-1-1-I-1-9">
        <From SequenceNumber="8">
          <Activity>pickUpAndSetDown</Activity>
          <StopPointRef>390060133</StopPointRef>
          <TimingStatus>OTH</TimingStatus>
        </From>
        <To SequenceNumber="9">
          <Activity>pickUpAndSetDown</Activity>
          <StopPointRef>390060150</StopPointRef>
          <TimingStatus>PTP</TimingStatus>
        </To>
        <RouteLinkRef>RL_1-918-_-y08-1-I-1-8</RouteLinkRef>
        <RunTime>PT45S</RunTime>
      </JourneyPatternTimingLink>
      <JourneyPatternTimingLink id="JPL_1-918-_-y08-1-1-I-1-10">
        <From SequenceNumber="9">
          <Activity>pickUpAndSetDown</Activity>
          <StopPointRef>390060150</StopPointRef>
          <TimingStatus>PTP</TimingStatus>
        </From>
        <To SequenceNumber="10">
          <Activity>pickUpAndSetDown</Activity>
          <StopPointRef>390060153</StopPointRef>
          <TimingStatus>PTP</TimingStatus>
        </To>
        <RouteLinkRef>RL_1-918-_-y08-1-I-1-9</RouteLinkRef>
        <RunTime>PT2M</RunTime>
      </JourneyPatternTimingLink>
      <JourneyPatternTimingLink id="JPL_1-918-_-y08-1-1-I-1-11">
        <From SequenceNumber="10">
          <Activity>pickUpAndSetDown</Activity>
          <StopPointRef>390060153</StopPointRef>
          <TimingStatus>PTP</TimingStatus>
        </From>
        <To SequenceNumber="11">
          <Activity>pickUpAndSetDown</Activity>
          <StopPointRef>390060155</StopPointRef>
          <TimingStatus>PPT</TimingStatus>
        </To>
        <RouteLinkRef>RL_1-918-_-y08-1-I-1-10</RouteLinkRef>
        <RunTime>PT1M15S</RunTime>
      </JourneyPatternTimingLink>
      <JourneyPatternTimingLink id="JPL_1-918-_-y08-1-1-I-1-12">
        <From SequenceNumber="11">
          <Activity>pickUpAndSetDown</Activity>
          <StopPointRef>390060155</StopPointRef>
          <TimingStatus>PPT</TimingStatus>
        </From>
        <To SequenceNumber="12">
          <Activity>pickUpAndSetDown</Activity>
          <StopPointRef>390061134</StopPointRef>
          <TimingStatus>PTP</TimingStatus>
        </To>
        <RouteLinkRef>RL_1-918-_-y08-1-I-1-11</RouteLinkRef>
        <RunTime>PT45S</RunTime>
      </JourneyPatternTimingLink>
      <JourneyPatternTimingLink id="JPL_1-918-_-y08-1-1-I-1-13">
        <From SequenceNumber="12">
          <Activity>pickUpAndSetDown</Activity>
          <StopPointRef>390061134</StopPointRef>
          <TimingStatus>PTP</TimingStatus>
        </From>
        <To SequenceNumber="13">
          <Activity>pickUpAndSetDown</Activity>
          <StopPointRef>390061136</StopPointRef>
          <TimingStatus>PTP</TimingStatus>
        </To>
        <RouteLinkRef>RL_1-918-_-y08-1-I-1-12</RouteLinkRef>
        <RunTime>PT2M</RunTime>
      </JourneyPatternTimingLink>
      <JourneyPatternTimingLink id="JPL_1-918-_-y08-1-1-I-1-14">
        <From SequenceNumber="13">
          <Activity>pickUpAndSetDown</Activity>
          <StopPointRef>390061136</StopPointRef>
          <TimingStatus>PTP</TimingStatus>
        </From>
        <To SequenceNumber="14">
          <Activity>pickUpAndSetDown</Activity>
          <StopPointRef>390061138</StopPointRef>
          <TimingStatus>PPT</TimingStatus>
        </To>
        <RouteLinkRef>RL_1-918-_-y08-1-I-1-13</RouteLinkRef>
        <RunTime>PT55S</RunTime>
      </JourneyPatternTimingLink>
      <JourneyPatternTimingLink id="JPL_1-918-_-y08-1-1-I-1-15">
        <From SequenceNumber="14">
          <Activity>pickUpAndSetDown</Activity>
          <StopPointRef>390061138</StopPointRef>
          <TimingStatus>PPT</TimingStatus>
        </From>
        <To SequenceNumber="15">
          <Activity>setDown</Activity>
          <StopPointRef>390060165</StopPointRef>
          <TimingStatus>PTP</TimingStatus>
        </To>
        <RouteLinkRef>RL_1-918-_-y08-1-I-1-14</RouteLinkRef>
        <RunTime>PT1M5S</RunTime>
      </JourneyPatternTimingLink>
    </JourneyPatternSection>
  </JourneyPatternSections>
  <Operators>
    <Operator id="OId_FECS">
      <NationalOperatorCode>FECS</NationalOperatorCode>
      <OperatorCode>FECS</OperatorCode>
      <OperatorShortName>First in Norfolk &amp; Suff</OperatorShortName>
      <OperatorNameOnLicence>First in Norfolk &amp; Suffolk</OperatorNameOnLicence>
      <TradingName>First in Norfolk &amp; Suffolk</TradingName>
      <LicenceNumber>PF0000323</LicenceNumber>
      <LicenceClassification>standardNational</LicenceClassification>
    </Operator>
  </Operators>
  <Services>
    <Service>
      <ServiceCode>1-918-_-y08-1</ServiceCode>
      <PrivateCode>1-918-_-y08-1</PrivateCode>
      <Lines>
        <Line id="1-918-_-y08-1">
          <LineName>918</LineName>
        </Line>
      </Lines>
      <OperatingPeriod>
        <StartDate>2019-11-05</StartDate>
        <EndDate>2020-05-08</EndDate>
      </OperatingPeriod>
      <OperatingProfile>
        <RegularDayType>
          <DaysOfWeek>
            <MondayToFriday />
          </DaysOfWeek>
        </RegularDayType>
        <SpecialDaysOperation>
          <DaysOfNonOperation>
            <DateRange>
              <StartDate>2019-12-24</StartDate>
              <EndDate>2019-12-24</EndDate>
            </DateRange>
            <DateRange>
              <StartDate>2019-12-27</StartDate>
              <EndDate>2019-12-27</EndDate>
            </DateRange>
            <DateRange>
              <StartDate>2019-12-30</StartDate>
              <EndDate>2019-12-31</EndDate>
            </DateRange>
          </DaysOfNonOperation>
        </SpecialDaysOperation>
        <BankHolidayOperation>
          <DaysOfNonOperation>
            <ChristmasDay />
            <BoxingDay />
            <GoodFriday />
            <NewYearsDay />
            <MayDay />
            <EasterMonday />
          </DaysOfNonOperation>
        </BankHolidayOperation>
      </OperatingProfile>
      <RegisteredOperatorRef>OId_FECS</RegisteredOperatorRef>
      <StopRequirements>
        <NoNewStopsRequired />
      </StopRequirements>
      <Mode>bus</Mode>
      <Description>Rendlesham - Farlingaye High School</Description>
      <StandardService>
        <Origin>Rockford House</Origin>
        <Destination>Farlingaye School</Destination>
        <JourneyPattern id="JP_1-918-_-y08-1-2-O-2">
          <Direction>outbound</Direction>
          <RouteRef>R_1-918-_-y08-1-O-2</RouteRef>
          <JourneyPatternSectionRefs>JPS_1-918-_-y08-1-2-2-O</JourneyPatternSectionRefs>
        </JourneyPattern>
        <JourneyPattern id="JP_1-918-_-y08-1-1-I-1">
          <Direction>inbound</Direction>
          <RouteRef>R_1-918-_-y08-1-I-1</RouteRef>
          <JourneyPatternSectionRefs>JPS_1-918-_-y08-1-1-1-I</JourneyPatternSectionRefs>
        </JourneyPattern>
      </StandardService>
    </Service>
  </Services>
  <VehicleJourneys>
    <VehicleJourney>
      <PrivateCode>suf-1-918-_-y08-1-1-T0</PrivateCode>
      <OperatingProfile>
        <RegularDayType>
          <DaysOfWeek>
            <MondayToFriday />
          </DaysOfWeek>
        </RegularDayType>
        <SpecialDaysOperation>
          <DaysOfNonOperation>
            <DateRange>
              <StartDate>2019-12-20</StartDate>
              <EndDate>2019-12-20</EndDate>
            </DateRange>
            <DateRange>
              <StartDate>2019-12-23</StartDate>
              <EndDate>2019-12-24</EndDate>
            </DateRange>
            <DateRange>
              <StartDate>2019-12-27</StartDate>
              <EndDate>2019-12-27</EndDate>
            </DateRange>
            <DateRange>
              <StartDate>2019-12-30</StartDate>
              <EndDate>2019-12-31</EndDate>
            </DateRange>
            <DateRange>
              <StartDate>2020-01-02</StartDate>
              <EndDate>2020-01-03</EndDate>
            </DateRange>
            <DateRange>
              <StartDate>2020-01-06</StartDate>
              <EndDate>2020-01-06</EndDate>
            </DateRange>
            <DateRange>
              <StartDate>2020-02-17</StartDate>
              <EndDate>2020-02-21</EndDate>
            </DateRange>
            <DateRange>
              <StartDate>2020-04-03</StartDate>
              <EndDate>2020-04-03</EndDate>
            </DateRange>
            <DateRange>
              <StartDate>2020-04-06</StartDate>
              <EndDate>2020-04-09</EndDate>
            </DateRange>
            <DateRange>
              <StartDate>2020-04-14</StartDate>
              <EndDate>2020-04-17</EndDate>
            </DateRange>
          </DaysOfNonOperation>
        </SpecialDaysOperation>
        <BankHolidayOperation>
          <DaysOfNonOperation>
            <ChristmasDay />
            <BoxingDay />
            <GoodFriday />
            <NewYearsDay />
            <MayDay />
            <EasterMonday />
          </DaysOfNonOperation>
        </BankHolidayOperation>
      </OperatingProfile>
      <VehicleJourneyCode>VJ_1-918-_-y08-1-1-T0</VehicleJourneyCode>
      <ServiceRef>1-918-_-y08-1</ServiceRef>
      <LineRef>1-918-_-y08-1</LineRef>
      <JourneyPatternRef>JP_1-918-_-y08-1-2-O-2</JourneyPatternRef>
      <Note>
        <NoteCode>Sch</NoteCode>
        <NoteText>Schooldays only</NoteText>
      </Note>
      <DepartureTime>08:26:00</DepartureTime>
    </VehicleJourney>
    <VehicleJourney>
      <PrivateCode>suf-1-918-_-y08-1-2-T0</PrivateCode>
      <OperatingProfile>
        <RegularDayType>
          <DaysOfWeek>
            <MondayToFriday />
          </DaysOfWeek>
        </RegularDayType>
        <SpecialDaysOperation>
          <DaysOfNonOperation>
            <DateRange>
              <StartDate>2019-12-20</StartDate>
              <EndDate>2019-12-20</EndDate>
            </DateRange>
            <DateRange>
              <StartDate>2019-12-23</StartDate>
              <EndDate>2019-12-24</EndDate>
            </DateRange>
            <DateRange>
              <StartDate>2019-12-27</StartDate>
              <EndDate>2019-12-27</EndDate>
            </DateRange>
            <DateRange>
              <StartDate>2019-12-30</StartDate>
              <EndDate>2019-12-31</EndDate>
            </DateRange>
            <DateRange>
              <StartDate>2020-01-02</StartDate>
              <EndDate>2020-01-03</EndDate>
            </DateRange>
            <DateRange>
              <StartDate>2020-01-06</StartDate>
              <EndDate>2020-01-06</EndDate>
            </DateRange>
            <DateRange>
              <StartDate>2020-02-17</StartDate>
              <EndDate>2020-02-21</EndDate>
            </DateRange>
            <DateRange>
              <StartDate>2020-04-03</StartDate>
              <EndDate>2020-04-03</EndDate>
            </DateRange>
            <DateRange>
              <StartDate>2020-04-06</StartDate>
              <EndDate>2020-04-09</EndDate>
            </DateRange>
            <DateRange>
              <StartDate>2020-04-14</StartDate>
              <EndDate>2020-04-17</EndDate>
            </DateRange>
          </DaysOfNonOperation>
        </SpecialDaysOperation>
        <BankHolidayOperation>
          <DaysOfNonOperation>
            <ChristmasDay />
            <BoxingDay />
            <GoodFriday />
            <NewYearsDay />
            <MayDay />
            <EasterMonday />
          </DaysOfNonOperation>
        </BankHolidayOperation>
      </OperatingProfile>
      <VehicleJourneyCode>VJ_1-918-_-y08-1-2-T0</VehicleJourneyCode>
      <ServiceRef>1-918-_-y08-1</ServiceRef>
      <LineRef>1-918-_-y08-1</LineRef>
      <JourneyPatternRef>JP_1-918-_-y08-1-1-I-1</JourneyPatternRef>
      <Note>
        <NoteCode>Sch</NoteCode>
        <NoteText>Schooldays only</NoteText>
      </Note>
      <DepartureTime>15:55:00</DepartureTime>
    </VehicleJourney>
  </VehicleJourneys>
</TransXChange>