<?xml version="1.0" encoding="utf-8"?>
<TransXChange xmlns:xsi="http://www.w3.org/2001/XMLSchema-instance" xmlns:xsd="http://www.w3.org/2001/XMLSchema" xsi:schemaLocation="http://www.transxchange.org.uk/ http://www.transxchange.org.uk/schema/2.5/TransXChange_general.xsd" CreationDateTime="2019-11-07T16:07:04.3814Z" ModificationDateTime="2019-11-07T16:07:04.3814Z" Modification="new" RevisionNumber="3" FileName="suf_11-310-_-y08-1.xml" SchemaVersion="2.5" RegistrationDocument="true" xmlns="http://www.transxchange.org.uk/">
  <StopPoints>
    <AnnotatedStopPointRef>
      <StopPointRef>390040089</StopPointRef>
      <CommonName>Church</CommonName>
      <LocalityName>Palgrave</LocalityName>
      <LocalityQualifier>Suffolk</LocalityQualifier>
    </AnnotatedStopPointRef>
    <AnnotatedStopPointRef>
      <StopPointRef>390041097</StopPointRef>
      <CommonName>Village Sign</CommonName>
      <Indicator>opp</Indicator>
      <LocalityName>Wortham</LocalityName>
      <LocalityQualifier>Suffolk</LocalityQualifier>
    </AnnotatedStopPointRef>
    <AnnotatedStopPointRef>
      <StopPointRef>390040093</StopPointRef>
      <CommonName>School</CommonName>
      <LocalityName>Wortham</LocalityName>
      <LocalityQualifier>Suffolk</LocalityQualifier>
    </AnnotatedStopPointRef>
    <AnnotatedStopPointRef>
      <StopPointRef>390040264</StopPointRef>
      <CommonName>New Delight Road</CommonName>
      <LocalityName>Allwood Green</LocalityName>
      <LocalityQualifier>Suffolk</LocalityQualifier>
    </AnnotatedStopPointRef>
    <AnnotatedStopPointRef>
      <StopPointRef>390040269</StopPointRef>
      <CommonName>Church</CommonName>
      <LocalityName>Rickinghall Inferior</LocalityName>
      <LocalityQualifier>Suffolk</LocalityQualifier>
    </AnnotatedStopPointRef>
    <AnnotatedStopPointRef>
      <StopPointRef>390040271</StopPointRef>
      <CommonName>Chestnuts</CommonName>
      <Indicator>adj</Indicator>
      <LocalityName>Rickinghall Superior</LocalityName>
      <LocalityQualifier>Suffolk</LocalityQualifier>
    </AnnotatedStopPointRef>
    <AnnotatedStopPointRef>
      <StopPointRef>390040273</StopPointRef>
      <CommonName>The Bell</CommonName>
      <Indicator>o/s</Indicator>
      <LocalityName>Botesdale</LocalityName>
      <LocalityQualifier>Suffolk</LocalityQualifier>
    </AnnotatedStopPointRef>
    <AnnotatedStopPointRef>
      <StopPointRef>390040276</StopPointRef>
      <CommonName>Simonds Court</CommonName>
      <LocalityName>Botesdale</LocalityName>
      <LocalityQualifier>Suffolk</LocalityQualifier>
    </AnnotatedStopPointRef>
    <AnnotatedStopPointRef>
      <StopPointRef>390041090</StopPointRef>
      <CommonName>Hall Lane</CommonName>
      <Indicator>adj</Indicator>
      <LocalityName>Botesdale</LocalityName>
      <LocalityQualifier>Suffolk</LocalityQualifier>
    </AnnotatedStopPointRef>
    <AnnotatedStopPointRef>
      <StopPointRef>390040094</StopPointRef>
      <CommonName>School</CommonName>
      <LocalityName>Wortham</LocalityName>
      <LocalityQualifier>Suffolk</LocalityQualifier>
    </AnnotatedStopPointRef>
    <AnnotatedStopPointRef>
      <StopPointRef>390041098</StopPointRef>
      <CommonName>Village Sign</CommonName>
      <LocalityName>Wortham</LocalityName>
      <LocalityQualifier>Suffolk</LocalityQualifier>
    </AnnotatedStopPointRef>
    <AnnotatedStopPointRef>
      <StopPointRef>390040092</StopPointRef>
      <CommonName>Bus Shelter</CommonName>
      <Indicator>opp</Indicator>
      <LocalityName>Wortham</LocalityName>
      <LocalityQualifier>Suffolk</LocalityQualifier>
    </AnnotatedStopPointRef>
    <AnnotatedStopPointRef>
      <StopPointRef>390040119</StopPointRef>
      <CommonName>Old Station</CommonName>
      <LocalityName>Mellis</LocalityName>
      <LocalityQualifier>Suffolk</LocalityQualifier>
    </AnnotatedStopPointRef>
    <AnnotatedStopPointRef>
      <StopPointRef>390040803</StopPointRef>
      <CommonName>Post Office</CommonName>
      <Indicator>adj</Indicator>
      <LocalityName>Yaxley (Suffk)</LocalityName>
      <LocalityQualifier>Suffolk</LocalityQualifier>
    </AnnotatedStopPointRef>
    <AnnotatedStopPointRef>
      <StopPointRef>390040804</StopPointRef>
      <CommonName>Kent Lodge</CommonName>
      <Indicator>adj</Indicator>
      <LocalityName>Yaxley (Suffk)</LocalityName>
      <LocalityQualifier>Suffolk</LocalityQualifier>
    </AnnotatedStopPointRef>
    <AnnotatedStopPointRef>
      <StopPointRef>390040142</StopPointRef>
      <CommonName>High School</CommonName>
      <Indicator>opp</Indicator>
      <LocalityName>Eye (Suffk)</LocalityName>
      <LocalityQualifier>Suffolk</LocalityQualifier>
    </AnnotatedStopPointRef>
    <AnnotatedStopPointRef>
      <StopPointRef>390040141</StopPointRef>
      <CommonName>High School</CommonName>
      <Indicator>o/s</Indicator>
      <LocalityName>Eye (Suffk)</LocalityName>
      <LocalityQualifier>Suffolk</LocalityQualifier>
    </AnnotatedStopPointRef>
    <AnnotatedStopPointRef>
      <StopPointRef>390040127</StopPointRef>
      <CommonName>Kent Lodge</CommonName>
      <Indicator>opp</Indicator>
      <LocalityName>Yaxley (Suffk)</LocalityName>
      <LocalityQualifier>Suffolk</LocalityQualifier>
    </AnnotatedStopPointRef>
    <AnnotatedStopPointRef>
      <StopPointRef>390040128</StopPointRef>
      <CommonName>Post Office</CommonName>
      <Indicator>opp</Indicator>
      <LocalityName>Yaxley (Suffk)</LocalityName>
      <LocalityQualifier>Suffolk</LocalityQualifier>
    </AnnotatedStopPointRef>
    <AnnotatedStopPointRef>
      <StopPointRef>390040120</StopPointRef>
      <CommonName>Old Station</CommonName>
      <Indicator>opp</Indicator>
      <LocalityName>Mellis</LocalityName>
      <LocalityQualifier>Suffolk</LocalityQualifier>
    </AnnotatedStopPointRef>
    <AnnotatedStopPointRef>
      <StopPointRef>390040091</StopPointRef>
      <CommonName>Bus Shelter</CommonName>
      <Indicator>o/s</Indicator>
      <LocalityName>Wortham</LocalityName>
      <LocalityQualifier>Suffolk</LocalityQualifier>
    </AnnotatedStopPointRef>
    <AnnotatedStopPointRef>
      <StopPointRef>390041089</StopPointRef>
      <CommonName>Hall Lane</CommonName>
      <Indicator>opp</Indicator>
      <LocalityName>Botesdale</LocalityName>
      <LocalityQualifier>Suffolk</LocalityQualifier>
    </AnnotatedStopPointRef>
    <AnnotatedStopPointRef>
      <StopPointRef>390040275</StopPointRef>
      <CommonName>Simonds Court</CommonName>
      <LocalityName>Botesdale</LocalityName>
      <LocalityQualifier>Suffolk</LocalityQualifier>
    </AnnotatedStopPointRef>
    <AnnotatedStopPointRef>
      <StopPointRef>390040274</StopPointRef>
      <CommonName>The Bell</CommonName>
      <Indicator>opp</Indicator>
      <LocalityName>Botesdale</LocalityName>
      <LocalityQualifier>Suffolk</LocalityQualifier>
    </AnnotatedStopPointRef>
    <AnnotatedStopPointRef>
      <StopPointRef>390040272</StopPointRef>
      <CommonName>Chestnuts</CommonName>
      <Indicator>opp</Indicator>
      <LocalityName>Rickinghall Superior</LocalityName>
      <LocalityQualifier>Suffolk</LocalityQualifier>
    </AnnotatedStopPointRef>
    <AnnotatedStopPointRef>
      <StopPointRef>390040270</StopPointRef>
      <CommonName>Church</CommonName>
      <LocalityName>Rickinghall Inferior</LocalityName>
      <LocalityQualifier>Suffolk</LocalityQualifier>
    </AnnotatedStopPointRef>
    <AnnotatedStopPointRef>
      <StopPointRef>390040090</StopPointRef>
      <CommonName>Church</CommonName>
      <LocalityName>Palgrave</LocalityName>
      <LocalityQualifier>Suffolk</LocalityQualifier>
    </AnnotatedStopPointRef>
  </StopPoints>
  <RouteSections>
    <RouteSection id="RS_11-310-_-y08-1-O-1">
      <RouteLink id="RL_11-310-_-y08-1-O-1-1">
        <From>
          <StopPointRef>390040089</StopPointRef>
        </From>
        <To>
          <StopPointRef>390041097</StopPointRef>
        </To>
        <Direction>outbound</Direction>
      </RouteLink>
      <RouteLink id="RL_11-310-_-y08-1-O-1-2">
        <From>
          <StopPointRef>390041097</StopPointRef>
        </From>
        <To>
          <StopPointRef>390040093</StopPointRef>
        </To>
        <Direction>outbound</Direction>
      </RouteLink>
      <RouteLink id="RL_11-310-_-y08-1-O-1-3">
        <From>
          <StopPointRef>390040093</StopPointRef>
        </From>
        <To>
          <StopPointRef>390040264</StopPointRef>
        </To>
        <Direction>outbound</Direction>
      </RouteLink>
      <RouteLink id="RL_11-310-_-y08-1-O-1-4">
        <From>
          <StopPointRef>390040264</StopPointRef>
        </From>
        <To>
          <StopPointRef>390040269</StopPointRef>
        </To>
        <Direction>outbound</Direction>
      </RouteLink>
      <RouteLink id="RL_11-310-_-y08-1-O-1-5">
        <From>
          <StopPointRef>390040269</StopPointRef>
        </From>
        <To>
          <StopPointRef>390040271</StopPointRef>
        </To>
        <Direction>outbound</Direction>
      </RouteLink>
      <RouteLink id="RL_11-310-_-y08-1-O-1-6">
        <From>
          <StopPointRef>390040271</StopPointRef>
        </From>
        <To>
          <StopPointRef>390040273</StopPointRef>
        </To>
        <Direction>outbound</Direction>
      </RouteLink>
      <RouteLink id="RL_11-310-_-y08-1-O-1-7">
        <From>
          <StopPointRef>390040273</StopPointRef>
        </From>
        <To>
          <StopPointRef>390040276</StopPointRef>
        </To>
        <Direction>outbound</Direction>
      </RouteLink>
      <RouteLink id="RL_11-310-_-y08-1-O-1-8">
        <From>
          <StopPointRef>390040276</StopPointRef>
        </From>
        <To>
          <StopPointRef>390041090</StopPointRef>
        </To>
        <Direction>outbound</Direction>
      </RouteLink>
      <RouteLink id="RL_11-310-_-y08-1-O-1-9">
        <From>
          <StopPointRef>390041090</StopPointRef>
        </From>
        <To>
          <StopPointRef>390040094</StopPointRef>
        </To>
        <Direction>outbound</Direction>
      </RouteLink>
      <RouteLink id="RL_11-310-_-y08-1-O-1-10">
        <From>
          <StopPointRef>390040094</StopPointRef>
        </From>
        <To>
          <StopPointRef>390041098</StopPointRef>
        </To>
        <Direction>outbound</Direction>
      </RouteLink>
      <RouteLink id="RL_11-310-_-y08-1-O-1-11">
        <From>
          <StopPointRef>390041098</StopPointRef>
        </From>
        <To>
          <StopPointRef>390040092</StopPointRef>
        </To>
        <Direction>outbound</Direction>
      </RouteLink>
      <RouteLink id="RL_11-310-_-y08-1-O-1-12">
        <From>
          <StopPointRef>390040092</StopPointRef>
        </From>
        <To>
          <StopPointRef>390040119</StopPointRef>
        </To>
        <Direction>outbound</Direction>
      </RouteLink>
      <RouteLink id="RL_11-310-_-y08-1-O-1-13">
        <From>
          <StopPointRef>390040119</StopPointRef>
        </From>
        <To>
          <StopPointRef>390040803</StopPointRef>
        </To>
        <Direction>outbound</Direction>
      </RouteLink>
      <RouteLink id="RL_11-310-_-y08-1-O-1-14">
        <From>
          <StopPointRef>390040803</StopPointRef>
        </From>
        <To>
          <StopPointRef>390040804</StopPointRef>
        </To>
        <Direction>outbound</Direction>
      </RouteLink>
      <RouteLink id="RL_11-310-_-y08-1-O-1-15">
        <From>
          <StopPointRef>390040804</StopPointRef>
        </From>
        <To>
          <StopPointRef>390040142</StopPointRef>
        </To>
        <Direction>outbound</Direction>
      </RouteLink>
    </RouteSection>
    <RouteSection id="RS_11-310-_-y08-1-I-2">
      <RouteLink id="RL_11-310-_-y08-1-I-2-1">
        <From>
          <StopPointRef>390040141</StopPointRef>
        </From>
        <To>
          <StopPointRef>390040127</StopPointRef>
        </To>
        <Direction>inbound</Direction>
      </RouteLink>
      <RouteLink id="RL_11-310-_-y08-1-I-2-2">
        <From>
          <StopPointRef>390040127</StopPointRef>
        </From>
        <To>
          <StopPointRef>390040128</StopPointRef>
        </To>
        <Direction>inbound</Direction>
      </RouteLink>
      <RouteLink id="RL_11-310-_-y08-1-I-2-3">
        <From>
          <StopPointRef>390040128</StopPointRef>
        </From>
        <To>
          <StopPointRef>390040120</StopPointRef>
        </To>
        <Direction>inbound</Direction>
      </RouteLink>
      <RouteLink id="RL_11-310-_-y08-1-I-2-4">
        <From>
          <StopPointRef>390040120</StopPointRef>
        </From>
        <To>
          <StopPointRef>390040091</StopPointRef>
        </To>
        <Direction>inbound</Direction>
      </RouteLink>
      <RouteLink id="RL_11-310-_-y08-1-I-2-5">
        <From>
          <StopPointRef>390040091</StopPointRef>
        </From>
        <To>
          <StopPointRef>390041097</StopPointRef>
        </To>
        <Direction>inbound</Direction>
      </RouteLink>
      <RouteLink id="RL_11-310-_-y08-1-I-2-6">
        <From>
          <StopPointRef>390041097</StopPointRef>
        </From>
        <To>
          <StopPointRef>390040093</StopPointRef>
        </To>
        <Direction>inbound</Direction>
      </RouteLink>
      <RouteLink id="RL_11-310-_-y08-1-I-2-7">
        <From>
          <StopPointRef>390040093</StopPointRef>
        </From>
        <To>
          <StopPointRef>390041089</StopPointRef>
        </To>
        <Direction>inbound</Direction>
      </RouteLink>
      <RouteLink id="RL_11-310-_-y08-1-I-2-8">
        <From>
          <StopPointRef>390041089</StopPointRef>
        </From>
        <To>
          <StopPointRef>390040275</StopPointRef>
        </To>
        <Direction>inbound</Direction>
      </RouteLink>
      <RouteLink id="RL_11-310-_-y08-1-I-2-9">
        <From>
          <StopPointRef>390040275</StopPointRef>
        </From>
        <To>
          <StopPointRef>390040274</StopPointRef>
        </To>
        <Direction>inbound</Direction>
      </RouteLink>
      <RouteLink id="RL_11-310-_-y08-1-I-2-10">
        <From>
          <StopPointRef>390040274</StopPointRef>
        </From>
        <To>
          <StopPointRef>390040272</StopPointRef>
        </To>
        <Direction>inbound</Direction>
      </RouteLink>
      <RouteLink id="RL_11-310-_-y08-1-I-2-11">
        <From>
          <StopPointRef>390040272</StopPointRef>
        </From>
        <To>
          <StopPointRef>390040270</StopPointRef>
        </To>
        <Direction>inbound</Direction>
      </RouteLink>
      <RouteLink id="RL_11-310-_-y08-1-I-2-12">
        <From>
          <StopPointRef>390040270</StopPointRef>
        </From>
        <To>
          <StopPointRef>390040264</StopPointRef>
        </To>
        <Direction>inbound</Direction>
      </RouteLink>
      <RouteLink id="RL_11-310-_-y08-1-I-2-13">
        <From>
          <StopPointRef>390040264</StopPointRef>
        </From>
        <To>
          <StopPointRef>390040094</StopPointRef>
        </To>
        <Direction>inbound</Direction>
      </RouteLink>
      <RouteLink id="RL_11-310-_-y08-1-I-2-14">
        <From>
          <StopPointRef>390040094</StopPointRef>
        </From>
        <To>
          <StopPointRef>390041098</StopPointRef>
        </To>
        <Direction>inbound</Direction>
      </RouteLink>
      <RouteLink id="RL_11-310-_-y08-1-I-2-15">
        <From>
          <StopPointRef>390041098</StopPointRef>
        </From>
        <To>
          <StopPointRef>390040090</StopPointRef>
        </To>
        <Direction>inbound</Direction>
      </RouteLink>
    </RouteSection>
  </RouteSections>
  <Routes>
    <Route id="R_11-310-_-y08-1-O-1">
      <PrivateCode>R_11-310-_-y08-1-O-1</PrivateCode>
      <Description>Church - High School</Description>
      <RouteSectionRef>RS_11-310-_-y08-1-O-1</RouteSectionRef>
    </Route>
    <Route id="R_11-310-_-y08-1-I-2">
      <PrivateCode>R_11-310-_-y08-1-I-2</PrivateCode>
      <Description>High School - Church</Description>
      <RouteSectionRef>RS_11-310-_-y08-1-I-2</RouteSectionRef>
    </Route>
  </Routes>
  <JourneyPatternSections>
    <JourneyPatternSection id="JPS_11-310-_-y08-1-1-1-O">
      <JourneyPatternTimingLink id="JPL_11-310-_-y08-1-1-O-1-2">
        <From SequenceNumber="1">
          <Activity>pickUp</Activity>
          <StopPointRef>390040089</StopPointRef>
          <TimingStatus>PTP</TimingStatus>
        </From>
        <To SequenceNumber="2">
          <Activity>pickUpAndSetDown</Activity>
          <StopPointRef>390041097</StopPointRef>
          <TimingStatus>OTH</TimingStatus>
        </To>
        <RouteLinkRef>RL_11-310-_-y08-1-O-1-1</RouteLinkRef>
        <RunTime>PT5M39S</RunTime>
      </JourneyPatternTimingLink>
      <JourneyPatternTimingLink id="JPL_11-310-_-y08-1-1-O-1-3">
        <From SequenceNumber="2">
          <Activity>pickUpAndSetDown</Activity>
          <StopPointRef>390041097</StopPointRef>
          <TimingStatus>OTH</TimingStatus>
        </From>
        <To SequenceNumber="3">
          <Activity>pickUpAndSetDown</Activity>
          <StopPointRef>390040093</StopPointRef>
          <TimingStatus>OTH</TimingStatus>
        </To>
        <RouteLinkRef>RL_11-310-_-y08-1-O-1-2</RouteLinkRef>
        <RunTime>PT11S</RunTime>
      </JourneyPatternTimingLink>
      <JourneyPatternTimingLink id="JPL_11-310-_-y08-1-1-O-1-4">
        <From SequenceNumber="3">
          <Activity>pickUpAndSetDown</Activity>
          <StopPointRef>390040093</StopPointRef>
          <TimingStatus>OTH</TimingStatus>
        </From>
        <To SequenceNumber="4">
          <Activity>pickUpAndSetDown</Activity>
          <StopPointRef>390040264</StopPointRef>
          <TimingStatus>PTP</TimingStatus>
        </To>
        <RouteLinkRef>RL_11-310-_-y08-1-O-1-3</RouteLinkRef>
        <RunTime>PT9M10S</RunTime>
      </JourneyPatternTimingLink>
      <JourneyPatternTimingLink id="JPL_11-310-_-y08-1-1-O-1-5">
        <From SequenceNumber="4">
          <Activity>pickUpAndSetDown</Activity>
          <StopPointRef>390040264</StopPointRef>
          <TimingStatus>PTP</TimingStatus>
        </From>
        <To SequenceNumber="5">
          <Activity>pickUpAndSetDown</Activity>
          <StopPointRef>390040269</StopPointRef>
          <TimingStatus>PTP</TimingStatus>
        </To>
        <RouteLinkRef>RL_11-310-_-y08-1-O-1-4</RouteLinkRef>
        <RunTime>PT5M</RunTime>
      </JourneyPatternTimingLink>
      <JourneyPatternTimingLink id="JPL_11-310-_-y08-1-1-O-1-6">
        <From SequenceNumber="5">
          <Activity>pickUpAndSetDown</Activity>
          <StopPointRef>390040269</StopPointRef>
          <TimingStatus>PTP</TimingStatus>
        </From>
        <To SequenceNumber="6">
          <Activity>pickUpAndSetDown</Activity>
          <StopPointRef>390040271</StopPointRef>
          <TimingStatus>PTP</TimingStatus>
        </To>
        <RouteLinkRef>RL_11-310-_-y08-1-O-1-5</RouteLinkRef>
        <RunTime>PT2M</RunTime>
      </JourneyPatternTimingLink>
      <JourneyPatternTimingLink id="JPL_11-310-_-y08-1-1-O-1-7">
        <From SequenceNumber="6">
          <Activity>pickUpAndSetDown</Activity>
          <StopPointRef>390040271</StopPointRef>
          <TimingStatus>PTP</TimingStatus>
        </From>
        <To SequenceNumber="7">
          <Activity>pickUpAndSetDown</Activity>
          <StopPointRef>390040273</StopPointRef>
          <TimingStatus>OTH</TimingStatus>
        </To>
        <RouteLinkRef>RL_11-310-_-y08-1-O-1-6</RouteLinkRef>
        <RunTime>PT1M38S</RunTime>
      </JourneyPatternTimingLink>
      <JourneyPatternTimingLink id="JPL_11-310-_-y08-1-1-O-1-8">
        <From SequenceNumber="7">
          <Activity>pickUpAndSetDown</Activity>
          <StopPointRef>390040273</StopPointRef>
          <TimingStatus>OTH</TimingStatus>
        </From>
        <To SequenceNumber="8">
          <Activity>pickUpAndSetDown</Activity>
          <StopPointRef>390040276</StopPointRef>
          <TimingStatus>PTP</TimingStatus>
        </To>
        <RouteLinkRef>RL_11-310-_-y08-1-O-1-7</RouteLinkRef>
        <RunTime>PT1M22S</RunTime>
      </JourneyPatternTimingLink>
      <JourneyPatternTimingLink id="JPL_11-310-_-y08-1-1-O-1-9">
        <From SequenceNumber="8">
          <Activity>pickUpAndSetDown</Activity>
          <StopPointRef>390040276</StopPointRef>
          <TimingStatus>PTP</TimingStatus>
        </From>
        <To SequenceNumber="9">
          <Activity>pickUpAndSetDown</Activity>
          <StopPointRef>390041090</StopPointRef>
          <TimingStatus>OTH</TimingStatus>
        </To>
        <RouteLinkRef>RL_11-310-_-y08-1-O-1-8</RouteLinkRef>
        <RunTime>PT46S</RunTime>
      </JourneyPatternTimingLink>
      <JourneyPatternTimingLink id="JPL_11-310-_-y08-1-1-O-1-10">
        <From SequenceNumber="9">
          <Activity>pickUpAndSetDown</Activity>
          <StopPointRef>390041090</StopPointRef>
          <TimingStatus>OTH</TimingStatus>
        </From>
        <To SequenceNumber="10">
          <Activity>pickUpAndSetDown</Activity>
          <StopPointRef>390040094</StopPointRef>
          <TimingStatus>OTH</TimingStatus>
        </To>
        <RouteLinkRef>RL_11-310-_-y08-1-O-1-9</RouteLinkRef>
        <RunTime>PT5M9S</RunTime>
      </JourneyPatternTimingLink>
      <JourneyPatternTimingLink id="JPL_11-310-_-y08-1-1-O-1-11">
        <From SequenceNumber="10">
          <Activity>pickUpAndSetDown</Activity>
          <StopPointRef>390040094</StopPointRef>
          <TimingStatus>OTH</TimingStatus>
        </From>
        <To SequenceNumber="11">
          <Activity>pickUpAndSetDown</Activity>
          <StopPointRef>390041098</StopPointRef>
          <TimingStatus>OTH</TimingStatus>
        </To>
        <RouteLinkRef>RL_11-310-_-y08-1-O-1-10</RouteLinkRef>
        <RunTime>PT15S</RunTime>
      </JourneyPatternTimingLink>
      <JourneyPatternTimingLink id="JPL_11-310-_-y08-1-1-O-1-12">
        <From SequenceNumber="11">
          <Activity>pickUpAndSetDown</Activity>
          <StopPointRef>390041098</StopPointRef>
          <TimingStatus>OTH</TimingStatus>
        </From>
        <To SequenceNumber="12">
          <Activity>pickUpAndSetDown</Activity>
          <StopPointRef>390040092</StopPointRef>
          <TimingStatus>OTH</TimingStatus>
        </To>
        <RouteLinkRef>RL_11-310-_-y08-1-O-1-11</RouteLinkRef>
        <RunTime>PT6S</RunTime>
      </JourneyPatternTimingLink>
      <JourneyPatternTimingLink id="JPL_11-310-_-y08-1-1-O-1-13">
        <From SequenceNumber="12">
          <Activity>pickUpAndSetDown</Activity>
          <StopPointRef>390040092</StopPointRef>
          <TimingStatus>OTH</TimingStatus>
        </From>
        <To SequenceNumber="13">
          <Activity>pickUpAndSetDown</Activity>
          <StopPointRef>390040119</StopPointRef>
          <TimingStatus>OTH</TimingStatus>
        </To>
        <RouteLinkRef>RL_11-310-_-y08-1-O-1-12</RouteLinkRef>
        <RunTime>PT5M7S</RunTime>
      </JourneyPatternTimingLink>
      <JourneyPatternTimingLink id="JPL_11-310-_-y08-1-1-O-1-14">
        <From SequenceNumber="13">
          <Activity>pickUpAndSetDown</Activity>
          <StopPointRef>390040119</StopPointRef>
          <TimingStatus>OTH</TimingStatus>
        </From>
        <To SequenceNumber="14">
          <Activity>pickUpAndSetDown</Activity>
          <StopPointRef>390040803</StopPointRef>
          <TimingStatus>PTP</TimingStatus>
        </To>
        <RouteLinkRef>RL_11-310-_-y08-1-O-1-13</RouteLinkRef>
        <RunTime>PT3M37S</RunTime>
      </JourneyPatternTimingLink>
      <JourneyPatternTimingLink id="JPL_11-310-_-y08-1-1-O-1-15">
        <From SequenceNumber="14">
          <Activity>pickUpAndSetDown</Activity>
          <StopPointRef>390040803</StopPointRef>
          <TimingStatus>PTP</TimingStatus>
        </From>
        <To SequenceNumber="15">
          <Activity>pickUpAndSetDown</Activity>
          <StopPointRef>390040804</StopPointRef>
          <TimingStatus>OTH</TimingStatus>
        </To>
        <RouteLinkRef>RL_11-310-_-y08-1-O-1-14</RouteLinkRef>
        <RunTime>PT23S</RunTime>
      </JourneyPatternTimingLink>
      <JourneyPatternTimingLink id="JPL_11-310-_-y08-1-1-O-1-16">
        <From SequenceNumber="15">
          <Activity>pickUpAndSetDown</Activity>
          <StopPointRef>390040804</StopPointRef>
          <TimingStatus>OTH</TimingStatus>
        </From>
        <To SequenceNumber="16">
          <Activity>setDown</Activity>
          <StopPointRef>390040142</StopPointRef>
          <TimingStatus>PTP</TimingStatus>
        </To>
        <RouteLinkRef>RL_11-310-_-y08-1-O-1-15</RouteLinkRef>
        <RunTime>PT4M37S</RunTime>
      </JourneyPatternTimingLink>
    </JourneyPatternSection>
    <JourneyPatternSection id="JPS_11-310-_-y08-1-1-2-I">
      <JourneyPatternTimingLink id="JPL_11-310-_-y08-1-1-I-2-2">
        <From SequenceNumber="1">
          <Activity>pickUp</Activity>
          <StopPointRef>390040141</StopPointRef>
          <TimingStatus>PTP</TimingStatus>
        </From>
        <To SequenceNumber="2">
          <Activity>pickUpAndSetDown</Activity>
          <StopPointRef>390040127</StopPointRef>
          <TimingStatus>OTH</TimingStatus>
        </To>
        <RouteLinkRef>RL_11-310-_-y08-1-I-2-1</RouteLinkRef>
        <RunTime>PT4M35S</RunTime>
      </JourneyPatternTimingLink>
      <JourneyPatternTimingLink id="JPL_11-310-_-y08-1-1-I-2-3">
        <From SequenceNumber="2">
          <Activity>pickUpAndSetDown</Activity>
          <StopPointRef>390040127</StopPointRef>
          <TimingStatus>OTH</TimingStatus>
        </From>
        <To SequenceNumber="3">
          <Activity>pickUpAndSetDown</Activity>
          <StopPointRef>390040128</StopPointRef>
          <TimingStatus>PTP</TimingStatus>
        </To>
        <RouteLinkRef>RL_11-310-_-y08-1-I-2-2</RouteLinkRef>
        <RunTime>PT25S</RunTime>
      </JourneyPatternTimingLink>
      <JourneyPatternTimingLink id="JPL_11-310-_-y08-1-1-I-2-4">
        <From SequenceNumber="3">
          <Activity>pickUpAndSetDown</Activity>
          <StopPointRef>390040128</StopPointRef>
          <TimingStatus>PTP</TimingStatus>
        </From>
        <To SequenceNumber="4">
          <Activity>pickUpAndSetDown</Activity>
          <StopPointRef>390040120</StopPointRef>
          <TimingStatus>OTH</TimingStatus>
        </To>
        <RouteLinkRef>RL_11-310-_-y08-1-I-2-3</RouteLinkRef>
        <RunTime>PT3M36S</RunTime>
      </JourneyPatternTimingLink>
      <JourneyPatternTimingLink id="JPL_11-310-_-y08-1-1-I-2-5">
        <From SequenceNumber="4">
          <Activity>pickUpAndSetDown</Activity>
          <StopPointRef>390040120</StopPointRef>
          <TimingStatus>OTH</TimingStatus>
        </From>
        <To SequenceNumber="5">
          <Activity>pickUpAndSetDown</Activity>
          <StopPointRef>390040091</StopPointRef>
          <TimingStatus>OTH</TimingStatus>
        </To>
        <RouteLinkRef>RL_11-310-_-y08-1-I-2-4</RouteLinkRef>
        <RunTime>PT5M8S</RunTime>
      </JourneyPatternTimingLink>
      <JourneyPatternTimingLink id="JPL_11-310-_-y08-1-1-I-2-6">
        <From SequenceNumber="5">
          <Activity>pickUpAndSetDown</Activity>
          <StopPointRef>390040091</StopPointRef>
          <TimingStatus>OTH</TimingStatus>
        </From>
        <To SequenceNumber="6">
          <Activity>pickUpAndSetDown</Activity>
          <StopPointRef>390041097</StopPointRef>
          <TimingStatus>OTH</TimingStatus>
        </To>
        <RouteLinkRef>RL_11-310-_-y08-1-I-2-5</RouteLinkRef>
        <RunTime>PT6S</RunTime>
      </JourneyPatternTimingLink>
      <JourneyPatternTimingLink id="JPL_11-310-_-y08-1-1-I-2-7">
        <From SequenceNumber="6">
          <Activity>pickUpAndSetDown</Activity>
          <StopPointRef>390041097</StopPointRef>
          <TimingStatus>OTH</TimingStatus>
        </From>
        <To SequenceNumber="7">
          <Activity>pickUpAndSetDown</Activity>
          <StopPointRef>390040093</StopPointRef>
          <TimingStatus>OTH</TimingStatus>
        </To>
        <RouteLinkRef>RL_11-310-_-y08-1-I-2-6</RouteLinkRef>
        <RunTime>PT12S</RunTime>
      </JourneyPatternTimingLink>
      <JourneyPatternTimingLink id="JPL_11-310-_-y08-1-1-I-2-8">
        <From SequenceNumber="7">
          <Activity>pickUpAndSetDown</Activity>
          <StopPointRef>390040093</StopPointRef>
          <TimingStatus>OTH</TimingStatus>
        </From>
        <To SequenceNumber="8">
          <Activity>pickUpAndSetDown</Activity>
          <StopPointRef>390041089</StopPointRef>
          <TimingStatus>OTH</TimingStatus>
        </To>
        <RouteLinkRef>RL_11-310-_-y08-1-I-2-7</RouteLinkRef>
        <RunTime>PT5M14S</RunTime>
      </JourneyPatternTimingLink>
      <JourneyPatternTimingLink id="JPL_11-310-_-y08-1-1-I-2-9">
        <From SequenceNumber="8">
          <Activity>pickUpAndSetDown</Activity>
          <StopPointRef>390041089</StopPointRef>
          <TimingStatus>OTH</TimingStatus>
        </From>
        <To SequenceNumber="9">
          <Activity>pickUpAndSetDown</Activity>
          <StopPointRef>390040275</StopPointRef>
          <TimingStatus>PTP</TimingStatus>
        </To>
        <RouteLinkRef>RL_11-310-_-y08-1-I-2-8</RouteLinkRef>
        <RunTime>PT44S</RunTime>
      </JourneyPatternTimingLink>
      <JourneyPatternTimingLink id="JPL_11-310-_-y08-1-1-I-2-10">
        <From SequenceNumber="9">
          <Activity>pickUpAndSetDown</Activity>
          <StopPointRef>390040275</StopPointRef>
          <TimingStatus>PTP</TimingStatus>
        </From>
        <To SequenceNumber="10">
          <Activity>pickUpAndSetDown</Activity>
          <StopPointRef>390040274</StopPointRef>
          <TimingStatus>OTH</TimingStatus>
        </To>
        <RouteLinkRef>RL_11-310-_-y08-1-I-2-9</RouteLinkRef>
        <RunTime>PT51S</RunTime>
      </JourneyPatternTimingLink>
      <JourneyPatternTimingLink id="JPL_11-310-_-y08-1-1-I-2-11">
        <From SequenceNumber="10">
          <Activity>pickUpAndSetDown</Activity>
          <StopPointRef>390040274</StopPointRef>
          <TimingStatus>OTH</TimingStatus>
        </From>
        <To SequenceNumber="11">
          <Activity>pickUpAndSetDown</Activity>
          <StopPointRef>390040272</StopPointRef>
          <TimingStatus>PTP</TimingStatus>
        </To>
        <RouteLinkRef>RL_11-310-_-y08-1-I-2-10</RouteLinkRef>
        <RunTime>PT1M9S</RunTime>
      </JourneyPatternTimingLink>
      <JourneyPatternTimingLink id="JPL_11-310-_-y08-1-1-I-2-12">
        <From SequenceNumber="11">
          <Activity>pickUpAndSetDown</Activity>
          <StopPointRef>390040272</StopPointRef>
          <TimingStatus>PTP</TimingStatus>
        </From>
        <To SequenceNumber="12">
          <Activity>pickUpAndSetDown</Activity>
          <StopPointRef>390040270</StopPointRef>
          <TimingStatus>PTP</TimingStatus>
        </To>
        <RouteLinkRef>RL_11-310-_-y08-1-I-2-11</RouteLinkRef>
        <RunTime>PT3M</RunTime>
      </JourneyPatternTimingLink>
      <JourneyPatternTimingLink id="JPL_11-310-_-y08-1-1-I-2-13">
        <From SequenceNumber="12">
          <Activity>pickUpAndSetDown</Activity>
          <StopPointRef>390040270</StopPointRef>
          <TimingStatus>PTP</TimingStatus>
        </From>
        <To SequenceNumber="13">
          <Activity>pickUpAndSetDown</Activity>
          <StopPointRef>390040264</StopPointRef>
          <TimingStatus>PTP</TimingStatus>
        </To>
        <RouteLinkRef>RL_11-310-_-y08-1-I-2-12</RouteLinkRef>
        <RunTime>PT4M</RunTime>
      </JourneyPatternTimingLink>
      <JourneyPatternTimingLink id="JPL_11-310-_-y08-1-1-I-2-14">
        <From SequenceNumber="13">
          <Activity>pickUpAndSetDown</Activity>
          <StopPointRef>390040264</StopPointRef>
          <TimingStatus>PTP</TimingStatus>
        </From>
        <To SequenceNumber="14">
          <Activity>pickUpAndSetDown</Activity>
          <StopPointRef>390040094</StopPointRef>
          <TimingStatus>OTH</TimingStatus>
        </To>
        <RouteLinkRef>RL_11-310-_-y08-1-I-2-13</RouteLinkRef>
        <RunTime>PT9M45S</RunTime>
      </JourneyPatternTimingLink>
      <JourneyPatternTimingLink id="JPL_11-310-_-y08-1-1-I-2-15">
        <From SequenceNumber="14">
          <Activity>pickUpAndSetDown</Activity>
          <StopPointRef>390040094</StopPointRef>
          <TimingStatus>OTH</TimingStatus>
        </From>
        <To SequenceNumber="15">
          <Activity>pickUpAndSetDown</Activity>
          <StopPointRef>390041098</StopPointRef>
          <TimingStatus>OTH</TimingStatus>
        </To>
        <RouteLinkRef>RL_11-310-_-y08-1-I-2-14</RouteLinkRef>
        <RunTime>PT16S</RunTime>
      </JourneyPatternTimingLink>
      <JourneyPatternTimingLink id="JPL_11-310-_-y08-1-1-I-2-16">
        <From SequenceNumber="15">
          <Activity>pickUpAndSetDown</Activity>
          <StopPointRef>390041098</StopPointRef>
          <TimingStatus>OTH</TimingStatus>
        </From>
        <To SequenceNumber="16">
          <Activity>setDown</Activity>
          <StopPointRef>390040090</StopPointRef>
          <TimingStatus>PTP</TimingStatus>
        </To>
        <RouteLinkRef>RL_11-310-_-y08-1-I-2-15</RouteLinkRef>
        <RunTime>PT5M59S</RunTime>
      </JourneyPatternTimingLink>
    </JourneyPatternSection>
  </JourneyPatternSections>
  <Operators>
    <Operator id="OId_744SIM">
      <NationalOperatorCode>SIMO</NationalOperatorCode>
      <OperatorCode>744SIM</OperatorCode>
      <OperatorShortName>Simonds</OperatorShortName>
      <OperatorNameOnLicence>Simonds</OperatorNameOnLicence>
      <TradingName>Simonds</TradingName>
    </Operator>
  </Operators>
  <Services>
    <Service>
      <ServiceCode>11-310-_-y08-1</ServiceCode>
      <PrivateCode>11-310-_-y08-1</PrivateCode>
      <Lines>
        <Line id="11-310-_-y08-1">
          <LineName>EE310</LineName>
        </Line>
      </Lines>
      <OperatingPeriod>
        <StartDate>2019-11-05</StartDate>
        <EndDate>2020-05-08</EndDate>
      </OperatingPeriod>
      <OperatingProfile>
        <RegularDayType>
          <DaysOfWeek>
            <MondayToFriday />
          </DaysOfWeek>
        </RegularDayType>
        <SpecialDaysOperation>
          <DaysOfNonOperation>
            <DateRange>
              <StartDate>2019-12-24</StartDate>
              <EndDate>2019-12-24</EndDate>
            </DateRange>
            <DateRange>
              <StartDate>2019-12-27</StartDate>
              <EndDate>2019-12-27</EndDate>
            </DateRange>
            <DateRange>
              <StartDate>2019-12-30</StartDate>
              <EndDate>2019-12-31</EndDate>
            </DateRange>
          </DaysOfNonOperation>
        </SpecialDaysOperation>
        <BankHolidayOperation>
          <DaysOfNonOperation>
            <ChristmasDay />
            <BoxingDay />
            <GoodFriday />
            <NewYearsDay />
            <MayDay />
            <EasterMonday />
          </DaysOfNonOperation>
        </BankHolidayOperation>
      </OperatingProfile>
      <RegisteredOperatorRef>OId_744SIM</RegisteredOperatorRef>
      <StopRequirements>
        <NoNewStopsRequired />
      </StopRequirements>
      <Mode>bus</Mode>
      <Description>Palgrave - Rickinghall - Yaxley - Eye</Description>
      <StandardService>
        <Origin>Church</Origin>
        <Destination>High School</Destination>
        <JourneyPattern id="JP_11-310-_-y08-1-1-O-1">
          <Direction>outbound</Direction>
          <Operational>
            <VehicleType>
              <VehicleTypeCode>WhCh</VehicleTypeCode>
              <Description>Wheelchair Accessible</Description>
            </VehicleType>
          </Operational>
          <RouteRef>R_11-310-_-y08-1-O-1</RouteRef>
          <JourneyPatternSectionRefs>JPS_11-310-_-y08-1-1-1-O</JourneyPatternSectionRefs>
        </JourneyPattern>
        <JourneyPattern id="JP_11-310-_-y08-1-1-I-2">
          <Direction>inbound</Direction>
          <Operational>
            <VehicleType>
              <VehicleTypeCode>WhCh</VehicleTypeCode>
              <Description>Wheelchair Accessible</Description>
            </VehicleType>
          </Operational>
          <RouteRef>R_11-310-_-y08-1-I-2</RouteRef>
          <JourneyPatternSectionRefs>JPS_11-310-_-y08-1-1-2-I</JourneyPatternSectionRefs>
        </JourneyPattern>
      </StandardService>
    </Service>
  </Services>
  <VehicleJourneys>
    <VehicleJourney>
      <PrivateCode>suf-11-310-_-y08-1-1-T0</PrivateCode>
      <Operational>
        <VehicleType>
          <VehicleTypeCode>WhCh</VehicleTypeCode>
          <Description>Wheelchair Accessible</Description>
        </VehicleType>
      </Operational>
      <OperatingProfile>
        <RegularDayType>
          <DaysOfWeek>
            <MondayToFriday />
          </DaysOfWeek>
        </RegularDayType>
        <SpecialDaysOperation>
          <DaysOfNonOperation>
            <DateRange>
              <StartDate>2019-12-20</StartDate>
              <EndDate>2019-12-20</EndDate>
            </DateRange>
            <DateRange>
              <StartDate>2019-12-23</StartDate>
              <EndDate>2019-12-24</EndDate>
            </DateRange>
            <DateRange>
              <StartDate>2019-12-27</StartDate>
              <EndDate>2019-12-27</EndDate>
            </DateRange>
            <DateRange>
              <StartDate>2019-12-30</StartDate>
              <EndDate>2019-12-31</EndDate>
            </DateRange>
            <DateRange>
              <StartDate>2020-01-02</StartDate>
              <EndDate>2020-01-03</EndDate>
            </DateRange>
            <DateRange>
              <StartDate>2020-01-06</StartDate>
              <EndDate>2020-01-06</EndDate>
            </DateRange>
            <DateRange>
              <StartDate>2020-02-17</StartDate>
              <EndDate>2020-02-21</EndDate>
            </DateRange>
            <DateRange>
              <StartDate>2020-04-02</StartDate>
              <EndDate>2020-04-03</EndDate>
            </DateRange>
            <DateRange>
              <StartDate>2020-04-06</StartDate>
              <EndDate>2020-04-09</EndDate>
            </DateRange>
            <DateRange>
              <StartDate>2020-04-14</StartDate>
              <EndDate>2020-04-17</EndDate>
            </DateRange>
            <DateRange>
              <StartDate>2020-05-07</StartDate>
              <EndDate>2020-05-07</EndDate>
            </DateRange>
          </DaysOfNonOperation>
        </SpecialDaysOperation>
        <BankHolidayOperation>
          <DaysOfNonOperation>
            <ChristmasDay />
            <BoxingDay />
            <GoodFriday />
            <NewYearsDay />
            <MayDay />
            <EasterMonday />
          </DaysOfNonOperation>
        </BankHolidayOperation>
      </OperatingProfile>
      <VehicleJourneyCode>VJ_11-310-_-y08-1-1-T0</VehicleJourneyCode>
      <ServiceRef>11-310-_-y08-1</ServiceRef>
      <LineRef>11-310-_-y08-1</LineRef>
      <JourneyPatternRef>JP_11-310-_-y08-1-1-O-1</JourneyPatternRef>
      <Note>
        <NoteCode>1</NoteCode>
        <NoteText>Sponsored by Suffolk County Council</NoteText>
      </Note>
      <DepartureTime>08:00:00</DepartureTime>
    </VehicleJourney>
    <VehicleJourney>
      <PrivateCode>suf-11-310-_-y08-1-2-T0</PrivateCode>
      <Operational>
        <VehicleType>
          <VehicleTypeCode>WhCh</VehicleTypeCode>
          <Description>Wheelchair Accessible</Description>
        </VehicleType>
      </Operational>
      <OperatingProfile>
        <RegularDayType>
          <DaysOfWeek>
            <MondayToFriday />
          </DaysOfWeek>
        </RegularDayType>
        <SpecialDaysOperation>
          <DaysOfNonOperation>
            <DateRange>
              <StartDate>2019-12-20</StartDate>
              <EndDate>2019-12-20</EndDate>
            </DateRange>
            <DateRange>
              <StartDate>2019-12-23</StartDate>
              <EndDate>2019-12-24</EndDate>
            </DateRange>
            <DateRange>
              <StartDate>2019-12-27</StartDate>
              <EndDate>2019-12-27</EndDate>
            </DateRange>
            <DateRange>
              <StartDate>2019-12-30</StartDate>
              <EndDate>2019-12-31</EndDate>
            </DateRange>
            <DateRange>
              <StartDate>2020-01-02</StartDate>
              <EndDate>2020-01-03</EndDate>
            </DateRange>
            <DateRange>
              <StartDate>2020-01-06</StartDate>
              <EndDate>2020-01-06</EndDate>
            </DateRange>
            <DateRange>
              <StartDate>2020-02-17</StartDate>
              <EndDate>2020-02-21</EndDate>
            </DateRange>
            <DateRange>
              <StartDate>2020-04-02</StartDate>
              <EndDate>2020-04-03</EndDate>
            </DateRange>
            <DateRange>
              <StartDate>2020-04-06</StartDate>
              <EndDate>2020-04-09</EndDate>
            </DateRange>
            <DateRange>
              <StartDate>2020-04-14</StartDate>
              <EndDate>2020-04-17</EndDate>
            </DateRange>
            <DateRange>
              <StartDate>2020-05-07</StartDate>
              <EndDate>2020-05-07</EndDate>
            </DateRange>
          </DaysOfNonOperation>
        </SpecialDaysOperation>
        <BankHolidayOperation>
          <DaysOfNonOperation>
            <ChristmasDay />
            <BoxingDay />
            <GoodFriday />
            <NewYearsDay />
            <MayDay />
            <EasterMonday />
          </DaysOfNonOperation>
        </BankHolidayOperation>
      </OperatingProfile>
      <VehicleJourneyCode>VJ_11-310-_-y08-1-2-T0</VehicleJourneyCode>
      <ServiceRef>11-310-_-y08-1</ServiceRef>
      <LineRef>11-310-_-y08-1</LineRef>
      <JourneyPatternRef>JP_11-310-_-y08-1-1-I-2</JourneyPatternRef>
      <Note>
        <NoteCode>1</NoteCode>
        <NoteText>Sponsored by Suffolk County Council</NoteText>
      </Note>
      <DepartureTime>15:50:00</DepartureTime>
    </VehicleJourney>
  </VehicleJourneys>
</TransXChange>